trial,reward,cot,distance,velocity,avg_tilt,survived,freq,duty_factor,front_x_fore,front_x_hind,front_z_top,front_z_bottom,front_rotation,front_skew,rear_x_fore,rear_x_hind,rear_z_top,rear_z_bottom,rear_rotation,rear_skew
1,-10.000000,,-1.415414,-0.283083,0.945999,0.000000,1.247811,0.752753,0.111576,0.079323,0.106773,0.017514,0.053674,-0.015695,0.068404,0.125093,0.116765,0.012452,-0.042843,0.006582
2,-10.000000,,-1.387963,-0.277593,1.045369,0.000000,1.247811,0.752753,0.109006,0.070328,0.110053,0.020104,0.054295,-0.017417,0.072803,0.121573,0.118729,0.010450,-0.038655,0.000501
3,-9.493630,,-1.815096,-0.363019,0.398759,1.000000,1.247811,0.752753,0.122889,0.067683,0.112273,0.024723,0.049325,-0.008283,0.074361,0.131331,0.117408,0.010850,-0.044777,0.000392
4,-9.490648,,-0.323888,-0.064778,0.483759,1.000000,1.247811,0.752753,0.118252,0.073250,0.112424,0.015739,0.048543,-0.013935,0.078271,0.118641,0.124176,0.012242,-0.035403,0.009502
5,-9.492863,,-1.431350,-0.286270,0.430068,1.000000,1.247811,0.752753,0.123254,0.073996,0.115383,0.018042,0.051179,-0.019296,0.077469,0.129071,0.116547,0.014743,-0.038568,0.001511
6,-9.495034,,-2.517161,-0.503432,0.385828,1.000000,1.247811,0.752753,0.118785,0.070885,0.120135,0.010437,0.047332,-0.011345,0.067531,0.114522,0.111375,0.013079,-0.039819,0.000027
7,-9.492670,,-1.335138,-0.267028,0.486320,1.000000,1.247811,0.752753,0.114824,0.071473,0.112442,0.016885,0.046845,-0.014864,0.071448,0.126610,0.110095,0.011232,-0.039801,0.002650
8,-9.999912,109.423948,0.008809,0.001762,1.003783,0.000000,1.247811,0.752753,0.119413,0.076259,0.104426,0.026447,0.047026,-0.022064,0.068319,0.128809,0.122560,0.014981,-0.041095,0.004883
9,-10.000000,,-0.748071,-0.149614,1.811068,0.000000,1.247811,0.752753,0.113458,0.080540,0.112112,0.020365,0.056358,-0.022910,0.069982,0.129908,0.112772,0.011912,-0.040069,-0.003324
10,-9.494913,,-2.456335,-0.491267,0.390177,1.000000,1.247811,0.752753,0.116145,0.068891,0.113475,0.017918,0.050760,-0.007320,0.060034,0.126313,0.110916,0.014030,-0.039274,0.001868
11,-9.494494,,-2.247050,-0.449410,0.394424,1.000000,1.247811,0.752753,0.127773,0.075154,0.107136,0.017011,0.048485,-0.015615,0.069842,0.138086,0.111871,0.010990,-0.043904,0.004853
12,-9.493085,,-1.542575,-0.308515,0.479367,1.000000,1.247811,0.752753,0.127998,0.072195,0.109879,0.018697,0.043386,-0.017622,0.073982,0.120291,0.108956,0.015157,-0.037792,0.004972
13,-9.495014,,-2.506831,-0.501366,0.394305,1.000000,1.247811,0.752753,0.120199,0.073467,0.126115,0.009985,0.048727,-0.015152,0.063590,0.127813,0.117692,0.010205,-0.046018,0.001678
14,-10.000000,,-1.191648,-0.238330,1.413202,0.000000,1.247811,0.752753,0.120381,0.074522,0.111312,0.017668,0.050043,-0.020295,0.079205,0.132299,0.116471,0.010306,-0.038169,0.006390
15,-9.492811,,-1.405261,-0.281052,0.432654,1.000000,1.247811,0.752753,0.114990,0.070805,0.109644,0.021731,0.049947,-0.010712,0.072509,0.129960,0.123649,0.012671,-0.036641,0.004453
16,-10.000000,,-1.036568,-0.207314,1.801347,0.000000,1.247811,0.752753,0.121966,0.062940,0.118452,0.016445,0.049476,-0.016161,0.071125,0.130716,0.117579,0.013022,-0.039622,0.001446
17,-9.493143,,-1.571306,-0.314261,0.400531,1.000000,1.247811,0.752753,0.118035,0.071612,0.126597,0.012208,0.046025,-0.008711,0.074644,0.114408,0.121715,0.010338,-0.039616,0.006581
18,-9.492519,,-1.259410,-0.251882,0.513060,1.000000,1.247811,0.752753,0.121365,0.070710,0.116264,0.019424,0.048340,-0.009331,0.069650,0.122961,0.117221,0.013241,-0.046244,0.007137
19,-9.491882,,-0.940763,-0.188153,0.439081,1.000000,1.247811,0.752753,0.113687,0.073354,0.112027,0.021557,0.051902,-0.011076,0.068578,0.126048,0.112778,0.014237,-0.037920,0.010309
20,-10.000000,,-0.912156,-0.182431,1.660087,0.000000,1.247811,0.752753,0.113777,0.073169,0.107014,0.016185,0.048868,-0.013140,0.078113,0.131464,0.115977,0.010262,-0.038171,-0.000490
21,-9.997978,2.635093,0.202203,0.040441,2.193081,0.000000,1.247811,0.752753,0.119924,0.077929,0.114446,0.021188,0.050047,-0.022050,0.081543,0.114493,0.119760,0.010368,-0.040169,0.004377
22,-10.000000,,-0.660630,-0.132126,2.057064,0.000000,1.247811,0.752753,0.109151,0.070880,0.107998,0.019493,0.049631,-0.011682,0.071269,0.120816,0.121722,0.011699,-0.047190,0.007959
23,-10.000000,,-0.580914,-0.116183,1.382173,0.000000,1.247811,0.752753,0.123875,0.070058,0.107431,0.028846,0.043216,-0.012713,0.064694,0.122667,0.119377,0.013985,-0.034281,0.005700
24,-9.494888,,-2.444247,-0.488849,0.391868,1.000000,1.247811,0.752753,0.113794,0.066047,0.113231,0.013666,0.054070,-0.007995,0.067893,0.120603,0.111168,0.010146,-0.042374,0.003208
25,-9.998127,2.732935,0.187262,0.037452,2.240985,0.000000,1.247811,0.752753,0.117738,0.069288,0.109243,0.020691,0.041883,-0.010543,0.070010,0.137025,0.114853,0.016705,-0.042002,0.013216
26,-9.492925,,-1.462486,-0.292497,0.417508,1.000000,1.247811,0.752753,0.120604,0.069086,0.103817,0.017638,0.050803,-0.004682,0.068334,0.122364,0.123125,0.017157,-0.043285,0.004764
27,-10.000000,,-0.735361,-0.147072,1.972221,0.000000,1.247811,0.752753,0.118004,0.068034,0.113369,0.023794,0.043984,-0.010790,0.066488,0.123353,0.120258,0.015720,-0.037037,0.010382
28,-9.491573,,-0.786267,-0.157253,0.587506,1.000000,1.247811,0.752753,0.109923,0.074005,0.115468,0.023721,0.052381,-0.010314,0.060821,0.128238,0.111624,0.011841,-0.046404,0.007690
29,-9.491478,,-0.738860,-0.147772,0.543680,1.000000,1.247811,0.752753,0.128695,0.072628,0.109415,0.021584,0.046452,-0.008456,0.069852,0.117329,0.116624,0.013989,-0.038010,0.010809
30,-9.491104,,-0.552098,-0.110420,0.515253,1.000000,1.247811,0.752753,0.110145,0.067443,0.127397,0.020396,0.054966,-0.013786,0.071777,0.130052,0.124779,0.013927,-0.035073,0.008508
31,-9.493014,,-1.506955,-0.301391,0.480626,1.000000,1.247811,0.752753,0.117744,0.072895,0.109263,0.019964,0.047585,-0.012583,0.070442,0.136875,0.109215,0.010868,-0.041427,0.004929
32,-9.492050,,-1.024845,-0.204969,0.432345,1.000000,1.247811,0.752753,0.115866,0.074166,0.120817,0.016315,0.041567,-0.017799,0.067727,0.129381,0.110121,0.010210,-0.034829,0.011972
33,-9.494501,,-2.250308,-0.450062,0.361865,1.000000,1.247811,0.752753,0.117180,0.072005,0.105437,0.010016,0.044802,-0.010660,0.067224,0.121643,0.115383,0.018899,-0.030679,0.003217
34,-10.000000,,-0.254895,-0.050979,2.497212,0.000000,1.247811,0.752753,0.101504,0.073761,0.118518,0.020990,0.057896,-0.016039,0.069690,0.122863,0.121804,0.025148,-0.037522,0.015468
35,-9.996096,1.571107,0.390446,0.078089,2.035600,0.000000,1.247811,0.752753,0.102033,0.070415,0.130369,0.023231,0.055294,-0.016587,0.068517,0.124032,0.115411,0.017780,-0.039123,0.005761
36,-10.000000,,-0.952120,-0.190424,1.680147,0.000000,1.247811,0.752753,0.124307,0.073448,0.121815,0.013668,0.053134,-0.009191,0.070699,0.134307,0.117614,0.010754,-0.042555,0.007302
37,-9.998815,4.190295,0.118547,0.023709,2.239029,0.000000,1.247811,0.752753,0.115618,0.063783,0.113700,0.017025,0.046083,-0.017886,0.070672,0.128242,0.124988,0.014812,-0.032826,0.008063
38,-10.000000,,-1.684090,-0.336818,0.547138,0.000000,1.247811,0.752753,0.110045,0.077850,0.107015,0.018051,0.048129,-0.009083,0.065542,0.122280,0.119047,0.010182,-0.037528,0.004022
39,-9.491849,,-0.924315,-0.184863,0.501183,1.000000,1.247811,0.752753,0.120523,0.071325,0.117627,0.022271,0.049662,-0.022374,0.070079,0.126448,0.117706,0.010188,-0.035226,0.007161
40,-10.000000,,-0.228332,-0.045666,2.473624,0.000000,1.247811,0.752753,0.110803,0.070059,0.130638,0.023893,0.054581,-0.011366,0.071767,0.115383,0.123396,0.013926,-0.038103,0.010316
41,-9.493292,,-1.645794,-0.329159,0.472353,1.000000,1.247811,0.752753,0.118491,0.074590,0.126232,0.014732,0.052768,-0.009219,0.060465,0.130279,0.122838,0.016741,-0.042709,0.009113
42,-10.000000,,-0.458829,-0.091766,2.672199,0.000000,1.247811,0.752753,0.112455,0.068735,0.127369,0.028894,0.046592,-0.014676,0.071036,0.122617,0.115408,0.016598,-0.044640,0.010057
43,-9.492514,,-1.257015,-0.251403,0.489760,1.000000,1.247811,0.752753,0.127658,0.069214,0.125498,0.019015,0.049499,-0.014702,0.067276,0.132770,0.117571,0.014637,-0.046684,0.011659
44,-10.000000,,-0.258390,-0.051678,2.393610,0.000000,1.247811,0.752753,0.116366,0.069491,0.130133,0.021350,0.060504,-0.010767,0.072794,0.128820,0.125134,0.010998,-0.038910,0.014740
45,-9.491760,,-0.879978,-0.175996,0.572464,1.000000,1.247811,0.752753,0.119420,0.066120,0.130746,0.019234,0.049805,-0.018511,0.070198,0.127385,0.122774,0.014493,-0.037424,0.004844
46,-10.000000,,-0.522900,-0.104580,2.678339,0.000000,1.247811,0.752753,0.111800,0.075000,0.129684,0.025650,0.048656,-0.023247,0.075651,0.124389,0.123250,0.015033,-0.036915,0.008823
47,-10.000000,,-0.921738,-0.184348,1.920109,0.000000,1.247811,0.752753,0.114793,0.070136,0.122164,0.022059,0.050266,-0.015130,0.076888,0.134993,0.122335,0.013299,-0.039778,0.002248
48,-9.492173,,-1.086720,-0.217344,0.482945,1.000000,1.247811,0.752753,0.127131,0.072034,0.124392,0.026572,0.051262,-0.016533,0.068975,0.123372,0.112351,0.016571,-0.041525,0.003473
49,-10.000000,,-0.532895,-0.106579,0.873064,0.000000,1.247811,0.752753,0.123457,0.072319,0.127490,0.024702,0.057130,-0.020013,0.060498,0.137350,0.116719,0.010602,-0.045445,0.007999
50,-9.491342,,-0.670775,-0.134155,0.460686,1.000000,1.247811,0.752753,0.126022,0.072766,0.112083,0.019647,0.050326,-0.020793,0.066909,0.115637,0.119702,0.015392,-0.040620,0.013042
51,-10.000000,,-0.411637,-0.082327,2.642754,0.000000,1.247811,0.752753,0.104355,0.067665,0.116742,0.019400,0.052348,-0.015644,0.077691,0.119837,0.126958,0.022411,-0.038473,0.011918
52,-10.000000,,-0.395932,-0.079186,2.250133,0.000000,1.247811,0.752753,0.109442,0.065724,0.120113,0.016565,0.051573,-0.011113,0.066865,0.123420,0.122602,0.014764,-0.035137,0.007445
53,-10.000000,,-0.238063,-0.047613,2.299480,0.000000,1.247811,0.752753,0.115786,0.070715,0.113200,0.019360,0.051032,-0.021281,0.076772,0.140128,0.115887,0.018711,-0.046604,0.010993
54,-9.492362,,-1.180788,-0.236158,0.520929,1.000000,1.247811,0.752753,0.120285,0.070413,0.123428,0.020116,0.052705,-0.019623,0.069762,0.133209,0.119994,0.014996,-0.035391,0.001516
55,-10.000000,,-0.413099,-0.082620,2.494598,0.000000,1.247811,0.752753,0.119882,0.075761,0.105692,0.029280,0.057938,-0.018412,0.073816,0.121619,0.121592,0.012177,-0.044099,0.007892
56,-10.000000,,-1.186074,-0.237215,1.731549,0.000000,1.247811,0.752753,0.116153,0.063047,0.124217,0.016556,0.051200,-0.019350,0.072144,0.128540,0.124010,0.022651,-0.037681,0.004340
57,-10.000000,,-0.851100,-0.170220,1.345196,0.000000,1.247811,0.752753,0.126651,0.079405,0.116494,0.022173,0.047745,-0.018157,0.061539,0.114658,0.113220,0.010859,-0.049178,0.007531
58,-10.000000,,-0.728749,-0.145750,1.893627,0.000000,1.247811,0.752753,0.124925,0.065342,0.109354,0.018250,0.054251,-0.012258,0.074893,0.124279,0.127125,0.014912,-0.035060,-0.000287
59,-9.998171,3.837340,0.182883,0.036577,1.784056,0.000000,1.247811,0.752753,0.124621,0.070475,0.113131,0.026509,0.058180,-0.016279,0.063232,0.131965,0.122823,0.012091,-0.037609,0.010247
60,-10.000000,,-0.477074,-0.095415,2.658114,0.000000,1.247811,0.752753,0.113966,0.078163,0.119329,0.026281,0.055759,-0.022002,0.069234,0.114666,0.127031,0.020974,-0.038160,0.005155
61,-10.000000,,-1.162606,-0.232521,1.748599,0.000000,1.247811,0.752753,0.121505,0.068247,0.132298,0.018572,0.058969,-0.020060,0.068425,0.114929,0.118952,0.012245,-0.040037,-0.002815
62,-9.492189,,-1.094393,-0.218879,0.471663,1.000000,1.247811,0.752753,0.127390,0.072004,0.123763,0.017237,0.049953,-0.023236,0.075115,0.135666,0.115876,0.015376,-0.038255,0.010570
63,-10.000000,,-0.142686,-0.028537,2.118854,0.000000,1.247811,0.752753,0.122935,0.071882,0.114904,0.023130,0.049490,-0.013626,0.066735,0.116489,0.126170,0.017133,-0.040394,0.008867
64,-10.000000,,-0.380473,-0.076095,2.470427,0.000000,1.247811,0.752753,0.114859,0.069076,0.125395,0.025353,0.049873,-0.019924,0.070915,0.134553,0.127119,0.010151,-0.032080,0.007420
65,-14.505220,26.555740,0.048104,0.009621,0.642772,1.000000,1.247811,0.752753,0.124660,0.071254,0.120007,0.028453,0.053357,-0.018381,0.065770,0.131806,0.114522,0.011542,-0.036538,0.014370
66,-9.998408,3.773217,0.159197,0.031839,2.192929,0.000000,1.247811,0.752753,0.126561,0.075106,0.127537,0.025342,0.045007,-0.023010,0.065778,0.117322,0.116902,0.024486,-0.041272,0.007116
67,-9.493324,,-1.662163,-0.332433,0.437276,1.000000,1.247811,0.752753,0.133938,0.074518,0.102153,0.021617,0.056210,-0.016183,0.063594,0.138571,0.121933,0.010149,-0.045125,0.003616
68,-10.000000,,-1.375994,-0.275199,0.617979,0.000000,1.247811,0.752753,0.123589,0.073008,0.123723,0.015999,0.049036,-0.014471,0.064793,0.131254,0.116347,0.010146,-0.051115,0.013348
69,-9.998162,2.691727,0.183841,0.036768,2.174738,0.000000,1.247811,0.752753,0.116398,0.074022,0.117181,0.021860,0.050764,-0.018194,0.070787,0.130612,0.122264,0.010323,-0.039115,0.013680
70,-10.000000,,-1.121533,-0.224307,1.133990,0.000000,1.247811,0.752753,0.119801,0.071916,0.113560,0.022464,0.041948,-0.021004,0.071098,0.121121,0.110981,0.015464,-0.042246,0.013333
71,-9.492598,,-1.298816,-0.259763,0.482565,1.000000,1.247811,0.752753,0.127845,0.066370,0.113980,0.011498,0.050501,-0.015782,0.070046,0.127755,0.119284,0.018453,-0.031859,0.008822
72,-10.000000,,-0.684344,-0.136869,1.794490,0.000000,1.247811,0.752753,0.127410,0.075362,0.118432,0.017699,0.046270,-0.022427,0.070430,0.122840,0.107749,0.011945,-0.042602,0.009494
73,-10.000000,,-0.238704,-0.047741,2.324155,0.000000,1.247811,0.752753,0.120817,0.066634,0.127497,0.026370,0.051272,-0.022683,0.064425,0.132926,0.118117,0.021648,-0.035362,0.008720
74,-10.000000,,-0.582679,-0.116536,2.497734,0.000000,1.247811,0.752753,0.125990,0.067403,0.120958,0.024542,0.053901,-0.022882,0.070945,0.137839,0.108839,0.018610,-0.043607,0.010879
75,-9.492563,,-1.281686,-0.256337,0.487344,1.000000,1.247811,0.752753,0.118775,0.070438,0.120697,0.018323,0.052961,-0.022734,0.071584,0.136702,0.111310,0.011022,-0.043628,0.008412
76,-9.491449,,-0.724715,-0.144943,0.472834,1.000000,1.247811,0.752753,0.130714,0.065316,0.112989,0.018782,0.049611,-0.019039,0.076264,0.131925,0.118427,0.014518,-0.027877,0.008116
77,-10.000000,,-0.551839,-0.110368,2.677751,0.000000,1.247811,0.752753,0.117274,0.073390,0.124427,0.030308,0.050787,-0.023138,0.064944,0.122520,0.107930,0.016160,-0.035202,0.013738
78,-10.000000,,-0.867389,-0.173478,0.696655,0.000000,1.247811,0.752753,0.128543,0.066717,0.119153,0.018133,0.053947,-0.008948,0.073201,0.133864,0.114823,0.018916,-0.050420,0.006709
79,-9.494311,,-2.155568,-0.431114,0.384418,1.000000,1.247811,0.752753,0.133344,0.063227,0.117932,0.010451,0.045432,-0.014081,0.074080,0.140541,0.114301,0.010463,-0.036234,0.011530
80,-10.000000,,-0.256309,-0.051262,1.344053,0.000000,1.247811,0.752753,0.132779,0.069699,0.107445,0.020998,0.047366,-0.019856,0.067351,0.128365,0.123406,0.019286,-0.029745,0.014546
81,-10.000000,,-0.138028,-0.027606,2.421175,0.000000,1.247811,0.752753,0.133293,0.063159,0.116575,0.023266,0.044000,-0.022487,0.070312,0.131088,0.122070,0.012667,-0.030298,0.016047
82,-9.492913,,-1.456637,-0.291327,0.432234,1.000000,1.247811,0.752753,0.130049,0.070577,0.110397,0.023386,0.055168,-0.018198,0.071072,0.133691,0.122117,0.010250,-0.036498,0.006693
83,-10.000000,,-0.747542,-0.149508,1.142077,0.000000,1.247811,0.752753,0.124310,0.060748,0.118512,0.015323,0.049232,-0.020765,0.065423,0.137855,0.125698,0.012511,-0.040705,0.000150
84,-10.000000,,-0.428259,-0.085652,2.622795,0.000000,1.247811,0.752753,0.118647,0.073453,0.103865,0.020604,0.047377,-0.016890,0.074577,0.125511,0.122475,0.019266,-0.036706,0.007025
85,-10.000000,,-0.661523,-0.132305,0.947122,0.000000,1.247811,0.752753,0.130023,0.072968,0.110669,0.014953,0.051109,-0.020577,0.080620,0.132829,0.120257,0.014764,-0.035113,0.003188
86,-10.000000,,-0.876549,-0.175310,2.221235,0.000000,1.247811,0.752753,0.123762,0.075856,0.119436,0.025455,0.049635,-0.022278,0.068831,0.140291,0.106203,0.016707,-0.045379,0.002356
87,-9.492535,,-1.267597,-0.253519,0.476992,1.000000,1.247811,0.752753,0.121568,0.061006,0.120572,0.008691,0.048264,-0.022627,0.075587,0.124816,0.116757,0.011121,-0.037654,0.013729
88,-10.000000,,-1.249513,-0.249903,1.306909,0.000000,1.247811,0.752753,0.122150,0.066233,0.100323,0.022563,0.041369,-0.022298,0.078425,0.134151,0.117270,0.015795,-0.030555,-0.003800
89,-9.493137,,-1.568688,-0.313738,0.413963,1.000000,1.247811,0.752753,0.119380,0.063279,0.113617,0.011342,0.052507,-0.018520,0.070363,0.136798,0.114391,0.013645,-0.042176,0.016705
90,-10.000000,,-0.990516,-0.198103,0.831345,0.000000,1.247811,0.752753,0.124638,0.067125,0.122111,0.006748,0.047135,-0.023208,0.072872,0.125452,0.117311,0.015846,-0.034700,0.014161
91,-10.000000,,-1.449473,-0.289895,1.076880,0.000000,1.247811,0.752753,0.130307,0.057983,0.119969,0.015976,0.052461,-0.019646,0.065395,0.140584,0.122237,0.012898,-0.044247,0.008546
92,-9.492980,,-1.489987,-0.297997,0.408201,1.000000,1.247811,0.752753,0.123179,0.065605,0.124898,0.006098,0.051975,-0.017322,0.076093,0.136035,0.113307,0.011954,-0.040955,0.014902
93,-9.998151,2.890896,0.184902,0.036980,2.260046,0.000000,1.247811,0.752753,0.126865,0.061703,0.125869,0.011204,0.050261,-0.018219,0.072140,0.136331,0.123533,0.022223,-0.033955,0.014858
94,-10.000000,,-1.203335,-0.240667,1.528335,0.000000,1.247811,0.752753,0.130805,0.066885,0.116931,0.014817,0.048589,-0.021650,0.062966,0.137223,0.109773,0.011819,-0.044637,0.011647
95,-9.492795,,-1.397432,-0.279486,0.497716,1.000000,1.247811,0.752753,0.134034,0.068761,0.110063,0.017499,0.051160,-0.022987,0.072174,0.125822,0.108213,0.014983,-0.033168,0.010234
96,-10.000000,,-0.133215,-0.026643,2.414433,0.000000,1.247811,0.752753,0.127494,0.059147,0.112281,0.017754,0.043481,-0.023240,0.076114,0.128461,0.125922,0.010464,-0.032715,0.014679
97,-9.492583,,-1.291600,-0.258320,0.474528,1.000000,1.247811,0.752753,0.130892,0.064182,0.121114,0.015665,0.050042,-0.021232,0.062023,0.123866,0.115280,0.011407,-0.037584,0.016563
98,-10.000000,,-0.301301,-0.060260,1.506512,0.000000,1.247811,0.752753,0.122735,0.071640,0.109912,0.018711,0.047927,-0.019208,0.072655,0.138294,0.125697,0.025162,-0.035558,0.014147
99,-9.492469,,-1.234307,-0.246861,0.449310,1.000000,1.247811,0.752753,0.125379,0.065569,0.112792,0.015256,0.047367,-0.015936,0.081273,0.124070,0.116529,0.010277,-0.033578,0.013452
100,-10.000000,,-0.098746,-0.019749,1.057494,0.000000,1.247811,0.752753,0.126730,0.068061,0.108809,0.017635,0.054423,-0.021522,0.076911,0.118568,0.112423,0.014889,-0.033786,0.013200
101,-9.492318,,-1.159026,-0.231805,0.405320,1.000000,1.247811,0.752753,0.128416,0.063395,0.113892,0.013215,0.050127,-0.023096,0.076191,0.132453,0.110778,0.018148,-0.041358,0.011019
102,-9.492839,,-1.419659,-0.283932,0.422023,1.000000,1.247811,0.752753,0.143145,0.064719,0.128614,0.022489,0.050721,-0.017901,0.077163,0.145674,0.111311,0.012414,-0.033299,0.006585
103,-9.492839,,-1.419483,-0.283897,0.445663,1.000000,1.247811,0.752753,0.128363,0.061247,0.123913,0.011052,0.055188,-0.019735,0.076841,0.126833,0.116002,0.010355,-0.037917,0.016697
104,-9.492853,,-1.426679,-0.285336,0.436539,1.000000,1.247811,0.752753,0.125081,0.060482,0.114845,0.011454,0.053660,-0.012109,0.080318,0.121557,0.114163,0.010785,-0.035104,0.012047
105,-10.000000,,-0.221218,-0.044244,1.341805,0.000000,1.247811,0.752753,0.126762,0.062035,0.111652,0.025524,0.050442,-0.021443,0.074833,0.129907,0.118914,0.012170,-0.029516,0.016443
106,-10.000000,,-0.002544,-0.000509,2.183685,0.000000,1.247811,0.752753,0.128391,0.074404,0.112082,0.020658,0.050529,-0.021479,0.078492,0.114768,0.122637,0.014702,-0.044874,0.007704
107,-9.493097,,-1.548682,-0.309736,0.471697,1.000000,1.247811,0.752753,0.127523,0.064211,0.111800,0.013861,0.054579,-0.017974,0.072120,0.135489,0.114224,0.015873,-0.033986,0.014254
108,-10.000000,,-1.631090,-0.326218,0.793299,0.000000,1.247811,0.752753,0.129597,0.067768,0.119302,0.018742,0.054254,-0.021043,0.069011,0.129858,0.113012,0.011104,-0.030642,0.010237
109,-10.000000,,-0.398010,-0.079602,2.643078,0.000000,1.247811,0.752753,0.118142,0.069230,0.123921,0.021021,0.049218,-0.023194,0.078907,0.129553,0.121230,0.018697,-0.033650,0.011776
110,-9.492286,,-1.142817,-0.228563,0.397215,1.000000,1.247811,0.752753,0.130622,0.067331,0.116132,0.016216,0.048851,-0.006671,0.080608,0.125699,0.114833,0.011644,-0.029702,0.015656
111,-10.000000,,-0.249424,-0.049885,1.834655,0.000000,1.247811,0.752753,0.126680,0.060301,0.121053,0.008896,0.050559,-0.006595,0.081701,0.133771,0.113108,0.015459,-0.038998,0.016220
112,-10.000000,,-0.219555,-0.043911,1.356099,0.000000,1.247811,0.752753,0.120087,0.071075,0.115787,0.022576,0.047501,-0.017800,0.079970,0.124811,0.118885,0.012076,-0.027583,0.013731
113,-9.492855,,-1.427646,-0.285529,0.432501,1.000000,1.247811,0.752753,0.122899,0.064777,0.118241,0.018408,0.047033,-0.022211,0.067771,0.128690,0.115824,0.010255,-0.032531,0.014731
114,-10.000000,,-0.627402,-0.125480,2.263835,0.000000,1.247811,0.752753,0.132922,0.068102,0.115415,0.015620,0.054764,-0.011802,0.075752,0.137432,0.110352,0.013344,-0.042489,0.016721
115,-10.000000,,-0.705424,-0.141085,2.035454,0.000000,1.247811,0.752753,0.145882,0.063778,0.108287,0.012168,0.050928,-0.014372,0.077020,0.129728,0.114708,0.011805,-0.030877,0.015370
116,-9.494725,,-2.362369,-0.472474,0.354580,1.000000,1.247811,0.752753,0.129811,0.065794,0.124419,0.009538,0.049946,-0.007165,0.075780,0.138754,0.111777,0.011936,-0.037842,0.008264
117,-9.492407,,-1.203321,-0.240664,0.411167,1.000000,1.247811,0.752753,0.134179,0.065894,0.114654,0.014300,0.054959,-0.018710,0.073796,0.123096,0.109640,0.010621,-0.041498,0.016692
118,-10.000000,,-0.623559,-0.124712,2.230426,0.000000,1.247811,0.752753,0.136879,0.066447,0.118002,0.011335,0.055981,-0.011264,0.081360,0.138062,0.114127,0.014423,-0.034817,0.013136
119,-9.494950,,-2.474958,-0.494992,0.340293,1.000000,1.247811,0.752753,0.132341,0.065023,0.114659,0.007630,0.042882,-0.016401,0.075932,0.131205,0.102203,0.011393,-0.038841,0.008496
120,-9.492586,,-1.292818,-0.258564,0.428073,1.000000,1.247811,0.752753,0.135987,0.065491,0.109314,0.019547,0.050200,-0.017900,0.081243,0.130567,0.110672,0.014214,-0.034039,0.010864
121,-9.493547,,-1.773537,-0.354707,0.430786,1.000000,1.247811,0.752753,0.126798,0.066757,0.116269,0.011649,0.055478,-0.016840,0.075086,0.122698,0.108968,0.015495,-0.045544,0.012605
122,-10.000000,,-1.395025,-0.279005,0.758376,0.000000,1.247811,0.752753,0.132523,0.064431,0.120354,0.010162,0.049681,-0.023248,0.071735,0.124405,0.114721,0.018238,-0.042232,0.013621
123,-9.490705,,-0.352711,-0.070542,0.551639,1.000000,1.247811,0.752753,0.123641,0.061485,0.120141,0.023011,0.049847,-0.023202,0.070085,0.124428,0.109871,0.010891,-0.044427,0.014341
124,-10.000000,,-0.934843,-0.186969,0.761339,0.000000,1.247811,0.752753,0.133171,0.070537,0.110266,0.018743,0.050156,-0.008847,0.075188,0.128042,0.116351,0.011924,-0.040838,0.014539
125,-9.493026,,-1.513147,-0.302629,0.419706,1.000000,1.247811,0.752753,0.133332,0.066303,0.122433,0.014263,0.056716,-0.008663,0.081668,0.129561,0.112602,0.016460,-0.041886,0.016732
126,-10.000000,,-0.458229,-0.091646,0.814852,0.000000,1.247811,0.752753,0.130639,0.063442,0.122198,0.010520,0.047570,-0.013881,0.074325,0.129350,0.119436,0.011013,-0.034497,0.014798
127,-9.491807,,-0.903487,-0.180697,0.559912,1.000000,1.247811,0.752753,0.144076,0.065922,0.110623,0.022597,0.053252,-0.021623,0.069324,0.120957,0.102297,0.012716,-0.044548,0.012959
128,-10.000000,,-0.467780,-0.093556,2.263127,0.000000,1.247811,0.752753,0.132615,0.060320,0.117184,0.012220,0.049043,-0.015756,0.071778,0.117527,0.121395,0.012359,-0.036159,0.015163
129,-9.493104,,-1.552061,-0.310412,0.464612,1.000000,1.247811,0.752753,0.135017,0.062574,0.122775,0.018836,0.050242,-0.011621,0.075123,0.133583,0.107652,0.011385,-0.035137,0.014713
130,-10.000000,,-1.075517,-0.215103,1.370494,0.000000,1.247811,0.752753,0.131706,0.068463,0.123913,0.010237,0.037771,-0.022924,0.076518,0.122693,0.119433,0.018947,-0.035490,0.012172
131,-9.492625,,-1.312315,-0.262463,0.455840,1.000000,1.247811,0.752753,0.133850,0.063885,0.115472,0.016413,0.048172,-0.020067,0.070180,0.122405,0.115954,0.012695,-0.037085,0.014214
132,-9.492976,,-1.488099,-0.297620,0.396808,1.000000,1.247811,0.752753,0.133311,0.065783,0.122167,0.018299,0.058218,-0.018441,0.067546,0.130834,0.108513,0.016809,-0.048215,0.013780
133,-9.997117,3.112012,0.288306,0.057661,1.206965,0.000000,1.247811,0.752753,0.130331,0.066626,0.119460,0.022307,0.051100,-0.021791,0.067896,0.128897,0.102570,0.012158,-0.035214,0.016520
134,-9.491436,,-0.718105,-0.143621,0.462257,1.000000,1.247811,0.752753,0.133960,0.063978,0.115031,0.018707,0.050290,-0.023245,0.076959,0.128054,0.113554,0.011038,-0.042679,0.016531
135,-9.492376,,-1.188210,-0.237642,0.440137,1.000000,1.247811,0.752753,0.124208,0.071508,0.119669,0.023317,0.052688,-0.022168,0.063684,0.128424,0.112297,0.010655,-0.041534,0.014335
136,-9.494279,,-2.139458,-0.427892,0.379848,1.000000,1.247811,0.752753,0.147470,0.058138,0.101189,0.021242,0.047534,-0.020661,0.066479,0.125751,0.108287,0.016997,-0.043272,0.002788
137,-10.000000,,-0.582809,-0.116562,0.935771,0.000000,1.247811,0.752753,0.131574,0.054868,0.122265,0.017436,0.053448,-0.021973,0.063007,0.127259,0.099164,0.012334,-0.046355,0.015126
138,-9.493789,,-1.894357,-0.378871,0.433209,1.000000,1.247811,0.752753,0.131350,0.062471,0.127780,0.014969,0.053622,-0.021299,0.072798,0.130350,0.099971,0.019738,-0.049586,0.009331
139,-10.000000,,-0.133529,-0.026706,1.054165,0.000000,1.247811,0.752753,0.129653,0.064715,0.123465,0.021659,0.048467,-0.016489,0.079831,0.130034,0.110202,0.011638,-0.045490,0.014089
140,-10.000000,,-1.172665,-0.234533,0.770918,0.000000,1.247811,0.752753,0.134844,0.064565,0.111555,0.014117,0.049769,-0.022883,0.072587,0.117350,0.115587,0.017585,-0.050808,0.010692
141,-9.492515,,-1.257628,-0.251526,0.449892,1.000000,1.247811,0.752753,0.129892,0.062537,0.122345,0.021090,0.044746,-0.023172,0.072257,0.126886,0.112101,0.011355,-0.047047,0.015682
142,-9.495135,,-2.567519,-0.513504,0.354025,1.000000,1.247811,0.752753,0.140190,0.064449,0.114675,0.013692,0.054151,-0.016557,0.055138,0.138213,0.110816,0.012550,-0.045038,0.006412
143,-10.000000,,-0.350144,-0.070029,2.619711,0.000000,1.247811,0.752753,0.133157,0.059304,0.128611,0.024029,0.048759,-0.018652,0.076306,0.121761,0.114862,0.022805,-0.045143,0.016184
144,-9.491452,,-0.725751,-0.145150,0.463952,1.000000,1.247811,0.752753,0.140893,0.063213,0.116658,0.024866,0.047478,-0.014824,0.067243,0.125398,0.113782,0.010176,-0.046118,0.014172
145,-9.492615,,-1.307677,-0.261535,0.464974,1.000000,1.247811,0.752753,0.128136,0.069829,0.118342,0.012445,0.043652,-0.015573,0.064772,0.124063,0.117939,0.016303,-0.045130,0.014952
146,-9.492645,,-1.322271,-0.264454,0.461719,1.000000,1.247811,0.752753,0.141747,0.062667,0.114780,0.019871,0.051933,-0.023212,0.075213,0.122026,0.114190,0.010175,-0.042218,0.011848
147,-9.492936,,-1.468077,-0.293615,0.430205,1.000000,1.247811,0.752753,0.130566,0.066685,0.122870,0.019733,0.044949,-0.017935,0.075695,0.131356,0.110771,0.015865,-0.042973,0.014371
148,-9.494871,,-2.435293,-0.487059,0.378580,1.000000,1.247811,0.752753,0.122084,0.065048,0.125463,0.010794,0.051253,-0.015509,0.073076,0.128926,0.107443,0.013128,-0.048992,0.008588
149,-10.000000,,-0.435397,-0.087079,0.961363,0.000000,1.247811,0.752753,0.133589,0.059483,0.108418,0.021617,0.049569,-0.019948,0.079370,0.115646,0.108590,0.014817,-0.043936,0.009698
150,-10.000000,,-1.081956,-0.216391,0.545119,0.000000,1.247811,0.752753,0.127402,0.063224,0.111333,0.021744,0.048984,-0.021877,0.073511,0.124472,0.109849,0.016070,-0.047063,0.014278
151,-9.492776,,-1.388003,-0.277601,0.421670,1.000000,1.247811,0.752753,0.129898,0.057014,0.116606,0.023613,0.050902,-0.021226,0.070706,0.144240,0.106763,0.015050,-0.043587,0.016737
152,-9.492662,,-1.331249,-0.266250,0.399910,1.000000,1.247811,0.752753,0.131419,0.060117,0.117842,0.017656,0.045565,-0.016636,0.075072,0.130678,0.107023,0.010147,-0.042474,0.016736
153,-10.000000,,-1.230895,-0.246179,1.869314,0.000000,1.247811,0.752753,0.143335,0.066758,0.113649,0.020847,0.055776,-0.018060,0.071352,0.137306,0.112296,0.010385,-0.042369,0.007116
154,-10.000000,,-0.448754,-0.089751,2.307137,0.000000,1.247811,0.752753,0.127600,0.067358,0.125936,0.024866,0.047231,-0.021180,0.068317,0.126759,0.111668,0.011775,-0.045871,0.007471
155,-9.493673,,-1.836328,-0.367266,0.400023,1.000000,1.247811,0.752753,0.141307,0.065815,0.108139,0.027773,0.046761,-0.007111,0.062455,0.122459,0.109781,0.016317,-0.057230,0.004588
156,-9.492212,,-1.106235,-0.221247,0.464229,1.000000,1.247811,0.752753,0.136173,0.063418,0.110385,0.020707,0.046372,-0.020696,0.073704,0.114984,0.114519,0.010460,-0.039750,0.016478
157,-9.492528,,-1.263998,-0.252800,0.437114,1.000000,1.247811,0.752753,0.132414,0.071161,0.126844,0.019770,0.044696,-0.021052,0.065496,0.127365,0.114186,0.016115,-0.043635,0.015503
158,-9.494225,,-2.112512,-0.422502,0.407621,1.000000,1.247811,0.752753,0.130077,0.059426,0.115217,0.015078,0.052222,-0.011749,0.067954,0.124011,0.110199,0.010240,-0.043273,0.015827
159,-9.493187,,-1.593289,-0.318658,0.412640,1.000000,1.247811,0.752753,0.134973,0.059857,0.118289,0.023527,0.050314,-0.021023,0.069056,0.131857,0.109449,0.012843,-0.048818,0.012263
160,-9.491414,,-0.706901,-0.141380,0.523254,1.000000,1.247811,0.752753,0.135115,0.062388,0.123294,0.017631,0.048704,-0.022035,0.077008,0.119484,0.113744,0.010213,-0.043951,0.016738
161,-9.492966,,-1.483186,-0.296637,0.450179,1.000000,1.247811,0.752753,0.141583,0.057956,0.117621,0.019431,0.046856,-0.014723,0.065650,0.128484,0.109733,0.015402,-0.042010,0.016738
162,-9.492660,,-1.329910,-0.265982,0.470876,1.000000,1.247811,0.752753,0.132780,0.068001,0.111673,0.012751,0.041754,-0.013431,0.065073,0.120249,0.116308,0.014274,-0.044776,0.016738
163,-9.490654,,-0.327226,-0.065445,0.524180,1.000000,1.247811,0.752753,0.147273,0.066698,0.112252,0.025584,0.044082,-0.023228,0.072873,0.124548,0.123478,0.010220,-0.042640,0.009309
164,-9.492944,,-1.472024,-0.294405,0.398718,1.000000,1.247811,0.752753,0.134649,0.057368,0.121980,0.017605,0.048677,-0.021914,0.069202,0.127536,0.109979,0.012006,-0.039548,0.016671
165,-10.000000,,-0.155756,-0.031151,1.900547,0.000000,1.247811,0.752753,0.139750,0.073546,0.118752,0.015219,0.049005,-0.013037,0.064321,0.131173,0.116481,0.014726,-0.051312,0.016446
166,-9.491702,,-0.851064,-0.170213,0.483625,1.000000,1.247811,0.752753,0.142549,0.063197,0.122076,0.020148,0.043806,-0.021054,0.076390,0.122733,0.114412,0.010158,-0.046401,0.014788
167,-10.000000,,-0.467917,-0.093583,2.231977,0.000000,1.247811,0.752753,0.136745,0.059803,0.112729,0.018698,0.045276,-0.023232,0.074766,0.139046,0.115156,0.011827,-0.040813,0.011270
168,-10.000000,,-0.186423,-0.037285,1.379683,0.000000,1.247811,0.752753,0.135545,0.060663,0.111874,0.022448,0.051730,-0.023030,0.077583,0.124290,0.126970,0.012799,-0.041102,0.012988
169,-10.000000,,-0.045704,-0.009141,2.185800,0.000000,1.247811,0.752753,0.130646,0.062190,0.122376,0.025817,0.055339,-0.023074,0.079326,0.123419,0.123442,0.011668,-0.044281,0.014513
170,-9.491344,,-0.671976,-0.134395,0.458244,1.000000,1.247811,0.752753,0.147306,0.066290,0.117582,0.022766,0.041881,-0.018885,0.070140,0.121452,0.110477,0.016469,-0.046114,0.012366
171,-10.000000,,-0.179414,-0.035883,1.368782,0.000000,1.247811,0.752753,0.136417,0.061872,0.114856,0.025543,0.052982,-0.020006,0.075129,0.123064,0.115758,0.018007,-0.047261,0.016676
172,-9.492202,,-1.100771,-0.220154,0.458433,1.000000,1.247811,0.752753,0.144999,0.064478,0.108694,0.023447,0.044980,-0.020038,0.068489,0.115001,0.110214,0.010736,-0.047348,0.014248
173,-10.000000,,-0.050032,-0.010006,2.035126,0.000000,1.247811,0.752753,0.135026,0.055884,0.115841,0.025330,0.046332,-0.022628,0.067375,0.120846,0.117290,0.011427,-0.045552,0.014562
174,-10.000000,,-0.469497,-0.093899,2.285999,0.000000,1.247811,0.752753,0.141603,0.062765,0.119725,0.018851,0.046840,-0.015856,0.069033,0.127543,0.115917,0.010437,-0.046906,0.016635
175,-9.491445,,-0.722488,-0.144498,0.489630,1.000000,1.247811,0.752753,0.147504,0.064339,0.117860,0.027144,0.046014,-0.021215,0.068864,0.122924,0.118332,0.010169,-0.043411,0.011269
176,-10.000000,,-0.570522,-0.114104,2.255668,0.000000,1.247811,0.752753,0.143988,0.064200,0.119369,0.022641,0.047754,-0.023154,0.066775,0.124115,0.114034,0.013847,-0.038028,0.007638
177,-10.000000,,-0.604806,-0.120961,2.264265,0.000000,1.247811,0.752753,0.148685,0.066107,0.115381,0.019434,0.047453,-0.020384,0.070447,0.130346,0.109047,0.016529,-0.047004,0.015692
178,-10.000000,,-0.352219,-0.070444,2.474074,0.000000,1.247811,0.752753,0.145340,0.065342,0.111938,0.024384,0.048886,-0.019981,0.063302,0.120775,0.125283,0.025079,-0.045696,0.016279
179,-10.000000,,-0.555266,-0.111053,2.370373,0.000000,1.247811,0.752753,0.143559,0.063155,0.116151,0.024139,0.043978,-0.018205,0.067366,0.114445,0.120574,0.010538,-0.044099,0.009926
180,-10.000000,,-0.240007,-0.048001,1.197246,0.000000,1.247811,0.752753,0.149614,0.064673,0.132518,0.023507,0.045241,-0.023000,0.075247,0.114543,0.112495,0.012270,-0.048886,0.012396
181,-10.000000,,-0.595478,-0.119096,2.282721,0.000000,1.247811,0.752753,0.144693,0.063737,0.122035,0.022063,0.045755,-0.019421,0.076335,0.114446,0.111378,0.012489,-0.046496,0.007940
182,-10.000000,,-0.078112,-0.015622,2.129259,0.000000,1.247811,0.752753,0.150706,0.068032,0.102154,0.029541,0.037213,-0.020346,0.070417,0.114727,0.118905,0.010370,-0.045596,0.016087
183,-9.491511,,-0.755517,-0.151103,0.469055,1.000000,1.247811,0.752753,0.137849,0.062748,0.111458,0.022052,0.045639,-0.022439,0.067879,0.127312,0.115056,0.010550,-0.042355,0.015675
184,-10.000000,,-0.493412,-0.098682,2.237596,0.000000,1.247811,0.752753,0.152061,0.066459,0.114030,0.023304,0.039181,-0.019435,0.072470,0.120208,0.115098,0.013093,-0.048968,0.006807
185,-9.998817,4.383022,0.118291,0.023658,2.193292,0.000000,1.247811,0.752753,0.137431,0.065078,0.116390,0.031326,0.041763,-0.013690,0.065817,0.118401,0.114281,0.013389,-0.042851,0.014083
186,-9.492730,,-1.364957,-0.272991,0.446518,1.000000,1.247811,0.752753,0.140244,0.057019,0.107805,0.019972,0.038677,-0.018828,0.080184,0.121861,0.111129,0.013233,-0.038797,0.008505
187,-9.997373,2.101061,0.262664,0.052533,2.222316,0.000000,1.247811,0.752753,0.134936,0.063622,0.112668,0.025946,0.047646,-0.020320,0.072027,0.128036,0.111389,0.013586,-0.045402,0.011882
188,-9.493597,,-1.798721,-0.359744,0.446762,1.000000,1.247811,0.752753,0.137455,0.059568,0.116392,0.017973,0.038938,-0.013575,0.078120,0.124213,0.116625,0.015060,-0.045831,0.001772
189,-9.493586,,-1.793016,-0.358603,0.381450,1.000000,1.247811,0.752753,0.142250,0.058465,0.108053,0.017929,0.040724,-0.007550,0.074332,0.125961,0.112269,0.019450,-0.044733,0.004544
190,-9.491612,,-0.806038,-0.161208,0.463806,1.000000,1.247811,0.752753,0.145158,0.063082,0.112005,0.017423,0.045423,-0.023240,0.078999,0.120396,0.119232,0.011171,-0.043708,0.011563
191,-10.000000,,-0.343145,-0.068629,1.085536,0.000000,1.247811,0.752753,0.141241,0.058373,0.117063,0.017440,0.039285,-0.022958,0.077244,0.124024,0.109623,0.010894,-0.046326,0.011039
192,-9.998473,3.480341,0.152671,0.030534,2.283499,0.000000,1.247811,0.752753,0.129833,0.066234,0.111905,0.019542,0.046632,-0.014738,0.074426,0.132396,0.117047,0.013786,-0.036835,0.014854
193,-9.491511,,-0.755257,-0.151051,0.465074,1.000000,1.247811,0.752753,0.139935,0.060089,0.111119,0.025300,0.048307,-0.019983,0.072314,0.121647,0.110520,0.010595,-0.037726,0.013638
194,-9.493285,,-1.642690,-0.328538,0.382524,1.000000,1.247811,0.752753,0.139219,0.060992,0.114182,0.016137,0.047363,-0.020894,0.077236,0.136708,0.109296,0.014308,-0.039875,0.009137
195,-10.000000,,-0.179446,-0.035889,1.053948,0.000000,1.247811,0.752753,0.137088,0.062296,0.112388,0.019206,0.051027,-0.017159,0.071247,0.123673,0.112487,0.014307,-0.041647,0.016505
196,-10.000000,,-0.363595,-0.072719,1.838328,0.000000,1.247811,0.752753,0.139552,0.062466,0.110243,0.020134,0.048783,-0.019042,0.066308,0.126964,0.119823,0.010148,-0.049380,0.012300
197,-9.491925,,-0.962537,-0.192507,0.504540,1.000000,1.247811,0.752753,0.136712,0.061248,0.104230,0.023155,0.040966,-0.017285,0.068274,0.123121,0.115808,0.013745,-0.043472,0.014559
198,-10.000000,,-0.590099,-0.118020,1.028795,0.000000,1.247811,0.752753,0.134472,0.062416,0.109975,0.024429,0.042927,-0.018630,0.081500,0.117762,0.116122,0.010659,-0.044324,0.008374
199,-9.491599,,-0.799605,-0.159921,0.477592,1.000000,1.247811,0.752753,0.146051,0.062837,0.104634,0.022325,0.046705,-0.012510,0.076280,0.125331,0.117206,0.010475,-0.039272,0.013715
200,-9.492985,,-1.492659,-0.298532,0.415983,1.000000,1.247811,0.752753,0.136384,0.055706,0.111572,0.020222,0.052008,-0.021933,0.075431,0.128716,0.111375,0.010462,-0.037959,0.014051
201,-10.000000,,-0.493964,-0.098793,1.802384,0.000000,1.247811,0.752753,0.140306,0.057362,0.117000,0.016964,0.048701,-0.021553,0.078607,0.124160,0.113533,0.011967,-0.037299,0.007800
202,-9.492372,,-1.186065,-0.237213,0.426787,1.000000,1.247811,0.752753,0.144021,0.061141,0.108733,0.023272,0.044584,-0.022987,0.067821,0.120089,0.105243,0.012382,-0.042792,0.012696
203,-9.493217,,-1.608312,-0.321662,0.503116,1.000000,1.247811,0.752753,0.137334,0.062934,0.103980,0.016625,0.043464,-0.018390,0.075336,0.122019,0.114493,0.010393,-0.033933,0.007812
204,-10.000000,,-0.044028,-0.008806,1.803287,0.000000,1.247811,0.752753,0.141105,0.067691,0.117584,0.022786,0.048611,-0.020315,0.075392,0.126424,0.115049,0.010152,-0.037734,0.016705
205,-10.000000,,-0.649901,-0.129980,1.048758,0.000000,1.247811,0.752753,0.148911,0.055784,0.108555,0.022411,0.047617,-0.019910,0.077801,0.124150,0.116306,0.012199,-0.042956,0.011052
206,-9.493634,,-1.817193,-0.363439,0.393228,1.000000,1.247811,0.752753,0.141798,0.061331,0.110465,0.016096,0.049363,-0.016549,0.073695,0.122552,0.112425,0.011892,-0.038131,0.009911
207,-10.000000,,-0.105035,-0.021007,2.120749,0.000000,1.247811,0.752753,0.137595,0.063653,0.115622,0.021628,0.046549,-0.022771,0.074606,0.120273,0.117415,0.010213,-0.045780,0.016290
208,-9.492754,,-1.376912,-0.275382,0.431437,1.000000,1.247811,0.752753,0.139774,0.057282,0.102386,0.022311,0.049282,-0.014335,0.070736,0.120538,0.110993,0.019110,-0.044755,0.012421
209,-9.997486,2.481115,0.251361,0.050272,2.118044,0.000000,1.247811,0.752753,0.142856,0.058149,0.106730,0.026935,0.042728,-0.021183,0.075527,0.121712,0.119242,0.013392,-0.037961,0.006814
210,-10.000000,,-0.521449,-0.104290,2.245615,0.000000,1.247811,0.752753,0.139177,0.054640,0.110550,0.016303,0.042039,-0.021018,0.078382,0.130585,0.116931,0.011607,-0.035544,0.008470
211,-9.493354,,-1.676953,-0.335391,0.410266,1.000000,1.247811,0.752753,0.141183,0.062202,0.110015,0.019144,0.045964,-0.017045,0.071876,0.123301,0.112237,0.011237,-0.037420,0.010629
212,-9.492504,,-1.251839,-0.250368,0.443005,1.000000,1.247811,0.752753,0.140150,0.068341,0.106707,0.015736,0.049033,-0.022407,0.070400,0.128544,0.109978,0.015058,-0.039868,0.012901
213,-9.494645,,-2.322428,-0.464486,0.364461,1.000000,1.247811,0.752753,0.142216,0.062979,0.106163,0.013292,0.041353,-0.021832,0.075530,0.124804,0.103382,0.012502,-0.033549,0.008591
214,-9.997866,2.153393,0.213446,0.042689,2.247268,0.000000,1.247811,0.752753,0.141129,0.062383,0.099763,0.014256,0.045638,-0.023076,0.074111,0.126464,0.116063,0.016146,-0.037079,0.010147
215,-9.492792,,-1.395869,-0.279174,0.451949,1.000000,1.247811,0.752753,0.141461,0.060119,0.109159,0.023524,0.048856,-0.009146,0.066050,0.124965,0.111782,0.010886,-0.043664,0.015935
216,-10.000000,,-0.328024,-0.065605,1.005895,0.000000,1.247811,0.752753,0.144845,0.066401,0.105749,0.027534,0.046152,-0.012155,0.074078,0.114526,0.107977,0.013694,-0.042142,0.015875
217,-10.000000,,-0.862298,-0.172460,0.831966,0.000000,1.247811,0.752753,0.148577,0.060985,0.106288,0.024547,0.044362,-0.013908,0.076876,0.122903,0.109059,0.010146,-0.040855,0.014056
218,-9.491557,,-0.778346,-0.155669,0.473590,1.000000,1.247811,0.752753,0.147747,0.063837,0.100206,0.021893,0.049786,-0.019812,0.075267,0.122311,0.116796,0.010232,-0.036813,0.014309
219,-9.491875,,-0.937699,-0.187540,0.438681,1.000000,1.247811,0.752753,0.141702,0.061868,0.099066,0.021538,0.046406,-0.008184,0.071225,0.115544,0.105097,0.020692,-0.041387,0.014322
220,-10.000000,,-1.072140,-0.214428,0.840075,0.000000,1.247811,0.752753,0.139457,0.065464,0.112967,0.023403,0.050384,-0.017728,0.067163,0.125495,0.110461,0.017624,-0.042716,0.013993
221,-10.000000,,-0.445758,-0.089152,1.720656,0.000000,1.247811,0.752753,0.146660,0.056388,0.108677,0.020210,0.051611,-0.019044,0.071743,0.126633,0.107487,0.010359,-0.042850,0.015444
222,-9.493823,,-1.911594,-0.382319,0.397670,1.000000,1.247811,0.752753,0.137583,0.063688,0.110066,0.015012,0.044605,-0.023183,0.069246,0.127848,0.105867,0.012448,-0.033521,0.012815
223,-9.998704,3.596828,0.129630,0.025926,2.200788,0.000000,1.247811,0.752753,0.137218,0.064118,0.104712,0.020196,0.045077,-0.017073,0.074782,0.119536,0.120498,0.014397,-0.039581,0.016276
224,-10.000000,,-0.374431,-0.074886,1.956798,0.000000,1.247811,0.752753,0.150289,0.063941,0.109336,0.015270,0.044936,-0.023226,0.077080,0.119188,0.112440,0.012903,-0.032169,0.008803
225,-10.000000,,-0.230102,-0.046020,1.015717,0.000000,1.247811,0.752753,0.143933,0.065732,0.101737,0.021035,0.045413,-0.016843,0.071756,0.122944,0.110360,0.014143,-0.033890,0.016729
226,-9.493389,,-1.694673,-0.338935,0.406024,1.000000,1.247811,0.752753,0.148745,0.057604,0.109327,0.016684,0.049669,-0.016639,0.068875,0.129437,0.105346,0.015788,-0.042258,0.015508
227,-9.492646,,-1.322786,-0.264557,0.416577,1.000000,1.247811,0.752753,0.146697,0.063690,0.096337,0.019020,0.045439,-0.019335,0.076205,0.123436,0.104877,0.015456,-0.031250,0.012083
228,-9.492554,,-1.276948,-0.255390,0.443291,1.000000,1.247811,0.752753,0.141850,0.060932,0.099856,0.025254,0.047110,-0.009283,0.073017,0.120642,0.109831,0.010865,-0.036897,0.016349
229,-9.491479,,-0.739285,-0.147857,0.478571,1.000000,1.247811,0.752753,0.147971,0.061626,0.105944,0.024774,0.044869,-0.020483,0.076378,0.114743,0.113851,0.010183,-0.039499,0.007114
230,-9.492498,,-1.249018,-0.249804,0.448471,1.000000,1.247811,0.752753,0.148220,0.063348,0.107757,0.020584,0.053590,-0.019118,0.069161,0.118975,0.117940,0.010259,-0.043129,0.014502
231,-9.491881,,-0.940485,-0.188097,0.456173,1.000000,1.247811,0.752753,0.151880,0.062765,0.099613,0.014888,0.050330,-0.021078,0.074942,0.129082,0.113042,0.012165,-0.042131,0.016185
232,-9.491780,,-0.889942,-0.177988,0.497064,1.000000,1.247811,0.752753,0.147404,0.063138,0.094570,0.023095,0.046004,-0.019844,0.068336,0.122140,0.107923,0.014452,-0.042225,0.011531
233,-10.000000,,-1.175332,-0.235066,1.532851,0.000000,1.247811,0.752753,0.144639,0.065695,0.111373,0.018934,0.051544,-0.018797,0.075602,0.114484,0.120359,0.014289,-0.039926,0.015777
234,-10.000000,,-0.519146,-0.103829,2.276995,0.000000,1.247811,0.752753,0.146089,0.058885,0.103082,0.019280,0.049566,-0.018439,0.071374,0.117812,0.111792,0.012178,-0.043293,0.013024
235,-9.491279,,-0.639517,-0.127903,0.489669,1.000000,1.247811,0.752753,0.146594,0.061303,0.109138,0.025739,0.048112,-0.021050,0.071357,0.115754,0.113520,0.014221,-0.039261,0.011667
236,-9.492805,,-1.402446,-0.280489,0.465798,1.000000,1.247811,0.752753,0.142875,0.059468,0.102148,0.020756,0.046609,-0.022697,0.071860,0.114494,0.116106,0.012144,-0.034535,0.010132
237,-9.491480,,-0.739969,-0.147994,0.495607,1.000000,1.247811,0.752753,0.150543,0.058488,0.100480,0.020030,0.046403,-0.021034,0.074739,0.121705,0.108259,0.010509,-0.037480,0.016732
238,-9.491837,,-0.918439,-0.183688,0.529670,1.000000,1.247811,0.752753,0.146051,0.061588,0.101118,0.023033,0.046510,-0.017807,0.069804,0.123659,0.118534,0.010850,-0.038605,0.014617
239,-9.491885,,-0.942480,-0.188496,0.479392,1.000000,1.247811,0.752753,0.152064,0.061431,0.105526,0.019398,0.048466,-0.023248,0.076638,0.118943,0.115007,0.012381,-0.040817,0.014929
240,-10.000000,,-0.622141,-0.124428,2.268441,0.000000,1.247811,0.752753,0.151893,0.065423,0.103725,0.016636,0.046468,-0.021036,0.073333,0.126676,0.108221,0.014741,-0.049448,0.015433
241,-10.000000,,-0.637426,-0.127485,2.289820,0.000000,1.247811,0.752753,0.148522,0.065804,0.101122,0.020770,0.052132,-0.018621,0.077627,0.115068,0.112991,0.011265,-0.041944,0.007529
242,-9.999611,28.742642,0.038864,0.007773,0.931330,0.000000,1.247811,0.752753,0.151821,0.064699,0.102777,0.015705,0.050189,-0.015304,0.076052,0.135748,0.114827,0.010258,-0.034030,0.015421
243,-9.491660,,-0.829770,-0.165954,0.486277,1.000000,1.247811,0.752753,0.150115,0.065841,0.101864,0.022356,0.046691,-0.020782,0.069336,0.117513,0.107894,0.010401,-0.041404,0.014591
244,-9.491003,,-0.501283,-0.100257,0.499528,1.000000,1.247811,0.752753,0.143006,0.061473,0.102297,0.027577,0.042534,-0.013371,0.074133,0.122575,0.112244,0.010855,-0.039757,0.015407
245,-10.000000,,-0.538002,-0.107600,2.270563,0.000000,1.247811,0.752753,0.147141,0.056221,0.104958,0.024971,0.047530,-0.010611,0.068817,0.115053,0.118495,0.010844,-0.042679,0.013443
246,-9.492395,,-1.197713,-0.239543,0.411625,1.000000,1.247811,0.752753,0.143567,0.058480,0.106593,0.016458,0.044295,-0.018374,0.073576,0.119847,0.115196,0.019457,-0.043378,0.010000
247,-9.492633,,-1.316560,-0.263312,0.440311,1.000000,1.247811,0.752753,0.141713,0.057856,0.110228,0.022482,0.048626,-0.023213,0.073941,0.115810,0.108036,0.010169,-0.039665,0.016281
248,-9.490945,,-0.472457,-0.094491,0.512351,1.000000,1.247811,0.752753,0.151871,0.058010,0.103574,0.028808,0.044517,-0.023249,0.069322,0.126405,0.106422,0.014224,-0.044668,0.014662
249,-9.490923,,-0.461572,-0.092314,0.543431,1.000000,1.247811,0.752753,0.150410,0.058766,0.103642,0.026464,0.049988,-0.022623,0.077845,0.114416,0.112368,0.020043,-0.039044,0.007132
250,-10.000000,,-0.196515,-0.039303,1.886474,0.000000,1.247811,0.752753,0.151657,0.060507,0.108573,0.020598,0.050053,-0.017160,0.066852,0.119362,0.110996,0.015068,-0.043550,0.014831
251,-9.491788,,-0.894058,-0.178812,0.518454,1.000000,1.247811,0.752753,0.150157,0.066297,0.104877,0.021374,0.048077,-0.017169,0.077491,0.124631,0.115689,0.015240,-0.040315,0.013963
252,-10.000000,,-0.337253,-0.067451,1.030298,0.000000,1.247811,0.752753,0.149902,0.058559,0.103892,0.026144,0.046928,-0.014510,0.074356,0.114408,0.115792,0.014112,-0.035530,0.010754
253,-10.000000,,-0.724911,-0.144982,1.337570,0.000000,1.247811,0.752753,0.148688,0.058064,0.098823,0.022697,0.049132,-0.015117,0.078891,0.120669,0.117406,0.010160,-0.032755,0.016139
254,-10.000000,,-0.056874,-0.011375,1.104653,0.000000,1.247811,0.752753,0.151859,0.058639,0.114113,0.024923,0.044850,-0.022954,0.075101,0.115024,0.108326,0.016162,-0.043920,0.013197
255,-10.000000,,-0.259200,-0.051840,1.684359,0.000000,1.247811,0.752753,0.149289,0.057351,0.101856,0.025327,0.044067,-0.016365,0.074200,0.119503,0.101328,0.012398,-0.039427,0.016711
256,-10.000000,,-0.238410,-0.047682,2.386338,0.000000,1.247811,0.752753,0.150574,0.058992,0.111690,0.029284,0.052400,-0.020254,0.077870,0.116081,0.115881,0.019444,-0.042253,0.010517
257,-10.000000,,-0.268026,-0.053605,2.440561,0.000000,1.247811,0.752753,0.146633,0.059728,0.096055,0.029706,0.046362,-0.012864,0.078776,0.124010,0.113791,0.017628,-0.039163,0.015405
258,-9.492721,,-1.360371,-0.272074,0.430448,1.000000,1.247811,0.752753,0.148973,0.062237,0.100942,0.023014,0.049607,-0.023092,0.069923,0.122249,0.110045,0.015201,-0.043257,0.011539
259,-9.996933,1.990657,0.306653,0.061331,2.070414,0.000000,1.247811,0.752753,0.150149,0.062334,0.102390,0.021865,0.047377,-0.023209,0.075240,0.123628,0.110851,0.015784,-0.045806,0.012632
260,-10.000000,,-0.103552,-0.020710,2.144579,0.000000,1.247811,0.752753,0.148734,0.059013,0.100301,0.027711,0.046249,-0.018255,0.077872,0.114847,0.111998,0.018441,-0.038204,0.012865
261,-10.000000,,-0.149265,-0.029853,2.409599,0.000000,1.247811,0.752753,0.145883,0.061192,0.101262,0.035007,0.049097,-0.018755,0.075185,0.118040,0.110260,0.014740,-0.040724,0.010473
262,-9.994592,1.083837,0.540774,0.108155,2.163315,0.000000,1.247811,0.752753,0.149708,0.064173,0.098834,0.025203,0.050495,-0.017616,0.074418,0.115418,0.107560,0.021524,-0.038562,0.012257
263,-10.000000,,-0.445349,-0.089070,1.113593,0.000000,1.247811,0.752753,0.151565,0.061226,0.111662,0.030660,0.044101,-0.022989,0.074059,0.115381,0.111362,0.015394,-0.041089,0.003968
264,-10.000000,,-0.053447,-0.010689,2.105305,0.000000,1.247811,0.752753,0.150736,0.059559,0.105513,0.027288,0.051447,-0.018960,0.071099,0.116387,0.117574,0.018262,-0.038944,0.014539
265,-9.997492,2.132391,0.250815,0.050163,2.201663,0.000000,1.247811,0.752753,0.151111,0.054950,0.097909,0.031034,0.053834,-0.015197,0.078019,0.117296,0.108968,0.018868,-0.038830,0.010434
266,-9.491995,,-0.997660,-0.199532,0.472007,1.000000,1.247811,0.752753,0.147929,0.064827,0.102142,0.020775,0.048631,-0.017260,0.074359,0.124390,0.113920,0.019463,-0.044183,0.015202
267,-10.000000,,-0.642658,-0.128532,2.300787,0.000000,1.247811,0.752753,0.151555,0.062403,0.099409,0.016676,0.049942,-0.021600,0.072603,0.120539,0.113891,0.012086,-0.038873,0.012831
268,-10.000000,,-1.036060,-0.207212,0.944797,0.000000,1.247811,0.752753,0.151966,0.062278,0.104194,0.020503,0.041907,-0.019440,0.077144,0.115205,0.107661,0.016511,-0.043487,0.013417
269,-10.000000,,-0.694550,-0.138910,2.259371,0.000000,1.247811,0.752753,0.151222,0.061479,0.094342,0.022089,0.048063,-0.017597,0.079246,0.115078,0.104737,0.016829,-0.041794,0.007242
270,-9.999817,49.508438,0.018270,0.003654,0.994490,0.000000,1.247811,0.752753,0.151813,0.061958,0.094064,0.027296,0.050840,-0.015213,0.070519,0.115555,0.106466,0.017603,-0.041510,0.016608
271,-10.000000,,-0.023554,-0.004711,1.963310,0.000000,1.247811,0.752753,0.146917,0.059501,0.101864,0.025211,0.048434,-0.023130,0.071463,0.124258,0.106800,0.015440,-0.041500,0.009946
272,-9.998278,4.186627,0.172196,0.034439,1.600473,0.000000,1.247811,0.752753,0.151825,0.062994,0.097598,0.023055,0.052493,-0.020795,0.072803,0.114413,0.105138,0.021812,-0.041000,0.016469
273,-9.491101,,-0.550296,-0.110059,0.429153,1.000000,1.247811,0.752753,0.151170,0.063662,0.100079,0.020841,0.047792,-0.021506,0.072012,0.114429,0.113793,0.017236,-0.042146,0.010144
274,-9.490074,,-0.036832,-0.007366,0.448746,1.000000,1.247811,0.752753,0.151678,0.058347,0.094150,0.026933,0.043046,-0.022472,0.072983,0.114966,0.106025,0.017782,-0.041319,0.010119
275,-9.997839,2.464994,0.216119,0.043224,2.141590,0.000000,1.247811,0.752753,0.150082,0.065185,0.094978,0.024165,0.046404,-0.022769,0.077942,0.118689,0.110468,0.016494,-0.043962,0.008633
276,-9.491285,,-0.642322,-0.128464,0.420017,1.000000,1.247811,0.752753,0.149666,0.063246,0.100738,0.020385,0.043220,-0.023168,0.069509,0.114425,0.114003,0.016209,-0.044650,0.006986
277,-10.000000,,-0.659284,-0.131857,2.281744,0.000000,1.247811,0.752753,0.148477,0.059828,0.094133,0.024054,0.044041,-0.016059,0.069496,0.122095,0.110296,0.016301,-0.048625,0.006331
278,-9.492299,,-1.149436,-0.229887,0.414031,1.000000,1.247811,0.752753,0.148830,0.055996,0.099447,0.025587,0.048124,-0.017144,0.071584,0.125873,0.105492,0.014437,-0.049503,0.015723
279,-9.491885,,-0.942748,-0.188550,0.458543,1.000000,1.247811,0.752753,0.149946,0.061762,0.101884,0.022216,0.048552,-0.022326,0.071760,0.126216,0.107106,0.015311,-0.046066,0.015426
280,-9.491034,,-0.517187,-0.103437,0.538782,1.000000,1.247811,0.752753,0.142935,0.056784,0.105289,0.027690,0.043720,-0.019203,0.075857,0.114658,0.113322,0.025951,-0.038913,0.006425
281,-9.998274,3.322267,0.172639,0.034528,2.173742,0.000000,1.247811,0.752753,0.151720,0.056194,0.098685,0.022560,0.043382,-0.015873,0.074334,0.118483,0.109151,0.028397,-0.042633,0.006470
282,-9.997499,2.601257,0.250071,0.050014,1.771048,0.000000,1.247811,0.752753,0.146237,0.063941,0.097422,0.023314,0.047144,-0.023040,0.069191,0.122940,0.110240,0.018753,-0.037566,0.012829
283,-10.000000,,-0.119398,-0.023880,0.936690,0.000000,1.247811,0.752753,0.150917,0.062594,0.104288,0.025425,0.046069,-0.020070,0.069024,0.124630,0.114810,0.019402,-0.044332,0.015481
284,-9.997305,2.189110,0.269470,0.053894,2.196780,0.000000,1.247811,0.752753,0.149241,0.057979,0.099660,0.031031,0.042704,-0.015778,0.074810,0.119269,0.113199,0.023486,-0.040065,0.004651
285,-10.000000,,-0.308410,-0.061682,2.314234,0.000000,1.247811,0.752753,0.150840,0.059946,0.098432,0.026830,0.046179,-0.019011,0.080295,0.114416,0.114523,0.025011,-0.036454,0.009316
286,-10.000000,,-1.156174,-0.231235,0.964914,0.000000,1.247811,0.752753,0.151386,0.062688,0.104031,0.020689,0.049108,-0.023128,0.073755,0.117133,0.110253,0.016243,-0.040337,0.003813
287,-9.998236,3.719390,0.176366,0.035273,1.994214,0.000000,1.247811,0.752753,0.150216,0.060873,0.098145,0.030393,0.039423,-0.022375,0.073370,0.114434,0.113096,0.015121,-0.043555,0.009722
288,-9.491746,,-0.873000,-0.174600,0.447266,1.000000,1.247811,0.752753,0.151623,0.060161,0.106397,0.028875,0.042858,-0.017264,0.073488,0.114465,0.109570,0.020394,-0.048270,0.003936
289,-9.997284,2.155123,0.271569,0.054314,1.731228,0.000000,1.247811,0.752753,0.145227,0.061397,0.101745,0.025716,0.050673,-0.023054,0.074899,0.120013,0.108687,0.016371,-0.043455,0.011260
290,-9.492552,,-1.275830,-0.255166,0.447604,1.000000,1.247811,0.752753,0.145306,0.060181,0.107503,0.023482,0.040509,-0.020088,0.074762,0.115844,0.107437,0.014793,-0.040090,0.012167
291,-9.999590,24.536322,0.041011,0.008202,1.047675,0.000000,1.247811,0.752753,0.146204,0.066457,0.107395,0.023869,0.046317,-0.019401,0.075732,0.115668,0.108656,0.015148,-0.046166,0.015713
292,-9.492216,,-1.107974,-0.221595,0.413370,1.000000,1.247811,0.752753,0.140672,0.061998,0.102048,0.021899,0.047143,-0.019654,0.073584,0.117174,0.108052,0.022351,-0.041631,0.008962
293,-10.000000,,-0.357007,-0.071401,2.434435,0.000000,1.247811,0.752753,0.145551,0.059999,0.106123,0.022583,0.041097,-0.012726,0.080177,0.114839,0.112577,0.029666,-0.040653,0.006037
294,-9.999029,9.775196,0.097087,0.019417,1.730094,0.000000,1.247811,0.752753,0.146537,0.056999,0.103982,0.026036,0.045868,-0.023048,0.073452,0.118004,0.114584,0.018624,-0.046154,0.009841
295,-10.000000,,-0.182905,-0.036581,2.415895,0.000000,1.247811,0.752753,0.149196,0.058651,0.107288,0.027937,0.041259,-0.021718,0.067317,0.115677,0.115162,0.024503,-0.050211,0.013557
296,-9.491239,,-0.619680,-0.123936,0.505248,1.000000,1.247811,0.752753,0.147281,0.062446,0.103556,0.023174,0.041889,-0.019774,0.065887,0.114750,0.120094,0.024625,-0.042699,0.008137
297,-9.998843,4.477989,0.115692,0.023138,2.170426,0.000000,1.247811,0.752753,0.151801,0.059186,0.106105,0.027012,0.050150,-0.023044,0.075635,0.114414,0.109700,0.024580,-0.045474,0.004324
298,-10.000000,,-0.595611,-0.119122,2.266950,0.000000,1.247811,0.752753,0.152065,0.059925,0.102277,0.029270,0.038104,-0.016696,0.069459,0.117585,0.103388,0.021933,-0.045186,0.002749
299,-10.000000,,-1.144284,-0.228857,1.568852,0.000000,1.247811,0.752753,0.147431,0.064916,0.108538,0.022154,0.041342,-0.018095,0.073956,0.126130,0.113297,0.023356,-0.041316,0.008590
300,-9.492037,,-1.018680,-0.203736,0.430026,1.000000,1.247811,0.752753,0.150452,0.063008,0.099873,0.024334,0.043010,-0.022962,0.070252,0.114776,0.105082,0.015530,-0.047190,0.010655
301,-10.000000,,-0.511929,-0.102386,1.183435,0.000000,1.247811,0.752753,0.148846,0.059045,0.107034,0.019452,0.040067,-0.023218,0.070636,0.117772,0.111953,0.026413,-0.041042,0.004015
302,-10.000000,,-0.582328,-0.116466,2.248787,0.000000,1.247811,0.752753,0.147919,0.063085,0.111743,0.025279,0.045573,-0.016602,0.065767,0.120860,0.113901,0.023502,-0.047290,0.006794
303,-9.491254,,-0.627110,-0.125422,0.473951,1.000000,1.247811,0.752753,0.150710,0.062986,0.099168,0.025767,0.036880,-0.017519,0.067267,0.114420,0.110902,0.026416,-0.043771,0.001519
304,-10.000000,,-0.630135,-0.126027,2.168814,0.000000,1.247811,0.752753,0.149018,0.063052,0.107722,0.020883,0.042386,-0.014732,0.073401,0.115036,0.110177,0.020517,-0.044466,0.006070
305,-10.000000,,-0.057188,-0.011438,2.209560,0.000000,1.247811,0.752753,0.146109,0.058509,0.099676,0.022258,0.042925,-0.023217,0.067452,0.114817,0.120628,0.025289,-0.040657,0.003566
306,-10.000000,,-0.254705,-0.050941,1.084750,0.000000,1.247811,0.752753,0.142386,0.058073,0.108952,0.024576,0.040729,-0.023224,0.073865,0.116466,0.113567,0.012619,-0.053567,0.011353
307,-9.492459,,-1.229483,-0.245897,0.419671,1.000000,1.247811,0.752753,0.138039,0.060979,0.101961,0.019986,0.038510,-0.020435,0.067817,0.117690,0.112397,0.016852,-0.041436,0.011500
308,-10.000000,,-0.123426,-0.024685,2.392595,0.000000,1.247811,0.752753,0.149369,0.060695,0.106335,0.025483,0.046730,-0.023225,0.072270,0.114424,0.117852,0.026958,-0.047569,0.006867
309,-10.000000,,-0.388372,-0.077674,2.441373,0.000000,1.247811,0.752753,0.137509,0.069355,0.109192,0.021816,0.046566,-0.016093,0.071255,0.114528,0.114893,0.030423,-0.041423,0.005999
310,-10.000000,,-0.540715,-0.108143,1.293329,0.000000,1.247811,0.752753,0.152064,0.059359,0.103092,0.024822,0.040563,-0.010336,0.072916,0.117492,0.106690,0.023696,-0.042127,0.005981
311,-10.000000,,-0.689506,-0.137901,2.284820,0.000000,1.247811,0.752753,0.150926,0.066123,0.094063,0.024938,0.038446,-0.015323,0.071470,0.114477,0.102106,0.023241,-0.038105,0.007185
312,-9.491982,,-0.990854,-0.198171,0.427489,1.000000,1.247811,0.752753,0.149621,0.069979,0.096413,0.025970,0.034452,-0.023228,0.068087,0.114680,0.107825,0.023973,-0.045567,0.003118
313,-10.000000,,-1.283063,-0.256613,0.736073,0.000000,1.247811,0.752753,0.146111,0.057009,0.099117,0.027836,0.034329,-0.021117,0.065733,0.114541,0.107675,0.015271,-0.046500,0.010362
314,-10.000000,,-1.095681,-0.219136,1.382946,0.000000,1.247811,0.752753,0.140818,0.059700,0.106133,0.025333,0.034483,-0.019303,0.072177,0.115594,0.115091,0.020397,-0.044599,0.007779
315,-9.491496,,-0.748127,-0.149625,0.460351,1.000000,1.247811,0.752753,0.151490,0.061710,0.101172,0.029617,0.039980,-0.018949,0.063049,0.119659,0.109667,0.022273,-0.049996,0.007157
316,-10.000000,,-0.658801,-0.131760,2.246339,0.000000,1.247811,0.752753,0.150610,0.066336,0.104500,0.021163,0.036647,-0.019124,0.066092,0.114464,0.111211,0.018121,-0.049242,0.009860
317,-10.000000,,-0.964251,-0.192850,1.521499,0.000000,1.247811,0.752753,0.148332,0.061317,0.096409,0.029545,0.040820,-0.019737,0.072309,0.118080,0.101235,0.020350,-0.041462,0.013190
318,-10.000000,,-0.570268,-0.114054,2.278969,0.000000,1.247811,0.752753,0.147912,0.066874,0.108109,0.014007,0.036876,-0.019920,0.073674,0.116463,0.115896,0.018558,-0.045273,0.006169
319,-9.492418,,-1.209007,-0.241801,0.423931,1.000000,1.247811,0.752753,0.138244,0.065600,0.100050,0.022287,0.039074,-0.014766,0.066311,0.119027,0.104802,0.017480,-0.045776,0.014152
320,-10.000000,,-0.531072,-0.106214,2.266693,0.000000,1.247811,0.752753,0.144886,0.067673,0.098748,0.025762,0.037798,-0.016529,0.059892,0.116524,0.107692,0.020813,-0.049337,0.009258
321,-9.995646,1.352806,0.435393,0.087079,2.140371,0.000000,1.247811,0.752753,0.147954,0.060509,0.094319,0.029997,0.035783,-0.015593,0.070239,0.121872,0.110758,0.025546,-0.047242,0.007087
322,-9.491524,,-0.762118,-0.152424,0.456177,1.000000,1.247811,0.752753,0.151636,0.064206,0.095124,0.026008,0.038780,-0.020224,0.067286,0.118151,0.109825,0.023965,-0.047017,0.002454
323,-10.000000,,-1.393246,-0.278649,0.571304,0.000000,1.247811,0.752753,0.152017,0.068173,0.094714,0.025036,0.040754,-0.010557,0.063559,0.124888,0.111311,0.022024,-0.047384,0.007673
324,-9.492818,,-1.408912,-0.281782,0.454104,1.000000,1.247811,0.752753,0.146246,0.060332,0.100570,0.030604,0.035427,-0.007532,0.066762,0.127762,0.100346,0.028533,-0.049804,0.003777
325,-10.000000,,-0.554900,-0.110980,2.289513,0.000000,1.247811,0.752753,0.143228,0.063771,0.098896,0.026889,0.037550,-0.023247,0.072867,0.120491,0.108345,0.018124,-0.049383,0.003331
326,-10.000000,,-0.471187,-0.094237,1.273475,0.000000,1.247811,0.752753,0.150027,0.063276,0.098798,0.030212,0.037233,-0.017664,0.068373,0.126032,0.107633,0.032148,-0.047929,0.008449
327,-9.491094,,-0.547063,-0.109413,0.522105,1.000000,1.247811,0.752753,0.149626,0.062171,0.094093,0.030085,0.039870,-0.022943,0.067555,0.123259,0.113492,0.024567,-0.044524,0.005493
328,-9.491671,,-0.835483,-0.167097,0.435407,1.000000,1.247811,0.752753,0.146756,0.064422,0.096996,0.026133,0.034878,-0.018666,0.067785,0.114722,0.108501,0.012283,-0.042682,0.010720
329,-9.491889,,-0.944492,-0.188898,0.461513,1.000000,1.247811,0.752753,0.147324,0.065416,0.095740,0.028260,0.036423,-0.018830,0.065686,0.115888,0.105820,0.026355,-0.048630,0.004838
330,-10.000000,,-0.222919,-0.044584,2.430817,0.000000,1.247811,0.752753,0.142225,0.061299,0.104585,0.034319,0.039767,-0.010974,0.064958,0.118737,0.110551,0.030000,-0.047391,0.010886
331,-10.000000,,-0.458689,-0.091738,1.183395,0.000000,1.247811,0.752753,0.145127,0.059520,0.094155,0.026303,0.046873,-0.013031,0.070944,0.119285,0.109336,0.016986,-0.047506,0.009061
332,-10.000000,,-0.475013,-0.095003,2.527025,0.000000,1.247811,0.752753,0.147032,0.065260,0.094585,0.035000,0.042029,-0.023245,0.073766,0.121763,0.109280,0.019656,-0.046357,0.012244
333,-9.998247,2.990808,0.175339,0.035068,2.168907,0.000000,1.247811,0.752753,0.147167,0.064445,0.099231,0.028121,0.036406,-0.022327,0.070448,0.118177,0.109521,0.023079,-0.038647,0.005977
334,-10.000000,,-0.605157,-0.121031,2.415424,0.000000,1.247811,0.752753,0.150633,0.057030,0.094428,0.033425,0.037272,-0.017862,0.061615,0.124099,0.108643,0.022306,-0.044659,0.002127
335,-9.491834,,-0.916998,-0.183400,0.417399,1.000000,1.247811,0.752753,0.148036,0.063064,0.095866,0.026963,0.031696,-0.020311,0.067677,0.121567,0.114028,0.018540,-0.043169,0.004169
336,-10.000000,,-0.588660,-0.117732,0.848671,0.000000,1.247811,0.752753,0.143573,0.062583,0.094891,0.022663,0.044374,-0.023228,0.072994,0.115901,0.117139,0.017200,-0.047138,0.010377
337,-9.491670,,-0.835121,-0.167024,0.496979,1.000000,1.247811,0.752753,0.151982,0.066968,0.101998,0.027841,0.039852,-0.021464,0.071234,0.119549,0.111964,0.031111,-0.038657,0.002530
338,-10.000000,,-0.335467,-0.067093,1.013942,0.000000,1.247811,0.752753,0.149954,0.063073,0.103721,0.028076,0.033656,-0.018358,0.067986,0.117358,0.112092,0.017635,-0.045988,0.008466
339,-10.000000,,-0.586917,-0.117383,2.204009,0.000000,1.247811,0.752753,0.139820,0.067628,0.094101,0.021193,0.034684,-0.023116,0.064871,0.114468,0.111169,0.022919,-0.047024,0.001373
340,-10.000000,,-0.634808,-0.126962,2.260803,0.000000,1.247811,0.752753,0.152039,0.063108,0.094947,0.027424,0.036653,-0.017205,0.063731,0.121740,0.110011,0.020227,-0.044779,0.003367
341,-10.000000,,-1.062377,-0.212475,1.326246,0.000000,1.247811,0.752753,0.139919,0.060822,0.099739,0.021300,0.030946,-0.022880,0.066842,0.129002,0.114387,0.027361,-0.046837,-0.003165
342,-9.997940,2.537996,0.205961,0.041192,2.228591,0.000000,1.247811,0.752753,0.143354,0.062318,0.100205,0.025382,0.043073,-0.019345,0.072709,0.122970,0.112806,0.025118,-0.034200,0.006019
343,-9.491574,,-0.787176,-0.157435,0.532575,1.000000,1.247811,0.752753,0.149606,0.061173,0.096606,0.030441,0.044158,-0.019525,0.064339,0.117645,0.114452,0.012083,-0.043803,0.007920
344,-9.492588,,-1.294211,-0.258842,0.396066,1.000000,1.247811,0.752753,0.152015,0.060149,0.095640,0.023733,0.041582,-0.019089,0.077000,0.114510,0.112759,0.022175,-0.038888,-0.001284
345,-10.000000,,-0.499753,-0.099951,1.200629,0.000000,1.247811,0.752753,0.148734,0.062146,0.094910,0.029702,0.035494,-0.021520,0.064215,0.114412,0.119025,0.015138,-0.045118,0.003439
346,-10.000000,,-0.106263,-0.021253,2.087231,0.000000,1.247811,0.752753,0.150036,0.067308,0.096186,0.030269,0.040332,-0.022231,0.067425,0.128930,0.116971,0.022268,-0.034121,0.006762
347,-9.492172,,-1.086020,-0.217204,0.428029,1.000000,1.247811,0.752753,0.144550,0.065598,0.097809,0.021336,0.039165,-0.020398,0.066443,0.117833,0.105638,0.025425,-0.043209,0.013210
348,-10.000000,,-0.593041,-0.118608,1.181321,0.000000,1.247811,0.752753,0.148845,0.065574,0.094395,0.027223,0.034220,-0.022539,0.065906,0.129424,0.115646,0.024063,-0.044696,-0.004813
349,-9.491991,,-0.995642,-0.199128,0.426828,1.000000,1.247811,0.752753,0.149942,0.067473,0.103807,0.027733,0.037931,-0.015800,0.065881,0.118042,0.106396,0.025793,-0.043117,0.007995
350,-10.000000,,-0.985251,-0.197050,1.346507,0.000000,1.247811,0.752753,0.152053,0.057327,0.101754,0.027432,0.039393,-0.016585,0.077705,0.124243,0.112773,0.021035,-0.037799,0.003721
351,-9.996527,1.450387,0.347271,0.069454,2.072771,0.000000,1.247811,0.752753,0.145084,0.062123,0.096211,0.025657,0.038818,-0.022611,0.064016,0.114409,0.114990,0.022656,-0.040801,0.010107
352,-9.997544,2.160588,0.245556,0.049111,2.206049,0.000000,1.247811,0.752753,0.147289,0.065855,0.101722,0.029159,0.034135,-0.018262,0.067543,0.117418,0.109457,0.026065,-0.039815,0.007934
353,-9.491513,,-0.756691,-0.151338,0.439224,1.000000,1.247811,0.752753,0.151969,0.066534,0.094275,0.021603,0.043097,-0.022190,0.065963,0.114477,0.109334,0.022939,-0.040145,0.009951
354,-10.000000,,-0.623512,-0.124702,2.291446,0.000000,1.247811,0.752753,0.149202,0.064916,0.097444,0.030717,0.040383,-0.014431,0.058771,0.125088,0.117685,0.013745,-0.052180,0.006863
355,-10.000000,,-0.596828,-0.119366,2.286260,0.000000,1.247811,0.752753,0.149176,0.065148,0.104034,0.028114,0.037104,-0.014635,0.071570,0.115630,0.107794,0.013292,-0.044484,0.010360
356,-9.491540,,-0.770182,-0.154036,0.514655,1.000000,1.247811,0.752753,0.141669,0.064907,0.094708,0.030026,0.038921,-0.016905,0.066732,0.114894,0.110775,0.020981,-0.044588,0.009458
357,-9.492037,,-1.018587,-0.203717,0.445497,1.000000,1.247811,0.752753,0.150407,0.061945,0.100181,0.023906,0.044532,-0.019752,0.071665,0.114417,0.106763,0.017856,-0.039700,0.012519
358,-9.491734,,-0.867111,-0.173422,0.403358,1.000000,1.247811,0.752753,0.151697,0.060956,0.094130,0.025450,0.038449,-0.021870,0.068368,0.118938,0.110186,0.024634,-0.042573,0.003581
359,-10.000000,,-0.867354,-0.173471,0.866429,0.000000,1.247811,0.752753,0.147726,0.062382,0.097904,0.030085,0.042849,-0.016403,0.060011,0.114436,0.114422,0.014000,-0.044297,0.009358
360,-9.491476,,-0.738060,-0.147612,0.478635,1.000000,1.247811,0.752753,0.138058,0.073588,0.103826,0.031249,0.039159,-0.015230,0.062841,0.114968,0.107525,0.020828,-0.046227,0.012379
361,-10.000000,,-1.157352,-0.231470,1.005388,0.000000,1.247811,0.752753,0.151975,0.067141,0.094347,0.023067,0.031499,-0.019924,0.069360,0.117945,0.108779,0.026892,-0.047849,0.001264
362,-10.000000,,-0.658423,-0.131685,2.238639,0.000000,1.247811,0.752753,0.141831,0.058320,0.102666,0.029868,0.036679,-0.022146,0.067817,0.114500,0.108627,0.027908,-0.038824,-0.005652
363,-10.000000,,-0.144391,-0.028878,2.153533,0.000000,1.247811,0.752753,0.151887,0.064012,0.097592,0.024795,0.044905,-0.017261,0.069768,0.115324,0.117792,0.023407,-0.040432,0.008772
364,-9.491559,,-0.779629,-0.155926,0.446222,1.000000,1.247811,0.752753,0.142424,0.069804,0.100850,0.027932,0.039092,-0.015416,0.063021,0.116561,0.107949,0.021772,-0.044221,0.012629
365,-10.000000,,-0.539306,-0.107861,2.349196,0.000000,1.247811,0.752753,0.147897,0.060564,0.096189,0.028017,0.037552,-0.023055,0.063225,0.119409,0.109820,0.020953,-0.046125,0.005835
366,-10.000000,,-0.342589,-0.068518,2.457416,0.000000,1.247811,0.752753,0.145658,0.063914,0.094569,0.027755,0.044788,-0.021528,0.068081,0.115723,0.112264,0.027910,-0.041643,0.009711
367,-9.493057,,-1.528575,-0.305715,0.418271,1.000000,1.247811,0.752753,0.150510,0.066528,0.094459,0.023925,0.040859,-0.011587,0.067879,0.121213,0.104403,0.013142,-0.043861,0.016035
368,-9.491662,,-0.831214,-0.166243,0.424664,1.000000,1.247811,0.752753,0.140003,0.065934,0.094204,0.024195,0.039109,-0.020656,0.063577,0.114723,0.108055,0.022338,-0.042836,0.007791
369,-10.000000,,-1.253029,-0.250606,1.331193,0.000000,1.247811,0.752753,0.149620,0.067144,0.097344,0.032645,0.037971,-0.008434,0.060527,0.118117,0.110038,0.020038,-0.038424,0.011671
370,-10.000000,,-0.699341,-0.139868,1.736681,0.000000,1.247811,0.752753,0.146144,0.068195,0.100966,0.020953,0.043994,-0.017687,0.062807,0.117882,0.109109,0.027024,-0.045537,0.011282
371,-9.995976,1.340583,0.402390,0.080478,1.784858,0.000000,1.247811,0.752753,0.140881,0.070228,0.094120,0.026074,0.033057,-0.020269,0.063139,0.114409,0.107145,0.020295,-0.040470,0.014409
372,-10.000000,,-0.478185,-0.095637,2.687539,0.000000,1.247811,0.752753,0.146660,0.071189,0.096795,0.024097,0.038527,-0.023073,0.072386,0.115033,0.116809,0.025436,-0.038734,0.009259
373,-9.492073,,-1.036537,-0.207307,0.436943,1.000000,1.247811,0.752753,0.134144,0.071359,0.095585,0.027882,0.042713,-0.011247,0.062006,0.114724,0.104582,0.024567,-0.045807,0.016662
374,-10.000000,,-0.180242,-0.036048,2.033259,0.000000,1.247811,0.752753,0.148715,0.069728,0.105167,0.031549,0.037000,-0.019138,0.071777,0.116159,0.104920,0.025044,-0.040493,0.011314
375,-9.994681,1.302766,0.531856,0.106371,1.391743,0.000000,1.247811,0.752753,0.137455,0.065377,0.104654,0.023450,0.045872,-0.022814,0.071318,0.121670,0.107410,0.023152,-0.041569,0.014142
376,-9.999203,7.312663,0.079664,0.015933,1.780012,0.000000,1.247811,0.752753,0.146863,0.074612,0.097404,0.025629,0.039468,-0.015114,0.063947,0.115061,0.108951,0.020431,-0.043042,0.012582
377,-10.000000,,-0.602389,-0.120478,2.352871,0.000000,1.247811,0.752753,0.151527,0.067793,0.109617,0.031810,0.040181,-0.017157,0.055759,0.121856,0.104733,0.021568,-0.042393,0.010678
378,-9.492837,,-1.418334,-0.283667,0.399013,1.000000,1.247811,0.752753,0.128654,0.071547,0.098581,0.024375,0.046846,-0.009571,0.059641,0.115684,0.103741,0.029946,-0.045802,0.012337
379,-9.490865,,-0.432581,-0.086516,0.445776,1.000000,1.247811,0.752753,0.136654,0.067860,0.099379,0.026373,0.038624,-0.012752,0.062018,0.117998,0.109149,0.022472,-0.038597,0.013138
380,-10.000000,,-0.447255,-0.089451,2.210762,0.000000,1.247811,0.752753,0.142939,0.063507,0.101088,0.019805,0.041311,-0.016717,0.060409,0.116448,0.104138,0.026351,-0.041324,0.008861
381,-9.492771,,-1.385527,-0.277105,0.422746,1.000000,1.247811,0.752753,0.136834,0.069136,0.094155,0.029402,0.039413,-0.011261,0.061272,0.121092,0.107944,0.013416,-0.044025,0.015470
382,-10.000000,,-0.163083,-0.032617,2.410284,0.000000,1.247811,0.752753,0.146381,0.076064,0.100489,0.023891,0.037302,-0.015664,0.064597,0.115256,0.116611,0.023397,-0.042001,0.009441
383,-9.492805,,-1.402265,-0.280453,0.419482,1.000000,1.247811,0.752753,0.130617,0.072185,0.107158,0.025400,0.046038,-0.010671,0.062876,0.121339,0.107246,0.016316,-0.038331,0.015746
384,-9.492368,,-1.184182,-0.236836,0.425584,1.000000,1.247811,0.752753,0.130907,0.069394,0.099389,0.024714,0.037743,-0.016636,0.062951,0.114414,0.104558,0.020219,-0.049673,0.015212
385,-10.000000,,-0.233779,-0.046756,2.081921,0.000000,1.247811,0.752753,0.141133,0.064173,0.096273,0.031221,0.046588,-0.019338,0.069375,0.114822,0.108960,0.025794,-0.044273,0.010092
386,-10.000000,,-0.318480,-0.063696,2.467582,0.000000,1.247811,0.752753,0.130687,0.067777,0.095930,0.034431,0.037946,-0.015799,0.059250,0.121431,0.112793,0.025468,-0.037312,0.010986
387,-9.491550,,-0.774828,-0.154966,0.486722,1.000000,1.247811,0.752753,0.135857,0.070497,0.109917,0.031477,0.039382,-0.005338,0.058609,0.121507,0.114910,0.020956,-0.038686,0.013463
388,-9.491777,,-0.888615,-0.177723,0.408880,1.000000,1.247811,0.752753,0.140117,0.066252,0.094161,0.026960,0.041580,-0.015190,0.065819,0.120771,0.111644,0.019757,-0.046055,0.007956
389,-10.000000,,-0.341920,-0.068384,1.773395,0.000000,1.247811,0.752753,0.137357,0.069964,0.094998,0.022771,0.032753,-0.021959,0.060742,0.118860,0.106589,0.019262,-0.044136,0.010488
390,-9.492832,,-1.415811,-0.283162,0.423638,1.000000,1.247811,0.752753,0.128073,0.067323,0.098475,0.029098,0.040675,-0.008342,0.061626,0.118176,0.105082,0.014533,-0.041479,0.016572
391,-10.000000,,-0.634542,-0.126908,0.736227,0.000000,1.247811,0.752753,0.135953,0.069905,0.099631,0.025717,0.039817,-0.016100,0.060305,0.116118,0.107462,0.015057,-0.051808,0.016535
392,-10.000000,,-0.133615,-0.026723,2.062654,0.000000,1.247811,0.752753,0.128238,0.066509,0.096765,0.028105,0.036745,-0.020497,0.063806,0.117420,0.112651,0.020081,-0.042707,0.012458
393,-9.493350,,-1.674848,-0.334970,0.405136,1.000000,1.247811,0.752753,0.127840,0.074328,0.100945,0.023078,0.036218,-0.013559,0.058502,0.126992,0.109640,0.015408,-0.041832,0.015172
394,-9.492970,,-1.485158,-0.297032,0.402943,1.000000,1.247811,0.752753,0.132302,0.069655,0.103471,0.024691,0.039540,-0.008527,0.061860,0.117281,0.100952,0.015483,-0.047749,0.016736
395,-9.493658,,-1.828895,-0.365779,0.383725,1.000000,1.247811,0.752753,0.137809,0.066432,0.101175,0.023661,0.042496,-0.007586,0.062313,0.115050,0.103004,0.014249,-0.044123,0.014860
396,-10.000000,,-0.124320,-0.024864,1.787912,0.000000,1.247811,0.752753,0.136068,0.069665,0.100283,0.034009,0.036385,-0.012477,0.059560,0.125920,0.106739,0.021193,-0.047381,0.013800
397,-9.491861,,-0.930688,-0.186138,0.477231,1.000000,1.247811,0.752753,0.133420,0.072381,0.102296,0.032311,0.035961,-0.008406,0.058064,0.121329,0.101864,0.021653,-0.041543,0.013304
398,-10.000000,,-0.050035,-0.010007,2.173882,0.000000,1.247811,0.752753,0.131020,0.069630,0.101303,0.027360,0.035534,-0.014703,0.059717,0.123845,0.114137,0.019807,-0.043531,0.016685
399,-10.000000,,-0.141779,-0.028356,0.673839,0.000000,1.247811,0.752753,0.139125,0.066233,0.094250,0.029583,0.042556,-0.015721,0.061251,0.121425,0.110421,0.018924,-0.047589,0.014092
400,-9.492822,,-1.411135,-0.282227,0.441357,1.000000,1.247811,0.752753,0.145020,0.068997,0.106825,0.026719,0.037565,-0.018977,0.065540,0.118237,0.109878,0.019444,-0.042191,0.009673
401,-9.492285,,-1.142332,-0.228466,0.521093,1.000000,1.247811,0.752753,0.137585,0.066343,0.096917,0.031953,0.038505,-0.005427,0.062896,0.118515,0.105741,0.018155,-0.043621,0.008569
402,-9.492082,,-1.040788,-0.208158,0.526604,1.000000,1.247811,0.752753,0.125216,0.071044,0.106247,0.028403,0.038798,-0.010591,0.058788,0.119288,0.111712,0.020867,-0.040827,0.012691
403,-10.000000,,-0.165321,-0.033064,2.107940,0.000000,1.247811,0.752753,0.135323,0.072851,0.115875,0.031643,0.032550,-0.001967,0.061671,0.120625,0.117743,0.018126,-0.038366,0.012787
404,-9.999879,41.905228,0.012115,0.002423,2.199293,0.000000,1.247811,0.752753,0.139988,0.070087,0.105471,0.029589,0.040380,-0.007148,0.065746,0.117538,0.111741,0.028248,-0.037532,0.012699
405,-9.492705,,-1.352547,-0.270509,0.422256,1.000000,1.247811,0.752753,0.137047,0.066784,0.097468,0.026515,0.038690,-0.008415,0.063755,0.118391,0.108765,0.017431,-0.042272,0.015637
406,-10.000000,,-0.908064,-0.181613,1.459005,0.000000,1.247811,0.752753,0.132212,0.066345,0.104301,0.026462,0.039980,-0.010948,0.061604,0.120204,0.112210,0.019206,-0.042525,0.016582
407,-10.000000,,-1.073596,-0.214719,1.534809,0.000000,1.247811,0.752753,0.149084,0.070176,0.110074,0.032385,0.038518,-0.013744,0.062161,0.124904,0.111046,0.023893,-0.036050,0.004749
408,-9.491177,,-0.588425,-0.117685,0.442117,1.000000,1.247811,0.752753,0.132315,0.073624,0.097248,0.034789,0.037845,-0.016357,0.056229,0.121140,0.107844,0.019850,-0.045329,0.008180
409,-9.492792,,-1.395996,-0.279199,0.434937,1.000000,1.247811,0.752753,0.122713,0.075736,0.112267,0.033159,0.037579,-0.001191,0.053058,0.119044,0.105851,0.017927,-0.041297,0.016736
410,-9.494000,,-2.000040,-0.400008,0.385220,1.000000,1.247811,0.752753,0.130283,0.069760,0.095185,0.024029,0.038658,-0.003665,0.059361,0.122383,0.105851,0.012970,-0.043747,0.016482
411,-9.492993,,-1.496260,-0.299252,0.415606,1.000000,1.247811,0.752753,0.126535,0.075658,0.100294,0.029680,0.031724,-0.007174,0.056636,0.115711,0.101596,0.024251,-0.046615,0.014224
412,-10.000000,,-1.066491,-0.213298,0.811756,0.000000,1.247811,0.752753,0.134504,0.073130,0.107302,0.033698,0.033730,-0.007208,0.057869,0.125110,0.102501,0.024764,-0.043356,0.014250
413,-9.491250,,-0.624803,-0.124961,0.474454,1.000000,1.247811,0.752753,0.125540,0.070457,0.097783,0.030295,0.041099,-0.007162,0.058966,0.125816,0.109215,0.024781,-0.041700,0.014166
414,-10.000000,,-1.370589,-0.274118,0.695841,0.000000,1.247811,0.752753,0.130021,0.068572,0.100489,0.026635,0.040828,-0.008498,0.064068,0.117118,0.104419,0.020567,-0.040974,0.012723
415,-9.492836,,-1.417925,-0.283585,0.397093,1.000000,1.247811,0.752753,0.132126,0.070296,0.101641,0.026412,0.046715,-0.007150,0.060368,0.120343,0.104907,0.016621,-0.041560,0.014072
416,-10.000000,,-0.154873,-0.030975,2.417345,0.000000,1.247811,0.752753,0.119843,0.074892,0.098364,0.019561,0.043630,-0.008595,0.059174,0.114533,0.111273,0.026863,-0.043234,0.012020
417,-9.490950,,-0.474955,-0.094991,0.529625,1.000000,1.247811,0.752753,0.127227,0.068031,0.102996,0.031403,0.036128,-0.017543,0.066181,0.118560,0.100856,0.022421,-0.045409,0.009117
418,-10.000000,,-0.271167,-0.054233,0.620067,0.000000,1.247811,0.752753,0.118191,0.074148,0.099088,0.028875,0.037401,-0.006398,0.054226,0.117882,0.108293,0.023449,-0.036758,0.014441
419,-9.491406,,-0.702891,-0.140578,0.483647,1.000000,1.247811,0.752753,0.126994,0.079278,0.112293,0.034763,0.038923,0.000253,0.058564,0.122529,0.105819,0.018145,-0.047500,0.016713
420,-10.000000,,-0.618897,-0.123779,2.448973,0.000000,1.247811,0.752753,0.129266,0.073679,0.107176,0.035019,0.031102,-0.022285,0.062698,0.123714,0.108596,0.023793,-0.039503,0.005212
421,-9.491551,,-0.775361,-0.155072,0.429804,1.000000,1.247811,0.752753,0.130580,0.072559,0.096166,0.030308,0.037562,-0.009988,0.056553,0.122114,0.112242,0.027315,-0.049780,0.003434
422,-9.490740,,-0.369770,-0.073954,0.545611,1.000000,1.247811,0.752753,0.124026,0.078251,0.109351,0.034020,0.037831,-0.008803,0.053910,0.115044,0.102915,0.021022,-0.049543,0.016396
423,-10.000000,,-0.426200,-0.085240,2.547748,0.000000,1.247811,0.752753,0.124242,0.067633,0.094159,0.030354,0.036618,-0.019790,0.068172,0.117774,0.101426,0.023978,-0.047086,0.014070
424,-9.492119,,-1.059294,-0.211859,0.460475,1.000000,1.247811,0.752753,0.127896,0.068825,0.099032,0.033610,0.036650,-0.013081,0.062805,0.121674,0.106441,0.017208,-0.042870,0.013254
425,-9.491934,,-0.967229,-0.193446,0.407789,1.000000,1.247811,0.752753,0.140455,0.070916,0.095284,0.029314,0.045549,-0.016953,0.064109,0.121903,0.104672,0.026407,-0.048635,0.005589
426,-10.000000,,-0.544045,-0.108809,2.610181,0.000000,1.247811,0.752753,0.125826,0.073114,0.101578,0.034727,0.037052,-0.021243,0.058678,0.117846,0.109249,0.021213,-0.047724,0.010384
427,-9.493150,,-1.575117,-0.315023,0.402674,1.000000,1.247811,0.752753,0.130469,0.070464,0.112928,0.034453,0.036402,-0.008491,0.060121,0.127544,0.097758,0.018532,-0.052139,0.009396
428,-10.000000,,-0.549756,-0.109951,2.249187,0.000000,1.247811,0.752753,0.134126,0.069375,0.104645,0.034581,0.035912,-0.004207,0.064065,0.116992,0.099273,0.010383,-0.046603,0.012386
429,-9.491385,,-0.692512,-0.138502,0.472874,1.000000,1.247811,0.752753,0.128687,0.074893,0.094897,0.030610,0.037494,-0.009766,0.058355,0.122067,0.104799,0.022724,-0.046520,0.015865
430,-10.000000,,-0.052870,-0.010574,1.607767,0.000000,1.247811,0.752753,0.135181,0.073820,0.096971,0.033859,0.033755,-0.008799,0.056684,0.120157,0.106437,0.017261,-0.048098,0.016020
431,-9.493684,,-1.841884,-0.368377,0.404039,1.000000,1.247811,0.752753,0.119716,0.076556,0.102919,0.033856,0.039810,0.010120,0.048834,0.116259,0.105182,0.012483,-0.050864,0.007971
432,-10.000000,,-0.080938,-0.016188,2.117345,0.000000,1.247811,0.752753,0.133716,0.075130,0.113377,0.035002,0.043991,-0.007397,0.059297,0.114873,0.109121,0.020884,-0.049103,0.013610
433,-9.997095,1.870562,0.290496,0.058099,2.204882,0.000000,1.247811,0.752753,0.132716,0.079521,0.098087,0.031142,0.036895,-0.006996,0.054848,0.114771,0.104951,0.026868,-0.051721,0.012593
434,-10.000000,,-0.057510,-0.011502,2.115307,0.000000,1.247811,0.752753,0.125426,0.078512,0.101407,0.034675,0.044378,-0.012844,0.057684,0.123802,0.099416,0.018773,-0.050654,0.016736
435,-10.000000,,-0.350135,-0.070027,2.469476,0.000000,1.247811,0.752753,0.133032,0.081180,0.102367,0.035022,0.041465,-0.008696,0.055394,0.116545,0.107877,0.026003,-0.047225,0.016730
436,-10.000000,,-0.177694,-0.035539,2.009955,0.000000,1.247811,0.752753,0.122567,0.076246,0.107224,0.034293,0.037198,-0.004681,0.060712,0.114745,0.104392,0.017982,-0.049503,0.014173
437,-9.997496,1.871752,0.250435,0.050087,2.213474,0.000000,1.247811,0.752753,0.133667,0.070980,0.094146,0.030166,0.036365,-0.021747,0.060410,0.123042,0.107810,0.026548,-0.051893,0.005568
438,-9.491945,,-0.972598,-0.194520,0.425870,1.000000,1.247811,0.752753,0.120152,0.078044,0.107938,0.032947,0.041344,-0.007400,0.049794,0.116568,0.101008,0.016172,-0.052220,0.015067
439,-9.491745,,-0.872530,-0.174506,0.414914,1.000000,1.247811,0.752753,0.139004,0.074197,0.103453,0.032734,0.030821,-0.014260,0.052635,0.114566,0.097423,0.022460,-0.052261,0.016687
440,-10.000000,,-0.619852,-0.123970,1.302732,0.000000,1.247811,0.752753,0.131914,0.073544,0.111562,0.033690,0.032450,-0.008036,0.058643,0.118606,0.101907,0.023539,-0.052093,0.008079
441,-9.492797,,-1.398594,-0.279719,0.403101,1.000000,1.247811,0.752753,0.117067,0.086832,0.108463,0.034701,0.032469,0.005200,0.042703,0.125305,0.098937,0.026424,-0.054572,0.014712
442,-10.000000,,-0.403363,-0.080673,0.999521,0.000000,1.247811,0.752753,0.124462,0.073562,0.103571,0.029291,0.032063,-0.018607,0.052757,0.115519,0.100768,0.023117,-0.050486,0.014939
443,-9.493623,,-1.811636,-0.362327,0.389051,1.000000,1.247811,0.752753,0.135864,0.079258,0.118951,0.025825,0.033877,0.000014,0.046957,0.114787,0.104970,0.010832,-0.051196,0.014789
444,-10.000000,,-0.535577,-0.107115,2.277233,0.000000,1.247811,0.752753,0.129419,0.080042,0.097908,0.032246,0.043467,-0.005992,0.048731,0.116324,0.097833,0.021955,-0.056775,0.016733
445,-9.493835,,-1.917318,-0.383464,0.366131,1.000000,1.247811,0.752753,0.117473,0.085727,0.106020,0.032421,0.033974,0.002226,0.046890,0.114958,0.088008,0.018002,-0.057829,0.008534
446,-10.000000,,-0.827036,-0.165407,0.806874,0.000000,1.247811,0.752753,0.138311,0.071981,0.106083,0.032956,0.032368,-0.014910,0.053849,0.116692,0.104435,0.021663,-0.046658,0.014920
447,-9.492494,,-1.247080,-0.249416,0.417802,1.000000,1.247811,0.752753,0.122129,0.074784,0.107010,0.034037,0.034452,-0.006393,0.052722,0.119886,0.099406,0.018229,-0.059128,0.015762
448,-9.493051,,-1.525502,-0.305100,0.408146,1.000000,1.247811,0.752753,0.123439,0.081983,0.124455,0.033479,0.031420,0.002121,0.045146,0.115812,0.101317,0.022635,-0.045978,0.016492
449,-9.997753,2.511589,0.224662,0.044932,2.054319,0.000000,1.247811,0.752753,0.123017,0.072787,0.098923,0.027716,0.031667,-0.012143,0.056407,0.118943,0.109898,0.024329,-0.050015,0.012311
450,-9.491494,,-0.747222,-0.149444,0.418078,1.000000,1.247811,0.752753,0.129435,0.072487,0.111409,0.031915,0.038019,-0.006665,0.049988,0.114684,0.101180,0.018235,-0.049415,0.015685
451,-10.000000,,-0.731200,-0.146240,2.132249,0.000000,1.247811,0.752753,0.123539,0.081489,0.103511,0.034181,0.037381,-0.003899,0.043039,0.117918,0.100035,0.024249,-0.053344,0.013097
452,-10.000000,,-0.225049,-0.045010,2.044814,0.000000,1.247811,0.752753,0.132290,0.076610,0.099497,0.035013,0.033169,-0.017482,0.053604,0.116544,0.103703,0.019281,-0.049105,0.016736
453,-10.000000,,-0.366153,-0.073231,2.228864,0.000000,1.247811,0.752753,0.104918,0.076999,0.117856,0.034884,0.030706,-0.003016,0.047789,0.129492,0.101127,0.016535,-0.051441,0.012582
454,-9.491780,,-0.889909,-0.177982,0.413434,1.000000,1.247811,0.752753,0.119877,0.074045,0.117095,0.034801,0.041527,-0.009565,0.052893,0.125453,0.097917,0.013476,-0.047703,0.016112
455,-9.493144,,-1.571821,-0.314364,0.404080,1.000000,1.247811,0.752753,0.108791,0.081268,0.111037,0.032496,0.033661,0.005875,0.048532,0.115230,0.100361,0.021693,-0.057229,0.015263
456,-9.491861,,-0.930689,-0.186138,0.467189,1.000000,1.247811,0.752753,0.133457,0.076637,0.111212,0.033987,0.038240,-0.005607,0.051196,0.120489,0.105365,0.023412,-0.047738,0.012935
457,-10.000000,,-0.077729,-0.015546,2.015027,0.000000,1.247811,0.752753,0.123275,0.070191,0.104447,0.035015,0.041304,-0.002321,0.063690,0.124629,0.108732,0.016639,-0.052331,0.012911
458,-10.000000,,-0.542098,-0.108420,2.331880,0.000000,1.247811,0.752753,0.110330,0.079456,0.107577,0.031636,0.034727,-0.007300,0.047727,0.119130,0.095611,0.021240,-0.056064,0.015432
459,-9.493076,,-1.538246,-0.307649,0.420164,1.000000,1.247811,0.752753,0.115688,0.075713,0.113638,0.034846,0.038426,-0.004077,0.051286,0.121829,0.098388,0.010564,-0.050180,0.003443
460,-10.000000,,-0.112875,-0.022575,2.090964,0.000000,1.247811,0.752753,0.128428,0.071757,0.095260,0.031876,0.043661,-0.015281,0.060616,0.114548,0.108957,0.016246,-0.050238,0.016434
461,-9.491786,,-0.893023,-0.178605,0.440535,1.000000,1.247811,0.752753,0.117872,0.080050,0.107548,0.033363,0.039482,0.002556,0.054864,0.120324,0.109157,0.013183,-0.052768,0.016642
462,-9.492768,,-1.383960,-0.276792,0.430052,1.000000,1.247811,0.752753,0.115296,0.086750,0.125856,0.029631,0.030693,0.004462,0.045446,0.115684,0.110530,0.019726,-0.049538,0.016709
463,-10.000000,,-0.589218,-0.117844,2.247930,0.000000,1.247811,0.752753,0.133333,0.067635,0.118072,0.031983,0.037793,0.006177,0.052641,0.116586,0.110367,0.020931,-0.048586,0.011315
464,-10.000000,,-0.479796,-0.095959,1.218302,0.000000,1.247811,0.752753,0.111198,0.074911,0.108804,0.029396,0.037341,0.000487,0.050771,0.117310,0.109618,0.019549,-0.047015,0.016706
465,-9.494361,,-2.180638,-0.436128,0.387241,1.000000,1.247811,0.752753,0.125291,0.075879,0.116853,0.023723,0.033606,-0.000555,0.047839,0.115554,0.110280,0.012248,-0.046843,0.008225
466,-9.493331,,-1.665287,-0.333057,0.422657,1.000000,1.247811,0.752753,0.127307,0.073407,0.099359,0.034963,0.034293,0.001186,0.048567,0.117536,0.098948,0.015054,-0.051959,0.013588
467,-9.492559,,-1.279653,-0.255931,0.430386,1.000000,1.247811,0.752753,0.120149,0.076989,0.121592,0.034871,0.043273,0.000479,0.052704,0.121648,0.104126,0.012062,-0.053146,0.015474
468,-9.492051,,-1.025362,-0.205072,0.407348,1.000000,1.247811,0.752753,0.119475,0.078139,0.106473,0.032055,0.039162,-0.003565,0.050670,0.116435,0.099064,0.017700,-0.052100,0.016595
469,-10.000000,,-0.540821,-0.108164,2.338558,0.000000,1.247811,0.752753,0.134474,0.072803,0.096423,0.035019,0.040631,-0.011465,0.055267,0.126091,0.109963,0.016934,-0.054273,0.004994
470,-9.491423,,-0.711655,-0.142331,0.427928,1.000000,1.247811,0.752753,0.121053,0.075339,0.115509,0.031561,0.042849,-0.009344,0.055786,0.128132,0.103229,0.016835,-0.047238,0.016034
471,-9.493187,,-1.593342,-0.318668,0.407026,1.000000,1.247811,0.752753,0.123354,0.077576,0.119791,0.028490,0.035667,0.004544,0.044684,0.119076,0.102333,0.016977,-0.046599,0.016514
472,-9.493590,,-1.794965,-0.358993,0.453549,1.000000,1.247811,0.752753,0.127534,0.072073,0.117015,0.027451,0.032357,-0.006172,0.053999,0.120438,0.100062,0.012371,-0.042403,0.010892
473,-9.493518,,-1.758766,-0.351753,0.401708,1.000000,1.247811,0.752753,0.116599,0.072867,0.119657,0.032893,0.042963,0.005688,0.045558,0.126963,0.104682,0.012740,-0.046669,0.016533
474,-9.493212,,-1.606190,-0.321238,0.426807,1.000000,1.247811,0.752753,0.126241,0.076176,0.113598,0.032379,0.038828,-0.000554,0.050618,0.120972,0.099324,0.018848,-0.051747,0.014441
475,-10.000000,,-0.233984,-0.046797,1.182144,0.000000,1.247811,0.752753,0.124076,0.078153,0.111107,0.030691,0.040990,-0.008391,0.053956,0.115933,0.106516,0.019894,-0.051353,0.012415
476,-10.000000,,-0.847507,-0.169501,0.975885,0.000000,1.247811,0.752753,0.115065,0.076647,0.113746,0.034253,0.043108,-0.009264,0.054895,0.129705,0.105405,0.018775,-0.051145,0.012752
477,-9.492941,,-1.470385,-0.294077,0.398427,1.000000,1.247811,0.752753,0.129215,0.080123,0.120850,0.032500,0.038741,-0.002741,0.046780,0.119744,0.099800,0.029646,-0.056789,0.014063
478,-9.492712,,-1.356007,-0.271201,0.418541,1.000000,1.247811,0.752753,0.129260,0.074811,0.100949,0.029202,0.038285,-0.007040,0.051965,0.115560,0.106159,0.022358,-0.050079,0.016155
479,-10.000000,,-0.902965,-0.180593,1.095466,0.000000,1.247811,0.752753,0.117178,0.071118,0.113791,0.033488,0.047209,0.003587,0.057130,0.123645,0.104326,0.025744,-0.043973,0.008713
480,-9.493137,,-1.568381,-0.313676,0.429568,1.000000,1.247811,0.752753,0.131397,0.071207,0.119841,0.031478,0.049311,-0.007260,0.055706,0.125295,0.105757,0.016404,-0.052807,0.010903
481,-10.000000,,-0.464244,-0.092849,1.260852,0.000000,1.247811,0.752753,0.121249,0.077472,0.123559,0.030198,0.035731,-0.011079,0.051446,0.125050,0.103648,0.021552,-0.048896,0.016294
482,-10.000000,,-0.118874,-0.023775,0.684120,0.000000,1.247811,0.752753,0.125628,0.073966,0.122089,0.034947,0.043664,-0.009596,0.060717,0.117890,0.108001,0.015860,-0.041853,0.013953
483,-10.000000,,-0.577506,-0.115501,2.496842,0.000000,1.247811,0.752753,0.126883,0.080752,0.112870,0.033533,0.038667,-0.019785,0.059145,0.128218,0.096655,0.019592,-0.051519,0.014591
484,-9.491839,,-0.919554,-0.183911,0.459196,1.000000,1.247811,0.752753,0.102300,0.084603,0.120206,0.034646,0.039922,0.007810,0.049677,0.119656,0.102041,0.013509,-0.053166,0.015307
485,-9.492947,,-1.473528,-0.294706,0.386658,1.000000,1.247811,0.752753,0.112415,0.085495,0.117121,0.033836,0.041245,0.003874,0.045136,0.123413,0.095552,0.019394,-0.060583,0.014697
486,-9.490794,,-0.397189,-0.079438,0.436455,1.000000,1.247811,0.752753,0.117646,0.077132,0.109324,0.034835,0.037025,-0.004539,0.048968,0.122384,0.102254,0.013692,-0.057777,0.016492
487,-9.493400,,-1.700018,-0.340004,0.398036,1.000000,1.247811,0.752753,0.125253,0.078341,0.119394,0.030384,0.037140,0.005337,0.049492,0.116706,0.103176,0.013345,-0.047226,0.013670
488,-9.492524,,-1.261836,-0.252367,0.416615,1.000000,1.247811,0.752753,0.124310,0.071627,0.106829,0.031593,0.046394,0.005541,0.056806,0.125859,0.107039,0.010452,-0.050826,0.016535
489,-9.493708,,-1.854051,-0.370810,0.401577,1.000000,1.247811,0.752753,0.131086,0.079668,0.115444,0.027945,0.034345,-0.004184,0.049270,0.114790,0.099512,0.022585,-0.061233,0.012007
490,-10.000000,,-0.412418,-0.082484,1.797659,0.000000,1.247811,0.752753,0.117622,0.074828,0.108960,0.033933,0.039123,-0.005508,0.049370,0.128119,0.098542,0.016338,-0.054081,0.016738
491,-9.492938,,-1.468857,-0.293771,0.414128,1.000000,1.247811,0.752753,0.121158,0.076046,0.116828,0.032809,0.044433,0.001158,0.060720,0.118838,0.101050,0.012960,-0.051186,0.016737
492,-10.000000,,-0.672371,-0.134474,1.161967,0.000000,1.247811,0.752753,0.131976,0.075550,0.116358,0.034869,0.046305,-0.009106,0.053568,0.123132,0.099448,0.022058,-0.053182,0.013825
493,-10.000000,,-0.476697,-0.095339,2.172157,0.000000,1.247811,0.752753,0.126524,0.079592,0.119062,0.029146,0.038565,-0.000065,0.050899,0.123854,0.097353,0.027006,-0.054460,0.012388
494,-10.000000,,-0.459812,-0.091962,1.331615,0.000000,1.247811,0.752753,0.135698,0.079017,0.114463,0.028949,0.037743,-0.012840,0.050485,0.114634,0.108471,0.026128,-0.047588,0.010869
495,-9.494040,,-2.020048,-0.404010,0.373387,1.000000,1.247811,0.752753,0.131882,0.076347,0.118668,0.027686,0.044344,0.002438,0.049775,0.128198,0.100692,0.017234,-0.051284,0.014131
496,-10.000000,,-0.556144,-0.111229,1.252385,0.000000,1.247811,0.752753,0.120190,0.076224,0.110064,0.031665,0.037615,-0.004097,0.049273,0.124574,0.101910,0.021714,-0.052398,0.015973
497,-9.491964,,-0.982159,-0.196432,0.513304,1.000000,1.247811,0.752753,0.120680,0.076573,0.109017,0.035005,0.038457,-0.003820,0.054804,0.120442,0.095896,0.011561,-0.057865,0.013084
498,-9.492230,,-1.115100,-0.223020,0.425999,1.000000,1.247811,0.752753,0.127599,0.077497,0.111137,0.032787,0.047333,0.003084,0.056148,0.125046,0.102780,0.011236,-0.056123,0.016603
499,-9.493027,,-1.513672,-0.302734,0.418217,1.000000,1.247811,0.752753,0.127230,0.073079,0.105685,0.034983,0.043171,0.001481,0.054046,0.125359,0.105080,0.014435,-0.049772,0.016053
500,-10.000000,,-0.493074,-0.098615,1.976729,0.000000,1.247811,0.752753,0.106786,0.072225,0.099767,0.030304,0.038395,-0.005797,0.062050,0.115801,0.106780,0.011475,-0.049500,0.016238
501,-9.494014,,-2.007189,-0.401438,0.396768,1.000000,1.247811,0.752753,0.113597,0.078201,0.109872,0.029916,0.047364,0.011488,0.047014,0.124119,0.102574,0.012851,-0.057038,0.014120
502,-10.000000,,-0.670907,-0.134181,2.097432,0.000000,1.247811,0.752753,0.145232,0.075172,0.115345,0.034487,0.037077,-0.001223,0.046667,0.116941,0.099417,0.015250,-0.058407,0.016083
503,-10.000000,,-0.432812,-0.086562,2.236599,0.000000,1.247811,0.752753,0.126499,0.080377,0.108914,0.033248,0.037303,0.008159,0.045306,0.115805,0.103118,0.021248,-0.053306,0.012003
504,-9.495048,,-2.523924,-0.504785,0.376058,1.000000,1.247811,0.752753,0.111197,0.080910,0.119398,0.031437,0.048621,0.011915,0.045053,0.124042,0.094191,0.014492,-0.061200,0.007122
505,-10.000000,,-0.333086,-0.066617,0.599111,0.000000,1.247811,0.752753,0.123168,0.067459,0.101067,0.034160,0.042329,-0.006341,0.057749,0.115338,0.104219,0.016343,-0.050988,0.013704
506,-9.491969,,-0.984307,-0.196861,0.507304,1.000000,1.247811,0.752753,0.121072,0.076718,0.116079,0.034749,0.040122,-0.003122,0.052858,0.123295,0.103602,0.013492,-0.046328,0.016595
507,-9.491274,,-0.637142,-0.127428,0.457578,1.000000,1.247811,0.752753,0.117745,0.074473,0.118973,0.034930,0.042032,-0.006721,0.060784,0.128035,0.096123,0.010543,-0.050406,0.012358
508,-9.492802,,-1.400853,-0.280171,0.420280,1.000000,1.247811,0.752753,0.119576,0.083355,0.115243,0.032198,0.044357,0.004543,0.052350,0.117621,0.103346,0.016687,-0.055385,0.016524
509,-10.000000,,-0.397078,-0.079416,1.804134,0.000000,1.247811,0.752753,0.113815,0.084920,0.120579,0.034040,0.031303,-0.001922,0.042238,0.117918,0.099415,0.012846,-0.059958,0.016395
510,-9.494280,,-2.139831,-0.427966,0.362770,1.000000,1.247811,0.752753,0.113066,0.077459,0.108343,0.033338,0.043820,0.010226,0.046287,0.131227,0.097108,0.017477,-0.053387,0.009040
511,-9.492708,,-1.353966,-0.270793,0.484609,1.000000,1.247811,0.752753,0.114492,0.078846,0.114225,0.034748,0.046480,-0.009634,0.052134,0.134792,0.091011,0.010171,-0.055521,0.015778
512,-9.493030,,-1.515133,-0.303027,0.402577,1.000000,1.247811,0.752753,0.124572,0.076868,0.114657,0.034890,0.040438,-0.001162,0.053844,0.117899,0.096027,0.013402,-0.050591,0.015793
513,-9.999185,14.316243,0.081487,0.016297,0.884868,0.000000,1.247811,0.752753,0.115574,0.078451,0.117776,0.034879,0.043896,-0.006159,0.057427,0.128883,0.105221,0.018019,-0.052635,0.012797
514,-9.493425,,-1.712348,-0.342470,0.433011,1.000000,1.247811,0.752753,0.121697,0.073633,0.116059,0.031524,0.049413,0.003501,0.054152,0.132582,0.106663,0.012826,-0.051770,0.013199
515,-10.000000,,-0.798256,-0.159651,2.030536,0.000000,1.247811,0.752753,0.109712,0.079774,0.119589,0.035000,0.037758,0.003944,0.048952,0.127204,0.096801,0.014524,-0.054387,0.013231
516,-10.000000,,-0.981521,-0.196304,1.732586,0.000000,1.247811,0.752753,0.111000,0.079647,0.118485,0.035023,0.045260,-0.005554,0.055589,0.125328,0.092556,0.020283,-0.053754,0.009621
517,-10.000000,,-0.892622,-0.178524,1.672078,0.000000,1.247811,0.752753,0.124781,0.074702,0.115002,0.034996,0.044871,0.002963,0.051398,0.127690,0.097204,0.010148,-0.058535,0.012427
518,-9.493094,,-1.546827,-0.309365,0.410816,1.000000,1.247811,0.752753,0.110661,0.078633,0.115527,0.030905,0.049388,0.002806,0.052256,0.125243,0.098254,0.015429,-0.052602,0.008910
519,-10.000000,,-1.177545,-0.235509,1.732300,0.000000,1.247811,0.752753,0.107970,0.081364,0.120985,0.030837,0.042191,-0.007276,0.056377,0.132955,0.093773,0.015284,-0.053430,0.013193
520,-10.000000,,-0.435544,-0.087109,2.279453,0.000000,1.247811,0.752753,0.117512,0.081665,0.116951,0.034446,0.041593,-0.006997,0.052592,0.136100,0.096324,0.016064,-0.054599,0.016173
521,-10.000000,,-0.384323,-0.076865,2.204724,0.000000,1.247811,0.752753,0.121467,0.068789,0.116327,0.031670,0.051207,-0.003503,0.055674,0.124403,0.101436,0.012342,-0.052205,0.016611
522,-10.000000,,-0.343982,-0.068796,2.150696,0.000000,1.247811,0.752753,0.124471,0.074915,0.119396,0.030423,0.042668,-0.017617,0.057069,0.131878,0.096199,0.013945,-0.050262,0.016277
523,-10.000000,,-0.135625,-0.027125,2.071042,0.000000,1.247811,0.752753,0.121446,0.078992,0.113318,0.033000,0.039810,-0.013991,0.061217,0.120299,0.103350,0.015535,-0.051261,0.012546
524,-10.000000,,-0.755986,-0.151197,1.344998,0.000000,1.247811,0.752753,0.123295,0.071377,0.106434,0.034472,0.041109,-0.013556,0.053854,0.121016,0.099194,0.021991,-0.054753,0.014703
525,-9.492868,,-1.433949,-0.286790,0.503553,1.000000,1.247811,0.752753,0.110586,0.078272,0.124807,0.030059,0.044857,-0.000570,0.053807,0.132612,0.092938,0.016594,-0.054273,0.016652
526,-9.493057,,-1.528539,-0.305708,0.437938,1.000000,1.247811,0.752753,0.111492,0.074357,0.118225,0.033411,0.043458,0.008822,0.055967,0.123414,0.097313,0.012756,-0.057349,0.010832
527,-9.491928,,-0.964061,-0.192812,0.472417,1.000000,1.247811,0.752753,0.109588,0.079744,0.119477,0.034068,0.040301,-0.007771,0.055586,0.132721,0.098806,0.014990,-0.048886,0.016737
528,-9.492648,,-1.323985,-0.264797,0.415504,1.000000,1.247811,0.752753,0.113785,0.077585,0.112963,0.034203,0.042587,0.006803,0.054012,0.121947,0.097933,0.011267,-0.050110,0.011734
529,-9.492860,,-1.430180,-0.286036,0.465117,1.000000,1.247811,0.752753,0.114168,0.083054,0.127911,0.027580,0.048314,-0.000538,0.050483,0.123308,0.094810,0.010240,-0.051169,0.016063
530,-10.000000,,-0.585955,-0.117191,2.071226,0.000000,1.247811,0.752753,0.109915,0.083080,0.130331,0.028714,0.037800,0.003340,0.046985,0.117480,0.102899,0.017413,-0.049031,0.016381
531,-10.000000,,-0.780912,-0.156182,1.899637,0.000000,1.247811,0.752753,0.111590,0.077110,0.117549,0.034783,0.047979,0.003642,0.055701,0.132184,0.094607,0.015384,-0.051032,0.011648
532,-10.000000,,-1.021977,-0.204395,1.443544,0.000000,1.247811,0.752753,0.108598,0.075103,0.119206,0.034256,0.043477,-0.000220,0.052579,0.124825,0.096354,0.010746,-0.051825,0.008306
533,-10.000000,,-0.502956,-0.100591,2.172072,0.000000,1.247811,0.752753,0.108841,0.078596,0.127060,0.033794,0.046161,0.003379,0.056458,0.138923,0.101900,0.019360,-0.043781,0.014117
534,-9.491959,,-0.979645,-0.195929,0.429305,1.000000,1.247811,0.752753,0.106785,0.077829,0.122154,0.033582,0.046190,-0.002332,0.059522,0.133732,0.101259,0.010440,-0.050143,0.016433
535,-9.494118,,-2.058843,-0.411769,0.351729,1.000000,1.247811,0.752753,0.105763,0.078450,0.120811,0.032151,0.046073,-0.007731,0.053975,0.144702,0.087939,0.014780,-0.053329,0.014138
536,-9.495064,,-2.532194,-0.506439,0.350332,1.000000,1.247811,0.752753,0.102051,0.086905,0.122106,0.030074,0.034244,0.006657,0.045041,0.134677,0.090508,0.017085,-0.051917,0.010086
537,-10.000000,,-1.017734,-0.203547,1.641874,0.000000,1.247811,0.752753,0.112717,0.081744,0.134280,0.034992,0.041021,-0.000086,0.060944,0.115437,0.093153,0.012271,-0.047927,0.015701
538,-10.000000,,-0.351959,-0.070392,2.216219,0.000000,1.247811,0.752753,0.108309,0.079844,0.116429,0.034938,0.042290,-0.001063,0.052455,0.120806,0.099132,0.011815,-0.053877,0.014108
539,-10.000000,,-0.161830,-0.032366,1.987311,0.000000,1.247811,0.752753,0.121609,0.072685,0.112541,0.032654,0.043237,-0.009737,0.058919,0.132252,0.099660,0.012749,-0.046914,0.016728
540,-10.000000,,-0.733785,-0.146757,2.063283,0.000000,1.247811,0.752753,0.106658,0.080800,0.127210,0.030845,0.047549,-0.000597,0.054589,0.137926,0.102055,0.010228,-0.049432,0.012767
541,-10.000000,,-0.473306,-0.094661,1.159963,0.000000,1.247811,0.752753,0.114668,0.080081,0.130712,0.031004,0.042617,-0.005765,0.053572,0.134029,0.103563,0.013082,-0.049681,0.014348
542,-9.493063,,-1.531558,-0.306312,0.415382,1.000000,1.247811,0.752753,0.109705,0.085129,0.125943,0.034955,0.040075,0.005877,0.051503,0.134455,0.092451,0.010762,-0.055375,0.012912
543,-9.494938,,-2.469231,-0.493846,0.333409,1.000000,1.247811,0.752753,0.110947,0.082242,0.126990,0.030908,0.041200,0.007560,0.044797,0.127873,0.086036,0.012375,-0.049713,0.010138
544,-9.491571,,-0.785341,-0.157068,0.424517,1.000000,1.247811,0.752753,0.108354,0.076200,0.129096,0.035014,0.047086,-0.004235,0.058865,0.128001,0.096914,0.011509,-0.049283,0.016737
545,-9.491418,,-0.709084,-0.141817,0.570628,1.000000,1.247811,0.752753,0.108581,0.079143,0.127185,0.034679,0.046216,-0.003701,0.056994,0.124482,0.097363,0.012270,-0.042178,0.013552
546,-10.000000,,-0.595090,-0.119018,2.203330,0.000000,1.247811,0.752753,0.107381,0.083962,0.128426,0.034959,0.046379,-0.006863,0.056405,0.140647,0.094417,0.010174,-0.052117,0.016145
547,-9.493751,,-1.875273,-0.375055,0.382373,1.000000,1.247811,0.752753,0.116856,0.079147,0.131057,0.034537,0.049076,-0.008265,0.056689,0.128159,0.089680,0.010749,-0.042373,0.011351
548,-9.492924,,-1.462149,-0.292430,0.495301,1.000000,1.247811,0.752753,0.101805,0.084298,0.124909,0.032657,0.048846,0.002143,0.054235,0.137143,0.097337,0.010987,-0.049436,0.012105
549,-10.000000,,-0.432803,-0.086561,2.184372,0.000000,1.247811,0.752753,0.106841,0.075836,0.125167,0.034469,0.045993,-0.001064,0.055345,0.131580,0.099397,0.010946,-0.048889,0.016700
550,-9.493680,,-1.839916,-0.367983,0.379077,1.000000,1.247811,0.752753,0.101497,0.083646,0.136502,0.030840,0.046909,0.005955,0.055057,0.135958,0.090803,0.013101,-0.050954,0.013307
551,-9.494845,,-2.422711,-0.484542,0.335919,1.000000,1.247811,0.752753,0.103795,0.080985,0.134908,0.026052,0.050434,-0.001641,0.049225,0.138178,0.092236,0.013954,-0.052072,0.008360
552,-9.491752,,-0.876145,-0.175229,0.487625,1.000000,1.247811,0.752753,0.102225,0.081978,0.121907,0.033724,0.043871,-0.012860,0.062149,0.129059,0.093089,0.010754,-0.051109,0.014036
553,-9.491036,,-0.518038,-0.103608,0.545153,1.000000,1.247811,0.752753,0.110917,0.073530,0.113493,0.031960,0.043185,-0.004939,0.055053,0.122915,0.104200,0.011007,-0.044374,0.016237
554,-10.000000,,-1.483267,-0.296653,1.275292,0.000000,1.247811,0.752753,0.102926,0.080122,0.129960,0.033057,0.044278,0.003384,0.058180,0.130870,0.094262,0.019391,-0.045741,0.002098
555,-10.000000,,-0.620132,-0.124026,2.084202,0.000000,1.247811,0.752753,0.105441,0.083076,0.128637,0.029576,0.043580,0.001765,0.050989,0.125144,0.100449,0.011639,-0.049164,0.014874
556,-9.493455,,-1.727320,-0.345464,0.388393,1.000000,1.247811,0.752753,0.106986,0.072450,0.130547,0.031411,0.043413,-0.000010,0.059454,0.125711,0.091507,0.010200,-0.047180,0.010366
557,-9.494257,,-2.128489,-0.425698,0.355094,1.000000,1.247811,0.752753,0.105152,0.078265,0.118416,0.034538,0.049083,-0.004769,0.056106,0.132313,0.088924,0.010189,-0.050486,0.009273
558,-10.000000,,-1.449130,-0.289826,0.765350,0.000000,1.247811,0.752753,0.111091,0.080423,0.128683,0.032250,0.043298,0.002730,0.056486,0.121501,0.096327,0.016936,-0.047623,0.013535
559,-9.491670,,-0.834849,-0.166970,0.537055,1.000000,1.247811,0.752753,0.117284,0.074729,0.119061,0.034064,0.045319,-0.003937,0.060974,0.132932,0.094992,0.013597,-0.050390,0.014976
560,-10.000000,,-0.954471,-0.190894,0.813023,0.000000,1.247811,0.752753,0.101385,0.072833,0.121624,0.034014,0.040986,0.005001,0.056009,0.124154,0.097397,0.012425,-0.048333,0.014632
561,-10.000000,,-0.760775,-0.152155,1.168202,0.000000,1.247811,0.752753,0.110297,0.086631,0.130145,0.030507,0.047058,0.001430,0.050295,0.136981,0.097387,0.011565,-0.052891,0.012126
562,-9.492536,,-1.267764,-0.253553,0.455773,1.000000,1.247811,0.752753,0.101778,0.079224,0.117939,0.032720,0.044159,0.010439,0.054736,0.121173,0.102213,0.010312,-0.052183,0.012182
563,-10.000000,,-0.089778,-0.017956,2.043931,0.000000,1.247811,0.752753,0.105714,0.073740,0.109664,0.032273,0.037725,-0.006431,0.062474,0.123189,0.101070,0.010572,-0.043531,0.015962
564,-9.491822,,-0.911051,-0.182210,0.447953,1.000000,1.247811,0.752753,0.107727,0.076515,0.126821,0.033748,0.047535,0.000321,0.056150,0.133571,0.104156,0.012281,-0.044965,0.016737
565,-9.492912,,-1.456174,-0.291235,0.391831,1.000000,1.247811,0.752753,0.104615,0.081894,0.121155,0.028064,0.041314,0.000704,0.052965,0.136864,0.095168,0.013906,-0.049797,0.014530
566,-9.492735,,-1.367484,-0.273497,0.560509,1.000000,1.247811,0.752753,0.101799,0.081769,0.122962,0.029246,0.042006,-0.002394,0.056012,0.125419,0.096619,0.015310,-0.046654,0.012778
567,-10.000000,,-1.475348,-0.295070,0.958103,0.000000,1.247811,0.752753,0.108054,0.081449,0.120547,0.033869,0.041002,0.002977,0.053235,0.129583,0.088963,0.011701,-0.049250,0.012047
568,-9.490751,,-0.375526,-0.075105,0.600548,1.000000,1.247811,0.752753,0.112939,0.076703,0.121325,0.033409,0.045509,-0.007218,0.061573,0.126723,0.102429,0.010349,-0.047418,0.016672
569,-10.000000,,-0.735759,-0.147152,1.017751,0.000000,1.247811,0.752753,0.101642,0.075926,0.118187,0.035020,0.046766,-0.003247,0.061023,0.126138,0.103626,0.010639,-0.041798,0.013478
570,-9.492405,,-1.202569,-0.240514,0.490791,1.000000,1.247811,0.752753,0.115747,0.072544,0.112749,0.031565,0.045317,-0.003681,0.061658,0.127853,0.096460,0.010351,-0.043004,0.010491
571,-9.491444,,-0.721841,-0.144368,0.555223,1.000000,1.247811,0.752753,0.117404,0.067882,0.111062,0.032128,0.043393,-0.011525,0.063950,0.134561,0.093860,0.010469,-0.050613,0.015088
572,-10.000000,,-0.781622,-0.156324,1.010587,0.000000,1.247811,0.752753,0.113900,0.071451,0.111941,0.034974,0.044920,-0.008558,0.058767,0.123557,0.094038,0.013305,-0.045815,0.016626
573,-9.492214,,-1.106962,-0.221392,0.444107,1.000000,1.247811,0.752753,0.117970,0.074657,0.123033,0.032866,0.040697,-0.007735,0.061208,0.135175,0.097385,0.018957,-0.049555,0.016331
574,-10.000000,,-0.601705,-0.120341,1.418819,0.000000,1.247811,0.752753,0.104854,0.071264,0.121329,0.030970,0.045275,-0.008625,0.060827,0.134791,0.098470,0.011452,-0.044624,0.016101
575,-10.000000,,-0.340112,-0.068022,2.107883,0.000000,1.247811,0.752753,0.112880,0.071725,0.115210,0.033382,0.042871,-0.012706,0.060761,0.124781,0.101383,0.014238,-0.046180,0.014255
576,-10.000000,,-0.466827,-0.093365,2.428545,0.000000,1.247811,0.752753,0.115442,0.069849,0.112916,0.034827,0.042361,-0.014804,0.067461,0.130990,0.103059,0.010950,-0.052413,0.012272
577,-9.491949,,-0.974631,-0.194926,0.459071,1.000000,1.247811,0.752753,0.114267,0.075756,0.123494,0.033582,0.044792,-0.009165,0.058398,0.134788,0.097938,0.017940,-0.050554,0.015635
578,-10.000000,,-0.500275,-0.100055,2.259745,0.000000,1.247811,0.752753,0.114713,0.070713,0.116152,0.034799,0.048369,-0.002851,0.060925,0.127647,0.101692,0.010891,-0.047300,0.011956
579,-10.000000,,-0.556224,-0.111245,1.318546,0.000000,1.247811,0.752753,0.110602,0.074300,0.119851,0.034944,0.042990,-0.007884,0.061253,0.128373,0.102912,0.011442,-0.048041,0.015017
580,-9.491768,,-0.884045,-0.176809,0.578231,1.000000,1.247811,0.752753,0.106575,0.080399,0.115279,0.034805,0.043302,-0.000298,0.056725,0.133543,0.100116,0.011843,-0.049223,0.011178
581,-10.000000,,-0.360266,-0.072053,2.297903,0.000000,1.247811,0.752753,0.108075,0.078612,0.125769,0.031941,0.040901,-0.004741,0.056857,0.127524,0.103097,0.012441,-0.048986,0.012761
582,-10.000000,,-0.489472,-0.097894,2.634282,0.000000,1.247811,0.752753,0.108576,0.070008,0.118780,0.033672,0.052010,-0.006138,0.067269,0.130598,0.105282,0.012378,-0.045049,0.016380
583,-10.000000,,-0.832054,-0.166411,0.810212,0.000000,1.247811,0.752753,0.101475,0.076693,0.114914,0.033557,0.047063,-0.006781,0.061414,0.128194,0.099742,0.011336,-0.052899,0.013005
584,-9.491842,,-0.921064,-0.184213,0.422852,1.000000,1.247811,0.752753,0.110960,0.077269,0.131569,0.032378,0.042103,-0.004009,0.059662,0.122593,0.100093,0.011638,-0.042658,0.016245
585,-10.000000,,-0.417187,-0.083437,2.190577,0.000000,1.247811,0.752753,0.110268,0.078193,0.125289,0.031810,0.043805,-0.002957,0.057151,0.140407,0.103988,0.010258,-0.047177,0.016714
586,-10.000000,,-0.740883,-0.148177,0.750560,0.000000,1.247811,0.752753,0.112795,0.079050,0.130155,0.034208,0.042363,0.000733,0.057860,0.130730,0.096422,0.010157,-0.047904,0.016673
587,-9.491378,,-0.689241,-0.137848,0.443139,1.000000,1.247811,0.752753,0.107426,0.073925,0.124736,0.035001,0.041549,-0.006322,0.059105,0.129457,0.099013,0.012684,-0.041651,0.015824
588,-10.000000,,-0.682805,-0.136561,1.978514,0.000000,1.247811,0.752753,0.107773,0.076707,0.121864,0.034498,0.047158,-0.000881,0.059584,0.138363,0.097072,0.012429,-0.046134,0.011976
589,-9.490750,,-0.374754,-0.074951,0.515313,1.000000,1.247811,0.752753,0.103985,0.073554,0.113199,0.034993,0.046445,-0.008260,0.060845,0.143707,0.098524,0.011055,-0.044022,0.015952
590,-9.492139,,-1.069545,-0.213909,0.473427,1.000000,1.247811,0.752753,0.110320,0.074891,0.129566,0.033010,0.044167,-0.005919,0.063434,0.140871,0.093890,0.010155,-0.048369,0.014914
591,-10.000000,,-0.919217,-0.183843,1.048910,0.000000,1.247811,0.752753,0.108484,0.074104,0.117405,0.033025,0.041604,-0.004276,0.060176,0.137983,0.101417,0.013121,-0.049561,0.016670
592,-9.491235,,-0.617734,-0.123547,0.519074,1.000000,1.247811,0.752753,0.103766,0.075621,0.119832,0.031585,0.046623,-0.001801,0.058499,0.126773,0.099978,0.010734,-0.046466,0.012756
593,-10.000000,,-0.415214,-0.083043,2.272571,0.000000,1.247811,0.752753,0.104859,0.078659,0.113371,0.035020,0.045277,-0.003266,0.052318,0.137798,0.102387,0.011871,-0.051935,0.013307
594,-10.000000,,-0.349682,-0.069936,1.412665,0.000000,1.247811,0.752753,0.106143,0.074871,0.116164,0.034910,0.042107,-0.007505,0.063466,0.135400,0.104714,0.011269,-0.046310,0.016583
595,-10.000000,,-0.511151,-0.102230,0.905507,0.000000,1.247811,0.752753,0.104709,0.073182,0.120059,0.035007,0.044587,-0.010178,0.057911,0.132804,0.098662,0.010326,-0.045119,0.016566
596,-10.000000,,-0.329828,-0.065966,1.381555,0.000000,1.247811,0.752753,0.114248,0.074614,0.114416,0.034328,0.043103,-0.008291,0.060693,0.122789,0.104168,0.013270,-0.041977,0.015806
597,-9.490937,,-0.468397,-0.093679,0.528746,1.000000,1.247811,0.752753,0.109340,0.073785,0.126054,0.030721,0.044862,-0.004381,0.058703,0.129032,0.097633,0.010873,-0.044443,0.015790
598,-10.000000,,-0.193347,-0.038669,1.204022,0.000000,1.247811,0.752753,0.105973,0.070674,0.128523,0.032186,0.049467,-0.005653,0.057931,0.138863,0.094762,0.014172,-0.046765,0.013354
599,-10.000000,,-0.716753,-0.143351,2.196856,0.000000,1.247811,0.752753,0.101659,0.073604,0.119596,0.034910,0.046344,-0.002194,0.060891,0.146955,0.100861,0.010232,-0.040422,0.011797
600,-10.000000,,-0.874130,-0.174826,1.442066,0.000000,1.247811,0.752753,0.112923,0.070767,0.108746,0.034284,0.048043,-0.012144,0.060174,0.146551,0.100357,0.011652,-0.040729,0.013568
601,-9.997110,2.090799,0.289008,0.057802,1.895061,0.000000,1.247811,0.752753,0.104700,0.071455,0.114921,0.034891,0.047568,-0.015929,0.064714,0.141160,0.095911,0.012877,-0.047198,0.016171
602,-9.491257,,-0.628488,-0.125698,0.554413,1.000000,1.247811,0.752753,0.108108,0.072592,0.115380,0.034722,0.048126,0.000908,0.060096,0.132639,0.098312,0.010154,-0.046366,0.013715
603,-10.000000,,-0.414009,-0.082802,1.012414,0.000000,1.247811,0.752753,0.103259,0.073952,0.131725,0.034247,0.049891,-0.005870,0.067176,0.136130,0.098640,0.010887,-0.045110,0.016509
604,-10.000000,,-0.551379,-0.110276,2.637440,0.000000,1.247811,0.752753,0.116708,0.072971,0.112689,0.034775,0.046106,-0.013038,0.067641,0.132188,0.107536,0.010207,-0.038102,0.014414
605,-9.492088,,-1.043838,-0.208768,0.465298,1.000000,1.247811,0.752753,0.101681,0.079654,0.118514,0.034686,0.039430,-0.003404,0.056215,0.133211,0.101094,0.014221,-0.044523,0.014622
606,-10.000000,,-0.439512,-0.087902,2.262322,0.000000,1.247811,0.752753,0.112863,0.073707,0.122449,0.032895,0.044352,0.000385,0.060773,0.134453,0.104560,0.010456,-0.047003,0.015646
607,-10.000000,,-0.784620,-0.156924,1.987329,0.000000,1.247811,0.752753,0.111133,0.076338,0.126374,0.032513,0.048464,0.002685,0.057046,0.132462,0.097363,0.010179,-0.046282,0.013163
608,-9.491726,,-0.863010,-0.172602,0.559681,1.000000,1.247811,0.752753,0.101860,0.071863,0.120365,0.032619,0.045546,-0.004697,0.064907,0.134644,0.102394,0.012799,-0.042167,0.013915
609,-10.000000,,-0.750267,-0.150053,0.940812,0.000000,1.247811,0.752753,0.104855,0.077579,0.131534,0.031190,0.044144,-0.004061,0.057082,0.131605,0.097012,0.016133,-0.047897,0.016687
610,-9.492633,,-1.316380,-0.263276,0.466007,1.000000,1.247811,0.752753,0.108831,0.073008,0.122590,0.034316,0.044898,-0.006957,0.062174,0.141889,0.093252,0.011386,-0.045205,0.014920
611,-9.491504,,-0.751867,-0.150373,0.447302,1.000000,1.247811,0.752753,0.102557,0.072137,0.119109,0.028419,0.046676,0.002014,0.057634,0.138314,0.101425,0.010759,-0.045483,0.016284
612,-10.000000,,-0.950476,-0.190095,0.992245,0.000000,1.247811,0.752753,0.101767,0.071990,0.123354,0.031709,0.046409,0.000333,0.061579,0.135952,0.103420,0.010327,-0.043880,0.015780
613,-9.492135,,-1.067516,-0.213503,0.524295,1.000000,1.247811,0.752753,0.108525,0.074650,0.124198,0.030627,0.046696,-0.004722,0.058109,0.128567,0.096872,0.014043,-0.045378,0.012706
614,-9.491293,,-0.646300,-0.129260,0.479079,1.000000,1.247811,0.752753,0.108994,0.072250,0.115823,0.032937,0.044199,-0.000763,0.062255,0.133847,0.096737,0.010561,-0.045386,0.013273
615,-10.000000,,-0.004416,-0.000883,1.861118,0.000000,1.247811,0.752753,0.104136,0.072405,0.120667,0.035016,0.044407,-0.006784,0.063174,0.137126,0.095435,0.010176,-0.045104,0.016246
616,-9.492662,,-1.331021,-0.266204,0.538818,1.000000,1.247811,0.752753,0.112282,0.075642,0.125279,0.031070,0.043291,-0.010222,0.059661,0.133225,0.093868,0.012212,-0.050808,0.016489
617,-9.492271,,-1.135473,-0.227095,0.449993,1.000000,1.247811,0.752753,0.110675,0.071235,0.117284,0.032609,0.042717,-0.000620,0.059836,0.129322,0.107514,0.010246,-0.045467,0.014507
618,-10.000000,,-0.595069,-0.119014,0.838025,0.000000,1.247811,0.752753,0.104008,0.072266,0.119049,0.034938,0.045188,0.000894,0.061053,0.136241,0.101963,0.010902,-0.040760,0.014385
619,-10.000000,,-1.072578,-0.214516,0.771017,0.000000,1.247811,0.752753,0.107379,0.067280,0.115635,0.034772,0.043733,-0.002321,0.064630,0.134178,0.098187,0.014928,-0.041589,0.010727
620,-10.000000,,-0.405265,-0.081053,0.954821,0.000000,1.247811,0.752753,0.112750,0.065770,0.111857,0.034081,0.045393,-0.005879,0.066355,0.125586,0.102047,0.016285,-0.043322,0.012957
621,-10.000000,,-0.480725,-0.096145,2.303820,0.000000,1.247811,0.752753,0.101413,0.067337,0.121776,0.035020,0.045713,-0.005985,0.064923,0.136682,0.095761,0.010161,-0.042781,0.016618
622,-10.000000,,-0.537635,-0.107527,2.492697,0.000000,1.247811,0.752753,0.102283,0.069063,0.117395,0.035012,0.045739,-0.004728,0.066452,0.130762,0.103153,0.011621,-0.043450,0.015375
623,-9.492025,,-1.012654,-0.202531,0.558135,1.000000,1.247811,0.752753,0.101680,0.072304,0.118484,0.031636,0.046600,0.000430,0.057880,0.133285,0.099225,0.013396,-0.046649,0.014010
624,-10.000000,,-0.815204,-0.163041,2.073730,0.000000,1.247811,0.752753,0.103036,0.077652,0.123069,0.034135,0.038162,-0.000996,0.057676,0.126462,0.096515,0.010148,-0.046577,0.013006
625,-10.000000,,-0.885208,-0.177042,0.619195,0.000000,1.247811,0.752753,0.102364,0.068529,0.119889,0.032024,0.044708,-0.000546,0.065147,0.141572,0.096239,0.013379,-0.043878,0.016541
626,-9.491830,,-0.915087,-0.183017,0.423479,1.000000,1.247811,0.752753,0.114182,0.069968,0.112512,0.035022,0.046228,-0.006432,0.062191,0.136247,0.097159,0.012008,-0.046938,0.016692
627,-10.000000,,-0.711112,-0.142222,1.805449,0.000000,1.247811,0.752753,0.103386,0.072935,0.115768,0.030542,0.047605,-0.000314,0.061881,0.142237,0.097803,0.011231,-0.048840,0.009945
628,-9.491039,,-0.519316,-0.103863,0.472447,1.000000,1.247811,0.752753,0.110628,0.068777,0.113769,0.029222,0.047326,-0.008513,0.062489,0.132215,0.099102,0.010150,-0.049298,0.015457
629,-10.000000,,-0.482578,-0.096516,1.159600,0.000000,1.247811,0.752753,0.111006,0.070677,0.114633,0.031752,0.045296,-0.012415,0.064280,0.138636,0.100827,0.011415,-0.045775,0.014551
630,-9.490363,,-0.181535,-0.036307,0.433451,1.000000,1.247811,0.752753,0.110889,0.065749,0.107936,0.032064,0.049226,0.000979,0.064249,0.130589,0.100681,0.011642,-0.042734,0.016729
631,-10.000000,,-0.634992,-0.126998,0.786693,0.000000,1.247811,0.752753,0.108995,0.072283,0.112560,0.034455,0.044615,-0.005595,0.064149,0.137458,0.099136,0.013203,-0.047175,0.016721
632,-9.491537,,-0.768273,-0.153655,0.527687,1.000000,1.247811,0.752753,0.102901,0.071078,0.117204,0.033602,0.048280,0.000480,0.056624,0.137044,0.099655,0.011036,-0.044841,0.014667
633,-9.492349,,-1.174391,-0.234878,0.426534,1.000000,1.247811,0.752753,0.107864,0.072373,0.114646,0.028732,0.040661,-0.002392,0.057801,0.126998,0.102747,0.014855,-0.048458,0.016535
634,-9.491552,,-0.776155,-0.155231,0.498921,1.000000,1.247811,0.752753,0.106245,0.074335,0.123822,0.033813,0.046677,0.005223,0.061734,0.137737,0.099795,0.016314,-0.046390,0.011517
635,-10.000000,,-0.717512,-0.143502,1.027151,0.000000,1.247811,0.752753,0.110710,0.073790,0.117276,0.034069,0.042042,-0.011997,0.066323,0.127830,0.100426,0.010146,-0.045884,0.016211
636,-9.491725,,-0.862511,-0.172502,0.510238,1.000000,1.247811,0.752753,0.110573,0.074697,0.115127,0.034837,0.043444,0.005189,0.057954,0.134337,0.102215,0.010162,-0.049732,0.013313
637,-10.000000,,-0.773199,-0.154640,2.040326,0.000000,1.247811,0.752753,0.102499,0.072685,0.118014,0.031735,0.039973,-0.001139,0.054639,0.131334,0.095601,0.010411,-0.047203,0.015918
638,-9.491818,,-0.908843,-0.181769,0.467921,1.000000,1.247811,0.752753,0.116733,0.066214,0.112060,0.033924,0.047098,-0.010671,0.062725,0.133882,0.101380,0.010267,-0.049257,0.015022
639,-10.000000,,-0.254409,-0.050882,2.402874,0.000000,1.247811,0.752753,0.115922,0.060453,0.102651,0.034983,0.050171,-0.013255,0.066122,0.133018,0.099687,0.010183,-0.046300,0.016389
640,-10.000000,,-0.509668,-0.101934,2.253136,0.000000,1.247811,0.752753,0.101654,0.065899,0.108766,0.031352,0.052829,-0.000475,0.060232,0.139123,0.099700,0.016369,-0.045998,0.014367
641,-9.490402,,-0.201181,-0.040236,0.551372,1.000000,1.247811,0.752753,0.108730,0.068601,0.107961,0.033971,0.046744,-0.002310,0.066012,0.132920,0.101069,0.010193,-0.039629,0.014879
642,-9.491889,,-0.944486,-0.188897,0.454132,1.000000,1.247811,0.752753,0.115254,0.068221,0.119200,0.034593,0.044625,-0.002107,0.064346,0.124652,0.098068,0.011996,-0.046056,0.016581
643,-10.000000,,-0.475641,-0.095128,0.568378,0.000000,1.247811,0.752753,0.108588,0.069445,0.112765,0.035018,0.051862,0.002878,0.063579,0.128703,0.105026,0.010154,-0.042101,0.013544
644,-9.492112,,-1.055949,-0.211190,0.465965,1.000000,1.247811,0.752753,0.110311,0.066852,0.117629,0.029334,0.052229,0.001123,0.060821,0.135574,0.097056,0.015538,-0.046503,0.016738
645,-10.000000,,-0.415264,-0.083053,2.213090,0.000000,1.247811,0.752753,0.110994,0.065052,0.117478,0.030855,0.055593,-0.001917,0.062633,0.142057,0.099172,0.014946,-0.048704,0.016385
646,-9.491328,,-0.663823,-0.132765,0.461833,1.000000,1.247811,0.752753,0.113006,0.067082,0.115857,0.033995,0.046195,0.002256,0.059603,0.131732,0.103039,0.013986,-0.043105,0.016513
647,-10.000000,,-0.728398,-0.145680,1.014641,0.000000,1.247811,0.752753,0.104864,0.069769,0.114004,0.033188,0.047940,-0.007574,0.060481,0.135350,0.098542,0.010321,-0.049096,0.016666
648,-10.000000,,-0.726236,-0.145247,1.977410,0.000000,1.247811,0.752753,0.110243,0.065756,0.114858,0.033448,0.050140,0.003524,0.060687,0.128837,0.095537,0.012394,-0.045748,0.013930
649,-9.492458,,-1.228912,-0.245782,0.415664,1.000000,1.247811,0.752753,0.108363,0.070560,0.111986,0.032434,0.047622,-0.002405,0.060527,0.136008,0.093769,0.015376,-0.047229,0.009159
650,-9.999209,14.397441,0.079142,0.015828,0.909864,0.000000,1.247811,0.752753,0.117755,0.064998,0.105938,0.034969,0.048112,-0.003071,0.064239,0.126311,0.101620,0.011337,-0.045799,0.016706
651,-10.000000,,-0.078420,-0.015684,1.906315,0.000000,1.247811,0.752753,0.105527,0.065736,0.114959,0.031234,0.049930,-0.001387,0.065203,0.131292,0.097113,0.012077,-0.041331,0.013916
652,-10.000000,,-0.211903,-0.042381,2.423516,0.000000,1.247811,0.752753,0.111115,0.066625,0.111103,0.034965,0.047945,-0.003329,0.065440,0.128023,0.102801,0.010860,-0.039934,0.016444
653,-10.000000,,-1.013838,-0.202768,1.015876,0.000000,1.247811,0.752753,0.107373,0.066402,0.109467,0.035022,0.045895,-0.005759,0.066872,0.130745,0.097877,0.010255,-0.041805,0.015051
654,-9.490744,,-0.371773,-0.074355,0.501641,1.000000,1.247811,0.752753,0.111501,0.069851,0.108667,0.033382,0.043905,-0.005301,0.063140,0.125790,0.101287,0.011029,-0.042165,0.012865
655,-9.493033,,-1.516406,-0.303281,0.394224,1.000000,1.247811,0.752753,0.116459,0.067611,0.106007,0.031770,0.047971,0.006365,0.063208,0.125436,0.102287,0.010157,-0.042820,0.016316
656,-10.000000,,-0.389797,-0.077959,0.725013,0.000000,1.247811,0.752753,0.112035,0.066274,0.106871,0.032105,0.048911,-0.006614,0.063062,0.134141,0.101995,0.010218,-0.044295,0.016689
657,-10.000000,,-0.279237,-0.055847,1.401967,0.000000,1.247811,0.752753,0.104966,0.067074,0.108497,0.034431,0.043552,-0.003888,0.063910,0.132288,0.102960,0.014943,-0.041623,0.016628
658,-9.493201,,-1.600291,-0.320058,0.411267,1.000000,1.247811,0.752753,0.109633,0.070871,0.115636,0.030616,0.048126,0.003769,0.061854,0.129767,0.100486,0.010382,-0.046084,0.015736
659,-10.000000,,-0.519519,-0.103904,2.361029,0.000000,1.247811,0.752753,0.104472,0.067061,0.113080,0.034020,0.042295,0.002526,0.061084,0.127925,0.101868,0.010409,-0.043904,0.013211
660,-9.491403,,-0.701400,-0.140280,0.512436,1.000000,1.247811,0.752753,0.114154,0.064587,0.111045,0.029927,0.048793,-0.004209,0.064153,0.143100,0.098476,0.013123,-0.043798,0.016530
661,-9.491907,,-0.953325,-0.190665,0.433573,1.000000,1.247811,0.752753,0.122196,0.065757,0.106718,0.030153,0.046643,-0.003367,0.067472,0.128377,0.104039,0.011776,-0.046218,0.011909
662,-9.490928,,-0.464180,-0.092836,0.504236,1.000000,1.247811,0.752753,0.118727,0.067704,0.115523,0.034115,0.043243,-0.004890,0.065239,0.130009,0.098714,0.010170,-0.038667,0.011759
663,-10.000000,,-0.471737,-0.094347,2.331280,0.000000,1.247811,0.752753,0.110610,0.066812,0.112427,0.031617,0.044316,-0.002329,0.063840,0.128270,0.099008,0.010164,-0.036340,0.015344
664,-9.491478,,-0.739236,-0.147847,0.400213,1.000000,1.247811,0.752753,0.116435,0.066575,0.106549,0.032970,0.046850,-0.003647,0.061003,0.129677,0.098087,0.010502,-0.048427,0.016722
665,-10.000000,,-0.707623,-0.141525,1.001735,0.000000,1.247811,0.752753,0.112366,0.066806,0.106498,0.034381,0.044803,-0.001390,0.066671,0.130633,0.100251,0.013285,-0.044436,0.016496
666,-10.000000,,-0.110467,-0.022093,0.662804,0.000000,1.247811,0.752753,0.112495,0.066606,0.107337,0.030236,0.048769,-0.001700,0.065845,0.134267,0.100986,0.014056,-0.043942,0.016552
667,-9.491501,,-0.750354,-0.150071,0.440262,1.000000,1.247811,0.752753,0.116042,0.072175,0.110761,0.032300,0.044718,-0.001639,0.059838,0.121584,0.103518,0.012475,-0.048228,0.016713
668,-10.000000,,-0.807484,-0.161497,0.886174,0.000000,1.247811,0.752753,0.115300,0.064472,0.110009,0.031054,0.047987,-0.003573,0.067067,0.132618,0.102263,0.010273,-0.040424,0.016717
669,-9.492234,,-1.117124,-0.223425,0.413758,1.000000,1.247811,0.752753,0.115499,0.071222,0.109855,0.033346,0.046239,-0.000477,0.065313,0.130946,0.099382,0.010148,-0.044635,0.016111
670,-10.000000,,-0.814653,-0.162931,1.340939,0.000000,1.247811,0.752753,0.106772,0.070825,0.115967,0.034724,0.042612,-0.002029,0.063894,0.124914,0.099162,0.014227,-0.040855,0.015987
671,-9.491475,,-0.737282,-0.147456,0.549489,1.000000,1.247811,0.752753,0.111553,0.067715,0.107400,0.032689,0.041462,-0.002210,0.062109,0.134242,0.099720,0.015123,-0.046536,0.011238
672,-9.492883,,-1.441657,-0.288331,0.481592,1.000000,1.247811,0.752753,0.112373,0.067274,0.113252,0.034565,0.044826,0.002886,0.062212,0.138183,0.096838,0.012309,-0.046403,0.010194
673,-9.490562,,-0.280927,-0.056185,0.582866,1.000000,1.247811,0.752753,0.121062,0.064947,0.114989,0.032995,0.042527,-0.011479,0.068249,0.128269,0.101542,0.011284,-0.037772,0.016386
674,-9.493034,,-1.516787,-0.303357,0.417832,1.000000,1.247811,0.752753,0.116612,0.068111,0.109452,0.032953,0.041233,-0.001235,0.060915,0.123317,0.100798,0.010329,-0.044409,0.015040
675,-9.491454,,-0.727088,-0.145418,0.472284,1.000000,1.247811,0.752753,0.118281,0.062472,0.108443,0.034278,0.044207,-0.007683,0.070596,0.130914,0.101083,0.010645,-0.039189,0.015024
676,-9.492418,,-1.209079,-0.241816,0.394226,1.000000,1.247811,0.752753,0.122145,0.069703,0.109331,0.032517,0.044561,-0.005654,0.065842,0.129427,0.096624,0.014846,-0.043035,0.012178
677,-9.492327,,-1.163448,-0.232690,0.428450,1.000000,1.247811,0.752753,0.113843,0.066829,0.109274,0.033130,0.045494,-0.001051,0.061357,0.129435,0.104822,0.011707,-0.046755,0.015221
678,-10.000000,,-0.722852,-0.144570,1.891553,0.000000,1.247811,0.752753,0.120020,0.066565,0.112600,0.032486,0.045252,0.000415,0.063692,0.128479,0.101966,0.011352,-0.044091,0.013849
679,-9.491856,,-0.928107,-0.185621,0.468240,1.000000,1.247811,0.752753,0.125198,0.064899,0.112490,0.034860,0.044562,-0.011480,0.067027,0.133510,0.099113,0.011218,-0.041961,0.015566
680,-10.000000,,-1.188809,-0.237762,0.633540,0.000000,1.247811,0.752753,0.115003,0.069779,0.109546,0.034106,0.040460,-0.003317,0.060499,0.129283,0.097732,0.012051,-0.042182,0.011385
681,-9.493164,,-1.582101,-0.316420,0.380238,1.000000,1.247811,0.752753,0.112150,0.069391,0.111278,0.028930,0.043715,0.001242,0.059811,0.129778,0.097312,0.013126,-0.045456,0.010627
682,-9.491668,,-0.833945,-0.166789,0.425913,1.000000,1.247811,0.752753,0.120739,0.065151,0.107999,0.034912,0.044392,-0.003072,0.062974,0.122470,0.100112,0.010857,-0.041691,0.016644
683,-9.491620,,-0.810122,-0.162024,0.541287,1.000000,1.247811,0.752753,0.119751,0.062696,0.112030,0.034961,0.045541,-0.010385,0.067310,0.133617,0.096446,0.011051,-0.041498,0.016717
684,-10.000000,,-0.815673,-0.163135,0.989182,0.000000,1.247811,0.752753,0.115574,0.065815,0.111394,0.034335,0.042752,-0.008212,0.069408,0.129593,0.100369,0.011865,-0.040158,0.013917
685,-9.996955,1.822499,0.304539,0.060908,2.154662,0.000000,1.247811,0.752753,0.115653,0.064556,0.108456,0.029600,0.044742,-0.006869,0.067245,0.123546,0.104281,0.012208,-0.040469,0.015479
686,-9.996927,2.103808,0.307326,0.061465,2.034709,0.000000,1.247811,0.752753,0.120338,0.063505,0.111283,0.030973,0.047629,-0.008901,0.071337,0.134699,0.100602,0.010425,-0.037686,0.016736
687,-9.490833,,-0.416558,-0.083312,0.471075,1.000000,1.247811,0.752753,0.114299,0.061817,0.102173,0.032989,0.043921,-0.007133,0.069677,0.129368,0.100385,0.011431,-0.041394,0.016706
688,-10.000000,,-1.121064,-0.224213,0.894043,0.000000,1.247811,0.752753,0.121339,0.068833,0.113413,0.033744,0.042835,-0.005310,0.063644,0.126947,0.100705,0.010628,-0.044947,0.016291
689,-9.996878,1.848674,0.312156,0.062431,1.935162,0.000000,1.247811,0.752753,0.116742,0.065457,0.108996,0.032823,0.047692,-0.004226,0.066671,0.126122,0.102728,0.013338,-0.040180,0.013683
690,-10.000000,,-0.477877,-0.095575,2.530760,0.000000,1.247811,0.752753,0.113509,0.068269,0.110198,0.035022,0.047080,-0.006093,0.065506,0.127354,0.105318,0.015658,-0.040521,0.014068
691,-10.000000,,-0.288008,-0.057602,2.470255,0.000000,1.247811,0.752753,0.118776,0.066456,0.112710,0.030826,0.039277,-0.014032,0.067823,0.125959,0.102560,0.010870,-0.039450,0.016723
692,-10.000000,,-0.141708,-0.028342,0.836758,0.000000,1.247811,0.752753,0.105835,0.068699,0.113282,0.033186,0.047925,-0.004158,0.059691,0.128980,0.100710,0.014717,-0.039666,0.016486
693,-10.000000,,-0.500979,-0.100196,2.363223,0.000000,1.247811,0.752753,0.113890,0.068202,0.110692,0.034440,0.040279,-0.004849,0.068324,0.128436,0.102446,0.013439,-0.039662,0.008736
694,-9.492054,,-1.026918,-0.205384,0.483705,1.000000,1.247811,0.752753,0.111092,0.071646,0.105375,0.034996,0.044903,-0.004340,0.063110,0.130973,0.097609,0.013011,-0.045784,0.016644
695,-10.000000,,-0.417364,-0.083473,2.421271,0.000000,1.247811,0.752753,0.129658,0.059375,0.108437,0.032178,0.043770,-0.020894,0.071589,0.134894,0.100238,0.013050,-0.037395,0.015291
696,-9.490829,,-0.414463,-0.082893,0.517355,1.000000,1.247811,0.752753,0.117486,0.065348,0.109718,0.034503,0.044602,-0.015167,0.072131,0.131055,0.095340,0.010364,-0.040563,0.013321
697,-10.000000,,-0.731415,-0.146283,2.079368,0.000000,1.247811,0.752753,0.112962,0.066882,0.113352,0.034766,0.043394,-0.001260,0.063379,0.127475,0.100666,0.016587,-0.046680,0.011075
698,-9.997505,4.001187,0.249490,0.049898,1.234071,0.000000,1.247811,0.752753,0.114360,0.066718,0.109295,0.033865,0.043608,-0.005576,0.061694,0.131121,0.102653,0.016060,-0.044800,0.016207
699,-9.491085,,-0.542498,-0.108500,0.464370,1.000000,1.247811,0.752753,0.118001,0.065244,0.109041,0.033527,0.044213,-0.007433,0.067015,0.125155,0.099900,0.010239,-0.043358,0.015413
700,-10.000000,,-0.360282,-0.072056,1.050661,0.000000,1.247811,0.752753,0.110063,0.061947,0.102242,0.030872,0.045382,-0.004307,0.066891,0.129574,0.105670,0.011003,-0.037134,0.016631
701,-9.490703,,-0.351343,-0.070269,0.419418,1.000000,1.247811,0.752753,0.118239,0.059689,0.102571,0.026957,0.050356,-0.012752,0.076156,0.128731,0.100385,0.010653,-0.034243,0.016134
702,-9.492249,,-1.124277,-0.224855,0.444038,1.000000,1.247811,0.752753,0.125198,0.064525,0.114757,0.033566,0.043419,-0.002299,0.063509,0.127680,0.098623,0.011559,-0.045591,0.014933
703,-9.997687,2.467483,0.231283,0.046257,2.185982,0.000000,1.247811,0.752753,0.120507,0.056912,0.100652,0.031177,0.043887,-0.013026,0.071897,0.135538,0.099160,0.010706,-0.041076,0.016533
704,-10.000000,,-1.078847,-0.215769,0.976591,0.000000,1.247811,0.752753,0.108802,0.062778,0.104596,0.035018,0.044672,-0.000170,0.064905,0.131965,0.098062,0.013742,-0.043169,0.016702
705,-9.998583,7.854686,0.141655,0.028331,0.905578,0.000000,1.247811,0.752753,0.122785,0.063885,0.109303,0.033644,0.046709,-0.011594,0.071408,0.129734,0.096593,0.012762,-0.043600,0.014762
706,-9.491590,,-0.794848,-0.158970,0.415956,1.000000,1.247811,0.752753,0.113986,0.065724,0.109905,0.031475,0.047884,-0.007689,0.068773,0.134974,0.097240,0.010231,-0.045306,0.016455
707,-10.000000,,-0.537408,-0.107482,2.635080,0.000000,1.247811,0.752753,0.111854,0.064262,0.107124,0.033233,0.048303,-0.011344,0.072405,0.126696,0.098432,0.014208,-0.034799,0.016711
708,-9.491698,,-0.849061,-0.169812,0.461647,1.000000,1.247811,0.752753,0.117827,0.066437,0.115576,0.033732,0.050496,-0.005002,0.065094,0.126583,0.103534,0.012338,-0.041751,0.016563
709,-9.490540,,-0.269972,-0.053994,0.613195,1.000000,1.247811,0.752753,0.126236,0.066916,0.120315,0.033641,0.048061,-0.009146,0.070800,0.124061,0.103967,0.016014,-0.041402,0.011665
710,-9.493186,,-1.593022,-0.318604,0.403380,1.000000,1.247811,0.752753,0.120761,0.062672,0.097621,0.028604,0.044978,-0.007636,0.068448,0.124065,0.100783,0.010231,-0.042531,0.016568
711,-10.000000,,-0.138077,-0.027615,0.759657,0.000000,1.247811,0.752753,0.116524,0.064806,0.105008,0.030459,0.047324,-0.008738,0.068419,0.130305,0.100539,0.010618,-0.039273,0.015956
712,-10.000000,,-0.077512,-0.015502,2.049695,0.000000,1.247811,0.752753,0.114356,0.064187,0.109006,0.028679,0.048477,-0.011548,0.075154,0.122760,0.098929,0.012151,-0.039243,0.016501
713,-10.000000,,-0.519814,-0.103963,2.584638,0.000000,1.247811,0.752753,0.117719,0.067130,0.102835,0.034787,0.042545,-0.013622,0.068174,0.121345,0.099907,0.012388,-0.045064,0.015903
714,-9.492848,,-1.423909,-0.284782,0.419196,1.000000,1.247811,0.752753,0.121290,0.062102,0.109082,0.026527,0.048167,-0.008332,0.073010,0.122549,0.103023,0.011276,-0.038094,0.014545
715,-9.998315,3.090984,0.168530,0.033706,2.107438,0.000000,1.247811,0.752753,0.114366,0.064058,0.105424,0.028194,0.044699,-0.008646,0.077665,0.130800,0.098474,0.010476,-0.037134,0.015069
716,-9.492892,,-1.446145,-0.289229,0.417356,1.000000,1.247811,0.752753,0.136569,0.057548,0.107794,0.033256,0.046236,-0.010792,0.073165,0.123309,0.100932,0.012502,-0.046523,0.011195
717,-9.491728,,-0.864243,-0.172849,0.449826,1.000000,1.247811,0.752753,0.118925,0.067721,0.118741,0.033299,0.049865,-0.010914,0.071464,0.140124,0.098513,0.013497,-0.037342,0.013956
718,-9.491264,,-0.632025,-0.126405,0.403883,1.000000,1.247811,0.752753,0.126490,0.066932,0.119170,0.031407,0.051037,-0.012666,0.070499,0.126679,0.098106,0.016602,-0.037322,0.014653
719,-10.000000,,-0.100586,-0.020117,1.738092,0.000000,1.247811,0.752753,0.118593,0.067886,0.113372,0.034726,0.050938,0.000389,0.069430,0.124182,0.103363,0.013694,-0.044834,0.015196
720,-9.492205,,-1.102644,-0.220529,0.475445,1.000000,1.247811,0.752753,0.121386,0.061027,0.115220,0.032165,0.046642,-0.016473,0.067400,0.132352,0.100682,0.012168,-0.043421,0.013434
721,-9.997015,1.937920,0.298466,0.059693,1.977989,0.000000,1.247811,0.752753,0.112219,0.069380,0.109637,0.031680,0.050871,-0.000521,0.071403,0.137517,0.098743,0.010632,-0.041943,0.016179
722,-10.000000,,-0.540891,-0.108178,2.646536,0.000000,1.247811,0.752753,0.122568,0.067709,0.114082,0.032931,0.046112,-0.014619,0.070370,0.121744,0.096361,0.021187,-0.040370,0.016484
723,-10.000000,,-0.083208,-0.016642,1.958250,0.000000,1.247811,0.752753,0.119215,0.066595,0.119641,0.035020,0.050034,-0.001111,0.069408,0.128549,0.105392,0.010329,-0.040146,0.016370
724,-9.491682,,-0.841183,-0.168237,0.422404,1.000000,1.247811,0.752753,0.118928,0.066851,0.107844,0.032524,0.048658,-0.000159,0.067089,0.129138,0.098367,0.013330,-0.042533,0.013937
725,-10.000000,,-0.366558,-0.073312,2.491134,0.000000,1.247811,0.752753,0.125204,0.067377,0.121491,0.031189,0.044571,-0.014357,0.069244,0.115772,0.102417,0.017038,-0.042164,0.013244
726,-9.492724,,-1.362181,-0.272436,0.436066,1.000000,1.247811,0.752753,0.131194,0.058651,0.098284,0.034964,0.049751,-0.009806,0.071765,0.125747,0.105445,0.012892,-0.043614,0.008135
727,-10.000000,,-0.523908,-0.104782,2.258123,0.000000,1.247811,0.752753,0.118116,0.067358,0.115052,0.030329,0.050742,-0.012159,0.070565,0.136476,0.095892,0.013040,-0.039391,0.013291
728,-9.998211,3.451605,0.178939,0.035788,2.207902,0.000000,1.247811,0.752753,0.119834,0.072783,0.117877,0.031435,0.049078,-0.005606,0.065078,0.127232,0.098967,0.017261,-0.039735,0.016678
729,-9.492345,,-1.172357,-0.234471,0.409585,1.000000,1.247811,0.752753,0.126395,0.069978,0.116503,0.029363,0.046925,-0.010452,0.069629,0.141274,0.101468,0.013222,-0.039117,0.016295
730,-9.492814,,-1.406963,-0.281393,0.388464,1.000000,1.247811,0.752753,0.136202,0.064238,0.115357,0.026269,0.046127,-0.015050,0.066871,0.127321,0.099183,0.017190,-0.041102,0.014125
731,-10.000000,,-0.551925,-0.110385,2.568079,0.000000,1.247811,0.752753,0.128179,0.062264,0.115896,0.026623,0.049419,-0.022747,0.074883,0.130206,0.092618,0.018208,-0.035447,0.016595
732,-10.000000,,-0.163652,-0.032730,2.071438,0.000000,1.247811,0.752753,0.117158,0.068926,0.126048,0.032944,0.056698,-0.004275,0.067217,0.134380,0.100739,0.016881,-0.037785,0.016445
733,-9.997576,2.821662,0.242407,0.048481,2.043857,0.000000,1.247811,0.752753,0.121933,0.065795,0.111018,0.033421,0.049658,-0.011408,0.069378,0.132750,0.100273,0.012883,-0.045448,0.016361
734,-10.000000,,-0.067804,-0.013561,1.835661,0.000000,1.247811,0.752753,0.130228,0.065214,0.113160,0.034298,0.048847,-0.005944,0.067692,0.119210,0.104333,0.016857,-0.038596,0.014243
735,-9.493682,,-1.841135,-0.368227,0.404783,1.000000,1.247811,0.752753,0.131318,0.065948,0.111575,0.030766,0.049949,-0.006819,0.070956,0.122285,0.097267,0.011043,-0.042777,0.013451
736,-10.000000,,-0.279218,-0.055844,1.903484,0.000000,1.247811,0.752753,0.113052,0.064034,0.117609,0.032593,0.050045,-0.011329,0.072678,0.136305,0.094999,0.014599,-0.035343,0.013062
737,-10.000000,,-0.101809,-0.020362,2.053109,0.000000,1.247811,0.752753,0.124873,0.068372,0.111262,0.033565,0.048320,-0.008480,0.069162,0.126091,0.101094,0.012230,-0.041230,0.016658
738,-9.493002,,-1.500842,-0.300168,0.438282,1.000000,1.247811,0.752753,0.113670,0.075278,0.116971,0.030842,0.044549,-0.000320,0.063446,0.132653,0.096360,0.010843,-0.045094,0.010279
739,-10.000000,,-0.205320,-0.041064,1.684459,0.000000,1.247811,0.752753,0.120163,0.067797,0.117069,0.031380,0.050868,-0.012581,0.070605,0.140963,0.101043,0.016477,-0.036215,0.015423
740,-10.000000,,-1.249678,-0.249936,0.657868,0.000000,1.247811,0.752753,0.136020,0.065613,0.112965,0.032251,0.049878,-0.013627,0.070170,0.129254,0.099079,0.015276,-0.040665,0.014349
741,-9.492282,,-1.141085,-0.228217,0.420820,1.000000,1.247811,0.752753,0.123430,0.071320,0.121164,0.028839,0.048338,-0.004467,0.063554,0.127447,0.103566,0.010745,-0.035911,0.016514
742,-10.000000,,-0.581335,-0.116267,2.040452,0.000000,1.247811,0.752753,0.122693,0.069448,0.108695,0.032173,0.050347,-0.007500,0.067743,0.135923,0.099676,0.010404,-0.044509,0.015208
743,-9.492486,,-1.243145,-0.248629,0.485802,1.000000,1.247811,0.752753,0.125915,0.062775,0.109061,0.023104,0.048377,-0.011527,0.073827,0.137292,0.100180,0.010984,-0.035473,0.011902
744,-10.000000,,-0.758654,-0.151731,1.993234,0.000000,1.247811,0.752753,0.129051,0.065835,0.116863,0.030121,0.047095,-0.012950,0.067362,0.136817,0.097991,0.010471,-0.034312,0.011900
745,-10.000000,,-1.072472,-0.214494,1.848296,0.000000,1.247811,0.752753,0.132185,0.066450,0.107332,0.024977,0.044084,-0.018665,0.075327,0.137430,0.095596,0.010967,-0.043958,0.014258
746,-10.000000,,-0.271640,-0.054328,1.547918,0.000000,1.247811,0.752753,0.132736,0.071682,0.114060,0.034629,0.045657,-0.008721,0.063208,0.135936,0.097201,0.014930,-0.043792,0.014158
747,-9.492241,,-1.120606,-0.224121,0.410081,1.000000,1.247811,0.752753,0.127686,0.067729,0.111203,0.029511,0.045755,-0.012077,0.064802,0.131438,0.100640,0.010990,-0.041797,0.016665
748,-9.997853,2.494626,0.214680,0.042936,2.216153,0.000000,1.247811,0.752753,0.132610,0.066317,0.111635,0.025425,0.052301,-0.018113,0.076839,0.133390,0.099569,0.018963,-0.038262,0.016730
749,-9.994434,1.300609,0.556578,0.111316,1.610238,0.000000,1.247811,0.752753,0.124039,0.066702,0.117558,0.027886,0.049949,-0.017338,0.075385,0.138519,0.098611,0.012827,-0.036536,0.015618
750,-9.492071,,-1.035458,-0.207092,0.458601,1.000000,1.247811,0.752753,0.126572,0.064367,0.114842,0.026490,0.048259,-0.012835,0.073120,0.132106,0.100255,0.010449,-0.031485,0.014103
751,-9.493041,,-1.520480,-0.304096,0.444343,1.000000,1.247811,0.752753,0.130556,0.060844,0.095838,0.023268,0.044947,-0.012807,0.070079,0.139597,0.099515,0.010642,-0.039781,0.013588
752,-9.491878,,-0.938895,-0.187779,0.425578,1.000000,1.247811,0.752753,0.127250,0.062949,0.111614,0.031270,0.046739,-0.013383,0.069608,0.129677,0.096900,0.012547,-0.038012,0.014771
753,-10.000000,,-0.883679,-0.176736,2.072850,0.000000,1.247811,0.752753,0.119089,0.071418,0.130881,0.028966,0.050734,-0.008332,0.064522,0.123019,0.097000,0.010355,-0.036942,0.010491
754,-10.000000,,-1.117268,-0.223454,1.769560,0.000000,1.247811,0.752753,0.128658,0.074664,0.122644,0.024008,0.045933,-0.014367,0.068140,0.136669,0.096681,0.014066,-0.031991,0.011802
755,-9.998217,2.775203,0.178265,0.035653,2.206904,0.000000,1.247811,0.752753,0.122328,0.068383,0.100844,0.025190,0.048748,-0.009076,0.066057,0.130541,0.108337,0.022869,-0.037235,0.014359
756,-9.493073,,-1.536496,-0.307299,0.386793,1.000000,1.247811,0.752753,0.130153,0.066473,0.115771,0.026544,0.045311,-0.007044,0.065397,0.126182,0.098685,0.016337,-0.038229,0.016687
757,-9.492684,,-1.341765,-0.268353,0.416590,1.000000,1.247811,0.752753,0.122264,0.067936,0.111145,0.027656,0.049613,-0.006248,0.066613,0.125297,0.102738,0.012698,-0.040223,0.014898
758,-9.493767,,-1.883690,-0.376738,0.406751,1.000000,1.247811,0.752753,0.127139,0.064304,0.113966,0.028903,0.046838,-0.005386,0.061939,0.128085,0.102328,0.013149,-0.039432,0.016233
759,-9.494797,,-2.398339,-0.479668,0.378882,1.000000,1.247811,0.752753,0.120594,0.070002,0.113838,0.027469,0.050979,-0.006460,0.065488,0.128915,0.092952,0.010619,-0.039248,0.006485
760,-9.998170,2.785832,0.183038,0.036608,2.267971,0.000000,1.247811,0.752753,0.130097,0.065647,0.106939,0.024851,0.051851,-0.015592,0.073670,0.130335,0.106121,0.017217,-0.037614,0.016255
761,-10.000000,,-1.453528,-0.290706,1.189734,0.000000,1.247811,0.752753,0.129741,0.068593,0.114715,0.027158,0.048698,-0.005838,0.070446,0.136297,0.098332,0.010804,-0.037147,0.010738
762,-10.000000,,-0.746021,-0.149204,0.946317,0.000000,1.247811,0.752753,0.129638,0.062081,0.099084,0.022946,0.049109,-0.012276,0.072274,0.119545,0.100380,0.010158,-0.033335,0.009951
763,-9.998664,4.050706,0.133558,0.026712,2.300884,0.000000,1.247811,0.752753,0.125538,0.059013,0.105338,0.028809,0.050976,-0.015655,0.077615,0.135886,0.097251,0.012855,-0.034921,0.016201
764,-10.000000,,-0.107555,-0.021511,1.914120,0.000000,1.247811,0.752753,0.118669,0.071670,0.113113,0.033891,0.045344,-0.005617,0.064537,0.129241,0.100647,0.013054,-0.036869,0.010567
765,-9.493291,,-1.645436,-0.329087,0.434136,1.000000,1.247811,0.752753,0.128239,0.065815,0.112785,0.027884,0.045335,-0.012876,0.064710,0.130942,0.093075,0.010930,-0.039208,0.011460
766,-10.000000,,-0.686834,-0.137367,2.068866,0.000000,1.247811,0.752753,0.127225,0.063415,0.111356,0.030753,0.045521,-0.011063,0.070123,0.128829,0.098666,0.011711,-0.035192,0.012102
767,-9.490853,,-0.426590,-0.085318,0.719281,1.000000,1.247811,0.752753,0.119112,0.064160,0.113130,0.031306,0.047791,-0.010877,0.067846,0.138766,0.102086,0.011491,-0.037345,0.013453
768,-10.000000,,-1.080136,-0.216027,1.841813,0.000000,1.247811,0.752753,0.125278,0.061617,0.106416,0.028417,0.047279,-0.004787,0.067681,0.139422,0.096102,0.016249,-0.038805,0.010922
769,-10.000000,,-2.213747,-0.442749,0.568623,0.000000,1.247811,0.752753,0.133455,0.063878,0.114743,0.025009,0.051145,-0.012102,0.071181,0.140149,0.091737,0.017653,-0.041862,0.008477
770,-10.000000,,-1.025126,-0.205025,0.992103,0.000000,1.247811,0.752753,0.127072,0.061480,0.104336,0.029959,0.044485,-0.013814,0.070822,0.124658,0.097923,0.016913,-0.038436,0.014036
771,-9.492948,,-1.473857,-0.294771,0.394358,1.000000,1.247811,0.752753,0.131432,0.057302,0.104271,0.023484,0.047673,-0.012353,0.075022,0.131902,0.103329,0.012718,-0.034409,0.016275
772,-10.000000,,-1.014566,-0.202913,1.003502,0.000000,1.247811,0.752753,0.117787,0.065895,0.104882,0.031194,0.045084,-0.006521,0.061998,0.132858,0.099786,0.014484,-0.040629,0.011082
773,-9.491193,,-0.596570,-0.119314,0.598184,1.000000,1.247811,0.752753,0.116421,0.064582,0.109139,0.034251,0.046062,-0.006620,0.068735,0.134734,0.097673,0.010774,-0.038878,0.016649
774,-10.000000,,-0.844225,-0.168845,1.869912,0.000000,1.247811,0.752753,0.127221,0.065355,0.117147,0.031736,0.049502,-0.010134,0.064081,0.140854,0.096464,0.010715,-0.039627,0.010773
775,-9.492816,,-1.408191,-0.281638,0.403236,1.000000,1.247811,0.752753,0.132109,0.062630,0.107729,0.029334,0.049713,-0.011316,0.072683,0.123553,0.098187,0.010820,-0.038052,0.015654
776,-9.493264,,-1.632214,-0.326443,0.420528,1.000000,1.247811,0.752753,0.121030,0.062448,0.106397,0.030065,0.047545,-0.009565,0.064049,0.137332,0.103072,0.010791,-0.038651,0.016707
777,-9.494319,,-2.159253,-0.431851,0.410156,1.000000,1.247811,0.752753,0.132442,0.062450,0.104422,0.025171,0.043908,-0.008891,0.068860,0.131681,0.099645,0.014850,-0.035954,0.010713
778,-10.000000,,-0.198289,-0.039658,1.298564,0.000000,1.247811,0.752753,0.117979,0.060486,0.096852,0.030699,0.049002,-0.011116,0.073200,0.132899,0.096387,0.011567,-0.040717,0.011518
779,-10.000000,,-0.828132,-0.165626,2.039861,0.000000,1.247811,0.752753,0.117753,0.070488,0.114882,0.034963,0.046600,-0.001060,0.059382,0.136001,0.100995,0.010152,-0.047737,0.009879
780,-9.493367,,-1.683425,-0.336685,0.423133,1.000000,1.247811,0.752753,0.118328,0.062875,0.113621,0.028630,0.053044,-0.008445,0.070752,0.136977,0.102676,0.016300,-0.033270,0.013925
781,-9.491260,,-0.630089,-0.126018,0.521549,1.000000,1.247811,0.752753,0.126091,0.061737,0.109446,0.030062,0.047652,-0.013704,0.072853,0.133199,0.097461,0.010150,-0.036276,0.010647
782,-10.000000,,-0.358149,-0.071630,2.475469,0.000000,1.247811,0.752753,0.127670,0.061336,0.111141,0.034268,0.043316,-0.013676,0.073066,0.126522,0.101680,0.011353,-0.037206,0.014864
783,-9.996982,1.698644,0.301799,0.060360,2.184421,0.000000,1.247811,0.752753,0.120878,0.058925,0.103263,0.028194,0.047569,-0.015985,0.074724,0.129524,0.098672,0.010154,-0.038056,0.016695
784,-9.491833,,-0.916478,-0.183296,0.530585,1.000000,1.247811,0.752753,0.116420,0.064237,0.109279,0.032992,0.045541,-0.014549,0.067955,0.136481,0.094621,0.010337,-0.037505,0.013714
785,-9.492504,,-1.251794,-0.250359,0.413605,1.000000,1.247811,0.752753,0.129567,0.058202,0.102285,0.028792,0.044434,-0.014913,0.076961,0.131245,0.098158,0.010162,-0.034099,0.016734
786,-9.492741,,-1.370414,-0.274083,0.397805,1.000000,1.247811,0.752753,0.132967,0.061571,0.102671,0.028977,0.046189,-0.009842,0.073555,0.130042,0.100250,0.011672,-0.040350,0.014837
787,-9.490772,,-0.385933,-0.077187,0.480481,1.000000,1.247811,0.752753,0.127873,0.062133,0.113050,0.032482,0.045144,-0.016139,0.071536,0.132153,0.097736,0.010331,-0.039459,0.015379
788,-9.492515,,-1.257486,-0.251497,0.434796,1.000000,1.247811,0.752753,0.119667,0.062928,0.099631,0.030115,0.045701,-0.006067,0.072081,0.129842,0.103587,0.010513,-0.036426,0.014851
789,-10.000000,,-0.075164,-0.015033,1.578995,0.000000,1.247811,0.752753,0.118777,0.061930,0.106460,0.027379,0.048786,-0.008704,0.072268,0.129049,0.093211,0.011609,-0.033994,0.012244
790,-9.491902,,-0.950778,-0.190156,0.428753,1.000000,1.247811,0.752753,0.132812,0.057065,0.100580,0.029000,0.044899,-0.010093,0.071066,0.126416,0.100244,0.010471,-0.039504,0.016163
791,-9.493198,,-1.598775,-0.319755,0.390730,1.000000,1.247811,0.752753,0.132588,0.059703,0.104778,0.027800,0.047162,-0.014440,0.075333,0.130835,0.095411,0.010966,-0.035760,0.014784
792,-10.000000,,-0.834226,-0.166845,1.841336,0.000000,1.247811,0.752753,0.120174,0.064691,0.115872,0.031983,0.049064,-0.001019,0.068637,0.134591,0.098855,0.010417,-0.038409,0.016235
793,-9.995108,1.350729,0.489174,0.097835,1.880030,0.000000,1.247811,0.752753,0.128058,0.061500,0.105673,0.033068,0.044515,-0.017274,0.071080,0.131163,0.096644,0.014827,-0.040605,0.015721
794,-10.000000,,-0.126096,-0.025219,1.991287,0.000000,1.247811,0.752753,0.127353,0.058925,0.113602,0.033642,0.045084,-0.015799,0.073171,0.133610,0.097160,0.010148,-0.035873,0.016041
795,-9.999204,6.524630,0.079595,0.015919,1.915350,0.000000,1.247811,0.752753,0.126887,0.063385,0.109910,0.031144,0.045068,-0.016663,0.072103,0.130265,0.094228,0.012885,-0.038283,0.013862
796,-10.000000,,-0.332153,-0.066431,2.422505,0.000000,1.247811,0.752753,0.127992,0.061516,0.106995,0.030710,0.043956,-0.017586,0.072551,0.129968,0.099182,0.013937,-0.038483,0.016716
797,-9.492917,,-1.458588,-0.291718,0.412845,1.000000,1.247811,0.752753,0.136193,0.058084,0.103785,0.031120,0.041040,-0.015902,0.074326,0.128738,0.098132,0.010204,-0.036218,0.016174
798,-9.492099,,-1.049719,-0.209944,0.429461,1.000000,1.247811,0.752753,0.126234,0.061173,0.108784,0.030471,0.044008,-0.012764,0.073784,0.127768,0.097372,0.010402,-0.037529,0.015739
799,-9.492567,,-1.283394,-0.256679,0.426449,1.000000,1.247811,0.752753,0.134965,0.061338,0.103861,0.029523,0.043462,-0.020377,0.071330,0.139258,0.101893,0.010481,-0.036677,0.016690
800,-10.000000,,-0.584047,-0.116809,1.102136,0.000000,1.247811,0.752753,0.122194,0.063744,0.109180,0.031782,0.047217,-0.010394,0.068897,0.140458,0.101116,0.010285,-0.040950,0.016202
801,-10.000000,,-0.455760,-0.091152,2.266184,0.000000,1.247811,0.752753,0.125641,0.061462,0.105977,0.028187,0.042960,-0.015703,0.069611,0.134487,0.094584,0.011994,-0.037129,0.014428
802,-9.492731,,-1.365356,-0.273071,0.392980,1.000000,1.247811,0.752753,0.131699,0.056010,0.098513,0.027308,0.043688,-0.018066,0.074169,0.130136,0.096476,0.010280,-0.037647,0.015664
803,-10.000000,,-0.047034,-0.009407,0.674939,0.000000,1.247811,0.752753,0.123256,0.061448,0.107731,0.030380,0.043330,-0.017448,0.071305,0.137748,0.095770,0.012608,-0.041010,0.015336
804,-9.492650,,-1.325118,-0.265024,0.414957,1.000000,1.247811,0.752753,0.126777,0.061387,0.107470,0.032246,0.046871,-0.012292,0.070642,0.137019,0.098139,0.010167,-0.040021,0.016163
805,-9.492485,,-1.242526,-0.248505,0.425610,1.000000,1.247811,0.752753,0.130782,0.062217,0.108104,0.030313,0.045783,-0.014190,0.073283,0.135141,0.098130,0.010970,-0.037375,0.016196
806,-9.492479,,-1.239389,-0.247878,0.427167,1.000000,1.247811,0.752753,0.136680,0.060017,0.105699,0.028414,0.040741,-0.019497,0.070844,0.130959,0.096852,0.011326,-0.039668,0.013487
807,-10.000000,,-0.611985,-0.122397,1.033007,0.000000,1.247811,0.752753,0.126357,0.062396,0.118116,0.034835,0.044680,-0.009287,0.067064,0.130238,0.095160,0.010518,-0.039489,0.015537
808,-9.492246,,-1.122981,-0.224596,0.412818,1.000000,1.247811,0.752753,0.132009,0.063382,0.113839,0.028571,0.041475,-0.016567,0.069877,0.126752,0.099852,0.013830,-0.037438,0.014629
809,-9.491150,,-0.575097,-0.115019,0.499989,1.000000,1.247811,0.752753,0.127023,0.057576,0.100911,0.028893,0.041794,-0.021242,0.073056,0.134360,0.092951,0.010462,-0.038551,0.014694
810,-9.493417,,-1.708386,-0.341677,0.399658,1.000000,1.247811,0.752753,0.135805,0.059814,0.101549,0.028681,0.044560,-0.017181,0.070361,0.135173,0.098931,0.010356,-0.039625,0.016440
811,-9.491772,,-0.885751,-0.177150,0.468412,1.000000,1.247811,0.752753,0.126764,0.064358,0.105793,0.034594,0.041526,-0.011805,0.070266,0.129802,0.095446,0.010869,-0.039864,0.016478
812,-9.991493,0.806647,0.850728,0.170146,1.892665,0.000000,1.247811,0.752753,0.123334,0.058716,0.102800,0.031528,0.046436,-0.016023,0.072607,0.129111,0.097759,0.010568,-0.040030,0.016735
813,-10.000000,,-0.291482,-0.058296,1.380753,0.000000,1.247811,0.752753,0.129679,0.060333,0.101411,0.033815,0.044389,-0.018131,0.073096,0.127274,0.098027,0.010948,-0.039192,0.016709
814,-9.491897,,-0.948419,-0.189684,0.451320,1.000000,1.247811,0.752753,0.125525,0.062459,0.108061,0.030151,0.045733,-0.012823,0.072263,0.132164,0.093734,0.010258,-0.040635,0.014534
815,-9.997731,2.469583,0.226934,0.045387,2.203903,0.000000,1.247811,0.752753,0.128834,0.059010,0.100955,0.031398,0.043469,-0.019903,0.074931,0.134035,0.093338,0.013030,-0.038100,0.016145
816,-10.000000,,-0.501446,-0.100289,2.180796,0.000000,1.247811,0.752753,0.117808,0.060512,0.102393,0.028584,0.042839,-0.014312,0.074317,0.137505,0.092399,0.011060,-0.039255,0.016366
817,-10.000000,,-0.449013,-0.089803,2.250566,0.000000,1.247811,0.752753,0.124732,0.069784,0.111121,0.031281,0.042018,-0.017224,0.065309,0.136879,0.092784,0.012991,-0.041808,0.013642
818,-10.000000,,-0.498440,-0.099688,2.476768,0.000000,1.247811,0.752753,0.117830,0.066665,0.107470,0.034855,0.042747,-0.016811,0.069223,0.135337,0.094662,0.012133,-0.039009,0.016289
819,-10.000000,,-0.526468,-0.105294,2.285863,0.000000,1.247811,0.752753,0.132878,0.058700,0.107986,0.029509,0.045598,-0.019811,0.075105,0.130991,0.088349,0.010291,-0.043522,0.016482
820,-9.998375,3.691302,0.162473,0.032495,2.176680,0.000000,1.247811,0.752753,0.129267,0.060529,0.100834,0.031475,0.039064,-0.019184,0.075578,0.127851,0.098021,0.012402,-0.036599,0.011782
821,-10.000000,,-0.957278,-0.191456,0.853202,0.000000,1.247811,0.752753,0.123423,0.062141,0.105080,0.032302,0.042921,-0.016196,0.069901,0.136030,0.093857,0.010385,-0.038367,0.015949
822,-10.000000,,-0.379057,-0.075811,2.317452,0.000000,1.247811,0.752753,0.126804,0.063241,0.115496,0.031516,0.040145,-0.015513,0.072055,0.128015,0.090141,0.010610,-0.038908,0.016723
823,-9.491865,,-0.932614,-0.186523,0.422045,1.000000,1.247811,0.752753,0.125748,0.060958,0.095469,0.027387,0.042572,-0.020869,0.072807,0.127447,0.093720,0.016513,-0.039968,0.015462
824,-9.492539,,-1.269713,-0.253943,0.412701,1.000000,1.247811,0.752753,0.129313,0.060096,0.104364,0.031295,0.042776,-0.013961,0.069876,0.134774,0.098064,0.011918,-0.041717,0.016577
825,-9.998369,3.068013,0.163127,0.032625,2.132880,0.000000,1.247811,0.752753,0.130007,0.058882,0.096885,0.032011,0.041574,-0.019394,0.071483,0.133723,0.096543,0.011329,-0.039869,0.016192
826,-10.000000,,-0.631620,-0.126324,2.108899,0.000000,1.247811,0.752753,0.130406,0.059533,0.096778,0.030329,0.039809,-0.018077,0.073006,0.127864,0.092415,0.012173,-0.040229,0.014894
827,-9.490340,,-0.170177,-0.034035,0.567987,1.000000,1.247811,0.752753,0.126488,0.061365,0.105868,0.029025,0.042778,-0.021554,0.072407,0.129802,0.098045,0.010700,-0.036224,0.014184
828,-9.490672,,-0.335911,-0.067182,0.584891,1.000000,1.247811,0.752753,0.123525,0.058393,0.099795,0.033604,0.044191,-0.016537,0.073285,0.127760,0.095575,0.014227,-0.040826,0.011187
829,-10.000000,,-0.127372,-0.025474,0.718374,0.000000,1.247811,0.752753,0.121359,0.061700,0.105252,0.032972,0.044403,-0.011080,0.070401,0.133836,0.096713,0.011925,-0.038424,0.016687
830,-9.492313,,-1.156669,-0.231334,0.432474,1.000000,1.247811,0.752753,0.132781,0.058901,0.095963,0.027633,0.041951,-0.019589,0.075242,0.129037,0.100993,0.014620,-0.038743,0.013284
831,-9.492201,,-1.100487,-0.220097,0.397585,1.000000,1.247811,0.752753,0.133314,0.055567,0.095493,0.027237,0.046729,-0.023104,0.073553,0.129045,0.093999,0.013808,-0.042798,0.016723
832,-9.491221,,-0.610351,-0.122070,0.475936,1.000000,1.247811,0.752753,0.127797,0.059169,0.101250,0.031604,0.043843,-0.018174,0.072933,0.133261,0.095832,0.011631,-0.041978,0.012390
833,-9.492298,,-1.149134,-0.229827,0.390457,1.000000,1.247811,0.752753,0.126130,0.062290,0.094316,0.032590,0.038977,-0.018752,0.069091,0.130940,0.092360,0.010281,-0.042906,0.016170
834,-9.492517,,-1.258681,-0.251736,0.400290,1.000000,1.247811,0.752753,0.123513,0.057192,0.098362,0.029698,0.046696,-0.016872,0.076895,0.136252,0.092458,0.011775,-0.039990,0.016672
835,-10.000000,,-1.187588,-0.237518,0.931955,0.000000,1.247811,0.752753,0.123187,0.059410,0.101839,0.028427,0.044169,-0.018554,0.077515,0.130453,0.094304,0.011961,-0.035182,0.014540
836,-9.491566,,-0.782803,-0.156561,0.418834,1.000000,1.247811,0.752753,0.127930,0.057596,0.100227,0.032219,0.043717,-0.015301,0.074135,0.132107,0.096588,0.010183,-0.039524,0.012389
837,-9.491768,,-0.884095,-0.176819,0.426132,1.000000,1.247811,0.752753,0.131775,0.056274,0.102808,0.029802,0.045536,-0.019501,0.075480,0.127879,0.096268,0.012898,-0.039735,0.012463
838,-9.490481,,-0.240497,-0.048099,0.523452,1.000000,1.247811,0.752753,0.128467,0.056672,0.097911,0.034449,0.043402,-0.019894,0.070994,0.132912,0.094310,0.012858,-0.042468,0.012339
839,-9.997458,2.194990,0.254162,0.050832,1.621089,0.000000,1.247811,0.752753,0.131020,0.057428,0.094866,0.030774,0.041284,-0.023175,0.074326,0.132416,0.097572,0.011490,-0.038380,0.012437
840,-10.000000,,-1.255494,-0.251099,1.088026,0.000000,1.247811,0.752753,0.126364,0.059928,0.106206,0.031335,0.044304,-0.019435,0.075197,0.130862,0.101878,0.014362,-0.037341,0.007158
841,-10.000000,,-0.088760,-0.017752,0.907024,0.000000,1.247811,0.752753,0.127505,0.058192,0.099358,0.028832,0.043092,-0.017556,0.075731,0.127741,0.099511,0.014634,-0.035745,0.015208
842,-9.491421,,-0.710526,-0.142105,0.567846,1.000000,1.247811,0.752753,0.122505,0.065933,0.110970,0.033116,0.044382,-0.013495,0.069226,0.130816,0.097338,0.015635,-0.042913,0.012096
843,-9.997782,2.255285,0.221805,0.044361,2.205941,0.000000,1.247811,0.752753,0.121563,0.055138,0.094340,0.032798,0.044686,-0.021331,0.074479,0.125495,0.093607,0.015096,-0.039342,0.011458
844,-9.492419,,-1.209681,-0.241936,0.499084,1.000000,1.247811,0.752753,0.126037,0.059395,0.099826,0.031203,0.042947,-0.020181,0.071014,0.134265,0.093698,0.011638,-0.043689,0.016242
845,-10.000000,,-0.600161,-0.120032,2.291228,0.000000,1.247811,0.752753,0.135386,0.058244,0.108314,0.032423,0.042296,-0.019681,0.073142,0.127402,0.098113,0.011011,-0.037915,0.010704
846,-10.000000,,-0.470231,-0.094046,2.274765,0.000000,1.247811,0.752753,0.128299,0.055607,0.098560,0.031638,0.045179,-0.018163,0.071745,0.126797,0.097978,0.012294,-0.042852,0.010151
847,-9.491540,,-0.770047,-0.154009,0.539513,1.000000,1.247811,0.752753,0.114694,0.059697,0.104675,0.032902,0.045270,-0.018414,0.072693,0.135336,0.094287,0.010194,-0.035946,0.013906
848,-9.491692,,-0.845959,-0.169192,0.457584,1.000000,1.247811,0.752753,0.125698,0.060365,0.097271,0.032655,0.041813,-0.018288,0.070834,0.133261,0.094569,0.013526,-0.045151,0.012605
849,-10.000000,,-0.860321,-0.172064,2.188991,0.000000,1.247811,0.752753,0.123032,0.058263,0.109189,0.034925,0.042247,-0.016895,0.069789,0.133546,0.092030,0.011875,-0.043126,0.011804
850,-9.491313,,-0.656346,-0.131269,0.474520,1.000000,1.247811,0.752753,0.126700,0.059050,0.103032,0.030407,0.044516,-0.017580,0.074661,0.131793,0.097757,0.011178,-0.042595,0.015084
851,-10.000000,,-1.168108,-0.233622,1.018490,0.000000,1.247811,0.752753,0.127258,0.054423,0.100155,0.035020,0.045117,-0.020849,0.072820,0.135633,0.094652,0.013620,-0.039627,0.010896
852,-9.492563,,-1.281273,-0.256255,0.521607,1.000000,1.247811,0.752753,0.128502,0.058940,0.106448,0.033208,0.042586,-0.016801,0.069251,0.133360,0.091658,0.013141,-0.046630,0.010274
853,-10.000000,,-0.077721,-0.015544,2.046965,0.000000,1.247811,0.752753,0.129938,0.061662,0.102353,0.031679,0.041735,-0.022005,0.070518,0.132310,0.095809,0.012532,-0.041469,0.013892
854,-9.490838,,-0.419169,-0.083834,0.480073,1.000000,1.247811,0.752753,0.126249,0.057814,0.099773,0.032192,0.042596,-0.017597,0.072570,0.130345,0.094252,0.012883,-0.040540,0.012555
855,-9.491081,,-0.540609,-0.108122,0.433260,1.000000,1.247811,0.752753,0.122929,0.065199,0.099899,0.035014,0.042232,-0.017403,0.067211,0.126257,0.092571,0.016505,-0.048943,0.009414
856,-10.000000,,-0.574931,-0.114986,2.044961,0.000000,1.247811,0.752753,0.131078,0.057311,0.104594,0.033019,0.044025,-0.014973,0.073018,0.122045,0.099136,0.011377,-0.040981,0.010049
857,-9.997485,2.357463,0.251542,0.050308,2.070912,0.000000,1.247811,0.752753,0.128230,0.055186,0.103747,0.032315,0.048838,-0.014474,0.075056,0.132580,0.095537,0.010950,-0.037894,0.015782
858,-10.000000,,-0.552955,-0.110591,2.293587,0.000000,1.247811,0.752753,0.124630,0.060371,0.108060,0.033622,0.044457,-0.021440,0.072202,0.139269,0.094001,0.011083,-0.041652,0.012980
859,-9.490544,,-0.271966,-0.054393,0.623244,1.000000,1.247811,0.752753,0.117767,0.060581,0.105248,0.033743,0.049336,-0.015882,0.070755,0.129810,0.098830,0.013820,-0.042467,0.012281
860,-9.491018,,-0.508813,-0.101763,0.490383,1.000000,1.247811,0.752753,0.121251,0.058414,0.104284,0.031283,0.046199,-0.019331,0.073054,0.132875,0.094093,0.010185,-0.038365,0.013155
861,-9.999522,15.275573,0.047839,0.009568,1.437862,0.000000,1.247811,0.752753,0.123894,0.061946,0.099650,0.034985,0.048886,-0.022395,0.071418,0.134875,0.096445,0.013012,-0.046304,0.010969
862,-10.000000,,-0.861449,-0.172290,2.266746,0.000000,1.247811,0.752753,0.118659,0.059863,0.111174,0.033949,0.043321,-0.018405,0.070244,0.136370,0.095976,0.014067,-0.042425,0.008177
863,-9.998065,2.589917,0.193472,0.038694,2.035095,0.000000,1.247811,0.752753,0.126454,0.058715,0.097344,0.029135,0.044154,-0.020349,0.076496,0.135076,0.095344,0.013964,-0.039106,0.014307
864,-10.000000,,-0.132630,-0.026526,1.947249,0.000000,1.247811,0.752753,0.122765,0.059575,0.101380,0.034781,0.045156,-0.016578,0.073258,0.126449,0.094127,0.016146,-0.045879,0.010144
865,-9.493063,,-1.531296,-0.306259,0.517153,1.000000,1.247811,0.752753,0.123986,0.063519,0.104981,0.033566,0.042658,-0.015604,0.066753,0.129275,0.092511,0.016619,-0.047428,0.008021
866,-10.000000,,-0.592005,-0.118401,2.315820,0.000000,1.247811,0.752753,0.130405,0.058040,0.096503,0.031959,0.043305,-0.019564,0.071378,0.129902,0.095279,0.012992,-0.043801,0.010316
867,-9.490750,,-0.375032,-0.075006,0.448502,1.000000,1.247811,0.752753,0.126917,0.056109,0.094689,0.033749,0.042604,-0.020457,0.072560,0.126294,0.094485,0.012386,-0.043370,0.010268
868,-9.999007,5.468888,0.099339,0.019868,1.969908,0.000000,1.247811,0.752753,0.129565,0.059242,0.095184,0.031142,0.040320,-0.019726,0.071554,0.125802,0.092531,0.017814,-0.045150,0.007857
869,-10.000000,,-0.971964,-0.194393,0.735293,0.000000,1.247811,0.752753,0.115838,0.060930,0.106865,0.032268,0.043746,-0.020684,0.072055,0.140234,0.090605,0.011406,-0.041555,0.015202
870,-9.491104,,-0.551947,-0.110389,0.474102,1.000000,1.247811,0.752753,0.116173,0.061205,0.106475,0.032059,0.047894,-0.017127,0.072782,0.124810,0.095716,0.017542,-0.041125,0.007638
871,-9.490174,,-0.086851,-0.017370,0.694475,1.000000,1.247811,0.752753,0.119164,0.058098,0.098638,0.033219,0.045052,-0.019685,0.072019,0.129683,0.095641,0.014043,-0.042022,0.012826
872,-9.490669,,-0.334355,-0.066871,0.558446,1.000000,1.247811,0.752753,0.125366,0.056884,0.099346,0.031277,0.051591,-0.022974,0.070956,0.126945,0.099423,0.015398,-0.039691,0.011901
873,-9.998397,3.208387,0.160258,0.032052,2.183679,0.000000,1.247811,0.752753,0.127640,0.055168,0.100396,0.033257,0.048405,-0.014668,0.071384,0.132258,0.101091,0.012132,-0.039728,0.012924
874,-10.000000,,-0.881140,-0.176228,1.145645,0.000000,1.247811,0.752753,0.126032,0.060930,0.102664,0.030901,0.044957,-0.017155,0.071967,0.127623,0.098093,0.013824,-0.042179,0.011363
875,-10.000000,,-0.433045,-0.086609,2.477425,0.000000,1.247811,0.752753,0.116626,0.064353,0.101940,0.034672,0.049349,-0.014375,0.068247,0.127096,0.093465,0.013563,-0.045026,0.015276
876,-9.491753,,-0.876403,-0.175281,0.482054,1.000000,1.247811,0.752753,0.122064,0.057864,0.106271,0.031346,0.048324,-0.017275,0.076119,0.126948,0.098507,0.012607,-0.038986,0.012667
877,-10.000000,,-0.482182,-0.096436,2.329319,0.000000,1.247811,0.752753,0.126828,0.058759,0.106358,0.033913,0.044939,-0.017371,0.070575,0.131095,0.098565,0.014779,-0.041808,0.009249
878,-10.000000,,-0.525837,-0.105167,1.116904,0.000000,1.247811,0.752753,0.121246,0.061244,0.100004,0.034898,0.045897,-0.017016,0.069342,0.129554,0.094795,0.013234,-0.046271,0.013390
879,-10.000000,,-0.172782,-0.034556,1.918880,0.000000,1.247811,0.752753,0.114391,0.063038,0.108953,0.032298,0.048133,-0.015462,0.069832,0.133712,0.096318,0.010306,-0.040692,0.014993
880,-10.000000,,-0.499278,-0.099856,1.042244,0.000000,1.247811,0.752753,0.115282,0.056824,0.102620,0.034938,0.049194,-0.020621,0.073101,0.123562,0.095301,0.010472,-0.038511,0.010188
881,-10.000000,,-0.530891,-0.106178,0.942228,0.000000,1.247811,0.752753,0.114879,0.057558,0.099542,0.029862,0.049522,-0.019741,0.071415,0.130815,0.098287,0.011869,-0.038842,0.015292
882,-10.000000,,-0.401604,-0.080321,0.955341,0.000000,1.247811,0.752753,0.122502,0.060088,0.104534,0.033852,0.050843,-0.017965,0.071778,0.127172,0.098030,0.016097,-0.042370,0.010923
883,-10.000000,,-0.224932,-0.044986,0.675272,0.000000,1.247811,0.752753,0.124709,0.062589,0.106781,0.029397,0.048980,-0.014671,0.074927,0.135306,0.098134,0.011417,-0.038870,0.013825
884,-10.000000,,-1.152976,-0.230595,1.062700,0.000000,1.247811,0.752753,0.123839,0.060200,0.100946,0.034557,0.043575,-0.018960,0.068662,0.126719,0.094737,0.014525,-0.045824,0.009865
885,-10.000000,,-0.498277,-0.099655,2.637924,0.000000,1.247811,0.752753,0.119176,0.059519,0.098085,0.034488,0.047219,-0.022983,0.070738,0.124337,0.101327,0.020935,-0.045238,0.007947
886,-10.000000,,-1.038939,-0.207788,1.040011,0.000000,1.247811,0.752753,0.122021,0.058065,0.101501,0.034743,0.044187,-0.013817,0.068222,0.123855,0.099056,0.014485,-0.042196,0.008773
887,-10.000000,,-0.405302,-0.081060,2.484677,0.000000,1.247811,0.752753,0.120727,0.059536,0.098814,0.033990,0.044732,-0.021244,0.067317,0.128081,0.097428,0.013297,-0.045566,0.013742
888,-10.000000,,-1.287354,-0.257471,1.023539,0.000000,1.247811,0.752753,0.121360,0.058715,0.099539,0.034231,0.046739,-0.022741,0.071047,0.127844,0.095896,0.018983,-0.045337,0.006193
889,-9.998646,3.378085,0.135446,0.027089,2.150441,0.000000,1.247811,0.752753,0.125741,0.048685,0.095369,0.030625,0.045121,-0.021849,0.077365,0.131605,0.096734,0.012847,-0.037385,0.011920
890,-10.000000,,-1.115067,-0.223013,0.999589,0.000000,1.247811,0.752753,0.126993,0.060769,0.101864,0.030497,0.045644,-0.020169,0.071209,0.129114,0.098354,0.015094,-0.041565,0.012885
891,-9.997806,2.152505,0.219387,0.043877,2.169390,0.000000,1.247811,0.752753,0.117555,0.056647,0.098009,0.030138,0.047286,-0.021601,0.072013,0.128586,0.093590,0.013652,-0.040209,0.014173
892,-9.491060,,-0.529825,-0.105965,0.574296,1.000000,1.247811,0.752753,0.120278,0.059959,0.103231,0.032993,0.048567,-0.016929,0.069675,0.128112,0.096872,0.014165,-0.040893,0.013909
893,-9.996599,1.520076,0.340070,0.068014,2.191942,0.000000,1.247811,0.752753,0.123613,0.051162,0.097605,0.030942,0.046533,-0.023074,0.076091,0.124702,0.096655,0.015181,-0.041473,0.013201
894,-9.998972,4.613077,0.102761,0.020552,2.166125,0.000000,1.247811,0.752753,0.122411,0.051509,0.100794,0.030979,0.048595,-0.019651,0.077766,0.126093,0.096838,0.017194,-0.036225,0.008569
895,-10.000000,,-1.367668,-0.273534,0.774105,0.000000,1.247811,0.752753,0.117108,0.056000,0.103179,0.031074,0.052255,-0.022643,0.075292,0.129678,0.098041,0.017574,-0.040926,0.009132
896,-9.998532,3.613999,0.146810,0.029362,1.625382,0.000000,1.247811,0.752753,0.119887,0.056530,0.096924,0.029596,0.047458,-0.021410,0.071250,0.125143,0.098833,0.017319,-0.041026,0.011560
897,-10.000000,,-0.527204,-0.105441,2.607110,0.000000,1.247811,0.752753,0.114514,0.059286,0.097381,0.034599,0.049555,-0.021657,0.069804,0.130707,0.096728,0.018581,-0.044701,0.010685
898,-10.000000,,-0.802811,-0.160562,0.867178,0.000000,1.247811,0.752753,0.121480,0.051450,0.094061,0.028253,0.046451,-0.020324,0.076491,0.133312,0.096701,0.013335,-0.039024,0.011404
899,-9.998378,2.946324,0.162169,0.032434,2.117513,0.000000,1.247811,0.752753,0.122186,0.058217,0.095843,0.030496,0.044830,-0.021011,0.074545,0.124807,0.097042,0.014316,-0.042786,0.012471
900,-10.000000,,-0.824875,-0.164975,1.045689,0.000000,1.247811,0.752753,0.122922,0.057167,0.099879,0.028879,0.046532,-0.022189,0.075700,0.124350,0.094793,0.013832,-0.038258,0.014563
901,-10.000000,,-0.732560,-0.146512,2.090552,0.000000,1.247811,0.752753,0.127158,0.054363,0.094127,0.026700,0.043659,-0.023060,0.076658,0.133004,0.092895,0.012099,-0.037044,0.015036
902,-10.000000,,-0.973151,-0.194630,1.164715,0.000000,1.247811,0.752753,0.121148,0.054105,0.094958,0.033621,0.047119,-0.021288,0.071974,0.130061,0.094923,0.013782,-0.041511,0.013880
903,-10.000000,,-0.428025,-0.085605,2.430738,0.000000,1.247811,0.752753,0.117501,0.055229,0.099041,0.034219,0.053120,-0.018938,0.071689,0.127643,0.099377,0.017896,-0.040954,0.009431
904,-9.492253,,-1.126686,-0.225337,0.392647,1.000000,1.247811,0.752753,0.129409,0.052831,0.095250,0.025729,0.048179,-0.017139,0.078197,0.125070,0.097525,0.019172,-0.040234,0.009312
905,-9.996991,1.735977,0.300892,0.060178,1.723173,0.000000,1.247811,0.752753,0.125075,0.060308,0.098042,0.030675,0.045137,-0.020240,0.067952,0.126660,0.095152,0.014991,-0.044445,0.016197
906,-10.000000,,-0.313735,-0.062747,1.495079,0.000000,1.247811,0.752753,0.122047,0.058728,0.104215,0.031304,0.045912,-0.020834,0.070434,0.125887,0.095775,0.017731,-0.041344,0.010554
907,-10.000000,,-0.036414,-0.007283,1.819586,0.000000,1.247811,0.752753,0.117788,0.055314,0.094595,0.031238,0.049913,-0.018633,0.073114,0.128689,0.100174,0.012274,-0.038378,0.013562
908,-9.996328,1.471762,0.367212,0.073442,2.160710,0.000000,1.247811,0.752753,0.118452,0.054204,0.094803,0.028756,0.046823,-0.020310,0.076040,0.126086,0.099700,0.012618,-0.040588,0.016027
909,-10.000000,,-0.939963,-0.187993,1.174101,0.000000,1.247811,0.752753,0.122916,0.059616,0.099215,0.030006,0.047225,-0.020675,0.071519,0.126286,0.094016,0.016248,-0.042042,0.014562
910,-9.998524,3.265492,0.147604,0.029521,2.157667,0.000000,1.247811,0.752753,0.122087,0.056637,0.094913,0.031703,0.046365,-0.019587,0.073767,0.128576,0.096870,0.019474,-0.042918,0.011471
911,-9.491176,,-0.588176,-0.117635,0.492420,1.000000,1.247811,0.752753,0.116588,0.057403,0.096654,0.033193,0.047654,-0.016204,0.069331,0.129993,0.093602,0.012182,-0.043310,0.014455
912,-9.997852,2.538423,0.214774,0.042955,2.184933,0.000000,1.247811,0.752753,0.119422,0.052285,0.094247,0.031993,0.050111,-0.022499,0.075271,0.124293,0.097954,0.013584,-0.041581,0.008629
913,-9.998785,4.541627,0.121546,0.024309,1.653560,0.000000,1.247811,0.752753,0.128916,0.051770,0.094578,0.030618,0.046101,-0.022060,0.075476,0.125188,0.099615,0.015690,-0.041324,0.009233
914,-10.000000,,-0.067981,-0.013596,1.288598,0.000000,1.247811,0.752753,0.123601,0.049806,0.094157,0.028455,0.048225,-0.023232,0.079151,0.125850,0.095962,0.010652,-0.036943,0.015793
915,-9.998971,6.031334,0.102934,0.020587,1.439912,0.000000,1.247811,0.752753,0.121116,0.060064,0.094099,0.032373,0.048624,-0.018750,0.068011,0.129267,0.095396,0.016164,-0.046557,0.014873
916,-10.000000,,-0.072392,-0.014478,0.874500,0.000000,1.247811,0.752753,0.121641,0.060103,0.102557,0.029694,0.044932,-0.022699,0.070324,0.125900,0.095716,0.017255,-0.044642,0.010843
917,-10.000000,,-0.638776,-0.127755,1.351995,0.000000,1.247811,0.752753,0.125137,0.058579,0.098067,0.029182,0.048330,-0.015879,0.073862,0.127628,0.099163,0.015769,-0.043278,0.013924
918,-10.000000,,-0.363847,-0.072769,2.422946,0.000000,1.247811,0.752753,0.112633,0.060122,0.101868,0.032182,0.048366,-0.011984,0.069381,0.124852,0.096826,0.015150,-0.041158,0.016634
919,-10.000000,,-1.272929,-0.254586,0.572167,0.000000,1.247811,0.752753,0.119919,0.053234,0.095869,0.027074,0.047465,-0.019982,0.072474,0.134608,0.092358,0.011304,-0.044236,0.014005
920,-10.000000,,-0.074030,-0.014806,1.792621,0.000000,1.247811,0.752753,0.118753,0.056495,0.096893,0.031931,0.048151,-0.017515,0.070839,0.126582,0.100167,0.014513,-0.041791,0.012735
921,-9.997214,1.758199,0.278594,0.055719,2.145565,0.000000,1.247811,0.752753,0.116083,0.059188,0.098576,0.032199,0.049172,-0.015630,0.068895,0.124965,0.093795,0.012208,-0.043874,0.014743
922,-10.000000,,-0.964584,-0.192917,0.911420,0.000000,1.247811,0.752753,0.120481,0.056327,0.094120,0.024894,0.051669,-0.023110,0.075818,0.130134,0.095427,0.015781,-0.038833,0.016149
923,-9.997316,1.783549,0.268435,0.053687,2.200553,0.000000,1.247811,0.752753,0.121215,0.055548,0.094069,0.031860,0.047014,-0.021419,0.072686,0.127781,0.095070,0.015138,-0.043358,0.013627
924,-10.000000,,-0.449378,-0.089876,2.449315,0.000000,1.247811,0.752753,0.116958,0.059128,0.100342,0.033696,0.048778,-0.018990,0.075065,0.128377,0.097574,0.015373,-0.040235,0.009925
925,-9.510503,1.810573,0.330743,0.066149,1.120271,1.000000,1.247811,0.752753,0.118627,0.059364,0.096467,0.031427,0.051511,-0.020894,0.071706,0.125912,0.095606,0.015620,-0.045029,0.013360
926,-10.000000,,-0.218859,-0.043772,2.410205,0.000000,1.247811,0.752753,0.117511,0.055254,0.097801,0.031724,0.049048,-0.023053,0.074160,0.126337,0.095266,0.011820,-0.040735,0.014542
927,-9.491419,,-0.709273,-0.141855,0.416966,1.000000,1.247811,0.752753,0.126540,0.058443,0.097689,0.031545,0.046099,-0.013883,0.069340,0.122762,0.097242,0.014957,-0.043885,0.013371
928,-9.491768,,-0.883826,-0.176765,0.437364,1.000000,1.247811,0.752753,0.121021,0.055841,0.096581,0.029092,0.050439,-0.017379,0.073500,0.123361,0.098028,0.013669,-0.040277,0.014860
929,-10.000000,,-1.346114,-0.269223,0.916842,0.000000,1.247811,0.752753,0.114751,0.058205,0.094337,0.028577,0.046661,-0.020867,0.070535,0.128428,0.092474,0.012201,-0.041940,0.015920
930,-9.491618,,-0.809085,-0.161817,0.483452,1.000000,1.247811,0.752753,0.115788,0.059971,0.094128,0.030279,0.049375,-0.015791,0.065314,0.126287,0.092021,0.016576,-0.045739,0.015985
931,-10.000000,,-1.420133,-0.284027,1.063955,0.000000,1.247811,0.752753,0.121966,0.054984,0.094061,0.029314,0.047562,-0.023248,0.073301,0.130249,0.094371,0.011627,-0.043251,0.013854
932,-9.491021,,-0.510505,-0.102101,0.442684,1.000000,1.247811,0.752753,0.123620,0.059200,0.094730,0.031552,0.046500,-0.021174,0.069669,0.130120,0.094161,0.012680,-0.045118,0.011923
933,-9.492764,,-1.381813,-0.276363,0.384266,1.000000,1.247811,0.752753,0.122199,0.058054,0.094080,0.030813,0.045132,-0.017309,0.072077,0.119474,0.093626,0.017548,-0.042092,0.010922
934,-10.000000,,-0.436071,-0.087214,2.455905,0.000000,1.247811,0.752753,0.118841,0.058581,0.105727,0.032111,0.048869,-0.013713,0.070882,0.124012,0.097748,0.015636,-0.040881,0.015600
935,-9.999868,37.276891,0.013179,0.002636,2.063829,0.000000,1.247811,0.752753,0.113888,0.056959,0.094515,0.033547,0.047088,-0.016684,0.070029,0.122296,0.093259,0.013733,-0.046797,0.014383
936,-9.492256,,-1.127943,-0.225589,0.403229,1.000000,1.247811,0.752753,0.129768,0.061306,0.099338,0.028988,0.046274,-0.017059,0.069146,0.128013,0.097229,0.014936,-0.047248,0.014794
937,-9.491482,,-0.740883,-0.148177,0.441576,1.000000,1.247811,0.752753,0.118893,0.057539,0.096725,0.034513,0.047941,-0.015675,0.067705,0.130464,0.093887,0.014154,-0.047006,0.011456
938,-10.000000,,-0.512422,-0.102484,1.000555,0.000000,1.247811,0.752753,0.120942,0.061563,0.098856,0.034274,0.046088,-0.017603,0.067364,0.128896,0.093296,0.013248,-0.046582,0.015942
939,-10.000000,,-0.631870,-0.126374,1.734262,0.000000,1.247811,0.752753,0.119534,0.060587,0.099027,0.034171,0.046516,-0.015481,0.067261,0.131771,0.094559,0.014147,-0.044356,0.014613
940,-9.492789,,-1.394268,-0.278854,0.428474,1.000000,1.247811,0.752753,0.127471,0.055856,0.095174,0.029029,0.046865,-0.021877,0.073181,0.122279,0.095998,0.017640,-0.043565,0.011822
941,-10.000000,,-0.048099,-0.009620,2.051554,0.000000,1.247811,0.752753,0.116880,0.061322,0.097654,0.034957,0.046542,-0.014759,0.068309,0.126566,0.094124,0.010381,-0.046975,0.015987
942,-9.492078,,-1.038910,-0.207782,0.514956,1.000000,1.247811,0.752753,0.118441,0.060881,0.097579,0.030257,0.048757,-0.016216,0.069353,0.123742,0.094862,0.015609,-0.046343,0.015012
943,-10.000000,,-0.488737,-0.097747,0.931896,0.000000,1.247811,0.752753,0.119899,0.062158,0.096328,0.034202,0.046570,-0.019230,0.067953,0.124755,0.097048,0.015321,-0.046038,0.011321
944,-10.000000,,-0.669683,-0.133937,1.214225,0.000000,1.247811,0.752753,0.128628,0.057308,0.095549,0.031319,0.048962,-0.015899,0.069766,0.121440,0.095355,0.013868,-0.043126,0.011561
945,-9.492525,,-1.262478,-0.252496,0.392408,1.000000,1.247811,0.752753,0.126808,0.059054,0.094145,0.027609,0.046735,-0.020222,0.067364,0.121690,0.095756,0.017141,-0.045770,0.011520
946,-10.000000,,-1.269655,-0.253931,0.944243,0.000000,1.247811,0.752753,0.124004,0.058229,0.095457,0.033238,0.044823,-0.018106,0.069691,0.129677,0.094951,0.012865,-0.043464,0.011617
947,-10.000000,,-0.699029,-0.139806,1.133714,0.000000,1.247811,0.752753,0.119837,0.059917,0.098774,0.031601,0.047002,-0.012631,0.066385,0.124683,0.095422,0.013307,-0.047164,0.015646
948,-9.997665,2.132913,0.233453,0.046691,2.125870,0.000000,1.247811,0.752753,0.118420,0.058850,0.095048,0.034861,0.048878,-0.014792,0.066395,0.126334,0.091234,0.014806,-0.046713,0.014938
949,-10.000000,,-1.484722,-0.296944,1.002721,0.000000,1.247811,0.752753,0.125878,0.055908,0.098783,0.028768,0.045813,-0.020627,0.071635,0.130545,0.094498,0.016360,-0.048416,0.013180
950,-9.492638,,-1.319088,-0.263818,0.404162,1.000000,1.247811,0.752753,0.126905,0.056772,0.095535,0.032027,0.049276,-0.014784,0.068919,0.119411,0.097435,0.019630,-0.046501,0.010138
951,-9.492942,,-1.470761,-0.294152,0.401519,1.000000,1.247811,0.752753,0.129124,0.058618,0.094655,0.029085,0.048096,-0.020672,0.070790,0.123641,0.096119,0.017419,-0.047233,0.012317
952,-52.002658,214.121608,0.004569,0.000914,0.472123,1.000000,1.247811,0.752753,0.116508,0.060051,0.097185,0.031614,0.048438,-0.014215,0.068115,0.126123,0.095936,0.013738,-0.043767,0.013768
953,-9.491192,,-0.595814,-0.119163,0.503571,1.000000,1.247811,0.752753,0.129439,0.057530,0.100454,0.030628,0.048975,-0.015615,0.068834,0.128070,0.096517,0.013918,-0.047087,0.012264
954,-9.491119,,-0.559650,-0.111930,0.422463,1.000000,1.247811,0.752753,0.122838,0.055547,0.096383,0.025627,0.046148,-0.022831,0.072912,0.125635,0.093795,0.014655,-0.044495,0.012405
955,-9.997795,2.215635,0.220525,0.044105,2.156539,0.000000,1.247811,0.752753,0.118528,0.054781,0.096518,0.032462,0.047636,-0.020362,0.070138,0.125627,0.095860,0.015360,-0.044568,0.011471
956,-10.000000,,-0.497428,-0.099486,2.226304,0.000000,1.247811,0.752753,0.123722,0.058481,0.095230,0.029747,0.046592,-0.018148,0.069195,0.130519,0.092357,0.015278,-0.047008,0.014052
957,-9.998459,3.206282,0.154135,0.030827,2.114370,0.000000,1.247811,0.752753,0.122538,0.061819,0.098892,0.032409,0.047398,-0.017156,0.068385,0.122841,0.097640,0.020207,-0.047012,0.009492
958,-10.000000,,-1.325923,-0.265185,1.016425,0.000000,1.247811,0.752753,0.126251,0.058752,0.101517,0.031668,0.048761,-0.018160,0.068243,0.123785,0.095295,0.019047,-0.046587,0.009700
959,-9.998365,2.889503,0.163510,0.032702,2.084282,0.000000,1.247811,0.752753,0.125290,0.052704,0.095213,0.028538,0.050726,-0.022902,0.075096,0.127059,0.098375,0.016819,-0.042601,0.010506
960,-9.492849,,-1.424323,-0.284865,0.440541,1.000000,1.247811,0.752753,0.129091,0.058704,0.094547,0.027156,0.046088,-0.017506,0.069372,0.127431,0.093966,0.014411,-0.049029,0.012331
961,-9.490652,,-0.326240,-0.065248,0.479079,1.000000,1.247811,0.752753,0.120930,0.060773,0.100013,0.028651,0.047046,-0.021974,0.071105,0.126175,0.093527,0.015579,-0.045445,0.013388
962,-9.492038,,-1.018882,-0.203776,0.391107,1.000000,1.247811,0.752753,0.127765,0.057507,0.094314,0.027901,0.046513,-0.019397,0.072789,0.124255,0.096702,0.015012,-0.044776,0.010335
963,-9.492543,,-1.271354,-0.254271,0.453366,1.000000,1.247811,0.752753,0.125006,0.056017,0.094062,0.027125,0.051442,-0.022545,0.072587,0.125599,0.097040,0.015557,-0.043858,0.013311
964,-10.000000,,-0.782631,-0.156526,0.868141,0.000000,1.247811,0.752753,0.126834,0.057188,0.095524,0.030827,0.048010,-0.017108,0.068588,0.130402,0.094495,0.012842,-0.046536,0.012649
965,-9.491638,,-0.819036,-0.163807,0.461462,1.000000,1.247811,0.752753,0.126199,0.058370,0.094084,0.029573,0.045318,-0.018822,0.069229,0.126942,0.091372,0.017823,-0.047236,0.012778
966,-10.000000,,-0.524633,-0.104927,2.249562,0.000000,1.247811,0.752753,0.127200,0.059533,0.102566,0.031356,0.048550,-0.016959,0.069216,0.129220,0.093589,0.014932,-0.044750,0.013446
967,-9.493146,,-1.572800,-0.314560,0.399125,1.000000,1.247811,0.752753,0.126790,0.053957,0.094215,0.028547,0.051118,-0.016155,0.074443,0.125852,0.097098,0.013897,-0.042074,0.013978
968,-9.491458,,-0.729031,-0.145806,0.442574,1.000000,1.247811,0.752753,0.131476,0.055607,0.096358,0.026783,0.047954,-0.018343,0.073365,0.120771,0.098177,0.015856,-0.042553,0.011768
969,-10.000000,,-0.533484,-0.106697,2.298762,0.000000,1.247811,0.752753,0.124168,0.063011,0.101447,0.030320,0.045156,-0.016957,0.068218,0.126157,0.093596,0.014297,-0.047164,0.012633
970,-9.491856,,-0.927883,-0.185577,0.421215,1.000000,1.247811,0.752753,0.126901,0.059201,0.094129,0.026852,0.045976,-0.020200,0.073567,0.123523,0.095209,0.018076,-0.044801,0.011364
971,-10.000000,,-1.320588,-0.264118,1.052978,0.000000,1.247811,0.752753,0.122647,0.061106,0.099250,0.031752,0.049106,-0.017763,0.068756,0.126270,0.094401,0.018238,-0.047272,0.011552
972,-10.000000,,-1.728424,-0.345685,0.721259,0.000000,1.247811,0.752753,0.127310,0.058135,0.094664,0.024628,0.045373,-0.021427,0.073206,0.124173,0.091865,0.014363,-0.045850,0.014388
973,-10.000000,,-1.082294,-0.216459,0.943625,0.000000,1.247811,0.752753,0.127789,0.057639,0.098897,0.031814,0.044932,-0.023077,0.072304,0.122335,0.096012,0.017421,-0.045546,0.007356
974,-9.995029,1.179538,0.497101,0.099420,1.857272,0.000000,1.247811,0.752753,0.130476,0.057390,0.098015,0.027902,0.044845,-0.023199,0.072566,0.123116,0.093969,0.016248,-0.049154,0.008815
975,-10.000000,,-1.022295,-0.204459,0.747075,0.000000,1.247811,0.752753,0.120727,0.060367,0.099692,0.028891,0.048127,-0.017912,0.070172,0.121552,0.095750,0.017281,-0.045175,0.013573
976,-9.491926,,-0.962932,-0.192586,0.542018,1.000000,1.247811,0.752753,0.121999,0.059662,0.099741,0.028204,0.047017,-0.019215,0.069248,0.126522,0.093895,0.017234,-0.047570,0.009138
977,-10.000000,,-0.504928,-0.100986,2.295793,0.000000,1.247811,0.752753,0.124144,0.057387,0.095969,0.028624,0.045793,-0.020958,0.074005,0.123138,0.092842,0.013163,-0.046162,0.012222
978,-9.491856,,-0.928207,-0.185641,0.398357,1.000000,1.247811,0.752753,0.120376,0.058732,0.095597,0.027367,0.049841,-0.019998,0.071566,0.128992,0.093414,0.014969,-0.045369,0.013774
979,-10.000000,,-0.441345,-0.088269,2.203252,0.000000,1.247811,0.752753,0.121586,0.057224,0.098378,0.028414,0.048444,-0.017456,0.070565,0.122400,0.093241,0.015390,-0.046319,0.013690
980,-10.000000,,-1.702502,-0.340500,0.662244,0.000000,1.247811,0.752753,0.126734,0.057942,0.100882,0.024421,0.046190,-0.022476,0.073028,0.121412,0.092749,0.018343,-0.048857,0.008972
981,-10.000000,,-1.061838,-0.212368,0.745419,0.000000,1.247811,0.752753,0.127528,0.055434,0.096172,0.028200,0.045999,-0.020913,0.074179,0.126807,0.095809,0.016785,-0.046468,0.008016
982,-10.000000,,-0.545370,-0.109074,2.272782,0.000000,1.247811,0.752753,0.120824,0.056964,0.094945,0.029225,0.045895,-0.020789,0.072034,0.131065,0.090835,0.017006,-0.047649,0.011801
983,-9.493103,,-1.551261,-0.310252,0.377333,1.000000,1.247811,0.752753,0.129141,0.059367,0.098531,0.024876,0.048635,-0.016898,0.074874,0.122395,0.095922,0.015640,-0.043141,0.012854
984,-10.000000,,-0.629082,-0.125816,0.784253,0.000000,1.247811,0.752753,0.122472,0.060871,0.095425,0.027706,0.046554,-0.018577,0.071691,0.130263,0.095906,0.015198,-0.047775,0.011014
985,-9.490779,,-0.389272,-0.077854,0.440966,1.000000,1.247811,0.752753,0.124088,0.059156,0.099633,0.028939,0.047152,-0.017778,0.072632,0.126204,0.097257,0.016626,-0.042450,0.012255
986,-9.492461,,-1.230323,-0.246065,0.389385,1.000000,1.247811,0.752753,0.125257,0.060785,0.096727,0.024387,0.049587,-0.019016,0.072415,0.127787,0.093499,0.013883,-0.045001,0.015526
987,-10.000000,,-0.640335,-0.128067,2.023193,0.000000,1.247811,0.752753,0.129140,0.055498,0.094502,0.027165,0.046476,-0.022542,0.075443,0.121271,0.096617,0.019618,-0.046229,0.006923
988,-9.492315,,-1.157587,-0.231517,0.418588,1.000000,1.247811,0.752753,0.129841,0.057671,0.096418,0.027122,0.045810,-0.022344,0.072555,0.129001,0.092852,0.016962,-0.048194,0.010749
989,-9.493086,,-1.543203,-0.308641,0.377721,1.000000,1.247811,0.752753,0.124843,0.058104,0.097504,0.026443,0.046322,-0.017644,0.071091,0.122748,0.094327,0.013933,-0.046012,0.013715
990,-9.492535,,-1.267601,-0.253520,0.408726,1.000000,1.247811,0.752753,0.126316,0.059414,0.094482,0.028225,0.046534,-0.018210,0.072494,0.124186,0.091877,0.019376,-0.048716,0.013536
991,-9.491420,,-0.710174,-0.142035,0.410444,1.000000,1.247811,0.752753,0.127890,0.059315,0.094087,0.025978,0.046267,-0.018991,0.072513,0.126020,0.096139,0.017517,-0.047019,0.013199
992,-9.491278,,-0.638947,-0.127789,0.455694,1.000000,1.247811,0.752753,0.120758,0.059538,0.095440,0.028088,0.047895,-0.020425,0.071325,0.130606,0.093877,0.014150,-0.047427,0.013970
993,-9.492421,,-1.210708,-0.242142,0.401105,1.000000,1.247811,0.752753,0.129878,0.056791,0.095464,0.025256,0.047568,-0.020146,0.075000,0.124413,0.096936,0.014412,-0.044037,0.011642
994,-10.000000,,-0.524471,-0.104894,2.276807,0.000000,1.247811,0.752753,0.122168,0.060834,0.096551,0.031704,0.045522,-0.014881,0.066517,0.131806,0.093554,0.014365,-0.049769,0.013396
995,-9.491494,,-0.747130,-0.149426,0.538870,1.000000,1.247811,0.752753,0.124339,0.056474,0.096367,0.026973,0.048456,-0.021613,0.075164,0.127552,0.091938,0.016699,-0.042294,0.012775
996,-9.997234,2.099958,0.276558,0.055312,1.505157,0.000000,1.247811,0.752753,0.120761,0.060948,0.095150,0.029665,0.045619,-0.018266,0.071355,0.128944,0.095466,0.015286,-0.043538,0.014377
997,-9.491186,,-0.592778,-0.118556,0.472575,1.000000,1.247811,0.752753,0.119270,0.058427,0.100542,0.029725,0.050818,-0.017368,0.069745,0.126938,0.098196,0.012490,-0.044003,0.013679
998,-9.493138,,-1.568766,-0.313753,0.404174,1.000000,1.247811,0.752753,0.124711,0.058177,0.094885,0.028550,0.048868,-0.020089,0.073897,0.130276,0.095562,0.013951,-0.045165,0.013245
999,-9.492128,,-1.063976,-0.212795,0.403058,1.000000,1.247811,0.752753,0.129585,0.056910,0.094167,0.027748,0.047420,-0.018763,0.073808,0.126344,0.094185,0.017134,-0.046371,0.012209
1000,-9.491947,,-0.973471,-0.194694,0.398387,1.000000,1.247811,0.752753,0.123894,0.060002,0.094331,0.027810,0.046837,-0.018266,0.070638,0.128709,0.093096,0.015073,-0.047972,0.012943
1001,-10.000000,,-0.526820,-0.105364,2.302319,0.000000,1.247811,0.752753,0.120145,0.061706,0.098824,0.026898,0.045695,-0.021532,0.070533,0.127703,0.094232,0.017057,-0.044251,0.011771
1002,-9.492325,,-1.162562,-0.232512,0.398810,1.000000,1.247811,0.752753,0.122377,0.059212,0.100057,0.026142,0.047605,-0.014761,0.071256,0.127849,0.098395,0.013497,-0.044229,0.015472
1003,-9.491883,,-0.941623,-0.188325,0.407120,1.000000,1.247811,0.752753,0.121482,0.061702,0.100600,0.025640,0.050874,-0.018943,0.069266,0.125070,0.095277,0.016213,-0.044148,0.015358
1004,-9.999257,6.985967,0.074347,0.014869,1.700309,0.000000,1.247811,0.752753,0.124057,0.058773,0.098101,0.028253,0.051798,-0.019306,0.072343,0.129172,0.099516,0.016034,-0.044601,0.012012
1005,-9.491658,,-0.829219,-0.165844,0.416231,1.000000,1.247811,0.752753,0.122408,0.059635,0.098358,0.029558,0.046954,-0.016105,0.069229,0.127022,0.094391,0.014027,-0.045584,0.014635
1006,-10.000000,,-1.367120,-0.273424,0.897089,0.000000,1.247811,0.752753,0.124942,0.057477,0.099139,0.028511,0.047856,-0.019100,0.073516,0.130088,0.093927,0.015591,-0.046696,0.013030
1007,-9.492270,,-1.135236,-0.227047,0.395659,1.000000,1.247811,0.752753,0.119057,0.057853,0.094131,0.030453,0.047329,-0.016867,0.068486,0.132892,0.094910,0.011503,-0.049710,0.015599
1008,-9.491576,,-0.788141,-0.157628,0.417038,1.000000,1.247811,0.752753,0.114372,0.060525,0.100738,0.033274,0.049389,-0.013900,0.067517,0.131653,0.092739,0.012846,-0.047281,0.013377
1009,-10.000000,,-0.722763,-0.144553,0.586798,0.000000,1.247811,0.752753,0.125378,0.057740,0.095758,0.028832,0.047053,-0.019446,0.072039,0.128504,0.093985,0.015097,-0.045692,0.012114
1010,-10.000000,,-0.137032,-0.027406,1.820067,0.000000,1.247811,0.752753,0.125326,0.057651,0.097044,0.029154,0.046262,-0.019104,0.069983,0.125909,0.094148,0.013355,-0.046461,0.012585
1011,-10.000000,,-1.287951,-0.257590,0.981473,0.000000,1.247811,0.752753,0.122620,0.057401,0.094306,0.030024,0.050646,-0.018180,0.070823,0.129221,0.094491,0.014180,-0.046631,0.012548
1012,-9.492499,,-1.249607,-0.249921,0.392086,1.000000,1.247811,0.752753,0.119620,0.059833,0.096143,0.030701,0.049752,-0.016222,0.069899,0.129756,0.095310,0.013194,-0.046566,0.015004
1013,-9.492083,,-1.041732,-0.208346,0.404416,1.000000,1.247811,0.752753,0.121242,0.060382,0.098399,0.030625,0.047428,-0.014879,0.069394,0.131917,0.093722,0.012243,-0.045655,0.015198
1014,-10.000000,,-0.222047,-0.044409,1.815002,0.000000,1.247811,0.752753,0.118237,0.060148,0.098623,0.028264,0.049385,-0.015256,0.069676,0.129574,0.093032,0.013537,-0.044298,0.014298
1015,-10.000000,,-0.552760,-0.110552,2.343956,0.000000,1.247811,0.752753,0.118996,0.060506,0.100695,0.029739,0.048408,-0.016054,0.069137,0.127706,0.093330,0.014585,-0.048189,0.013127
1016,-10.000000,,-0.435064,-0.087013,2.292651,0.000000,1.247811,0.752753,0.112180,0.062305,0.104020,0.032402,0.046728,-0.010767,0.064511,0.136248,0.093381,0.011322,-0.047775,0.016254
1017,-10.000000,,-0.465535,-0.093107,2.308370,0.000000,1.247811,0.752753,0.116594,0.061226,0.100808,0.030077,0.048682,-0.015536,0.066674,0.130356,0.093482,0.011599,-0.046558,0.015020
1018,-9.490321,,-0.160452,-0.032090,0.483503,1.000000,1.247811,0.752753,0.117475,0.060866,0.097305,0.029944,0.047861,-0.015027,0.067185,0.130877,0.094483,0.011971,-0.047305,0.016232
1019,-10.000000,,-0.451788,-0.090358,1.688279,0.000000,1.247811,0.752753,0.119265,0.060048,0.099971,0.032945,0.047198,-0.015420,0.067534,0.127788,0.092952,0.010274,-0.044458,0.015608
1020,-9.490675,,-0.337461,-0.067492,0.460105,1.000000,1.247811,0.752753,0.114013,0.062922,0.102007,0.029471,0.049525,-0.014606,0.068027,0.129994,0.093027,0.016492,-0.047664,0.013513
1021,-10.000000,,-0.240464,-0.048093,0.685573,0.000000,1.247811,0.752753,0.121205,0.058919,0.095979,0.029508,0.047864,-0.016817,0.068207,0.130735,0.093569,0.014311,-0.046107,0.014927
1022,-10.000000,,-1.288964,-0.257793,0.910245,0.000000,1.247811,0.752753,0.117844,0.060768,0.099984,0.027919,0.048557,-0.016810,0.070735,0.127540,0.094134,0.012579,-0.041379,0.016184
1023,-10.000000,,-0.465577,-0.093115,2.248586,0.000000,1.247811,0.752753,0.117596,0.058444,0.097773,0.030738,0.049199,-0.013515,0.067752,0.126782,0.093444,0.012460,-0.046038,0.013311
1024,-10.000000,,-0.488592,-0.097718,2.163806,0.000000,1.247811,0.752753,0.116916,0.060864,0.100943,0.030151,0.049025,-0.010494,0.067359,0.131122,0.094687,0.010360,-0.047398,0.016255
1025,-10.000000,,-1.194611,-0.238922,1.015052,0.000000,1.247811,0.752753,0.117846,0.058504,0.099917,0.028781,0.047327,-0.018256,0.070712,0.131283,0.094453,0.012100,-0.044594,0.014822
1026,-9.491576,,-0.788109,-0.157622,0.441403,1.000000,1.247811,0.752753,0.115079,0.060124,0.094936,0.029158,0.049535,-0.013611,0.068542,0.134392,0.094380,0.011831,-0.046594,0.016596
1027,-9.999069,5.815039,0.093121,0.018624,1.663344,0.000000,1.247811,0.752753,0.112615,0.061354,0.096804,0.032647,0.048762,-0.014046,0.066630,0.134146,0.092250,0.013767,-0.047436,0.015265
1028,-10.000000,,-0.454964,-0.090993,2.197074,0.000000,1.247811,0.752753,0.117155,0.060935,0.098486,0.030200,0.047298,-0.012797,0.068793,0.129965,0.092988,0.012850,-0.046884,0.014514
1029,-9.491935,,-0.967625,-0.193525,0.382305,1.000000,1.247811,0.752753,0.122580,0.060685,0.098214,0.027364,0.047291,-0.012731,0.070130,0.128857,0.095419,0.012294,-0.045671,0.016524
1030,-10.000000,,-1.065187,-0.213037,0.936860,0.000000,1.247811,0.752753,0.116379,0.058592,0.095706,0.029188,0.050523,-0.017811,0.069444,0.133492,0.093367,0.011725,-0.047582,0.015577
1031,-9.491209,,-0.604336,-0.120867,0.444825,1.000000,1.247811,0.752753,0.118545,0.060608,0.095804,0.031625,0.048880,-0.013697,0.067454,0.130740,0.091838,0.015794,-0.050742,0.013875
1032,-9.490952,,-0.475914,-0.095183,0.451742,1.000000,1.247811,0.752753,0.118534,0.060650,0.094351,0.029617,0.046797,-0.016322,0.069877,0.130203,0.093420,0.016049,-0.049502,0.013016
1033,-10.000000,,-0.457298,-0.091460,2.300130,0.000000,1.247811,0.752753,0.114277,0.060492,0.100957,0.029545,0.049925,-0.011372,0.067480,0.136257,0.094172,0.010428,-0.045094,0.016713
1034,-9.491515,,-0.757467,-0.151493,0.449242,1.000000,1.247811,0.752753,0.119055,0.058684,0.094131,0.031840,0.045846,-0.016415,0.068524,0.130854,0.094832,0.013570,-0.047386,0.011942
1035,-10.000000,,-0.321554,-0.064311,2.187361,0.000000,1.247811,0.752753,0.121300,0.057371,0.096403,0.029357,0.044964,-0.020282,0.071152,0.130006,0.091862,0.017006,-0.050217,0.009824
1036,-10.000000,,-1.407560,-0.281512,0.958982,0.000000,1.247811,0.752753,0.119899,0.063565,0.101758,0.028984,0.047227,-0.008193,0.066938,0.130217,0.096329,0.011739,-0.049586,0.013927
1037,-9.492658,,-1.328752,-0.265750,0.517965,1.000000,1.247811,0.752753,0.119936,0.058130,0.095192,0.029093,0.047572,-0.019876,0.070820,0.126888,0.094788,0.018104,-0.046629,0.011969
1038,-9.491157,,-0.578667,-0.115733,0.507115,1.000000,1.247811,0.752753,0.118483,0.059331,0.094204,0.030936,0.048810,-0.017114,0.068484,0.133425,0.092744,0.017862,-0.049421,0.012989
1039,-10.000000,,-0.579853,-0.115971,2.267994,0.000000,1.247811,0.752753,0.115932,0.060262,0.099414,0.029945,0.044672,-0.015680,0.066416,0.135311,0.091772,0.011361,-0.050434,0.015506
1040,-10.000000,,-0.468609,-0.093722,1.721825,0.000000,1.247811,0.752753,0.118288,0.059605,0.095549,0.028804,0.047758,-0.014578,0.070919,0.133073,0.090795,0.014579,-0.047786,0.014446
1041,-10.000000,,-0.559768,-0.111954,2.163314,0.000000,1.247811,0.752753,0.119238,0.058881,0.095289,0.030200,0.046803,-0.013617,0.068031,0.127417,0.093794,0.013366,-0.048508,0.013296
1042,-9.492164,,-1.081855,-0.216371,0.403924,1.000000,1.247811,0.752753,0.119733,0.060702,0.095783,0.031267,0.046062,-0.012884,0.069204,0.129470,0.094053,0.012553,-0.048835,0.015408
1043,-10.000000,,-0.631924,-0.126385,0.851453,0.000000,1.247811,0.752753,0.116903,0.062336,0.095315,0.031620,0.046783,-0.012329,0.066278,0.128478,0.095487,0.016434,-0.050493,0.013059
1044,-9.492871,,-1.435480,-0.287096,0.400719,1.000000,1.247811,0.752753,0.124146,0.060926,0.094148,0.027698,0.047735,-0.016798,0.071041,0.129903,0.093531,0.015671,-0.048830,0.014290
1045,-10.000000,,-0.554257,-0.110851,2.264700,0.000000,1.247811,0.752753,0.117747,0.062375,0.100906,0.031048,0.048834,-0.015652,0.067979,0.135976,0.091642,0.014297,-0.050760,0.012763
1046,-10.000000,,-0.175083,-0.035017,0.641913,0.000000,1.247811,0.752753,0.125363,0.057918,0.097076,0.029861,0.046869,-0.016721,0.068321,0.132728,0.095338,0.014567,-0.048448,0.013648
1047,-10.000000,,-0.505300,-0.101060,2.234405,0.000000,1.247811,0.752753,0.119763,0.062137,0.094124,0.030159,0.044949,-0.016290,0.068540,0.132766,0.092561,0.014695,-0.050719,0.013993
1048,-9.492375,,-1.187629,-0.237526,0.400110,1.000000,1.247811,0.752753,0.121660,0.060206,0.094622,0.027968,0.048200,-0.013703,0.069524,0.131088,0.094820,0.016418,-0.049515,0.014233
1049,-9.492104,,-1.051774,-0.210355,0.403308,1.000000,1.247811,0.752753,0.120354,0.058600,0.095541,0.028971,0.046950,-0.020024,0.070766,0.128966,0.094019,0.017306,-0.048541,0.011861
1050,-9.490613,,-0.306534,-0.061307,0.507337,1.000000,1.247811,0.752753,0.124832,0.059957,0.095962,0.030895,0.047639,-0.015056,0.071163,0.131280,0.094175,0.016875,-0.050768,0.011771
1051,-10.000000,,-1.346635,-0.269327,0.715521,0.000000,1.247811,0.752753,0.123864,0.057634,0.094095,0.028651,0.049648,-0.017856,0.071536,0.128773,0.094656,0.019092,-0.047275,0.013258
1052,-10.000000,,-1.392297,-0.278459,0.909080,0.000000,1.247811,0.752753,0.118330,0.057927,0.097403,0.030049,0.047323,-0.014579,0.068121,0.133571,0.093400,0.014903,-0.050569,0.015095
1053,-9.998958,7.659561,0.104169,0.020834,1.161701,0.000000,1.247811,0.752753,0.117447,0.059074,0.096270,0.030883,0.050305,-0.009884,0.067473,0.130196,0.095334,0.014747,-0.047309,0.016738
1054,-9.492948,,-1.473759,-0.294752,0.392380,1.000000,1.247811,0.752753,0.120464,0.059654,0.094089,0.031367,0.046384,-0.019065,0.070723,0.130325,0.094220,0.016401,-0.048884,0.011912
1055,-10.000000,,-0.622096,-0.124419,2.013555,0.000000,1.247811,0.752753,0.122348,0.058245,0.097775,0.028523,0.046878,-0.017794,0.069690,0.129635,0.094655,0.018949,-0.049623,0.010233
1056,-10.000000,,-0.490617,-0.098123,2.247702,0.000000,1.247811,0.752753,0.115858,0.063166,0.098244,0.032598,0.047733,-0.011470,0.065190,0.130156,0.092753,0.016623,-0.050226,0.012801
1057,-9.492607,,-1.303546,-0.260709,0.388189,1.000000,1.247811,0.752753,0.122016,0.056810,0.095875,0.029190,0.048016,-0.018793,0.069905,0.131758,0.094258,0.016904,-0.050249,0.013545
1058,-9.492659,,-1.329524,-0.265905,0.399996,1.000000,1.247811,0.752753,0.122090,0.056218,0.094133,0.029413,0.046757,-0.018747,0.071911,0.128284,0.096112,0.017812,-0.047852,0.010445
1059,-9.491991,,-0.995317,-0.199063,0.435010,1.000000,1.247811,0.752753,0.122314,0.059399,0.097831,0.027432,0.046760,-0.017453,0.070194,0.132499,0.091980,0.013981,-0.050651,0.015973
1060,-10.000000,,-0.150089,-0.030018,1.791671,0.000000,1.247811,0.752753,0.120331,0.059109,0.097963,0.028596,0.045451,-0.018064,0.068881,0.128872,0.092788,0.018840,-0.053375,0.010508
1061,-9.491772,,-0.885881,-0.177176,0.399228,1.000000,1.247811,0.752753,0.120356,0.058593,0.094214,0.028884,0.047766,-0.020319,0.072574,0.129536,0.093081,0.015117,-0.048203,0.012126
1062,-10.000000,,-0.513994,-0.102799,2.287333,0.000000,1.247811,0.752753,0.119552,0.063219,0.100835,0.032407,0.049454,-0.008613,0.065863,0.129564,0.094458,0.013839,-0.050672,0.014202
1063,-10.000000,,-1.588708,-0.317742,1.122685,0.000000,1.247811,0.752753,0.122037,0.062616,0.094931,0.030974,0.047903,-0.016511,0.068392,0.131595,0.094464,0.019894,-0.051723,0.009988
1064,-10.000000,,-0.532525,-0.106505,2.140106,0.000000,1.247811,0.752753,0.119255,0.058985,0.095894,0.029259,0.048827,-0.017097,0.071616,0.131830,0.093299,0.016886,-0.046309,0.011025
1065,-10.000000,,-0.456809,-0.091362,2.201653,0.000000,1.247811,0.752753,0.120438,0.060830,0.094469,0.032447,0.048211,-0.012319,0.066533,0.131928,0.093215,0.014904,-0.052102,0.013532
1066,-9.491765,,-0.882679,-0.176536,0.460511,1.000000,1.247811,0.752753,0.124353,0.059639,0.094077,0.029199,0.047167,-0.016039,0.071125,0.130004,0.095017,0.017228,-0.052117,0.011514
1067,-9.492174,,-1.086962,-0.217392,0.406393,1.000000,1.247811,0.752753,0.125022,0.059413,0.094657,0.030022,0.046796,-0.013072,0.071845,0.130161,0.095316,0.014593,-0.048241,0.013347
1068,-10.000000,,-1.027051,-0.205410,1.207919,0.000000,1.247811,0.752753,0.122608,0.058865,0.094659,0.027940,0.045547,-0.019041,0.072761,0.131470,0.094577,0.014849,-0.048988,0.014898
1069,-10.000000,,-0.638682,-0.127736,2.040153,0.000000,1.247811,0.752753,0.127636,0.057010,0.094305,0.027615,0.045687,-0.021583,0.071821,0.126061,0.093832,0.018213,-0.048709,0.010836
1070,-9.492239,,-1.119430,-0.223886,0.470818,1.000000,1.247811,0.752753,0.124687,0.060077,0.095051,0.024296,0.049152,-0.020060,0.073909,0.132746,0.092517,0.016413,-0.050510,0.013159
1071,-9.491989,,-0.994742,-0.198948,0.427044,1.000000,1.247811,0.752753,0.125480,0.057947,0.095072,0.026399,0.046423,-0.020577,0.074171,0.130251,0.094286,0.016303,-0.047528,0.012809
1072,-10.000000,,-1.271260,-0.254252,1.284895,0.000000,1.247811,0.752753,0.124017,0.059446,0.094314,0.030761,0.045093,-0.016720,0.069086,0.132151,0.093023,0.011269,-0.052385,0.013047
1073,-9.491271,,-0.635587,-0.127117,0.436817,1.000000,1.247811,0.752753,0.120682,0.058336,0.094127,0.028020,0.048893,-0.017899,0.072348,0.129516,0.094245,0.012241,-0.047594,0.015839
1074,-10.000000,,-1.487700,-0.297540,0.999252,0.000000,1.247811,0.752753,0.121367,0.058562,0.095305,0.031171,0.049314,-0.015186,0.070488,0.134238,0.094982,0.014635,-0.053293,0.012528
1075,-9.492874,,-1.436863,-0.287373,0.394722,1.000000,1.247811,0.752753,0.120082,0.059232,0.094074,0.030550,0.047126,-0.017286,0.072398,0.130412,0.095181,0.014171,-0.049036,0.012260
1076,-10.000000,,-0.671590,-0.134318,2.090586,0.000000,1.247811,0.752753,0.122103,0.057572,0.097665,0.025053,0.048752,-0.021973,0.073612,0.130735,0.094118,0.016263,-0.046375,0.013014
1077,-9.492567,,-1.283731,-0.256746,0.387820,1.000000,1.247811,0.752753,0.118937,0.062032,0.094069,0.030600,0.043776,-0.012670,0.068661,0.131309,0.093459,0.016957,-0.051846,0.013403
1078,-10.000000,,-0.485843,-0.097169,2.182463,0.000000,1.247811,0.752753,0.123748,0.059873,0.094172,0.028818,0.047284,-0.016002,0.070708,0.134168,0.094483,0.016349,-0.048972,0.014383
1079,-9.492452,,-1.226106,-0.245221,0.400540,1.000000,1.247811,0.752753,0.123748,0.060842,0.094764,0.027588,0.048281,-0.018173,0.071546,0.130436,0.094630,0.017274,-0.050082,0.013018
1080,-9.492427,,-1.213479,-0.242696,0.379017,1.000000,1.247811,0.752753,0.124403,0.062433,0.094129,0.025013,0.046653,-0.016897,0.071111,0.130877,0.093682,0.016371,-0.050103,0.014129
1081,-9.492346,,-1.173235,-0.234647,0.435949,1.000000,1.247811,0.752753,0.127444,0.056755,0.094793,0.026446,0.047630,-0.020234,0.075595,0.128282,0.095570,0.014222,-0.046243,0.012580
1082,-9.492553,,-1.276663,-0.255333,0.415685,1.000000,1.247811,0.752753,0.125279,0.058097,0.094312,0.028352,0.047362,-0.017969,0.072543,0.131215,0.097089,0.015889,-0.048932,0.012735
1083,-9.493208,,-1.604212,-0.320842,0.393190,1.000000,1.247811,0.752753,0.123698,0.056154,0.098964,0.029036,0.047471,-0.017650,0.072515,0.129924,0.094479,0.016155,-0.049941,0.013972
1084,-9.493211,,-1.605748,-0.321150,0.383277,1.000000,1.247811,0.752753,0.123989,0.058447,0.094211,0.026227,0.047809,-0.019349,0.072696,0.131495,0.094357,0.013893,-0.048696,0.013294
1085,-10.000000,,-0.912798,-0.182560,0.731278,0.000000,1.247811,0.752753,0.123136,0.058359,0.096121,0.026991,0.045844,-0.021045,0.072712,0.130864,0.091843,0.014771,-0.049710,0.012942
1086,-10.000000,,-0.630688,-0.126138,1.998580,0.000000,1.247811,0.752753,0.123686,0.058861,0.097407,0.029124,0.045608,-0.016859,0.073034,0.132894,0.091720,0.013072,-0.050027,0.015592
1087,-9.997617,1.995337,0.238259,0.047652,2.064624,0.000000,1.247811,0.752753,0.121321,0.059020,0.094618,0.029355,0.050306,-0.021236,0.074399,0.130233,0.093982,0.013586,-0.047717,0.014213
1088,-9.492623,,-1.311648,-0.262330,0.385245,1.000000,1.247811,0.752753,0.124575,0.056606,0.097589,0.027974,0.046716,-0.017620,0.071509,0.132344,0.093055,0.011293,-0.050037,0.015272
1089,-10.000000,,-0.564467,-0.112893,2.220960,0.000000,1.247811,0.752753,0.124507,0.057032,0.095663,0.025547,0.047405,-0.020731,0.075622,0.130594,0.091530,0.016214,-0.044971,0.014148
1090,-9.492093,,-1.046478,-0.209296,0.394755,1.000000,1.247811,0.752753,0.128245,0.060365,0.094244,0.023143,0.047659,-0.017378,0.073392,0.125570,0.097700,0.016708,-0.047186,0.014229
1091,-9.493338,,-1.669190,-0.333838,0.385893,1.000000,1.247811,0.752753,0.130967,0.059309,0.095079,0.026813,0.047341,-0.017698,0.074579,0.129615,0.095745,0.016233,-0.046879,0.011997
1092,-9.998633,4.012780,0.136701,0.027340,1.959810,0.000000,1.247811,0.752753,0.123145,0.059016,0.094061,0.029522,0.047602,-0.018191,0.071215,0.132077,0.093174,0.014684,-0.051472,0.011218
1093,-9.493076,,-1.537778,-0.307556,0.374727,1.000000,1.247811,0.752753,0.134210,0.056826,0.094322,0.023782,0.048199,-0.017478,0.075887,0.125337,0.096115,0.015386,-0.046127,0.014659
1094,-9.493134,,-1.566881,-0.313376,0.379791,1.000000,1.247811,0.752753,0.128880,0.059969,0.094121,0.024459,0.047938,-0.020211,0.073683,0.130303,0.095239,0.013242,-0.048302,0.013743
1095,-10.000000,,-0.591853,-0.118371,2.158153,0.000000,1.247811,0.752753,0.131018,0.057227,0.103105,0.024291,0.045819,-0.023216,0.075491,0.126427,0.095242,0.018140,-0.050126,0.011270
1096,-10.000000,,-1.727597,-0.345519,0.559377,0.000000,1.247811,0.752753,0.128041,0.058168,0.094210,0.025476,0.048125,-0.017441,0.072176,0.130730,0.095434,0.014722,-0.047878,0.013908
1097,-10.000000,,-1.410215,-0.282043,0.813929,0.000000,1.247811,0.752753,0.127247,0.058532,0.098038,0.026887,0.047328,-0.020660,0.074410,0.131008,0.092874,0.017059,-0.050189,0.011832
1098,-9.492921,,-1.460268,-0.292054,0.383337,1.000000,1.247811,0.752753,0.123615,0.059364,0.097965,0.027887,0.046882,-0.015803,0.070781,0.132289,0.093153,0.014846,-0.052150,0.013881
1099,-9.491768,,-0.883978,-0.176796,0.489840,1.000000,1.247811,0.752753,0.121603,0.062605,0.094083,0.027252,0.047388,-0.018173,0.073086,0.133616,0.092384,0.014434,-0.048633,0.014094
1100,-9.492070,,-1.035206,-0.207041,0.400683,1.000000,1.247811,0.752753,0.127462,0.058152,0.094914,0.025497,0.048458,-0.019517,0.075067,0.129231,0.093841,0.014397,-0.047575,0.014423
