trial,reward,cot,distance,velocity,avg_tilt,survived,freq,duty_factor,front_x_fore,front_x_hind,front_z_top,front_z_bottom,front_rotation,front_skew,rear_x_fore,rear_x_hind,rear_z_top,rear_z_bottom,rear_rotation,rear_skew
1,-10.000000,,-0.930317,-0.186063,1.831716,0.000000,1.095421,0.779630,0.139436,0.087660,0.102071,0.008027,0.061482,-0.010392,0.053936,0.162020,0.095448,0.026232,-0.030732,0.003890
2,-10.000000,,-0.232393,-0.046479,2.580964,0.000000,1.049655,0.665272,0.133711,0.084566,0.107284,0.008807,0.049386,0.003196,0.065718,0.160949,0.100438,0.029460,-0.036088,-0.004239
3,-10.000000,,-0.710608,-0.142122,1.890006,0.000000,1.271365,0.674045,0.144880,0.085391,0.111949,0.010717,0.063046,0.002652,0.054319,0.146203,0.101335,0.035981,-0.036130,0.002598
4,-10.000000,,-0.127749,-0.025550,1.624407,0.000000,1.315432,0.627653,0.138624,0.081520,0.112084,0.017174,0.056074,-0.001092,0.057222,0.151761,0.113084,0.038669,-0.038390,0.003110
5,-9.493468,,-1.733857,-0.346771,0.262398,1.000000,1.359446,0.684527,0.149850,0.069594,0.103956,0.006294,0.065105,0.003886,0.055930,0.145558,0.092743,0.033176,-0.040676,-0.003562
6,-9.492795,,-1.397744,-0.279549,0.373537,1.000000,1.274731,0.702672,0.132285,0.080846,0.101722,0.027260,0.048994,-0.002975,0.053280,0.147126,0.106018,0.039403,-0.040640,0.006610
7,-10.000000,,-0.831343,-0.166269,1.013224,0.000000,1.158764,0.616373,0.132755,0.070530,0.113927,0.001224,0.064354,0.000902,0.070526,0.138954,0.110976,0.021239,-0.034247,-0.003297
8,-9.494247,,-2.123630,-0.424726,0.327562,1.000000,1.202138,0.694811,0.131140,0.078733,0.111693,0.017524,0.062150,-0.013923,0.061612,0.139659,0.106599,0.025526,-0.034749,0.002959
9,-10.000000,,-0.284070,-0.056814,1.382506,0.000000,1.097368,0.777132,0.147281,0.069779,0.101888,0.006140,0.048476,0.002408,0.073983,0.153986,0.105725,0.033409,-0.035123,-0.005230
10,-9.494827,,-2.413433,-0.482687,0.328519,1.000000,1.172122,0.755467,0.121874,0.072293,0.109941,0.013010,0.055329,-0.007002,0.063309,0.145829,0.098474,0.025004,-0.030363,-0.002412
11,-10.000000,,-0.683104,-0.136621,1.282323,0.000000,1.090763,0.799744,0.135055,0.074566,0.118013,0.013369,0.059912,-0.009078,0.064653,0.130087,0.091987,0.038979,-0.040251,0.008661
12,-10.000000,,-1.493970,-0.298794,1.167466,0.000000,1.543150,0.749988,0.122454,0.090812,0.107394,0.026162,0.053757,-0.001985,0.051151,0.141994,0.108479,0.039480,-0.037154,0.001822
13,-10.000000,,-1.335928,-0.267186,1.449502,0.000000,1.343910,0.736393,0.121135,0.079819,0.103477,0.010494,0.061537,-0.014525,0.049131,0.145588,0.098115,0.024791,-0.036117,-0.001919
14,-9.494581,,-2.290559,-0.458112,0.284263,1.000000,1.304214,0.720994,0.139272,0.076264,0.104256,0.018691,0.059866,0.000815,0.056512,0.142484,0.095718,0.025170,-0.047327,0.002847
15,-10.000000,,-1.324240,-0.264848,1.006536,0.000000,1.271760,0.792862,0.143264,0.075923,0.108005,0.014668,0.050346,0.000906,0.054486,0.134500,0.101650,0.027025,-0.038991,0.008250
16,-10.000000,,-0.261039,-0.052208,2.476981,0.000000,1.319873,0.780141,0.140906,0.078544,0.102244,0.026677,0.059352,-0.010097,0.046399,0.139791,0.107880,0.037216,-0.033438,-0.000591
17,-9.494028,,-2.014245,-0.402849,0.261474,1.000000,1.295210,0.685927,0.127043,0.079686,0.102069,0.013488,0.055184,-0.000770,0.072296,0.158922,0.094008,0.030633,-0.032756,0.000796
18,-9.493301,,-1.650432,-0.330086,0.260414,1.000000,1.371177,0.656314,0.143713,0.075420,0.111452,0.011558,0.054959,-0.004188,0.066177,0.145376,0.097947,0.037984,-0.038883,0.011017
19,-9.493889,,-1.944550,-0.388910,0.286432,1.000000,1.279231,0.690248,0.131629,0.078395,0.106102,0.017107,0.062860,-0.010285,0.049016,0.152684,0.104698,0.039825,-0.040131,0.000268
20,-10.000000,,-1.436062,-0.287212,0.720934,0.000000,1.132335,0.740494,0.135888,0.073742,0.099584,0.014358,0.056087,-0.007164,0.054173,0.137268,0.108688,0.034898,-0.038473,0.007338
21,-10.000000,,-0.552811,-0.110562,1.052831,0.000000,1.469089,0.603390,0.121325,0.088061,0.105219,0.014044,0.059059,0.004266,0.050655,0.143489,0.102884,0.037050,-0.038621,-0.000232
22,-9.495185,,-2.592468,-0.518494,0.274319,1.000000,1.439489,0.721815,0.135051,0.069249,0.102184,0.019446,0.057867,-0.002162,0.060807,0.153179,0.093191,0.028065,-0.040139,-0.004647
23,-9.492101,,-1.050670,-0.210134,0.296576,1.000000,1.266389,0.620431,0.131619,0.074922,0.112825,0.015911,0.057127,-0.002987,0.054622,0.132883,0.102817,0.037127,-0.041910,0.003861
24,-10.000000,,-0.436415,-0.087283,2.498935,0.000000,1.362232,0.709999,0.128164,0.084427,0.107381,0.012770,0.056574,-0.006807,0.059709,0.149675,0.096255,0.037922,-0.037150,0.009075
25,-10.000000,,-0.477708,-0.095542,1.689726,0.000000,0.967541,0.540876,0.131902,0.072231,0.107031,0.017751,0.054570,-0.004339,0.058195,0.158907,0.098235,0.039379,-0.036731,0.007646
26,-10.000000,,-1.187559,-0.237512,0.913251,0.000000,1.297913,0.592494,0.146132,0.083783,0.103993,0.005698,0.053595,0.002958,0.060830,0.146251,0.095972,0.036071,-0.042711,0.014956
27,-9.491336,,-0.668211,-0.133642,0.247907,1.000000,1.296263,0.537006,0.137847,0.074909,0.109296,0.009101,0.064878,-0.000440,0.057325,0.136440,0.096727,0.036090,-0.030965,0.011969
28,-10.000000,,-1.359279,-0.271856,1.357498,0.000000,1.354359,0.757917,0.129970,0.082521,0.106211,0.010670,0.067750,-0.011247,0.057117,0.152767,0.094497,0.030702,-0.042299,0.011573
29,-10.000000,,-0.912730,-0.182546,1.978750,0.000000,1.587642,0.736411,0.142728,0.068902,0.102731,0.001210,0.060654,-0.005292,0.059188,0.144315,0.104330,0.039726,-0.038160,0.007901
30,-10.000000,,-0.381927,-0.076385,2.692844,0.000000,1.271904,0.787220,0.136561,0.070807,0.103073,0.024021,0.058351,-0.005677,0.055262,0.147881,0.103539,0.039953,-0.038764,0.009309
31,-10.000000,,-0.456988,-0.091398,1.274090,0.000000,1.460349,0.704778,0.137673,0.086419,0.108727,0.018812,0.057278,-0.009203,0.059437,0.146173,0.097931,0.031532,-0.044321,0.015213
32,-10.000000,,-1.308349,-0.261670,0.915398,0.000000,1.493837,0.654097,0.138363,0.071490,0.104907,0.016068,0.062855,0.003014,0.065270,0.139036,0.090962,0.033507,-0.042770,0.013971
33,-10.000000,,-0.470254,-0.094051,2.327963,0.000000,1.275813,0.754539,0.124742,0.080401,0.118021,0.013849,0.051179,-0.008448,0.057337,0.144197,0.098210,0.036572,-0.042605,0.009252
34,-10.000000,,-0.153532,-0.030706,1.818200,0.000000,1.213397,0.606053,0.136578,0.071991,0.109232,0.011720,0.055787,0.002016,0.053283,0.141574,0.099693,0.037759,-0.038384,-0.002458
35,-9.492159,,-1.079535,-0.215907,0.241182,1.000000,1.275700,0.387920,0.141470,0.078764,0.108464,0.010246,0.055440,0.002199,0.056843,0.141989,0.088154,0.031580,-0.030591,0.006744
36,-9.492468,,-1.233845,-0.246769,0.283298,1.000000,1.280291,0.620435,0.131613,0.073472,0.118963,0.013894,0.065036,-0.001229,0.051092,0.136755,0.097031,0.039251,-0.034922,0.010476
37,-9.493695,,-1.847743,-0.369549,0.233277,1.000000,1.199615,0.475868,0.137557,0.076641,0.109598,0.007717,0.060235,-0.005590,0.060599,0.129685,0.089255,0.032903,-0.036442,0.012206
38,-9.999629,6.327586,0.037094,0.007419,2.685154,0.000000,1.119886,0.557490,0.135698,0.068638,0.110238,0.013037,0.054721,0.002322,0.046144,0.138524,0.094085,0.031848,-0.044480,0.012718
39,-9.491422,,-0.710952,-0.142190,0.285606,1.000000,1.248116,0.576564,0.125186,0.070210,0.110123,0.018997,0.057236,-0.001682,0.049994,0.140642,0.096660,0.039995,-0.037357,0.011220
40,-10.000000,,-0.467838,-0.093568,1.789256,0.000000,1.288872,0.464779,0.136837,0.079006,0.104812,0.006338,0.054427,-0.003234,0.057926,0.138838,0.101486,0.038986,-0.033827,0.009331
41,-9.490473,,-0.236652,-0.047330,0.475148,1.000000,1.280529,0.530558,0.128757,0.076809,0.105677,0.008302,0.057616,-0.002713,0.051121,0.142200,0.100690,0.038332,-0.030419,0.002784
42,-9.490506,,-0.252900,-0.050580,0.216731,1.000000,1.380763,0.519656,0.143570,0.068379,0.107112,0.009581,0.058722,0.000516,0.054315,0.136722,0.094849,0.038651,-0.037011,0.001769
43,-9.490151,,-0.075273,-0.015055,0.322706,1.000000,1.474569,0.551513,0.141658,0.079319,0.109321,0.014986,0.067568,-0.010419,0.057671,0.148286,0.104348,0.038162,-0.030893,-0.000444
44,-9.999752,9.349856,0.024844,0.004969,2.606551,0.000000,1.063727,0.521802,0.142958,0.070930,0.113098,0.015568,0.061745,0.010241,0.059191,0.137075,0.094821,0.029014,-0.032671,0.010155
45,-10.582690,22.859775,0.038539,0.007708,0.245064,1.000000,1.357577,0.493221,0.134163,0.074048,0.103680,0.017748,0.062558,-0.004066,0.047387,0.137500,0.092141,0.034470,-0.031697,-0.007654
46,-6.879848,3.250151,0.296191,0.059238,0.221555,1.000000,1.336520,0.515938,0.135334,0.067309,0.108251,0.005302,0.060725,-0.001194,0.059790,0.132407,0.098931,0.035773,-0.034555,0.012814
47,-9.997423,1.680588,0.257711,0.051542,2.209805,0.000000,1.253690,0.433771,0.147547,0.074529,0.114451,0.016699,0.053645,-0.007088,0.054469,0.141339,0.106199,0.032274,-0.031783,0.001353
48,-10.000000,,-0.500206,-0.100041,2.366048,0.000000,1.286358,0.733453,0.143356,0.076789,0.107555,0.018158,0.058931,-0.009838,0.054195,0.130569,0.100117,0.036880,-0.034976,0.006790
49,-5.307805,2.068170,0.492247,0.098449,0.247783,1.000000,1.372008,0.407098,0.138934,0.069329,0.115543,0.004138,0.061674,-0.008489,0.052769,0.142156,0.096429,0.035647,-0.032774,-0.001804
50,-9.996719,1.862800,0.328140,0.065628,1.264516,0.000000,1.378674,0.511466,0.150215,0.071288,0.104188,0.008595,0.061200,-0.006398,0.047945,0.142456,0.099608,0.032451,-0.031374,0.003043
51,-6.409390,4.400982,0.211933,0.042387,0.249535,1.000000,1.312718,0.455967,0.131675,0.081026,0.105395,0.011710,0.063784,-0.002336,0.050503,0.134873,0.110417,0.039957,-0.036850,0.003415
52,-9.493517,,-1.758340,-0.351668,0.694365,1.000000,1.476843,0.667639,0.151371,0.085797,0.111814,0.025884,0.050594,-0.005850,0.053354,0.139470,0.103320,0.039800,-0.031446,-0.003264
53,-8.021224,8.918969,0.107099,0.021420,0.184444,1.000000,1.448277,0.513345,0.136237,0.078487,0.119237,0.016924,0.058872,-0.005572,0.063112,0.142796,0.093536,0.035090,-0.035849,0.007469
54,-8.967752,12.562906,0.081458,0.016292,0.174493,1.000000,1.769651,0.530364,0.141757,0.083026,0.105439,0.012422,0.056098,-0.010862,0.054901,0.161299,0.098131,0.035322,-0.035830,0.005350
55,-5.229704,1.292666,0.845214,0.169043,0.178644,1.000000,1.609403,0.422444,0.131435,0.076202,0.114493,0.012568,0.064420,-0.005759,0.052402,0.155460,0.105126,0.035017,-0.034219,0.004260
56,-10.000000,,-1.260165,-0.252033,0.664637,0.000000,1.582470,0.606286,0.131744,0.081065,0.119846,0.016355,0.061137,-0.004203,0.060286,0.150457,0.101945,0.038346,-0.045682,0.010744
57,-6.154634,1.930751,0.505354,0.101071,0.179457,1.000000,1.502544,0.481320,0.140499,0.076323,0.106695,0.008916,0.056783,-0.007105,0.058963,0.150409,0.099699,0.033704,-0.038806,-0.002511
58,-10.000000,,-0.143358,-0.028672,0.584512,0.000000,1.327222,0.438406,0.139721,0.069976,0.116920,0.016709,0.069814,0.000483,0.054362,0.138255,0.106069,0.036533,-0.037981,0.003393
59,-5.921057,1.916718,0.546982,0.109396,0.209225,1.000000,1.568620,0.462843,0.122919,0.075326,0.120000,0.002751,0.066142,-0.004386,0.067103,0.147851,0.102597,0.036634,-0.035483,-0.007207
60,-6.267255,2.620957,0.466817,0.093363,0.349869,1.000000,1.442518,0.476637,0.138295,0.066380,0.114162,0.005196,0.069975,0.002929,0.053351,0.140075,0.101176,0.038612,-0.040708,0.006741
61,-9.996599,2.764129,0.340077,0.068015,0.963705,0.000000,1.422977,0.437836,0.147431,0.070781,0.113031,0.000092,0.060058,0.005145,0.049355,0.147159,0.102652,0.035926,-0.032827,0.003876
62,-5.449606,1.630085,0.538577,0.107715,0.207597,1.000000,1.371833,0.427785,0.130431,0.076532,0.113971,0.011556,0.069600,-0.007261,0.049392,0.148781,0.104660,0.029539,-0.046222,0.005784
63,-9.994977,1.135104,0.502313,0.100463,1.753478,0.000000,1.552719,0.310499,0.134732,0.076067,0.112098,0.016083,0.058031,-0.009401,0.053985,0.144625,0.102442,0.038763,-0.031699,0.011271
64,-4.092390,1.166610,0.983216,0.196643,0.214014,1.000000,1.453845,0.330928,0.143212,0.070569,0.116004,0.009430,0.056944,-0.006611,0.045020,0.132749,0.097966,0.039406,-0.031258,0.002256
65,-9.995859,1.047796,0.414086,0.082817,2.021678,0.000000,1.303613,0.404118,0.131655,0.076627,0.116447,0.010438,0.063956,-0.008782,0.046579,0.141589,0.103735,0.039619,-0.039828,-0.004521
66,-5.197683,0.821354,1.248441,0.249688,0.147667,1.000000,1.648849,0.433334,0.134322,0.078124,0.112470,0.001236,0.059815,-0.002816,0.058528,0.137340,0.109755,0.032995,-0.043777,0.001070
67,-7.413790,6.909298,0.138011,0.027602,0.215281,1.000000,1.413599,0.496455,0.146224,0.080488,0.112928,0.012252,0.050676,-0.011161,0.047190,0.144317,0.107665,0.034844,-0.034525,0.000255
68,-6.319435,3.853786,0.252455,0.050491,0.255853,1.000000,1.325239,0.459064,0.137314,0.072088,0.108671,0.008130,0.064869,0.004544,0.050201,0.149502,0.102540,0.032382,-0.039565,0.001972
69,-5.347073,2.008366,0.532671,0.106534,0.226464,1.000000,1.427646,0.415038,0.131629,0.074545,0.116265,0.001787,0.051491,0.006531,0.051398,0.137934,0.100104,0.040000,-0.041449,0.004286
70,-3.270884,0.985793,0.935744,0.187149,0.147441,1.000000,1.441227,0.265856,0.125872,0.078656,0.118737,0.010489,0.063722,-0.006935,0.043502,0.143782,0.104176,0.039999,-0.030614,0.004497
71,-3.981014,1.198051,0.722702,0.144540,0.220233,1.000000,1.196456,0.316771,0.138667,0.069142,0.116506,0.008502,0.069845,-0.017886,0.045884,0.142832,0.101582,0.038335,-0.043036,-0.011369
72,-9.995217,0.891123,0.478272,0.095654,2.114469,0.000000,1.418562,0.324439,0.143104,0.073975,0.114117,0.015882,0.052456,-0.006779,0.042678,0.124315,0.103692,0.039226,-0.037374,0.000973
73,-3.312270,0.952969,0.982377,0.196475,0.141311,1.000000,1.540284,0.270284,0.142480,0.075418,0.118874,0.000291,0.065797,-0.003188,0.050056,0.127218,0.093992,0.039239,-0.040212,-0.004055
74,-5.656537,1.676386,0.582153,0.116431,0.201297,1.000000,1.620117,0.445005,0.127434,0.070198,0.117935,0.003559,0.061951,-0.001645,0.050976,0.139946,0.108965,0.035087,-0.034902,-0.005936
75,-3.760725,0.881177,1.209612,0.241922,0.142818,1.000000,1.605901,0.312972,0.150403,0.079516,0.111330,0.011568,0.057149,-0.014405,0.047315,0.148256,0.100173,0.035591,-0.040207,-0.005197
76,-9.492633,,-1.316253,-0.263251,0.258232,1.000000,1.374827,0.621702,0.129273,0.072318,0.116913,0.013184,0.060408,0.001494,0.050335,0.134007,0.106902,0.029853,-0.035644,0.003700
77,-4.164580,1.391926,0.732594,0.146519,0.195659,1.000000,1.512252,0.328546,0.130939,0.072739,0.119996,0.011920,0.058115,-0.003926,0.046045,0.143396,0.098757,0.035105,-0.031248,0.003190
78,-9.997438,1.713257,0.256183,0.051237,1.833254,0.000000,1.170659,0.318920,0.122963,0.075967,0.119533,0.002406,0.064724,-0.013511,0.044301,0.150972,0.095684,0.038545,-0.032628,0.008958
79,-7.073440,3.840290,0.238191,0.047638,0.220731,1.000000,1.500125,0.520561,0.122570,0.074438,0.109315,0.007656,0.058294,0.000002,0.048222,0.140361,0.104023,0.039808,-0.038782,0.000499
80,-3.098664,0.976983,1.044870,0.208974,0.139315,1.000000,1.658691,0.253837,0.131811,0.075286,0.116525,0.012784,0.069489,-0.013436,0.054434,0.137968,0.111010,0.038376,-0.030001,0.001461
81,-3.612150,0.947410,1.022354,0.204471,0.144117,1.000000,1.477604,0.295282,0.131112,0.077782,0.119982,0.000877,0.066222,-0.005199,0.042776,0.133394,0.097904,0.037369,-0.040589,0.008836
82,-3.111759,1.109053,0.926327,0.185265,0.120725,1.000000,1.757623,0.250373,0.141902,0.085074,0.115249,0.000708,0.058122,-0.005337,0.051466,0.138591,0.092560,0.039540,-0.035918,-0.004413
83,-3.466899,0.875340,1.187210,0.237442,0.141706,1.000000,1.655831,0.288023,0.128529,0.071656,0.115631,0.001412,0.057881,-0.008125,0.048983,0.148931,0.115113,0.036832,-0.037205,-0.007996
84,-9.996694,2.771335,0.330643,0.066129,1.106248,0.000000,1.345777,0.468266,0.132007,0.074648,0.119964,0.021509,0.050566,0.002738,0.057650,0.150603,0.108387,0.031523,-0.034213,0.000068
85,-3.413527,1.093659,0.866472,0.173294,0.160109,1.000000,1.430522,0.274067,0.136029,0.076644,0.117709,0.000109,0.056534,-0.009937,0.043661,0.125983,0.089337,0.036855,-0.038421,0.001416
86,-2.772129,1.117935,0.789012,0.157802,0.183828,1.000000,1.246265,0.218298,0.147020,0.074108,0.113086,0.001105,0.064578,-0.007033,0.048871,0.131700,0.099894,0.039963,-0.034548,0.005832
87,-2.813040,1.542566,0.597801,0.119560,0.161494,1.000000,1.378438,0.211216,0.132178,0.064984,0.116211,0.001917,0.059251,-0.000834,0.051816,0.142349,0.101782,0.038459,-0.042611,-0.001222
88,-3.511190,0.902536,1.097193,0.219439,0.147993,1.000000,1.479060,0.289049,0.135752,0.075770,0.117254,0.008675,0.065910,-0.014560,0.051378,0.143136,0.096079,0.039999,-0.040461,-0.003288
89,-3.889902,1.138663,0.840800,0.168160,0.244376,1.000000,1.278745,0.313677,0.145794,0.075374,0.116318,0.006583,0.063939,-0.007253,0.046396,0.137757,0.105443,0.039340,-0.049880,-0.007561
90,-2.725927,1.160969,0.683482,0.136696,0.183049,1.000000,1.157339,0.213005,0.121349,0.077213,0.114547,0.009366,0.068151,-0.011003,0.048784,0.135055,0.097161,0.039994,-0.032225,0.000974
91,-5.588698,1.812698,0.520996,0.104199,0.288095,1.000000,1.414019,0.435047,0.126499,0.064438,0.113206,0.004921,0.064663,-0.010826,0.053326,0.136686,0.100477,0.031493,-0.051729,-0.003820
92,-3.264758,0.835718,1.114335,0.222867,0.131023,1.000000,1.581167,0.270439,0.146336,0.072445,0.102470,0.003693,0.058415,-0.005726,0.048955,0.127114,0.106663,0.039773,-0.039404,-0.000348
93,-4.551106,0.771579,1.480067,0.296013,0.145223,1.000000,1.623148,0.382623,0.151463,0.073147,0.119991,0.004449,0.065015,-0.002152,0.047663,0.131220,0.101717,0.038977,-0.039214,0.010129
94,-2.918000,1.908687,0.527557,0.105511,0.141282,1.000000,1.315081,0.212746,0.146121,0.078336,0.116879,0.000041,0.060554,-0.010709,0.050864,0.137656,0.099023,0.032835,-0.030154,0.004757
95,-9.996744,2.231402,0.325638,0.065128,1.368204,0.000000,1.241655,0.367296,0.149691,0.060000,0.119965,0.006744,0.059825,-0.007418,0.047874,0.135261,0.106285,0.039778,-0.034502,0.000931
96,-9.999371,2.958220,0.062913,0.012583,2.804405,0.000000,1.201797,0.501397,0.135732,0.075906,0.116787,0.000166,0.065028,-0.002478,0.057022,0.136204,0.103260,0.039071,-0.030777,0.009831
97,-2.985698,1.034292,0.842747,0.168549,0.138785,1.000000,1.472667,0.239670,0.142562,0.073844,0.115492,0.000374,0.069085,-0.009473,0.050998,0.136933,0.106163,0.036337,-0.031836,0.002672
98,-9.999138,2.753981,0.086179,0.017236,2.672512,0.000000,1.015465,0.350800,0.138093,0.073761,0.117844,0.003488,0.069685,-0.002981,0.040711,0.132317,0.103303,0.039848,-0.034165,-0.001452
99,-4.094477,0.844077,1.178991,0.235798,0.149144,1.000000,1.551701,0.340654,0.145964,0.071597,0.108874,0.000020,0.068472,-0.001781,0.059726,0.132610,0.105719,0.030293,-0.033487,0.004420
100,-9.995476,1.173804,0.452366,0.090473,1.522884,0.000000,1.050526,0.319345,0.133967,0.086513,0.113727,0.000686,0.063742,0.000530,0.041005,0.146603,0.111921,0.036995,-0.031308,0.009464
101,-5.406875,1.693556,0.509529,0.101906,0.215335,1.000000,1.469724,0.423959,0.125612,0.093272,0.115793,0.000122,0.066124,-0.016163,0.048626,0.125906,0.099477,0.032179,-0.037879,0.000247
102,-2.928620,2.171659,0.448517,0.089703,0.161176,1.000000,1.158762,0.208519,0.149044,0.072472,0.112714,0.006053,0.059351,-0.008239,0.042981,0.140459,0.106781,0.035705,-0.034822,0.006566
103,-5.084490,1.437647,0.798166,0.159633,0.197811,1.000000,1.591614,0.405617,0.142212,0.082412,0.102523,0.003871,0.066874,0.002387,0.053500,0.130159,0.111383,0.028434,-0.030008,0.007113
104,-3.445686,1.901803,0.469888,0.093978,0.240016,1.000000,1.277708,0.256225,0.128526,0.078380,0.111370,0.008111,0.067255,0.000429,0.042342,0.148511,0.101126,0.038348,-0.034935,0.009371
105,-9.996962,2.325465,0.303798,0.060760,1.057352,0.000000,1.037967,0.230452,0.144860,0.077125,0.113865,0.000102,0.065989,-0.010596,0.048119,0.126229,0.107277,0.029003,-0.032364,0.008216
106,-3.132224,1.142720,0.700952,0.140190,0.260115,1.000000,1.072795,0.246440,0.138789,0.081639,0.119586,0.012619,0.063318,-0.017381,0.058164,0.134542,0.097754,0.039985,-0.031441,-0.002413
107,-10.000000,,-0.066686,-0.013337,0.611229,0.000000,1.335522,0.447674,0.126599,0.074646,0.118771,0.008816,0.055037,-0.009971,0.042138,0.129976,0.107093,0.039755,-0.031945,0.010522
108,-9.995859,2.117491,0.414084,0.082817,0.316482,0.000000,1.214952,0.292029,0.119960,0.073010,0.115083,0.018407,0.058528,-0.013954,0.046972,0.153849,0.104125,0.039992,-0.046643,-0.005104
109,-3.356274,1.874152,0.464740,0.092948,0.222362,1.000000,1.139451,0.249079,0.130235,0.077168,0.117102,0.000139,0.065829,-0.013056,0.047477,0.129336,0.092209,0.038043,-0.035006,-0.002359
110,-3.478169,1.058427,0.891236,0.178247,0.149923,1.000000,1.467626,0.280547,0.133512,0.060310,0.119999,0.009330,0.066465,-0.016264,0.055665,0.155309,0.097746,0.039708,-0.030528,0.005625
111,-2.672965,1.186559,0.846073,0.169215,0.141200,1.000000,1.309868,0.210950,0.154579,0.084307,0.119803,0.008714,0.061923,-0.018925,0.050087,0.139405,0.111239,0.039984,-0.030579,-0.000868
112,-2.918905,1.243006,0.690450,0.138090,0.184584,1.000000,1.185022,0.228019,0.133394,0.078726,0.111417,0.004047,0.058954,-0.010149,0.056218,0.137954,0.102296,0.037808,-0.034046,0.001382
113,-9.999934,18.369206,0.006620,0.001324,2.827390,0.000000,0.848989,0.416082,0.126884,0.077327,0.115432,0.019462,0.062346,-0.008581,0.052266,0.142680,0.096703,0.037071,-0.035246,0.000021
114,-9.997450,2.238266,0.254980,0.050996,1.597174,0.000000,1.188961,0.294204,0.143423,0.079811,0.101663,0.005277,0.064487,-0.014447,0.051839,0.146050,0.111001,0.030488,-0.033790,0.010340
115,-2.947614,1.595298,0.580992,0.116198,0.185012,1.000000,1.183156,0.222391,0.142263,0.063055,0.115028,0.006426,0.069645,-0.001667,0.043134,0.136057,0.110562,0.028758,-0.031723,0.004554
116,-2.700790,1.085807,0.802322,0.160464,0.178025,1.000000,1.163621,0.214031,0.139508,0.068118,0.116070,0.010844,0.062019,-0.009504,0.040130,0.142868,0.104077,0.037931,-0.030290,0.001648
117,-2.717843,1.589429,0.587230,0.117446,0.145577,1.000000,1.321057,0.204127,0.130327,0.076229,0.114175,0.002690,0.068939,-0.003727,0.044792,0.134139,0.092665,0.034870,-0.036255,-0.002477
118,-10.000000,,-0.009293,-0.001859,1.895060,0.000000,0.998649,0.303785,0.151877,0.068771,0.108012,0.007049,0.068478,-0.015722,0.050851,0.142174,0.098377,0.034998,-0.038840,0.005007
119,-9.999581,9.223968,0.041910,0.008382,2.142339,0.000000,0.870678,0.285635,0.146209,0.091300,0.109104,0.000257,0.066941,-0.013999,0.040806,0.137608,0.096185,0.036151,-0.030054,-0.001919
120,-3.332640,1.097932,0.838826,0.167765,0.198027,1.000000,1.275035,0.267549,0.148520,0.069489,0.119363,0.009758,0.059870,-0.019372,0.047772,0.149969,0.110545,0.031026,-0.030121,0.006412
121,-3.233950,1.075477,0.846379,0.169276,0.147454,1.000000,1.359242,0.259306,0.137112,0.074990,0.118984,0.003671,0.067561,-0.016007,0.059938,0.120456,0.108905,0.034249,-0.034700,-0.000894
122,-9.995378,1.005457,0.462229,0.092446,2.181724,0.000000,1.414698,0.332720,0.150977,0.073845,0.119669,0.010627,0.056336,-0.016666,0.045130,0.140205,0.110122,0.038781,-0.039142,0.001508
123,-9.995814,1.699914,0.418645,0.083729,0.872032,0.000000,1.091608,0.240393,0.139617,0.080184,0.110703,0.006712,0.060970,-0.016369,0.048912,0.138500,0.102220,0.037176,-0.040285,-0.003265
124,-4.839952,1.230223,0.807581,0.161516,0.301343,1.000000,1.333060,0.388276,0.140035,0.077916,0.112543,0.006817,0.069777,-0.004082,0.048546,0.149484,0.101938,0.037985,-0.043355,0.002258
125,-2.718831,0.971483,0.904690,0.180938,0.192737,1.000000,1.164814,0.218744,0.132903,0.074815,0.118719,0.010020,0.067150,-0.019519,0.040000,0.147751,0.105370,0.036827,-0.039856,-0.011698
126,-2.967860,1.355306,0.720309,0.144062,0.124365,1.000000,1.473913,0.230483,0.149716,0.074011,0.107896,0.000452,0.068690,-0.016786,0.052721,0.139861,0.102858,0.029011,-0.033708,-0.002912
127,-2.624871,1.302055,0.562523,0.112505,0.209184,1.000000,1.107526,0.200655,0.143861,0.077795,0.107027,0.008092,0.068636,-0.016470,0.048129,0.143990,0.097296,0.038901,-0.034037,0.014950
128,-2.580812,1.182051,0.699851,0.139970,0.163899,1.000000,1.309932,0.200308,0.132997,0.071547,0.117078,0.001829,0.061882,-0.014945,0.043253,0.140519,0.093570,0.037841,-0.030937,-0.000009
129,-9.995951,0.969558,0.404945,0.080989,2.162063,0.000000,1.248365,0.394891,0.138203,0.082983,0.117210,0.003292,0.059686,-0.010067,0.048831,0.135808,0.108452,0.037088,-0.047198,0.004860
130,-3.019036,1.335098,0.731277,0.146255,0.234072,1.000000,1.182987,0.234575,0.157891,0.070550,0.117072,0.011162,0.065976,-0.019810,0.045123,0.144925,0.113366,0.039358,-0.043105,-0.002655
131,-9.999080,11.265628,0.091964,0.018393,0.360855,0.000000,1.304524,0.319642,0.156111,0.071520,0.119700,0.014344,0.059032,-0.005289,0.045849,0.135268,0.107228,0.039858,-0.034562,-0.006910
132,-2.860587,1.438834,0.575469,0.115094,0.240156,1.000000,1.141860,0.217040,0.147980,0.079934,0.108515,0.019323,0.056185,-0.019389,0.048637,0.121448,0.115931,0.037290,-0.039109,-0.007964
133,-2.675489,1.543441,0.525408,0.105082,0.183905,1.000000,1.105736,0.200545,0.138628,0.067486,0.118472,0.000414,0.063173,-0.019933,0.047117,0.150080,0.103261,0.036888,-0.037692,0.010317
134,-3.690141,1.721778,0.476814,0.095363,0.255901,1.000000,1.141650,0.280638,0.134902,0.083693,0.118529,0.008685,0.063979,-0.014526,0.045203,0.138392,0.090697,0.038629,-0.039083,0.005308
135,-2.944501,1.748311,0.471897,0.094379,0.216720,1.000000,1.053335,0.217098,0.145150,0.078281,0.110231,0.006642,0.051195,-0.019283,0.045086,0.138716,0.110790,0.039986,-0.038884,0.005027
136,-2.678636,1.146968,0.728678,0.145736,0.169518,1.000000,1.226759,0.210344,0.130715,0.072110,0.119998,0.002460,0.065026,-0.010136,0.044322,0.131944,0.098860,0.035240,-0.030027,-0.001788
137,-9.996924,1.801135,0.307632,0.061526,1.507132,0.000000,1.146900,0.269986,0.135260,0.066337,0.117497,0.000183,0.065480,-0.018913,0.047782,0.153776,0.083698,0.036414,-0.032414,0.000161
138,-9.998768,4.938332,0.123169,0.024634,1.597605,0.000000,1.137276,0.291830,0.134709,0.069040,0.115833,0.002023,0.069152,-0.014913,0.058038,0.151965,0.092142,0.036726,-0.031259,-0.002805
139,-3.756442,1.051612,0.881016,0.176203,0.228569,1.000000,1.308433,0.304126,0.132587,0.074842,0.119995,0.007875,0.066984,-0.015783,0.041902,0.135817,0.102866,0.029849,-0.031164,-0.006522
140,-3.916376,1.003235,0.960516,0.192103,0.260281,1.000000,1.241287,0.318271,0.145170,0.081415,0.113623,0.006094,0.056418,-0.007709,0.044599,0.135048,0.099445,0.035976,-0.031009,0.005461
141,-9.995062,1.275794,0.493850,0.098770,1.351885,0.000000,1.205087,0.315644,0.125747,0.068844,0.119928,0.011540,0.065345,-0.019265,0.040020,0.137820,0.098880,0.036888,-0.034398,-0.003268
142,-2.710456,1.393567,0.630307,0.126061,0.172267,1.000000,1.163476,0.205958,0.148991,0.078135,0.110323,0.000123,0.067313,-0.019658,0.046306,0.132258,0.098352,0.034794,-0.035761,-0.002183
143,-9.998883,1.919599,0.111703,0.022341,2.660001,0.000000,1.100245,0.364182,0.145542,0.092345,0.115510,0.008055,0.069844,-0.017528,0.050114,0.148488,0.101421,0.033735,-0.030740,0.000848
144,-9.999946,50.344985,0.005444,0.001089,2.515776,0.000000,0.894898,0.379068,0.149110,0.070597,0.113664,0.002637,0.063450,-0.009516,0.051375,0.122809,0.095513,0.035611,-0.034469,0.018882
145,-2.736293,1.403906,0.697532,0.139506,0.137320,1.000000,1.357477,0.210872,0.137545,0.074458,0.115042,0.000001,0.064241,-0.019442,0.051149,0.140345,0.109394,0.037993,-0.030420,-0.002596
146,-9.997626,1.304910,0.237383,0.047477,2.069801,0.000000,1.135624,0.503098,0.136532,0.072661,0.104254,0.000521,0.069834,-0.018164,0.044593,0.143324,0.090042,0.035321,-0.039130,0.009837
147,-3.943660,0.911661,0.972308,0.194462,0.189275,1.000000,1.279088,0.323786,0.136742,0.069198,0.109868,0.000054,0.069866,-0.019542,0.046053,0.132692,0.103545,0.029590,-0.035070,-0.004702
148,-3.016982,1.305078,0.695123,0.139025,0.190852,1.000000,1.145845,0.234812,0.138417,0.080745,0.116896,0.003763,0.052554,-0.013369,0.045419,0.144160,0.092460,0.036960,-0.030224,0.001145
149,-2.967389,1.292644,0.649116,0.129823,0.205021,1.000000,1.205174,0.230032,0.137847,0.064856,0.119687,0.005258,0.069880,-0.016114,0.047763,0.138320,0.107340,0.038373,-0.031913,0.009342
150,-3.919707,1.264296,0.758012,0.151602,0.227499,1.000000,1.393328,0.312390,0.143687,0.071879,0.115513,0.010169,0.062893,-0.012765,0.045080,0.131376,0.099347,0.034003,-0.038041,0.002097
151,-3.042619,2.009572,0.425957,0.085191,0.186129,1.000000,1.076041,0.220681,0.137019,0.067696,0.119556,0.000092,0.069883,-0.018637,0.047874,0.141016,0.098373,0.031486,-0.034007,0.002199
152,-3.795190,2.159001,0.415065,0.083013,0.214580,1.000000,1.063294,0.280581,0.134973,0.070460,0.119957,0.000147,0.054653,-0.012672,0.043626,0.155860,0.094993,0.032115,-0.031310,0.003416
153,-2.808968,1.768856,0.428328,0.085666,0.254656,1.000000,0.946899,0.205176,0.147315,0.063223,0.117550,0.006521,0.069784,-0.019426,0.047128,0.128533,0.095319,0.040000,-0.031872,0.006677
154,-2.771634,1.128298,0.798943,0.159789,0.122651,1.000000,1.484121,0.219617,0.143362,0.076982,0.107563,0.000008,0.064857,-0.018041,0.053814,0.141964,0.106141,0.039879,-0.034571,-0.000881
155,-2.939037,1.088018,0.822284,0.164457,0.191657,1.000000,1.356278,0.234396,0.138649,0.069782,0.119928,0.005696,0.061212,-0.017388,0.050679,0.144586,0.099408,0.038797,-0.038277,0.007587
156,-2.705508,1.498889,0.568775,0.113755,0.161443,1.000000,1.185220,0.203872,0.140194,0.075802,0.111309,0.000621,0.059922,-0.019895,0.056169,0.134564,0.104700,0.036229,-0.032150,-0.002856
157,-5.190435,1.557289,0.590347,0.118069,0.229198,1.000000,1.342007,0.408539,0.139454,0.061750,0.110353,0.000222,0.067318,-0.017641,0.053637,0.125838,0.099056,0.039889,-0.031421,0.002978
158,-9.996325,1.335906,0.367542,0.073508,1.994368,0.000000,1.229261,0.299690,0.143499,0.075596,0.119158,0.008928,0.062794,-0.016384,0.049797,0.139337,0.109209,0.039925,-0.034836,0.003569
159,-2.669698,1.369306,0.609141,0.121828,0.167150,1.000000,1.227930,0.203712,0.139472,0.074489,0.108664,0.000001,0.063146,-0.018184,0.054486,0.143998,0.105870,0.039886,-0.032006,0.005576
160,-2.846156,1.442856,0.660071,0.132014,0.113745,1.000000,1.403594,0.217497,0.142697,0.063239,0.103540,0.003569,0.065171,-0.017268,0.054426,0.139318,0.101095,0.034678,-0.032204,-0.003139
161,-3.430203,1.000925,0.896931,0.179386,0.167177,1.000000,1.406920,0.278414,0.140074,0.080418,0.104011,0.011328,0.060454,-0.015653,0.045695,0.144531,0.100168,0.036720,-0.044578,0.004560
162,-3.331457,1.471745,0.582125,0.116425,0.232929,1.000000,1.199875,0.255565,0.130236,0.069428,0.117239,0.000653,0.068610,-0.019466,0.052253,0.145603,0.104107,0.035330,-0.035088,0.003340
163,-2.599150,1.174469,0.758281,0.151656,0.169145,1.000000,1.271818,0.201993,0.142912,0.072126,0.119712,0.000880,0.068501,-0.012624,0.047413,0.143734,0.105621,0.036343,-0.034327,-0.002854
164,-2.595035,1.222235,0.734979,0.146996,0.151605,1.000000,1.360372,0.202436,0.143997,0.070745,0.117535,0.004958,0.069071,-0.013937,0.056357,0.121994,0.104069,0.035806,-0.032923,0.001747
165,-2.864258,1.842415,0.506895,0.101379,0.120469,1.000000,1.383233,0.208638,0.145183,0.069034,0.102533,0.000030,0.069739,-0.019999,0.043004,0.135024,0.096803,0.034268,-0.039199,0.008948
166,-2.963567,1.486133,0.616940,0.123388,0.178616,1.000000,1.201299,0.225588,0.146091,0.073221,0.109426,0.001826,0.067333,-0.008600,0.051814,0.122264,0.095369,0.036798,-0.031060,-0.003658
167,-2.760439,1.146767,0.756170,0.151234,0.117121,1.000000,1.447571,0.217614,0.139300,0.075262,0.112278,0.003639,0.063413,-0.016117,0.052942,0.130839,0.115665,0.033043,-0.033790,0.007381
168,-3.226305,1.153779,0.768896,0.153779,0.170438,1.000000,1.245468,0.256059,0.138016,0.067066,0.119975,0.000409,0.060416,-0.008835,0.053011,0.128203,0.115183,0.039635,-0.047549,0.000957
169,-9.996369,1.148016,0.363101,0.072620,2.072684,0.000000,1.293894,0.351918,0.132222,0.078477,0.119827,0.002659,0.064206,-0.016201,0.050567,0.138235,0.112743,0.039923,-0.036168,0.010437
170,-2.958572,1.608324,0.526399,0.105280,0.183118,1.000000,1.069210,0.222067,0.141361,0.072318,0.115132,0.000123,0.059545,-0.019899,0.052955,0.136644,0.105031,0.038090,-0.034204,-0.002722
171,-3.395484,0.862451,1.125413,0.225083,0.121818,1.000000,1.581456,0.280906,0.141775,0.072440,0.108621,0.011444,0.064693,-0.015287,0.055295,0.132813,0.106151,0.039373,-0.040760,-0.004138
172,-6.267273,2.820685,0.339671,0.067934,0.230426,1.000000,1.372555,0.472191,0.143264,0.062681,0.113863,0.000513,0.064152,-0.014006,0.063700,0.137500,0.104349,0.039317,-0.031393,0.003325
173,-3.461108,1.197851,0.812554,0.162511,0.217779,1.000000,1.277604,0.275322,0.150562,0.070300,0.117094,0.004046,0.067281,-0.016451,0.056858,0.140431,0.107935,0.038886,-0.032224,-0.005876
174,-2.618395,1.049864,0.747928,0.149586,0.205736,1.000000,1.171258,0.205764,0.129406,0.070864,0.118955,0.004130,0.068525,-0.013781,0.053315,0.127589,0.108877,0.039942,-0.037729,0.000341
175,-2.679332,1.215602,0.648548,0.129710,0.130103,1.000000,1.538175,0.208155,0.132285,0.064864,0.115048,0.001436,0.067549,-0.016065,0.058784,0.131361,0.106103,0.038074,-0.034528,-0.004888
176,-3.096855,1.896249,0.418234,0.083647,0.194364,1.000000,1.102235,0.226834,0.139699,0.064927,0.113662,0.008245,0.061985,-0.019998,0.051940,0.142457,0.108326,0.039755,-0.038949,0.004475
177,-2.880808,1.066979,0.718787,0.143757,0.131062,1.000000,1.461306,0.228466,0.127706,0.063093,0.116293,0.004077,0.065824,-0.015565,0.057286,0.117740,0.111772,0.035345,-0.034570,-0.002296
178,-3.148945,1.169461,0.699531,0.139906,0.162668,1.000000,1.376424,0.249102,0.119425,0.074053,0.119896,0.010198,0.068432,-0.015490,0.057065,0.126273,0.107921,0.036886,-0.037412,0.016610
179,-3.134170,1.274477,0.636110,0.127222,0.224641,1.000000,1.160725,0.243623,0.126351,0.062761,0.117107,0.000186,0.062861,-0.019332,0.044553,0.123307,0.101282,0.039028,-0.033215,0.007849
180,-2.649790,1.428879,0.645214,0.129043,0.130307,1.000000,1.400886,0.201269,0.136663,0.073619,0.108937,0.000825,0.064595,-0.018630,0.056031,0.136876,0.112437,0.038133,-0.038664,0.001219
181,-9.997681,2.654613,0.231864,0.046373,1.395813,0.000000,1.176432,0.246941,0.135135,0.070757,0.115933,0.009405,0.069799,-0.011086,0.054802,0.127815,0.113021,0.039612,-0.034321,0.003063
182,-2.989624,1.146567,0.751035,0.150207,0.179915,1.000000,1.285083,0.236172,0.131438,0.065273,0.114573,0.001414,0.069915,-0.012733,0.047762,0.131379,0.111370,0.035905,-0.038450,-0.000934
183,-2.812555,1.117110,0.701168,0.140234,0.157818,1.000000,1.316655,0.221026,0.121915,0.068049,0.117438,0.000787,0.063892,-0.018409,0.049771,0.123929,0.103401,0.039864,-0.036657,-0.008747
184,-2.970143,1.048988,0.812825,0.162565,0.173855,1.000000,1.226787,0.237391,0.131616,0.075966,0.117574,0.002583,0.065299,-0.019684,0.046859,0.145161,0.110814,0.037231,-0.039003,-0.006131
185,-2.753887,1.163188,0.747195,0.149439,0.175335,1.000000,1.302504,0.216057,0.133341,0.070774,0.119074,0.003824,0.068610,-0.013430,0.050065,0.133594,0.101498,0.036515,-0.036108,-0.000972
186,-3.497244,0.990771,0.906147,0.181229,0.175563,1.000000,1.395632,0.283829,0.133918,0.076106,0.117533,0.000003,0.066400,-0.012748,0.054603,0.136196,0.103636,0.036371,-0.035596,0.003526
187,-2.951124,0.935524,0.852173,0.170435,0.131317,1.000000,1.485652,0.238657,0.139753,0.069299,0.109915,0.001433,0.058577,-0.019240,0.056332,0.128963,0.116314,0.038285,-0.033112,-0.000117
188,-2.576602,1.217858,0.722546,0.144509,0.120947,1.000000,1.593816,0.200696,0.123010,0.080347,0.118692,0.002795,0.060618,-0.015987,0.050431,0.143253,0.106419,0.039877,-0.030531,0.000516
189,-2.728385,1.651166,0.513547,0.102709,0.168029,1.000000,1.176610,0.202304,0.130933,0.070194,0.118938,0.002133,0.054488,-0.008585,0.048354,0.133909,0.101850,0.032900,-0.038269,0.002487
190,-2.951908,0.841666,0.931454,0.186291,0.129932,1.000000,1.488831,0.242032,0.137474,0.071956,0.116510,0.004329,0.069806,-0.017308,0.045802,0.134901,0.110230,0.039861,-0.035458,-0.003880
191,-3.709106,0.913517,1.098932,0.219786,0.193311,1.000000,1.421080,0.306613,0.140530,0.072562,0.112398,0.005501,0.063015,-0.013659,0.042523,0.144084,0.107517,0.037713,-0.037014,-0.000561
192,-2.908438,1.101886,0.684109,0.136822,0.194091,1.000000,1.125209,0.228858,0.137555,0.069844,0.107673,0.009717,0.069892,-0.019943,0.053792,0.133253,0.103275,0.039626,-0.031681,0.000415
193,-9.993458,1.210200,0.654162,0.130832,0.699605,0.000000,1.391142,0.315537,0.117188,0.066959,0.114399,0.014168,0.061125,-0.013525,0.059457,0.135121,0.110079,0.039836,-0.036835,0.001030
194,-3.508654,1.211044,0.750398,0.150080,0.199797,1.000000,1.297740,0.277714,0.129967,0.075053,0.111899,0.000027,0.066304,-0.014164,0.058201,0.136276,0.097148,0.036994,-0.039921,-0.009827
195,-3.439865,0.792149,1.070032,0.214006,0.131684,1.000000,1.522270,0.285812,0.130249,0.070511,0.114203,0.001877,0.069678,-0.019922,0.057006,0.123402,0.117617,0.036566,-0.045409,-0.004349
196,-9.997461,2.258894,0.253903,0.050781,1.626516,0.000000,1.199747,0.291991,0.126818,0.069831,0.119853,0.005014,0.063917,-0.011615,0.057832,0.140886,0.115081,0.039024,-0.043318,-0.002131
197,-9.996401,1.603315,0.359857,0.071971,1.533342,0.000000,1.198919,0.270001,0.132665,0.067904,0.115127,0.006808,0.057611,-0.018662,0.063735,0.127922,0.112305,0.039208,-0.031605,-0.004595
198,-3.122997,1.311251,0.676121,0.135224,0.211890,1.000000,1.093567,0.243211,0.139963,0.067860,0.109011,0.000001,0.069172,-0.016044,0.047376,0.138229,0.114221,0.034746,-0.032306,0.000119
199,-3.402433,0.819223,1.135612,0.227122,0.138840,1.000000,1.565576,0.282981,0.130020,0.077818,0.113542,0.001832,0.061547,-0.006802,0.051336,0.137642,0.104488,0.039947,-0.034734,-0.000553
200,-9.994400,1.357897,0.560013,0.112003,0.742401,0.000000,1.271706,0.281917,0.124319,0.078848,0.116207,0.001554,0.066929,-0.018847,0.048152,0.131063,0.109772,0.036975,-0.030535,-0.002049
201,-2.957351,0.996779,0.860966,0.172193,0.147422,1.000000,1.296796,0.238167,0.133490,0.078312,0.119828,0.002843,0.057447,-0.016770,0.048804,0.127469,0.105355,0.038640,-0.033954,-0.001067
202,-3.190837,0.998683,0.844109,0.168822,0.162615,1.000000,1.375852,0.256977,0.127748,0.072176,0.115128,0.000595,0.052851,-0.015269,0.050949,0.144455,0.103706,0.036910,-0.030002,-0.001034
203,-9.995638,0.930126,0.436204,0.087241,2.177658,0.000000,1.400340,0.352128,0.128990,0.072472,0.116639,0.001984,0.064309,-0.009683,0.047004,0.132556,0.107859,0.039776,-0.035439,0.001944
204,-2.573693,1.117305,0.731325,0.146265,0.160744,1.000000,1.270611,0.201118,0.134166,0.073231,0.119224,0.004693,0.062929,-0.016687,0.049900,0.145999,0.103018,0.039926,-0.033150,0.002525
205,-3.986185,0.710607,1.328022,0.265604,0.139042,1.000000,1.589867,0.335879,0.129569,0.070801,0.114467,0.004487,0.063384,-0.014355,0.053972,0.138804,0.097898,0.039454,-0.031081,-0.000816
206,-9.998070,2.606024,0.192982,0.038596,1.826469,0.000000,1.283327,0.327130,0.123862,0.072828,0.119597,0.000081,0.064818,-0.001581,0.044959,0.140869,0.099191,0.039990,-0.035588,0.000086
207,-3.427012,0.957541,0.898414,0.179683,0.126563,1.000000,1.425423,0.279462,0.122799,0.073114,0.116258,0.003085,0.069991,-0.018604,0.052322,0.138349,0.105789,0.029834,-0.034668,0.000370
208,-2.999049,0.996242,0.835772,0.167154,0.124043,1.000000,1.484861,0.241694,0.132565,0.073535,0.119998,0.007422,0.059510,-0.013427,0.044897,0.137173,0.104573,0.034871,-0.034917,0.003807
209,-3.778699,0.957213,0.969986,0.193997,0.157268,1.000000,1.555874,0.308988,0.132364,0.073924,0.117347,0.000223,0.066307,-0.015025,0.048365,0.138684,0.104753,0.030860,-0.036716,0.003604
210,-3.017713,1.046282,0.789623,0.157925,0.201382,1.000000,1.311310,0.240808,0.134702,0.072201,0.117643,0.007212,0.067069,-0.018243,0.048217,0.144932,0.103699,0.039078,-0.038281,0.006792
211,-9.995074,2.052238,0.492632,0.098526,0.353987,0.000000,1.197435,0.275481,0.123354,0.069085,0.120000,0.004560,0.053386,-0.017327,0.050061,0.133986,0.103257,0.039240,-0.031202,-0.001712
212,-4.012342,0.882757,1.079670,0.215934,0.182177,1.000000,1.381572,0.330603,0.128054,0.079735,0.112071,0.000912,0.061362,-0.016010,0.044873,0.143094,0.112008,0.038491,-0.030005,-0.006609
213,-3.027358,1.088484,0.823464,0.164693,0.154479,1.000000,1.358786,0.240807,0.143496,0.068458,0.118440,0.004689,0.055372,-0.015341,0.054375,0.142880,0.106305,0.037564,-0.034145,-0.000903
214,-3.657691,0.869971,1.069000,0.213800,0.161097,1.000000,1.358370,0.301797,0.141234,0.078616,0.117021,0.000000,0.053647,-0.017960,0.048171,0.144324,0.104880,0.038386,-0.030740,0.002000
215,-3.020511,1.311829,0.687200,0.137440,0.165326,1.000000,1.223166,0.235426,0.132611,0.076861,0.113682,0.001446,0.058943,-0.014835,0.049007,0.128721,0.111808,0.036621,-0.034957,0.001086
216,-2.784639,1.203141,0.710018,0.142004,0.165610,1.000000,1.328633,0.217921,0.135586,0.073362,0.114569,0.001506,0.055107,-0.013932,0.046277,0.140076,0.097172,0.036925,-0.037076,-0.001247
217,-2.826497,1.339684,0.729949,0.145990,0.122875,1.000000,1.404617,0.217614,0.139328,0.074720,0.118626,0.001288,0.053991,-0.019998,0.050049,0.137091,0.113814,0.038948,-0.033582,-0.002026
218,-2.649378,1.020150,0.770635,0.154127,0.229636,1.000000,1.156179,0.209436,0.130910,0.076843,0.119049,0.003328,0.051721,-0.019084,0.049306,0.142244,0.098437,0.039736,-0.036458,0.002376
219,-3.943750,1.677545,0.546751,0.109350,0.341122,1.000000,1.219355,0.300594,0.123227,0.074023,0.119558,0.003675,0.061189,-0.018047,0.043114,0.136435,0.108557,0.039587,-0.036075,-0.002766
220,-2.626586,1.243657,0.710546,0.142109,0.139744,1.000000,1.419420,0.203558,0.124793,0.075040,0.119995,0.005372,0.059137,-0.018332,0.045722,0.147895,0.106335,0.037171,-0.037441,-0.000526
221,-2.901374,1.087795,0.832173,0.166435,0.139153,1.000000,1.665387,0.231425,0.135051,0.064675,0.119268,0.000549,0.051163,-0.007505,0.045440,0.137671,0.105720,0.039986,-0.034822,-0.006263
222,-2.781759,1.019719,0.839578,0.167916,0.200369,1.000000,1.157302,0.222349,0.137432,0.072892,0.118055,0.006998,0.057910,-0.016260,0.045367,0.143673,0.104312,0.036901,-0.038697,0.000293
223,-2.574558,1.140330,0.740008,0.148002,0.159962,1.000000,1.293397,0.201641,0.133316,0.074828,0.119662,0.000224,0.058421,-0.017220,0.047175,0.133664,0.102333,0.034018,-0.032547,-0.004857
224,-3.109515,0.957069,0.858642,0.171728,0.130728,1.000000,1.468892,0.251531,0.128408,0.074417,0.119207,0.000042,0.054870,-0.019999,0.055791,0.146979,0.108798,0.036092,-0.030228,-0.000937
225,-2.861851,1.393272,0.642840,0.128568,0.159996,1.000000,1.336614,0.219780,0.128144,0.072151,0.119421,0.001964,0.060552,-0.012820,0.047453,0.152252,0.107023,0.039694,-0.035051,0.000637
226,-2.600182,1.203221,0.650597,0.130119,0.166270,1.000000,1.245437,0.200517,0.121490,0.076685,0.119922,0.000849,0.058458,-0.013136,0.051220,0.148692,0.106119,0.037803,-0.036748,0.003183
227,-3.442529,1.238684,0.695617,0.139123,0.175243,1.000000,1.322495,0.271645,0.132880,0.072006,0.112233,0.008037,0.056953,-0.020000,0.049990,0.146257,0.103910,0.032214,-0.035056,0.004243
228,-2.707171,1.656202,0.541803,0.108361,0.142000,1.000000,1.246984,0.200187,0.132085,0.072480,0.119135,0.001857,0.061685,-0.019650,0.041729,0.143859,0.107553,0.037130,-0.030414,-0.000269
229,-2.920874,0.938824,0.938075,0.187615,0.123728,1.000000,1.585182,0.237570,0.132415,0.075497,0.119478,0.007757,0.055672,-0.010060,0.041616,0.146808,0.102270,0.038159,-0.032091,-0.002541
230,-2.920654,1.099378,0.752968,0.150594,0.160820,1.000000,1.243617,0.230832,0.130369,0.073853,0.116791,0.000946,0.062151,-0.018009,0.051119,0.134766,0.101432,0.037938,-0.030073,-0.003326
231,-3.009239,1.197708,0.712763,0.142553,0.220832,1.000000,1.246389,0.235872,0.127763,0.075539,0.119709,0.013297,0.058816,-0.013054,0.050052,0.136264,0.099716,0.038939,-0.036939,-0.002920
232,-2.559817,1.085418,0.765371,0.153074,0.155033,1.000000,1.118972,0.201288,0.134821,0.079326,0.115514,0.004101,0.054315,-0.019589,0.052717,0.143216,0.107337,0.035702,-0.032166,-0.003643
233,-3.042036,1.131431,0.753803,0.150761,0.182577,1.000000,1.208745,0.240580,0.130498,0.070790,0.119999,0.000174,0.060417,-0.018843,0.049227,0.151131,0.110298,0.034995,-0.033615,-0.001230
234,-2.574723,1.104393,0.698525,0.139705,0.172171,1.000000,1.247406,0.201553,0.125762,0.077476,0.117021,0.006934,0.050749,-0.011514,0.048741,0.147711,0.101824,0.038249,-0.034937,0.006187
235,-2.798162,1.545884,0.537073,0.107415,0.162648,1.000000,1.225475,0.212657,0.126781,0.076160,0.119996,0.000007,0.057831,-0.019998,0.041862,0.143377,0.104293,0.034362,-0.030406,0.002239
236,-3.139128,1.299809,0.669783,0.133957,0.181960,1.000000,1.327101,0.244720,0.130261,0.074943,0.119849,0.001905,0.057332,-0.015375,0.046996,0.144274,0.103872,0.028900,-0.032960,0.004603
237,-2.553262,1.124995,0.736298,0.147260,0.154667,1.000000,1.326706,0.200697,0.126227,0.080881,0.115868,0.000032,0.060637,-0.019976,0.049057,0.138770,0.105768,0.035385,-0.035224,-0.000827
238,-2.608497,1.196106,0.723182,0.144636,0.168003,1.000000,1.265614,0.202060,0.139548,0.074194,0.116196,0.000146,0.060889,-0.016766,0.046568,0.146184,0.102624,0.033660,-0.031781,-0.006929
239,-2.800292,1.484682,0.580950,0.116190,0.168256,1.000000,1.128231,0.210857,0.132454,0.077132,0.118496,0.001654,0.051304,-0.019841,0.048418,0.144060,0.101677,0.033934,-0.030044,-0.007653
240,-2.616134,1.145157,0.736121,0.147224,0.153491,1.000000,1.243144,0.204246,0.126147,0.086038,0.119837,0.003371,0.057685,-0.013890,0.040603,0.139273,0.107639,0.037883,-0.034040,-0.001341
241,-2.661126,1.464976,0.555180,0.111036,0.190208,1.000000,1.066611,0.200085,0.131320,0.070202,0.118718,0.001329,0.059818,-0.019982,0.050850,0.140246,0.110359,0.039976,-0.030001,0.000780
242,-2.877459,1.400496,0.631099,0.126220,0.152095,1.000000,1.353134,0.220706,0.121774,0.068925,0.119558,0.000367,0.064454,-0.016431,0.041318,0.144967,0.105549,0.034128,-0.035636,0.000588
243,-2.709974,0.952352,0.808025,0.161605,0.166585,1.000000,1.262938,0.217439,0.122488,0.085242,0.119308,0.005841,0.058394,-0.015587,0.052462,0.140590,0.102263,0.033876,-0.030204,0.000290
244,-2.611989,1.297779,0.664353,0.132871,0.167381,1.000000,1.197352,0.200405,0.136138,0.081130,0.114396,0.000104,0.058664,-0.019895,0.051564,0.142033,0.105522,0.037322,-0.037623,-0.010238
245,-2.589858,1.152846,0.711161,0.142232,0.153791,1.000000,1.241251,0.201431,0.125200,0.078009,0.116358,0.005998,0.059262,-0.014905,0.049398,0.144471,0.108248,0.034842,-0.035333,0.000257
246,-4.284309,1.169316,0.756151,0.151230,0.229604,1.000000,1.225020,0.341673,0.126112,0.079561,0.118738,0.001599,0.053149,-0.015652,0.048320,0.134308,0.104870,0.039531,-0.032161,-0.003759
247,-4.096390,1.153082,0.823695,0.164739,0.220582,1.000000,1.265871,0.327967,0.133402,0.074747,0.119652,0.000337,0.057598,-0.018417,0.046276,0.149992,0.112616,0.034500,-0.033924,-0.006366
248,-2.899258,1.012865,0.771681,0.154336,0.143235,1.000000,1.415890,0.231359,0.121568,0.074934,0.119331,0.002416,0.065927,-0.013932,0.055554,0.140736,0.103747,0.039008,-0.036340,-0.003202
249,-2.815621,1.172395,0.762857,0.152571,0.149732,1.000000,1.364466,0.222011,0.129917,0.079497,0.115922,0.005251,0.059321,-0.019952,0.047261,0.152103,0.111587,0.033221,-0.030930,0.003813
250,-2.610426,1.226678,0.697725,0.139545,0.180493,1.000000,1.168635,0.201800,0.132905,0.081984,0.116730,0.001435,0.066814,-0.014580,0.054966,0.136657,0.109823,0.040000,-0.038479,0.001472
251,-2.900751,2.344411,0.341008,0.068202,0.218682,1.000000,1.033904,0.201748,0.136687,0.078507,0.118782,0.000001,0.059885,-0.019884,0.048075,0.143115,0.103236,0.034669,-0.035475,-0.003414
252,-2.895854,1.883668,0.452342,0.090468,0.188300,1.000000,1.088792,0.211292,0.125478,0.083642,0.118454,0.000846,0.057996,-0.012086,0.052116,0.144393,0.103406,0.030798,-0.034503,-0.000742
253,-9.991343,1.065090,0.865658,0.173132,0.617694,0.000000,1.063843,0.309413,0.121586,0.075897,0.119818,0.001384,0.055613,-0.010124,0.054623,0.142448,0.107320,0.038702,-0.035366,-0.002478
254,-2.779466,1.866627,0.470539,0.094108,0.167378,1.000000,1.179477,0.202405,0.130146,0.082303,0.114494,0.002970,0.056312,-0.010664,0.049158,0.142483,0.101722,0.034857,-0.030051,0.005235
255,-2.682957,1.115373,0.794699,0.158940,0.160570,1.000000,1.297866,0.211782,0.132324,0.083892,0.111489,0.000597,0.060247,-0.014187,0.056096,0.142095,0.111881,0.039963,-0.041839,-0.002976
256,-2.893662,1.066082,0.756716,0.151343,0.189972,1.000000,1.161075,0.229497,0.130293,0.073766,0.119547,0.001994,0.062587,-0.019543,0.045854,0.135850,0.110323,0.037152,-0.036353,0.000780
257,-2.585020,1.001541,0.780228,0.156046,0.175535,1.000000,1.266591,0.205061,0.133970,0.079619,0.119559,0.008460,0.061455,-0.011239,0.054909,0.139542,0.106060,0.038863,-0.041565,-0.000276
258,-9.999545,13.856670,0.045488,0.009098,1.631314,0.000000,1.103595,0.284935,0.137391,0.080516,0.116604,0.001042,0.068367,-0.015372,0.050834,0.141268,0.109271,0.039336,-0.036949,-0.009644
259,-3.008303,1.013036,0.744716,0.148943,0.206305,1.000000,1.134592,0.239227,0.122690,0.080071,0.113588,0.001709,0.065226,-0.017873,0.054680,0.142393,0.108972,0.036354,-0.041006,0.002686
260,-3.089120,1.325398,0.640503,0.128101,0.228156,1.000000,1.224015,0.239360,0.126016,0.081537,0.119689,0.004196,0.059132,-0.015627,0.053579,0.138264,0.107765,0.035219,-0.030008,-0.007810
261,-2.793823,1.206434,0.736441,0.147288,0.163995,1.000000,1.318792,0.218767,0.126371,0.073793,0.119204,0.001013,0.057779,-0.016603,0.054587,0.145167,0.111235,0.038065,-0.032831,-0.003265
262,-2.682570,1.128106,0.740862,0.148172,0.179343,1.000000,1.207136,0.210798,0.128258,0.079848,0.113178,0.008331,0.054530,-0.012996,0.054149,0.146495,0.107035,0.035916,-0.040991,0.001876
263,-2.965648,1.028378,0.833903,0.166781,0.167116,1.000000,1.294306,0.237832,0.129670,0.083375,0.116873,0.011092,0.059315,-0.019328,0.052171,0.148774,0.112557,0.035553,-0.041432,-0.005760
264,-2.722478,1.228675,0.675352,0.135070,0.179273,1.000000,1.222313,0.212243,0.128216,0.080042,0.115096,0.002173,0.057501,-0.013695,0.053744,0.136108,0.103723,0.038805,-0.042012,0.003527
265,-2.715965,1.009870,0.841198,0.168240,0.191149,1.000000,1.197786,0.217385,0.135525,0.077312,0.118281,0.009715,0.057200,-0.005303,0.051766,0.146797,0.106072,0.037929,-0.039520,0.000869
266,-2.764643,1.332022,0.647232,0.129446,0.154307,1.000000,1.346169,0.212733,0.123114,0.079320,0.114176,0.000004,0.056568,-0.011867,0.054167,0.146116,0.105996,0.035715,-0.046219,0.004131
267,-2.623503,1.087439,0.742730,0.148546,0.165848,1.000000,1.282894,0.206685,0.138652,0.081189,0.115347,0.003209,0.061338,-0.019786,0.056955,0.142513,0.101083,0.037745,-0.038370,0.004833
268,-2.686041,1.214312,0.650499,0.130100,0.225287,1.000000,1.080584,0.208636,0.127486,0.084098,0.113620,0.006847,0.057546,-0.010265,0.054782,0.146540,0.102404,0.032229,-0.038330,-0.002509
269,-2.645124,1.147168,0.757521,0.151504,0.164006,1.000000,1.261317,0.207015,0.135213,0.080425,0.118724,0.005561,0.059292,-0.012274,0.052100,0.143215,0.102618,0.039993,-0.040818,-0.001927
270,-9.993143,1.070990,0.685653,0.137131,0.863695,0.000000,1.223749,0.254449,0.129196,0.080795,0.118129,0.002528,0.053519,-0.019611,0.051806,0.140922,0.103531,0.037894,-0.038298,-0.001976
271,-2.793902,1.124032,0.750882,0.150176,0.171234,1.000000,1.332358,0.220688,0.123268,0.077558,0.117672,0.004303,0.053238,-0.013659,0.053515,0.130766,0.107372,0.037279,-0.035096,-0.002169
272,-2.976965,1.220249,0.683101,0.136620,0.208216,1.000000,1.276237,0.232328,0.132410,0.078255,0.119920,0.006667,0.061645,-0.012215,0.057028,0.142889,0.114169,0.039398,-0.043322,0.003787
273,-2.946070,1.275593,0.685611,0.137122,0.222723,1.000000,1.191563,0.228714,0.134120,0.076773,0.119187,0.002428,0.054994,-0.014192,0.054133,0.139194,0.110995,0.039916,-0.038099,-0.003221
274,-9.998511,1.922577,0.148920,0.029784,2.486558,0.000000,1.149533,0.239924,0.131530,0.081023,0.111602,0.011767,0.056828,-0.008015,0.057284,0.147663,0.102322,0.035580,-0.037356,0.003097
275,-2.750805,1.104524,0.769369,0.153874,0.189800,1.000000,1.205247,0.217176,0.132621,0.076874,0.118913,0.006675,0.059739,-0.011874,0.051200,0.140056,0.108283,0.036329,-0.043505,-0.002007
276,-2.567874,1.191549,0.732147,0.146429,0.159036,1.000000,1.289547,0.200375,0.142963,0.073577,0.119766,0.003867,0.054096,-0.018695,0.058771,0.143748,0.105323,0.037014,-0.049063,0.004142
277,-2.672129,1.492036,0.588070,0.117614,0.170444,1.000000,1.209038,0.201247,0.140494,0.073868,0.119967,0.000609,0.059101,-0.011765,0.055319,0.135951,0.105231,0.035451,-0.042695,0.006418
278,-2.581618,1.272029,0.723220,0.144644,0.150889,1.000000,1.346092,0.200005,0.133952,0.085188,0.119984,0.005473,0.061528,-0.016408,0.055686,0.142014,0.104072,0.034039,-0.040197,-0.002956
279,-2.729937,1.357191,0.601670,0.120334,0.235941,1.000000,1.138617,0.207481,0.134587,0.079461,0.116750,0.010119,0.061574,-0.013603,0.055578,0.148318,0.100839,0.039974,-0.038870,0.003821
280,-2.681827,1.123034,0.753898,0.150780,0.187459,1.000000,1.234769,0.211380,0.138470,0.079204,0.120000,0.006963,0.063029,-0.019945,0.059676,0.144495,0.103995,0.038500,-0.040147,0.004642
281,-3.075841,0.960165,0.869184,0.173837,0.205504,1.000000,1.139559,0.248157,0.129294,0.087209,0.119394,0.000269,0.061784,-0.018845,0.052171,0.138610,0.104590,0.037068,-0.035326,-0.001978
282,-2.850818,1.220750,0.718354,0.143671,0.180538,1.000000,1.161903,0.222619,0.141753,0.075533,0.118036,0.002729,0.064509,-0.014239,0.050768,0.141233,0.103053,0.035116,-0.031752,0.000222
283,-2.972212,1.184569,0.793640,0.158728,0.181658,1.000000,1.366342,0.235361,0.134257,0.083409,0.119304,0.004647,0.060237,-0.015359,0.056829,0.146199,0.098566,0.039975,-0.031896,0.003595
284,-2.744020,0.941290,0.833497,0.166699,0.208954,1.000000,1.154802,0.219927,0.130933,0.085991,0.116487,0.003442,0.060220,-0.019983,0.049800,0.145738,0.105232,0.038900,-0.036071,0.002427
285,-2.608610,1.105626,0.760860,0.152172,0.168058,1.000000,1.279269,0.204112,0.138920,0.078644,0.116098,0.000212,0.056010,-0.015342,0.053916,0.141223,0.103343,0.038586,-0.044257,0.003196
286,-2.628358,0.913283,0.882903,0.176581,0.214170,1.000000,1.198777,0.211974,0.133421,0.078973,0.119912,0.003939,0.059580,-0.017193,0.052816,0.144197,0.106186,0.038331,-0.031951,0.004186
287,-4.312810,1.325863,0.730640,0.146128,0.229611,1.000000,1.327604,0.342679,0.136664,0.075624,0.119938,0.001331,0.058642,-0.017902,0.051717,0.145265,0.101306,0.030853,-0.042614,0.006544
288,-2.642569,1.213562,0.725062,0.145012,0.160785,1.000000,1.288780,0.205616,0.138669,0.076364,0.118402,0.006776,0.057500,-0.017532,0.056461,0.145571,0.103757,0.035673,-0.041199,0.002654
289,-2.782253,1.829308,0.545918,0.109184,0.129553,1.000000,1.379458,0.202697,0.134651,0.076517,0.119585,0.000552,0.060653,-0.015408,0.057231,0.143387,0.103413,0.033784,-0.046036,-0.002706
290,-2.833006,1.043295,0.805801,0.161160,0.146010,1.000000,1.387222,0.225451,0.136768,0.074981,0.116367,0.000081,0.058497,-0.019520,0.049512,0.139061,0.105127,0.037969,-0.039514,0.001658
291,-3.931365,2.206009,0.477824,0.095565,0.286850,1.000000,1.263374,0.290990,0.138456,0.075620,0.119829,0.005788,0.057906,-0.015449,0.060316,0.143454,0.101670,0.038699,-0.047531,0.007346
292,-2.932111,2.483646,0.369643,0.073929,0.170847,1.000000,1.132733,0.200960,0.135454,0.081034,0.117292,0.000102,0.054570,-0.015886,0.052212,0.150662,0.097855,0.037049,-0.049692,0.006496
293,-2.645069,1.220876,0.710789,0.142158,0.155859,1.000000,1.306818,0.205143,0.140236,0.072399,0.115584,0.002223,0.060870,-0.019575,0.052863,0.139580,0.109908,0.034358,-0.046931,0.001828
294,-9.996844,1.418069,0.315623,0.063125,1.935101,0.000000,1.281744,0.248368,0.137555,0.077313,0.117024,0.008088,0.062012,-0.012771,0.055311,0.148574,0.104590,0.039582,-0.041512,0.001631
295,-2.631270,1.174204,0.753372,0.150674,0.161545,1.000000,1.307568,0.205232,0.141693,0.082075,0.118816,0.000046,0.049467,-0.016970,0.057369,0.139145,0.103151,0.038491,-0.044837,0.002093
296,-2.605211,1.383169,0.716563,0.143313,0.139119,1.000000,1.355763,0.200243,0.146825,0.080095,0.119434,0.005538,0.059156,-0.019325,0.053247,0.148366,0.107889,0.039883,-0.039927,-0.000546
297,-2.801114,1.319216,0.626318,0.125264,0.213285,1.000000,1.157822,0.215264,0.139170,0.076665,0.118838,0.007593,0.060344,-0.019934,0.054813,0.145263,0.097813,0.030176,-0.037642,0.004452
298,-3.014301,1.128921,0.838314,0.167663,0.183517,1.000000,1.246258,0.239552,0.152338,0.075002,0.116063,0.000599,0.054912,-0.019928,0.058525,0.140732,0.106466,0.035138,-0.040269,0.000611
299,-2.732318,1.771398,0.595981,0.119196,0.113153,1.000000,1.403903,0.201603,0.148553,0.078264,0.119606,0.003091,0.049882,-0.018884,0.056939,0.144466,0.103366,0.034505,-0.039414,0.005278
300,-2.781241,0.974566,0.858549,0.171710,0.178165,1.000000,1.207862,0.223637,0.144416,0.079107,0.119611,0.002284,0.060816,-0.018481,0.059034,0.138416,0.102573,0.035365,-0.042691,-0.000958
301,-2.652163,1.010457,0.814849,0.162970,0.168045,1.000000,1.262197,0.210745,0.141979,0.078094,0.117079,0.001013,0.056869,-0.019863,0.060045,0.136082,0.103208,0.039923,-0.039132,0.000646
302,-2.716439,1.127995,0.785416,0.157083,0.148537,1.000000,1.347171,0.214651,0.136666,0.080627,0.119953,0.007665,0.060716,-0.014074,0.058548,0.142461,0.111241,0.039861,-0.039120,-0.003510
303,-2.785647,1.997781,0.448783,0.089757,0.144191,1.000000,1.291912,0.200001,0.138457,0.074868,0.113400,0.000653,0.054302,-0.019611,0.053638,0.148690,0.098700,0.034322,-0.043045,0.002643
304,-2.902434,1.384312,0.697411,0.139482,0.149794,1.000000,1.379711,0.223067,0.145925,0.080286,0.119325,0.002417,0.054387,-0.018512,0.051322,0.151741,0.104216,0.032265,-0.041867,0.001395
305,-3.059471,1.098038,0.836673,0.167335,0.164661,1.000000,1.326697,0.244124,0.144721,0.082050,0.117722,0.000700,0.054789,-0.018512,0.054428,0.143511,0.104677,0.034718,-0.044341,-0.001193
306,-2.863261,1.181232,0.799444,0.159889,0.162671,1.000000,1.326830,0.226082,0.145813,0.080689,0.113609,0.004556,0.052102,-0.012794,0.051873,0.146829,0.108941,0.036651,-0.042473,-0.000483
307,-2.584489,1.239160,0.721537,0.144307,0.151036,1.000000,1.306739,0.200247,0.142639,0.082654,0.118363,0.005493,0.055391,-0.015637,0.056596,0.144672,0.102092,0.033705,-0.043398,0.006255
308,-2.874856,1.188674,0.778226,0.155645,0.187650,1.000000,1.303632,0.226128,0.135069,0.079748,0.114584,0.002985,0.059297,-0.008204,0.063724,0.139752,0.108275,0.037565,-0.048811,0.000472
309,-2.593634,1.273002,0.688455,0.137691,0.169528,1.000000,1.203330,0.200064,0.145702,0.078799,0.119956,0.005333,0.054437,-0.015950,0.064501,0.139863,0.104776,0.039997,-0.046648,0.003534
310,-2.573726,1.103095,0.808178,0.161636,0.167147,1.000000,1.282391,0.203210,0.147686,0.081818,0.119003,0.003714,0.058025,-0.017101,0.057454,0.143953,0.104355,0.037403,-0.042876,-0.000154
311,-3.067477,1.384597,0.666726,0.133345,0.156496,1.000000,1.251203,0.237044,0.139202,0.079891,0.119009,0.000213,0.055501,-0.019997,0.056961,0.144696,0.100365,0.035931,-0.037654,0.001929
312,-2.692275,1.294432,0.701604,0.140321,0.146817,1.000000,1.344443,0.208549,0.134916,0.084462,0.117215,0.000806,0.056310,-0.015910,0.060880,0.145222,0.110432,0.037458,-0.046419,0.003558
313,-2.523663,1.037928,0.851721,0.170344,0.152092,1.000000,1.324809,0.202104,0.144714,0.085672,0.117684,0.003759,0.056790,-0.019402,0.056423,0.142977,0.113279,0.039974,-0.040145,0.002056
314,-2.997022,1.117040,0.819700,0.163940,0.148658,1.000000,1.358544,0.239653,0.143082,0.081003,0.119048,0.006271,0.051545,-0.012450,0.056785,0.140199,0.105754,0.039917,-0.044475,0.002379
315,-3.084028,1.100635,0.831836,0.166367,0.146125,1.000000,1.318291,0.246105,0.146854,0.079322,0.119739,0.001868,0.057700,-0.015783,0.049028,0.146980,0.108833,0.039348,-0.044192,0.001336
316,-2.646820,1.294290,0.688212,0.137642,0.151869,1.000000,1.371623,0.203499,0.138936,0.070831,0.113459,0.002654,0.061301,-0.011718,0.061318,0.134667,0.106262,0.039293,-0.044637,0.003908
317,-2.779002,1.113499,0.799259,0.159852,0.130256,1.000000,1.393125,0.220241,0.146169,0.081407,0.118644,0.005531,0.052386,-0.019738,0.061656,0.140661,0.104665,0.039967,-0.042722,-0.001091
318,-2.723962,1.176574,0.730346,0.146069,0.168268,1.000000,1.260110,0.212630,0.142771,0.078931,0.119229,0.002346,0.058075,-0.016136,0.054483,0.141449,0.097106,0.032247,-0.041952,0.005190
319,-3.140121,1.047948,0.905527,0.181105,0.178099,1.000000,1.331251,0.253042,0.147739,0.080363,0.119457,0.003946,0.056032,-0.019750,0.059510,0.138684,0.095576,0.036948,-0.040047,0.004598
320,-2.951079,0.991301,0.891169,0.178234,0.156305,1.000000,1.323794,0.238227,0.142603,0.080087,0.117233,0.002340,0.051745,-0.019822,0.060343,0.134117,0.111921,0.036177,-0.043223,-0.000893
321,-2.602899,1.322363,0.664968,0.132994,0.186480,1.000000,1.176835,0.200305,0.140608,0.083583,0.119219,0.006703,0.045232,-0.010840,0.057519,0.143984,0.107735,0.038879,-0.046339,0.009128
322,-2.694381,1.100420,0.788893,0.157779,0.168603,1.000000,1.236439,0.213186,0.135331,0.082440,0.117784,0.003284,0.052062,-0.014025,0.058979,0.137630,0.105574,0.037159,-0.042787,0.007828
323,-2.710204,1.595064,0.640156,0.128031,0.135725,1.000000,1.351003,0.203663,0.140134,0.082250,0.111877,0.002361,0.063175,-0.018110,0.055964,0.146807,0.110441,0.037347,-0.046003,-0.005429
324,-2.782648,1.063296,0.800000,0.160000,0.171404,1.000000,1.288877,0.220895,0.141772,0.078153,0.119306,0.008143,0.058655,-0.017725,0.063431,0.139807,0.109319,0.039948,-0.043300,0.001617
325,-3.099816,0.920869,0.943331,0.188666,0.138059,1.000000,1.494675,0.252687,0.139551,0.077969,0.115191,0.003102,0.064328,-0.018144,0.056986,0.136180,0.110433,0.036717,-0.043636,-0.002999
326,-2.678792,1.290429,0.724508,0.144902,0.141096,1.000000,1.312922,0.207217,0.146164,0.081851,0.117079,0.003584,0.062005,-0.019580,0.058768,0.140582,0.115085,0.035809,-0.043068,0.001553
327,-2.697696,1.411021,0.733317,0.146663,0.130066,1.000000,1.403882,0.206809,0.140995,0.079742,0.115565,0.000010,0.061122,-0.015162,0.057241,0.141368,0.111901,0.039774,-0.042929,-0.004067
328,-2.735559,1.423665,0.682919,0.136584,0.136397,1.000000,1.344931,0.209382,0.141723,0.081567,0.116183,0.001219,0.057641,-0.019879,0.056384,0.144114,0.113735,0.035225,-0.036722,-0.002476
329,-2.631141,1.188177,0.731317,0.146263,0.170312,1.000000,1.208806,0.205722,0.146484,0.078422,0.116737,0.007871,0.049804,-0.019696,0.060261,0.137843,0.111027,0.037969,-0.041608,0.006463
330,-2.601016,1.294352,0.725824,0.145165,0.154102,1.000000,1.252583,0.201049,0.140854,0.087094,0.119855,0.007026,0.061061,-0.010871,0.063364,0.145909,0.113739,0.039411,-0.038168,0.001474
331,-2.625276,1.266030,0.655902,0.131180,0.213129,1.000000,1.184582,0.202644,0.136068,0.081994,0.119744,0.007156,0.053803,-0.012546,0.064605,0.147791,0.109521,0.039526,-0.040360,0.009784
332,-2.961601,1.350617,0.731651,0.146330,0.189246,1.000000,1.203036,0.230207,0.143856,0.085373,0.119383,0.005992,0.047075,-0.007079,0.054604,0.140888,0.113639,0.038577,-0.042423,0.002905
333,-2.650856,1.342250,0.710948,0.142190,0.142837,1.000000,1.354399,0.204993,0.136478,0.080865,0.114405,0.006247,0.057382,-0.008632,0.061876,0.148017,0.119941,0.039976,-0.039344,0.002368
334,-2.956096,1.062784,0.795670,0.159134,0.146640,1.000000,1.268443,0.235739,0.137255,0.078301,0.116573,0.004894,0.051946,-0.012781,0.059939,0.135433,0.109876,0.038905,-0.036427,0.003409
335,-2.549404,1.228748,0.800337,0.160067,0.135416,1.000000,1.354783,0.200060,0.137425,0.086885,0.119823,0.010910,0.055846,-0.008193,0.057208,0.142490,0.116393,0.037556,-0.040706,-0.001078
336,-2.647291,1.098381,0.783539,0.156708,0.164894,1.000000,1.247962,0.209172,0.139660,0.082407,0.116539,0.009977,0.053446,-0.011070,0.055952,0.149341,0.115150,0.039363,-0.037690,0.004217
337,-3.190506,1.234420,0.771128,0.154226,0.233926,1.000000,1.274677,0.251444,0.137106,0.086801,0.119930,0.012341,0.058989,-0.006886,0.057820,0.147830,0.113254,0.032588,-0.036670,-0.000063
338,-2.736237,1.338508,0.681398,0.136280,0.132026,1.000000,1.399636,0.210955,0.133251,0.082723,0.115553,0.003207,0.052873,-0.014369,0.059605,0.142586,0.114484,0.039967,-0.037715,0.006365
339,-2.569003,1.107128,0.743593,0.148719,0.194648,1.000000,1.197731,0.202037,0.132721,0.083533,0.114395,0.007172,0.057199,-0.016578,0.059695,0.148373,0.115338,0.039943,-0.036017,0.003502
340,-2.813548,1.376611,0.612256,0.122451,0.206117,1.000000,1.272126,0.214592,0.145697,0.083740,0.119747,0.011396,0.053692,-0.018784,0.056636,0.140264,0.105863,0.039850,-0.044555,0.007473
341,-2.699913,1.045173,0.809721,0.161944,0.177047,1.000000,1.240913,0.214314,0.140896,0.084127,0.117245,0.004582,0.056642,-0.014055,0.066056,0.142237,0.112779,0.035377,-0.039339,0.001758
342,-2.948270,1.010765,0.892606,0.178521,0.224320,1.000000,1.242707,0.237334,0.131331,0.080778,0.113161,0.005397,0.056784,-0.014011,0.057236,0.142358,0.116326,0.039979,-0.035913,0.002219
343,-2.562176,1.006457,0.849291,0.169858,0.172941,1.000000,1.189278,0.205384,0.141199,0.079447,0.119996,0.003635,0.054235,-0.012952,0.060265,0.141525,0.116935,0.037234,-0.035667,0.003365
344,-2.794507,1.075199,0.794000,0.158800,0.189713,1.000000,1.235323,0.222539,0.137364,0.081370,0.114821,0.007031,0.053854,-0.012634,0.061193,0.146381,0.116301,0.037411,-0.043519,0.003875
345,-2.539810,1.138632,0.773937,0.154787,0.156219,1.000000,1.354238,0.200000,0.142077,0.083910,0.114898,0.007890,0.058423,-0.017112,0.059262,0.147863,0.118107,0.038631,-0.041673,0.002287
346,-9.996079,1.244543,0.392118,0.078424,1.920055,0.000000,1.239960,0.264040,0.134844,0.082415,0.119599,0.009474,0.052502,-0.013243,0.063899,0.152165,0.111740,0.039998,-0.042951,0.007044
347,-3.013229,1.062864,0.681936,0.136387,0.133693,1.000000,1.330495,0.238473,0.129112,0.080664,0.119990,0.013470,0.055051,-0.009370,0.061755,0.149410,0.119158,0.039897,-0.039216,0.001812
348,-2.633662,1.441633,0.651697,0.130339,0.159076,1.000000,1.228975,0.200583,0.141459,0.085914,0.119696,0.008237,0.051081,-0.004893,0.063596,0.141334,0.111462,0.035054,-0.042252,0.004273
349,-2.648663,1.163704,0.695226,0.139045,0.254351,1.000000,1.114886,0.206002,0.131704,0.081114,0.117181,0.012677,0.053974,-0.015218,0.054842,0.144302,0.111901,0.039878,-0.041329,0.003300
350,-2.678079,1.163258,0.799025,0.159805,0.127200,1.000000,1.450790,0.211316,0.145413,0.080143,0.113888,0.009494,0.054475,-0.016064,0.061979,0.141238,0.114065,0.038522,-0.042754,0.005680
351,-2.564289,1.180893,0.782113,0.156423,0.171247,1.000000,1.308842,0.200814,0.140391,0.078511,0.119963,0.009984,0.059998,-0.011030,0.056538,0.138756,0.108048,0.035616,-0.041367,-0.002430
352,-2.675133,1.158869,0.795125,0.159025,0.148744,1.000000,1.332461,0.211145,0.132344,0.082951,0.119391,0.007259,0.052391,-0.012070,0.058352,0.148296,0.118825,0.036333,-0.036374,-0.002651
353,-2.620439,1.179776,0.789700,0.157940,0.132394,1.000000,1.394254,0.205898,0.135292,0.087001,0.118939,0.005490,0.060236,-0.015885,0.060388,0.142221,0.115764,0.037744,-0.036159,-0.003335
354,-2.607646,1.266778,0.718545,0.143709,0.166459,1.000000,1.249363,0.201670,0.140551,0.078964,0.119284,0.005462,0.053743,-0.015146,0.059195,0.141503,0.117197,0.035269,-0.043402,0.002253
355,-2.626926,1.332909,0.716530,0.143306,0.167950,1.000000,1.238817,0.201607,0.144568,0.079290,0.119112,0.007630,0.053614,-0.010747,0.060634,0.143433,0.113508,0.039469,-0.038440,0.005499
356,-3.044902,1.051333,0.858106,0.171621,0.152384,1.000000,1.346546,0.244341,0.140253,0.081118,0.119272,0.003587,0.059780,-0.005917,0.061520,0.135628,0.113313,0.039824,-0.044027,0.005017
357,-2.791678,1.730597,0.533321,0.106664,0.167025,1.000000,1.234122,0.206223,0.135782,0.073894,0.117128,0.001945,0.056700,-0.012736,0.052672,0.141710,0.114158,0.032723,-0.042261,0.002317
358,-9.991779,0.909870,0.822127,0.164425,0.889423,0.000000,1.202364,0.229037,0.138593,0.083567,0.118970,0.013019,0.055607,-0.013322,0.055867,0.151259,0.118156,0.039818,-0.037081,0.003502
359,-2.928844,1.045971,0.831821,0.166364,0.158617,1.000000,1.310785,0.234185,0.143729,0.082054,0.109268,0.005484,0.053042,-0.013946,0.063051,0.137842,0.119291,0.039722,-0.042304,0.005137
360,-2.908685,0.922061,1.025750,0.205150,0.156090,1.000000,1.400489,0.238282,0.147040,0.085019,0.119666,0.007209,0.057217,-0.019816,0.065055,0.156261,0.115173,0.039236,-0.040068,0.005813
361,-2.984850,0.863348,1.087119,0.217424,0.199687,1.000000,1.402156,0.246157,0.138090,0.084046,0.119316,0.011132,0.060971,-0.006305,0.067004,0.135482,0.118237,0.039632,-0.045296,0.004970
362,-2.918422,1.022409,0.965783,0.193157,0.167765,1.000000,1.359116,0.236451,0.149814,0.086432,0.112377,0.009646,0.059485,-0.010621,0.064793,0.146435,0.119618,0.036705,-0.041416,0.002281
363,-2.937235,1.031878,0.856210,0.171242,0.146732,1.000000,1.333033,0.235771,0.136841,0.079906,0.119927,0.005498,0.056283,-0.012751,0.065261,0.139170,0.113404,0.034215,-0.042398,-0.000740
364,-2.611280,1.228936,0.751258,0.150252,0.153976,1.000000,1.296348,0.203299,0.144026,0.083422,0.118615,0.002058,0.055655,-0.012561,0.060065,0.136254,0.112657,0.033766,-0.037311,0.003255
365,-2.726140,1.390893,0.726766,0.145353,0.153777,1.000000,1.299504,0.209743,0.140225,0.082471,0.119897,0.003881,0.053225,-0.015201,0.060595,0.146766,0.119471,0.039960,-0.043086,-0.003896
366,-3.089984,2.559139,0.308479,0.061696,0.260998,1.000000,1.134040,0.211469,0.146036,0.081617,0.119522,0.006365,0.051735,-0.016941,0.062264,0.142579,0.114967,0.040000,-0.039119,0.001131
367,-9.993114,1.148522,0.688580,0.137716,0.591704,0.000000,1.221123,0.202619,0.144400,0.080564,0.117838,0.009868,0.054986,-0.015765,0.062851,0.135012,0.113505,0.039008,-0.034329,0.001061
368,-9.994276,1.418005,0.572387,0.114477,0.819111,0.000000,1.152109,0.270113,0.138829,0.080099,0.116060,0.006564,0.050271,-0.017356,0.054711,0.152007,0.113998,0.037652,-0.038401,0.003642
369,-2.649428,1.350951,0.656850,0.131370,0.164597,1.000000,1.220102,0.203763,0.138615,0.078703,0.118233,0.000987,0.058799,-0.015292,0.055853,0.136908,0.108676,0.037235,-0.042225,0.000880
370,-2.881301,1.025246,0.815953,0.163191,0.166486,1.000000,1.303205,0.230705,0.137062,0.081423,0.113788,0.009287,0.058155,-0.015607,0.059084,0.150103,0.112575,0.039842,-0.040266,-0.002298
371,-2.735256,1.497547,0.636282,0.127256,0.152536,1.000000,1.274131,0.206231,0.135910,0.085122,0.113550,0.003024,0.053977,-0.013986,0.062134,0.145026,0.112739,0.039172,-0.037516,-0.002912
372,-2.683205,1.495170,0.683010,0.136602,0.132402,1.000000,1.386586,0.202709,0.136281,0.084547,0.119945,0.003510,0.054984,-0.011708,0.063468,0.145242,0.117785,0.039896,-0.042803,-0.000132
373,-2.568433,1.198547,0.769887,0.153977,0.163296,1.000000,1.310795,0.200118,0.141562,0.076772,0.119898,0.007442,0.050042,-0.011116,0.056653,0.138924,0.112584,0.038582,-0.047079,0.002580
374,-2.675275,1.524223,0.643517,0.128703,0.128049,1.000000,1.378251,0.201194,0.138174,0.083230,0.119998,0.005403,0.057036,-0.014783,0.060915,0.144682,0.116677,0.039901,-0.039742,0.000042
375,-2.599333,1.257223,0.688318,0.137664,0.160337,1.000000,1.241304,0.200080,0.137430,0.077459,0.119565,0.006602,0.054225,-0.013944,0.057414,0.138087,0.110083,0.039286,-0.046625,0.001887
376,-2.645782,1.045305,0.821107,0.164221,0.172958,1.000000,1.235076,0.210849,0.139311,0.081061,0.116432,0.006346,0.052879,-0.014058,0.057759,0.141275,0.109639,0.039860,-0.044706,0.004513
377,-2.602791,1.349639,0.686309,0.137262,0.157564,1.000000,1.318721,0.200000,0.139091,0.079345,0.119662,0.002640,0.054418,-0.015355,0.057074,0.136227,0.112441,0.038335,-0.045141,-0.003040
378,-2.531906,1.035543,0.782109,0.156422,0.166381,1.000000,1.292509,0.200832,0.139829,0.075498,0.117539,0.005936,0.053225,-0.016178,0.059261,0.132788,0.112553,0.039061,-0.042334,0.001300
379,-2.709973,1.686440,0.583657,0.116731,0.160382,1.000000,1.228496,0.201597,0.148709,0.084836,0.116038,0.003311,0.049183,-0.005940,0.057463,0.133765,0.118009,0.039467,-0.045124,0.003252
380,-2.952999,1.225645,0.760454,0.152091,0.157431,1.000000,1.261615,0.231771,0.142866,0.080782,0.119882,0.002304,0.056550,-0.013929,0.057474,0.137029,0.114866,0.039262,-0.040987,-0.002861
381,-2.641796,1.228074,0.695606,0.139121,0.168528,1.000000,1.262245,0.204472,0.141585,0.082131,0.119483,0.004496,0.052161,-0.013130,0.058572,0.138333,0.112634,0.036838,-0.041762,0.003587
382,-2.767264,1.238153,0.705219,0.141044,0.176784,1.000000,1.197867,0.215303,0.138075,0.081034,0.119744,0.002263,0.055556,-0.013814,0.056466,0.142281,0.111388,0.036412,-0.037811,0.001265
383,-2.716278,1.585716,0.612043,0.122409,0.156121,1.000000,1.319505,0.204180,0.147717,0.076482,0.117315,0.002940,0.050698,-0.008586,0.059720,0.136871,0.109410,0.038856,-0.043110,0.004349
384,-2.759072,1.579712,0.659625,0.131925,0.131010,1.000000,1.357886,0.209187,0.148333,0.082500,0.119418,0.009328,0.054156,-0.013718,0.061689,0.139254,0.116733,0.038362,-0.044348,0.001205
385,-2.592283,1.327239,0.723714,0.144743,0.145780,1.000000,1.337542,0.200101,0.143761,0.079319,0.118209,0.003108,0.052789,-0.009261,0.051238,0.133218,0.111629,0.039923,-0.041840,0.001134
386,-2.563354,1.133305,0.793370,0.158674,0.181637,1.000000,1.162318,0.201129,0.144346,0.076473,0.114981,0.005098,0.059628,-0.012500,0.058599,0.134323,0.112251,0.039178,-0.043170,0.004714
387,-2.649187,1.449170,0.661609,0.132322,0.176648,1.000000,1.212553,0.201712,0.145630,0.081781,0.119985,0.002097,0.053520,-0.017135,0.055596,0.143201,0.112218,0.037581,-0.045711,-0.007398
388,-2.674840,1.387075,0.675788,0.135158,0.152031,1.000000,1.327403,0.205217,0.145605,0.080544,0.115307,0.003173,0.050036,-0.015493,0.059293,0.141688,0.110299,0.039723,-0.045492,-0.000488
389,-2.655231,1.257191,0.697738,0.139548,0.151043,1.000000,1.257908,0.205336,0.144061,0.078864,0.114742,0.008383,0.056386,-0.019257,0.056189,0.126879,0.112290,0.035640,-0.042822,-0.000142
390,-2.574547,1.157236,0.743904,0.148781,0.164978,1.000000,1.214453,0.202883,0.133479,0.077569,0.118872,0.003653,0.057454,-0.016663,0.058870,0.130180,0.110758,0.036564,-0.035989,-0.000081
391,-2.789205,1.426949,0.741898,0.148380,0.132604,1.000000,1.359388,0.215567,0.150561,0.075914,0.119326,0.002130,0.055522,-0.011332,0.057223,0.138974,0.113871,0.039982,-0.041699,-0.000600
392,-2.548084,1.037290,0.844248,0.168850,0.161788,1.000000,1.216619,0.204356,0.138139,0.078032,0.119681,0.002555,0.053891,-0.016914,0.055440,0.135366,0.111862,0.039424,-0.044101,0.003572
393,-2.700779,1.695824,0.606849,0.121370,0.117169,1.000000,1.409918,0.200277,0.138204,0.078937,0.118760,0.005918,0.048489,-0.013748,0.053608,0.138473,0.112977,0.039159,-0.039228,0.001758
394,-2.682073,1.592211,0.634040,0.126808,0.129619,1.000000,1.379057,0.200020,0.136456,0.081111,0.116024,0.002094,0.054811,-0.012488,0.055315,0.134289,0.110882,0.037304,-0.039981,-0.001215
395,-3.117656,0.982172,0.936955,0.187391,0.137489,1.000000,1.432722,0.253000,0.142127,0.081021,0.115196,0.003384,0.050494,-0.014493,0.057692,0.132728,0.110740,0.039518,-0.046654,0.000044
396,-2.491671,0.972400,0.880039,0.176008,0.151035,1.000000,1.299155,0.200134,0.143940,0.083081,0.119968,0.009359,0.059516,-0.013123,0.055710,0.128535,0.116339,0.039779,-0.042257,-0.001825
397,-2.551747,1.142740,0.726598,0.145320,0.172104,1.000000,1.180794,0.200397,0.138243,0.085148,0.116784,0.006493,0.055522,-0.013422,0.055471,0.127094,0.115886,0.039977,-0.036234,0.002230
398,-2.791289,1.171695,0.760107,0.152021,0.177313,1.000000,1.175322,0.219186,0.142532,0.076281,0.118879,0.004288,0.059171,-0.014358,0.054192,0.136747,0.115032,0.039523,-0.043745,-0.003956
399,-2.923068,1.338360,0.695044,0.139009,0.170500,1.000000,1.204193,0.226504,0.144697,0.077561,0.119839,0.003991,0.064114,-0.012742,0.053644,0.130235,0.119965,0.039994,-0.040112,-0.003897
400,-2.598236,1.116184,0.777995,0.155599,0.148947,1.000000,1.316396,0.204502,0.139762,0.078906,0.119658,0.004114,0.061217,-0.015035,0.057399,0.124538,0.116445,0.036077,-0.043521,0.001897
401,-2.649783,1.339877,0.699983,0.139997,0.154021,1.000000,1.272634,0.202734,0.146576,0.076040,0.119683,0.004550,0.060987,-0.015676,0.054326,0.130594,0.115867,0.037614,-0.043757,-0.004595
402,-2.675461,1.598255,0.614502,0.122900,0.155736,1.000000,1.249935,0.200177,0.145219,0.082103,0.119949,0.004705,0.060520,-0.014306,0.056495,0.133240,0.116523,0.038642,-0.042297,-0.002624
403,-2.614482,1.236278,0.755957,0.151191,0.182316,1.000000,1.207198,0.203516,0.144855,0.077410,0.119543,0.007886,0.056821,-0.013458,0.052178,0.130384,0.114877,0.036364,-0.039333,0.002838
404,-2.760626,1.140874,0.801270,0.160254,0.159319,1.000000,1.303698,0.217953,0.143305,0.076873,0.116938,0.005757,0.052804,-0.014044,0.059623,0.136856,0.110679,0.037138,-0.041270,0.002040
405,-2.615864,1.075999,0.801875,0.160375,0.156140,1.000000,1.260177,0.206954,0.145644,0.078241,0.119969,0.006379,0.064550,-0.011356,0.053700,0.131773,0.112561,0.039498,-0.039059,0.001472
406,-2.644595,1.107723,0.767168,0.153434,0.166774,1.000000,1.246928,0.207898,0.137048,0.076284,0.113979,0.007303,0.060932,-0.019350,0.054991,0.129510,0.106483,0.039372,-0.036134,-0.001195
407,-2.701554,1.653876,0.523880,0.104776,0.215801,1.000000,1.112260,0.200323,0.142167,0.088705,0.116854,0.007135,0.058871,-0.006728,0.058511,0.128825,0.116707,0.039200,-0.035743,0.003967
408,-2.911983,1.089294,0.855105,0.171021,0.186227,1.000000,1.216170,0.233076,0.143434,0.083254,0.116340,0.007553,0.059414,-0.017687,0.056034,0.123288,0.108135,0.039949,-0.039404,-0.003311
409,-2.722573,1.639459,0.560573,0.112115,0.153361,1.000000,1.241066,0.201430,0.140759,0.075864,0.119984,0.003787,0.059991,-0.012455,0.051223,0.130650,0.114089,0.039488,-0.039447,0.005247
410,-2.583637,1.192161,0.694050,0.138810,0.180231,1.000000,1.169513,0.200003,0.141231,0.084059,0.115435,0.006173,0.061218,-0.016671,0.056842,0.122152,0.113177,0.036243,-0.041291,0.001282
411,-9.995405,1.533338,0.459495,0.091899,0.705004,0.000000,1.152372,0.211334,0.140342,0.082571,0.115774,0.009956,0.063196,-0.016869,0.057727,0.123688,0.115228,0.039050,-0.032803,0.002591
412,-3.071936,2.046126,0.399008,0.079802,0.239240,1.000000,1.192571,0.221574,0.135166,0.079211,0.116825,0.007072,0.057993,-0.015862,0.057236,0.124735,0.113613,0.035544,-0.038061,0.002996
413,-2.674522,1.108477,0.772132,0.154426,0.193919,1.000000,1.153019,0.210905,0.139534,0.081668,0.115775,0.007297,0.058917,-0.014044,0.056145,0.125200,0.117004,0.030751,-0.034451,0.002253
414,-2.610774,0.993238,0.872312,0.174462,0.171870,1.000000,1.209622,0.209703,0.142388,0.080763,0.119683,0.005688,0.062471,-0.015689,0.055303,0.121354,0.117858,0.039974,-0.033990,0.001835
415,-2.545393,1.005199,0.814866,0.162973,0.197237,1.000000,1.163022,0.201878,0.137747,0.078742,0.118244,0.003779,0.061154,-0.016126,0.053646,0.134310,0.112336,0.039998,-0.039227,0.003346
416,-9.996958,1.971864,0.304228,0.060846,1.309682,0.000000,1.172171,0.245095,0.132856,0.080934,0.118529,0.010843,0.057595,-0.011831,0.053533,0.125431,0.109098,0.039814,-0.040397,0.002201
417,-2.595583,1.354293,0.736172,0.147234,0.133064,1.000000,1.350978,0.200019,0.143978,0.086002,0.114685,0.007013,0.054795,-0.012832,0.055097,0.130016,0.119251,0.039964,-0.038607,-0.000639
418,-2.621905,1.092432,0.828552,0.165710,0.148752,1.000000,1.319230,0.208476,0.141107,0.079192,0.117835,0.005769,0.059280,-0.017650,0.054843,0.132682,0.114635,0.038535,-0.036065,-0.004102
419,-3.099279,1.122729,0.861905,0.172381,0.243163,1.000000,1.230869,0.246814,0.135436,0.082693,0.117370,0.009354,0.059704,-0.017447,0.056777,0.127582,0.116854,0.037496,-0.043906,0.000830
420,-2.468257,0.925908,0.946231,0.189246,0.159516,1.000000,1.250991,0.200007,0.138801,0.084080,0.119988,0.007576,0.063840,-0.016636,0.055866,0.130277,0.116478,0.038760,-0.034858,0.001625
421,-2.880683,1.987392,0.431714,0.086343,0.209004,1.000000,1.114731,0.208419,0.140584,0.077477,0.114379,0.008637,0.060061,-0.017039,0.053957,0.127852,0.112743,0.039934,-0.039807,0.008873
422,-2.771716,1.209339,0.732403,0.146481,0.197363,1.000000,1.186573,0.216870,0.144384,0.077790,0.119606,0.005074,0.062621,-0.015214,0.057889,0.123323,0.115236,0.037673,-0.040261,0.001110
423,-2.733112,1.273494,0.736047,0.147209,0.141849,1.000000,1.304829,0.212081,0.140419,0.085432,0.115188,0.005073,0.057998,-0.011407,0.054979,0.122056,0.114641,0.039006,-0.037063,-0.001303
424,-2.484742,0.893315,0.976152,0.195230,0.154898,1.000000,1.243785,0.200568,0.139238,0.081611,0.118043,0.006381,0.058551,-0.017056,0.052313,0.132861,0.111935,0.039965,-0.038576,-0.003470
425,-2.506103,0.988950,0.823570,0.164714,0.186506,1.000000,1.193085,0.200399,0.145462,0.079739,0.117658,0.009142,0.056740,-0.018593,0.051912,0.131802,0.113233,0.039634,-0.035817,0.001843
426,-9.996436,2.320842,0.356441,0.071288,0.508715,0.000000,1.125026,0.230848,0.133486,0.085289,0.113617,0.005717,0.060076,-0.014471,0.060318,0.124490,0.111488,0.039725,-0.039435,0.002031
427,-2.590089,1.087762,0.808526,0.161705,0.155479,1.000000,1.287457,0.205557,0.142540,0.081853,0.119513,0.006223,0.061946,-0.013638,0.054376,0.130859,0.114617,0.038582,-0.035708,0.001198
428,-2.787735,0.980917,0.853049,0.170610,0.168827,1.000000,1.212263,0.224400,0.137627,0.082349,0.117480,0.001109,0.062672,-0.016996,0.052739,0.128644,0.113151,0.037573,-0.039589,-0.004029
429,-2.778897,1.217556,0.752555,0.150511,0.201161,1.000000,1.239535,0.217174,0.144291,0.083642,0.118841,0.007244,0.059393,-0.016621,0.054982,0.138429,0.112218,0.036956,-0.036027,0.001671
430,-2.480965,0.950086,0.928355,0.185671,0.169053,1.000000,1.229183,0.200761,0.150918,0.084935,0.119763,0.010565,0.059962,-0.019023,0.049187,0.132025,0.114580,0.038603,-0.031333,0.001572
431,-2.608133,1.241314,0.673989,0.134798,0.246713,1.000000,1.172364,0.200208,0.141665,0.084900,0.119710,0.008879,0.059240,-0.016970,0.059036,0.138801,0.114115,0.038157,-0.037344,-0.000828
432,-2.740153,1.031216,0.792788,0.158558,0.157593,1.000000,1.256076,0.218033,0.142700,0.080342,0.118046,0.007528,0.066272,-0.018603,0.054347,0.133457,0.115500,0.037352,-0.033543,0.000366
433,-9.995981,1.570317,0.401918,0.080384,0.964615,0.000000,1.141398,0.202250,0.131221,0.085855,0.118525,0.010233,0.057018,-0.014073,0.053492,0.142798,0.109112,0.037250,-0.037373,-0.004198
434,-2.559122,1.121546,0.741178,0.148236,0.151120,1.000000,1.274272,0.200147,0.139211,0.080947,0.116769,0.007784,0.052894,-0.015272,0.054804,0.129874,0.111388,0.035545,-0.033808,0.000028
435,-2.679140,1.041221,0.812555,0.162511,0.205958,1.000000,1.210609,0.213343,0.140669,0.088237,0.115665,0.013825,0.057964,-0.016100,0.057086,0.132268,0.113814,0.039207,-0.036699,-0.000772
436,-2.853043,0.898104,0.962872,0.192574,0.156228,1.000000,1.314324,0.232785,0.142486,0.083917,0.116864,0.007822,0.062262,-0.016126,0.052840,0.131005,0.115364,0.039780,-0.033513,-0.004667
437,-2.566333,1.136063,0.757927,0.151585,0.192691,1.000000,1.150409,0.201159,0.140858,0.082229,0.119060,0.007244,0.061805,-0.018287,0.054466,0.127800,0.117181,0.038761,-0.039199,-0.001790
438,-2.517174,1.053085,0.915529,0.183106,0.146893,1.000000,1.285636,0.202134,0.141212,0.086456,0.119994,0.008434,0.059338,-0.017154,0.046965,0.128692,0.114185,0.039352,-0.030658,-0.003013
439,-9.996793,1.761390,0.320666,0.064133,1.529873,0.000000,1.153692,0.216983,0.136280,0.082907,0.118477,0.005143,0.062696,-0.015981,0.055066,0.132072,0.114309,0.038828,-0.034111,-0.000338
440,-2.711599,1.436403,0.615588,0.123118,0.177098,1.000000,1.134599,0.204675,0.139282,0.082594,0.119808,0.002870,0.057568,-0.016894,0.055071,0.129745,0.109563,0.039967,-0.036276,0.000618
441,-2.674590,1.163789,0.766823,0.153365,0.135919,1.000000,1.304563,0.210190,0.141227,0.085817,0.120000,0.008752,0.056977,-0.017663,0.056770,0.132137,0.113198,0.039898,-0.034096,-0.002413
442,-2.562913,1.076564,0.855172,0.171034,0.150942,1.000000,1.242565,0.202554,0.144911,0.081109,0.119482,0.006510,0.058733,-0.017131,0.049097,0.128316,0.118091,0.036448,-0.032506,-0.001551
443,-2.521916,1.079300,0.850043,0.170009,0.153399,1.000000,1.259118,0.200002,0.144721,0.083808,0.119384,0.009072,0.051221,-0.019030,0.051594,0.135563,0.116566,0.037133,-0.034096,0.002791
444,-2.590704,1.002635,0.856212,0.171242,0.132562,1.000000,1.285666,0.208288,0.145966,0.087284,0.112586,0.013447,0.057938,-0.017462,0.051901,0.128934,0.113266,0.038521,-0.033351,-0.003417
445,-2.635785,1.251205,0.666936,0.133387,0.224319,1.000000,1.091999,0.203689,0.146107,0.088591,0.112711,0.007146,0.060000,-0.014026,0.050566,0.128684,0.110609,0.039995,-0.033780,0.003541
446,-2.588013,0.947162,0.953271,0.190654,0.131868,1.000000,1.359244,0.210838,0.144848,0.086134,0.118843,0.012539,0.059118,-0.018243,0.051239,0.133801,0.116003,0.039918,-0.034372,-0.002945
447,-2.578662,1.130122,0.766200,0.153240,0.153063,1.000000,1.271001,0.201675,0.145448,0.083695,0.118092,0.004336,0.055663,-0.015500,0.054665,0.128254,0.115721,0.033363,-0.030003,0.001741
448,-2.557541,1.139418,0.826765,0.165353,0.129378,1.000000,1.374227,0.201206,0.148898,0.084056,0.119932,0.010106,0.056417,-0.019779,0.054739,0.133552,0.110039,0.039997,-0.038884,-0.001589
449,-2.765428,0.916439,0.966700,0.193340,0.132734,1.000000,1.309626,0.225377,0.147723,0.080555,0.118210,0.011199,0.060633,-0.016497,0.052747,0.121968,0.116566,0.035386,-0.034173,-0.001843
450,-2.877661,1.066687,0.863046,0.172609,0.208052,1.000000,1.252763,0.229927,0.143188,0.080453,0.117649,0.005060,0.062272,-0.017735,0.051060,0.129702,0.110745,0.039640,-0.032551,-0.001272
451,-2.481962,0.818674,1.055772,0.211154,0.158297,1.000000,1.264692,0.204270,0.143345,0.089319,0.119939,0.010702,0.055527,-0.019988,0.049454,0.141574,0.112299,0.039012,-0.033408,-0.001180
452,-2.523863,0.909574,0.990667,0.198133,0.168692,1.000000,1.229825,0.206133,0.149665,0.081317,0.119559,0.010711,0.056924,-0.019970,0.053566,0.145627,0.113438,0.036806,-0.030000,0.001403
453,-2.677441,1.131149,0.807840,0.161568,0.165950,1.000000,1.225342,0.212715,0.145254,0.082953,0.118545,0.007817,0.058389,-0.019935,0.049212,0.134921,0.109872,0.037105,-0.030596,0.001028
454,-2.845260,1.256058,0.765604,0.153121,0.243134,1.000000,1.163691,0.221588,0.136303,0.086856,0.118272,0.010724,0.051900,-0.016445,0.053170,0.146446,0.116345,0.035318,-0.030039,-0.001090
455,-2.597725,0.956446,0.878853,0.175771,0.161694,1.000000,1.313958,0.208648,0.141533,0.081410,0.119040,0.007067,0.056675,-0.019300,0.050206,0.137908,0.114765,0.038763,-0.032040,-0.001747
456,-2.585530,1.302024,0.725272,0.145054,0.128402,1.000000,1.301432,0.200000,0.144229,0.086022,0.118521,0.011926,0.051425,-0.018105,0.049483,0.133850,0.114373,0.039571,-0.030092,-0.003578
457,-2.962234,0.912821,0.964502,0.192900,0.178036,1.000000,1.336394,0.241695,0.146743,0.078385,0.118432,0.009984,0.057867,-0.019507,0.051275,0.138804,0.117917,0.037894,-0.037200,0.002364
458,-2.755321,1.022034,0.871829,0.174366,0.196723,1.000000,1.181822,0.221021,0.143456,0.084926,0.115338,0.013632,0.058982,-0.019900,0.049392,0.139771,0.115427,0.032697,-0.031970,-0.007396
459,-2.518969,1.098973,0.782416,0.156483,0.133615,1.000000,1.322955,0.200129,0.142182,0.088185,0.116188,0.009362,0.054315,-0.018364,0.054426,0.129543,0.107576,0.038422,-0.033600,-0.001619
460,-2.509972,1.008856,0.881486,0.176297,0.155346,1.000000,1.273442,0.200122,0.143916,0.086852,0.117035,0.004673,0.053554,-0.019561,0.053481,0.133344,0.113164,0.039142,-0.030754,0.004437
461,-2.605108,1.178644,0.829792,0.165958,0.133937,1.000000,1.371731,0.204794,0.142385,0.080984,0.119934,0.008686,0.055355,-0.017089,0.044712,0.136067,0.116598,0.036971,-0.030067,-0.004807
462,-2.593697,0.941990,0.925913,0.185183,0.122440,1.000000,1.347494,0.210499,0.144653,0.089349,0.119967,0.010994,0.053272,-0.019791,0.050928,0.139794,0.114782,0.037250,-0.032382,0.002505
463,-2.553908,0.926189,0.883413,0.176683,0.186170,1.000000,1.201843,0.206432,0.139945,0.077108,0.115161,0.010152,0.050828,-0.019661,0.053246,0.134590,0.107478,0.039805,-0.031992,0.000694
464,-2.674762,1.073291,0.859768,0.171954,0.165749,1.000000,1.315851,0.211620,0.145615,0.088167,0.112177,0.008873,0.046467,-0.019409,0.052172,0.136680,0.112433,0.038294,-0.030473,0.004488
465,-2.822247,1.013943,0.936202,0.187240,0.205593,1.000000,1.227594,0.227923,0.149610,0.094733,0.117686,0.007645,0.051284,-0.015665,0.048274,0.134404,0.111918,0.036327,-0.035873,0.000220
466,-2.539529,0.937669,0.924439,0.184888,0.162061,1.000000,1.248953,0.205427,0.148085,0.089523,0.116837,0.011668,0.053752,-0.019325,0.052090,0.134247,0.106293,0.039988,-0.039044,0.008000
467,-2.560502,1.145907,0.791852,0.158370,0.133617,1.000000,1.329710,0.203480,0.143986,0.086804,0.119711,0.006141,0.057139,-0.019696,0.052463,0.130907,0.109466,0.039981,-0.030441,0.002299
468,-2.909383,0.843038,1.065762,0.213152,0.136336,1.000000,1.385695,0.240113,0.147581,0.089046,0.119814,0.007147,0.055468,-0.015596,0.054321,0.128723,0.112113,0.039508,-0.030398,0.002314
469,-3.021430,1.037640,0.921316,0.184263,0.213677,1.000000,1.324964,0.243259,0.140465,0.085548,0.114427,0.007902,0.057942,-0.019000,0.046839,0.137131,0.103341,0.039315,-0.031332,-0.004360
470,-2.625019,1.355601,0.764635,0.152927,0.134057,1.000000,1.370438,0.202083,0.149209,0.089623,0.119894,0.005184,0.044212,-0.016457,0.054120,0.143288,0.108401,0.039972,-0.030767,0.003882
471,-2.579377,1.047719,0.853971,0.170794,0.118960,1.000000,1.441831,0.206326,0.146610,0.084099,0.119994,0.009946,0.051434,-0.019863,0.051062,0.139495,0.110420,0.039971,-0.036211,0.000918
472,-2.639277,1.128303,0.842766,0.168553,0.163080,1.000000,1.295015,0.209223,0.143509,0.084967,0.119316,0.006854,0.052574,-0.018740,0.045658,0.131298,0.115860,0.038091,-0.036527,0.002608
473,-2.767353,1.036465,0.847431,0.169486,0.140831,1.000000,1.280355,0.221158,0.143051,0.087355,0.119853,0.010501,0.053943,-0.019506,0.048159,0.131868,0.111719,0.038742,-0.033243,-0.001930
474,-2.521487,0.808700,1.049773,0.209955,0.184373,1.000000,1.249288,0.207842,0.149693,0.093417,0.116065,0.013908,0.054937,-0.017938,0.053071,0.148244,0.107507,0.039554,-0.037335,0.003468
475,-2.686896,0.871725,0.964670,0.192934,0.167556,1.000000,1.313442,0.219269,0.137170,0.086303,0.119995,0.009826,0.049845,-0.019978,0.049603,0.137999,0.116210,0.039735,-0.030190,0.004059
476,-2.638008,1.271040,0.801965,0.160393,0.115039,1.000000,1.390664,0.205925,0.148977,0.086274,0.119197,0.009637,0.051753,-0.016939,0.053377,0.145910,0.105443,0.039999,-0.034878,0.001181
477,-2.557480,1.104697,0.730457,0.146091,0.159182,1.000000,1.300369,0.200818,0.137432,0.073815,0.119308,0.007304,0.055365,-0.018564,0.051837,0.139010,0.105399,0.035392,-0.035920,0.004304
478,-2.524278,1.100998,0.864810,0.172962,0.142751,1.000000,1.314921,0.200305,0.143198,0.086337,0.118860,0.009192,0.052168,-0.019638,0.051353,0.135498,0.111136,0.039997,-0.031079,-0.002175
479,-2.656076,1.269516,0.712288,0.142458,0.238644,1.000000,1.137261,0.204124,0.138482,0.083794,0.119972,0.004785,0.055582,-0.015522,0.056757,0.146048,0.109968,0.036892,-0.030015,0.002199
480,-2.685750,1.310183,0.623252,0.124650,0.193820,1.000000,1.136200,0.205017,0.141011,0.078602,0.119670,0.009919,0.052545,-0.017559,0.051582,0.133489,0.098647,0.038496,-0.037272,0.006308
481,-2.563529,1.047342,0.881629,0.176326,0.141719,1.000000,1.360690,0.205720,0.144197,0.082609,0.118239,0.009855,0.058280,-0.019993,0.054627,0.138011,0.107717,0.039109,-0.031187,0.003385
482,-2.517097,1.094342,0.835292,0.167058,0.146640,1.000000,1.294711,0.200094,0.147929,0.087908,0.117405,0.012494,0.057217,-0.019870,0.054199,0.138918,0.104238,0.039705,-0.031152,0.005070
483,-2.777637,1.045487,0.839934,0.167987,0.157876,1.000000,1.330499,0.222596,0.148251,0.080423,0.116865,0.007801,0.053441,-0.016065,0.053368,0.131712,0.109701,0.039980,-0.031042,0.005673
484,-9.994565,1.565902,0.543519,0.108704,0.475895,0.000000,1.171655,0.202205,0.144157,0.080559,0.115303,0.009071,0.051837,-0.018814,0.055891,0.133261,0.113626,0.036963,-0.031734,0.005819
485,-9.992853,1.294699,0.714739,0.142948,0.365038,0.000000,1.333833,0.256341,0.143136,0.077954,0.119219,0.014206,0.053380,-0.019747,0.055890,0.145979,0.101919,0.037706,-0.033421,0.007542
486,-2.794389,0.875650,0.958742,0.191748,0.138197,1.000000,1.387379,0.227719,0.137055,0.089888,0.117101,0.006633,0.063566,-0.019148,0.054094,0.142604,0.107961,0.039825,-0.034544,-0.001202
487,-2.905103,1.035180,0.857339,0.171468,0.164651,1.000000,1.239429,0.233025,0.148237,0.089155,0.116475,0.004118,0.054637,-0.019619,0.052407,0.136210,0.104089,0.038835,-0.032048,0.009090
488,-2.773113,0.921315,0.964329,0.192866,0.147390,1.000000,1.372914,0.225883,0.141159,0.086735,0.118095,0.014012,0.054989,-0.017613,0.050567,0.145041,0.107255,0.038181,-0.030654,0.000171
489,-9.998164,2.511573,0.183646,0.036729,2.104222,0.000000,1.106824,0.244653,0.161575,0.092499,0.115713,0.011004,0.056230,-0.016504,0.053579,0.147720,0.108086,0.037333,-0.030374,0.005769
490,-9.991269,0.920648,0.873067,0.174613,0.855176,0.000000,1.196367,0.233771,0.154913,0.083038,0.117731,0.012541,0.054867,-0.017272,0.045580,0.143608,0.098384,0.038676,-0.033372,0.000184
491,-2.533670,1.125935,0.831613,0.166323,0.158185,1.000000,1.319216,0.200867,0.152212,0.082273,0.116534,0.008139,0.053958,-0.014733,0.050943,0.142145,0.102260,0.036273,-0.030145,-0.000761
492,-9.996039,1.133874,0.396054,0.079211,1.802237,0.000000,1.272102,0.248004,0.147136,0.088657,0.119949,0.010823,0.052692,-0.019903,0.051499,0.136476,0.105891,0.039470,-0.030518,0.005473
493,-9.995854,1.241494,0.414595,0.082919,1.931441,0.000000,1.251497,0.282440,0.149870,0.089014,0.116206,0.009259,0.055995,-0.019502,0.053910,0.142084,0.104169,0.036781,-0.034198,-0.001176
494,-2.504909,1.000088,0.886995,0.177399,0.143743,1.000000,1.348663,0.200984,0.144164,0.084831,0.117966,0.009788,0.056657,-0.019251,0.051837,0.136759,0.110007,0.039329,-0.031033,0.000906
495,-9.995500,1.344805,0.450011,0.090002,0.983952,0.000000,1.049951,0.200026,0.143584,0.085336,0.118592,0.011470,0.044312,-0.018410,0.050394,0.130987,0.108475,0.040000,-0.041555,0.007594
496,-2.642895,1.310727,0.726242,0.145248,0.111239,1.000000,1.420069,0.203362,0.136748,0.086936,0.113679,0.010627,0.056370,-0.019999,0.047001,0.144837,0.102446,0.030978,-0.032266,0.000292
497,-2.557272,1.228659,0.803303,0.160661,0.126326,1.000000,1.397213,0.200007,0.150916,0.079611,0.119368,0.008207,0.062060,-0.019993,0.051063,0.140493,0.109757,0.036501,-0.033646,-0.001075
498,-2.583665,1.223921,0.800695,0.160139,0.146243,1.000000,1.352020,0.202139,0.150067,0.086039,0.114411,0.007884,0.055159,-0.011314,0.058475,0.140059,0.111381,0.038260,-0.034767,0.004490
499,-2.625637,1.041947,0.859502,0.171900,0.139880,1.000000,1.383383,0.208908,0.141559,0.084087,0.119774,0.002646,0.056195,-0.019850,0.051145,0.130366,0.105209,0.036505,-0.030168,0.005004
500,-2.631901,1.259101,0.736231,0.147246,0.158599,1.000000,1.148249,0.204567,0.149664,0.090486,0.108164,0.006818,0.062874,-0.019979,0.047948,0.129410,0.108777,0.039984,-0.036273,-0.004254
501,-2.624773,1.192305,0.756919,0.151384,0.139857,1.000000,1.345037,0.205339,0.142370,0.081021,0.114107,0.006201,0.047264,-0.019471,0.051255,0.143956,0.108511,0.034048,-0.033597,0.003982
502,-2.638367,1.495230,0.688230,0.137646,0.127695,1.000000,1.402169,0.200047,0.141175,0.081731,0.114718,0.004437,0.054688,-0.016805,0.053752,0.139737,0.108910,0.039109,-0.032003,-0.005139
503,-2.637947,1.276701,0.645070,0.129014,0.199057,1.000000,1.171060,0.202135,0.143610,0.083381,0.115225,0.010900,0.058533,-0.019923,0.050156,0.143364,0.110066,0.029702,-0.032948,0.002503
504,-2.659298,1.052629,0.896297,0.179259,0.127136,1.000000,1.437587,0.213689,0.145106,0.087126,0.112132,0.006937,0.058740,-0.013962,0.048848,0.132415,0.108114,0.039993,-0.031522,-0.001393
505,-9.992419,0.924339,0.758088,0.151618,0.886183,0.000000,1.223371,0.243159,0.143226,0.085192,0.115260,0.010307,0.061047,-0.017489,0.051068,0.139014,0.105691,0.038801,-0.035048,0.005593
506,-2.548751,1.216269,0.821317,0.164263,0.133810,1.000000,1.393968,0.200003,0.144605,0.088919,0.115844,0.005969,0.060161,-0.018291,0.050636,0.134088,0.104831,0.034764,-0.030020,-0.003268
507,-2.653713,1.009811,0.875507,0.175101,0.156483,1.000000,1.310897,0.212256,0.148296,0.079785,0.116758,0.004181,0.058776,-0.017682,0.051966,0.129061,0.103782,0.035755,-0.034631,0.000133
508,-2.771558,1.697693,0.650811,0.130162,0.116999,1.000000,1.394191,0.207118,0.143553,0.086211,0.111630,0.003871,0.054316,-0.010832,0.046724,0.142277,0.106500,0.033328,-0.036596,0.002156
509,-2.649183,1.027517,0.925841,0.185168,0.157408,1.000000,1.320629,0.213325,0.149198,0.084178,0.115478,0.002356,0.066345,-0.015875,0.052116,0.134539,0.109427,0.039109,-0.034711,-0.006974
510,-2.470177,0.916475,0.913867,0.182773,0.132992,1.000000,1.339473,0.200578,0.142633,0.089763,0.115234,0.010721,0.058653,-0.016340,0.046919,0.130913,0.101579,0.033870,-0.033007,-0.004503
511,-2.550563,1.183009,0.824324,0.164865,0.131094,1.000000,1.454107,0.200408,0.149150,0.080855,0.118277,0.007037,0.061398,-0.018111,0.050524,0.128322,0.102969,0.035440,-0.031915,-0.001639
512,-2.685327,1.559850,0.649338,0.129868,0.137223,1.000000,1.342835,0.202153,0.143731,0.079925,0.119293,0.000215,0.053419,-0.010506,0.054154,0.129385,0.116537,0.036456,-0.036826,0.001709
513,-2.816304,1.092259,0.884692,0.176938,0.111180,1.000000,1.518685,0.224942,0.145613,0.083580,0.115043,0.001303,0.066341,-0.019735,0.055110,0.144737,0.112673,0.031119,-0.035757,0.000918
514,-2.703032,0.947363,0.905353,0.181071,0.092210,1.000000,1.474119,0.219618,0.142770,0.089594,0.117701,0.011748,0.058020,-0.018501,0.045799,0.143022,0.107386,0.030870,-0.031802,-0.000781
515,-2.468880,0.937877,1.046610,0.209322,0.142941,1.000000,1.350417,0.201587,0.162943,0.087009,0.117157,0.006232,0.054032,-0.019883,0.052971,0.130222,0.108386,0.036960,-0.031866,-0.000486
516,-2.722472,1.727799,0.646403,0.129281,0.120121,1.000000,1.376957,0.201405,0.148768,0.086597,0.117163,0.006180,0.056973,-0.012837,0.046531,0.135942,0.104823,0.030360,-0.032339,-0.003420
517,-2.850870,0.902396,0.987062,0.197412,0.122649,1.000000,1.339047,0.233460,0.146467,0.090408,0.115541,0.013236,0.060613,-0.016389,0.047940,0.133614,0.108732,0.031592,-0.030232,0.000372
518,-2.868674,0.943236,0.977003,0.195401,0.146694,1.000000,1.263947,0.233392,0.151483,0.091137,0.115777,0.007450,0.060699,-0.016995,0.052266,0.131579,0.111169,0.038881,-0.031974,0.001300
519,-2.598074,1.109993,0.830555,0.166111,0.154703,1.000000,1.287473,0.206308,0.155057,0.087096,0.119867,0.011420,0.050400,-0.016456,0.046041,0.140881,0.097594,0.036160,-0.031626,0.002892
520,-2.695552,1.033875,0.986824,0.197365,0.128674,1.000000,1.392971,0.217697,0.154136,0.089737,0.111419,0.002018,0.054734,-0.019749,0.055529,0.136108,0.111704,0.039841,-0.030336,-0.004306
521,-2.758283,1.073101,0.932431,0.186486,0.128972,1.000000,1.332127,0.221828,0.154827,0.087321,0.118392,0.003410,0.054902,-0.017753,0.048676,0.130009,0.109458,0.037201,-0.031742,-0.003548
522,-2.658972,1.035845,0.925462,0.185092,0.143087,1.000000,1.366350,0.213749,0.155443,0.082904,0.119313,0.006227,0.053779,-0.019608,0.046795,0.132220,0.102507,0.035773,-0.030021,-0.001269
523,-2.719588,1.054523,0.888287,0.177657,0.134249,1.000000,1.374209,0.217334,0.147485,0.089036,0.119166,0.008978,0.056153,-0.019239,0.053216,0.128082,0.101988,0.033794,-0.035808,-0.001504
524,-2.540035,1.089763,0.863197,0.172639,0.142966,1.000000,1.271960,0.201073,0.158065,0.089298,0.119473,0.006171,0.059485,-0.014867,0.045241,0.119441,0.104986,0.039618,-0.040360,-0.003364
525,-2.618325,0.934621,0.985597,0.197119,0.150369,1.000000,1.312148,0.212327,0.150948,0.092176,0.117679,0.003462,0.059466,-0.019360,0.051090,0.133436,0.104908,0.034661,-0.033411,-0.001842
526,-2.532327,0.917805,1.013247,0.202649,0.140465,1.000000,1.334841,0.206884,0.153936,0.089071,0.119169,0.007730,0.058331,-0.018535,0.049329,0.124280,0.107945,0.033242,-0.030300,-0.002134
527,-2.684691,1.661574,0.674793,0.134959,0.126000,1.000000,1.397769,0.200341,0.162970,0.091390,0.118358,0.004000,0.058021,-0.019183,0.054752,0.128855,0.096857,0.027649,-0.041170,-0.003434
528,-2.692885,1.001834,0.994959,0.198992,0.118656,1.000000,1.503820,0.217938,0.159363,0.081370,0.118450,0.001719,0.060667,-0.016295,0.044924,0.125504,0.101156,0.033806,-0.037857,-0.001910
529,-2.506092,0.991996,0.871461,0.174292,0.149332,1.000000,1.268506,0.200002,0.148391,0.091678,0.112381,0.005242,0.060579,-0.019899,0.047275,0.120929,0.106035,0.039851,-0.030746,-0.000404
530,-2.458720,0.900564,1.022098,0.204420,0.149541,1.000000,1.307439,0.200294,0.156168,0.088992,0.117584,0.005723,0.057676,-0.017991,0.049599,0.124994,0.102693,0.035531,-0.035505,-0.005266
531,-2.537701,0.982206,0.859854,0.171971,0.151891,1.000000,1.332238,0.203837,0.137263,0.082039,0.117843,0.002750,0.060279,-0.016095,0.045179,0.125047,0.105863,0.039174,-0.032658,0.000964
532,-2.530500,1.029614,0.925931,0.185186,0.141295,1.000000,1.251064,0.203332,0.152956,0.091172,0.117296,0.008143,0.059584,-0.017552,0.044780,0.142630,0.104190,0.034288,-0.036298,0.001595
533,-2.402222,0.837843,1.234511,0.246902,0.107795,1.000000,1.499501,0.200871,0.158734,0.092683,0.119870,0.002036,0.050692,-0.017050,0.046063,0.122587,0.105196,0.039914,-0.033978,-0.003760
534,-2.532754,1.088072,0.783012,0.156602,0.156891,1.000000,1.197310,0.200225,0.151951,0.088839,0.115301,0.007063,0.062414,-0.019852,0.054848,0.130353,0.109644,0.034394,-0.039219,0.001539
535,-2.500259,1.038050,0.895150,0.179030,0.134598,1.000000,1.281072,0.200007,0.150402,0.091223,0.117578,0.009682,0.061848,-0.019485,0.045660,0.127008,0.108469,0.032975,-0.037088,-0.005200
536,-2.574451,1.312669,0.871015,0.174203,0.129650,1.000000,1.424580,0.200713,0.155215,0.087245,0.117683,0.012002,0.060286,-0.009559,0.041236,0.128765,0.109891,0.030966,-0.032985,-0.007634
537,-2.702037,1.334765,0.779667,0.155933,0.135624,1.000000,1.311733,0.208980,0.159521,0.087185,0.119646,0.004661,0.054096,-0.019584,0.050218,0.125663,0.110399,0.033679,-0.030275,-0.000643
538,-2.594901,0.938475,0.997055,0.199411,0.110536,1.000000,1.371310,0.211448,0.152990,0.093330,0.119998,0.017225,0.053901,-0.018393,0.044050,0.123835,0.101545,0.036148,-0.032968,0.000468
539,-2.744483,1.005477,0.985976,0.197195,0.120559,1.000000,1.494980,0.222053,0.157108,0.089776,0.112928,0.012424,0.053301,-0.008603,0.046859,0.146171,0.111779,0.037128,-0.037872,-0.000917
540,-2.458458,0.888324,1.160386,0.232077,0.116523,1.000000,1.447305,0.203341,0.161016,0.088103,0.119011,0.001888,0.057430,-0.014762,0.050388,0.116634,0.109457,0.038236,-0.034863,-0.004538
541,-2.867903,0.885895,1.056319,0.211264,0.130487,1.000000,1.402566,0.235675,0.153272,0.091807,0.119663,0.000958,0.057463,-0.018791,0.052196,0.125535,0.107810,0.035751,-0.032847,-0.000063
542,-2.562374,1.233749,0.879976,0.175995,0.118154,1.000000,1.385918,0.200060,0.160118,0.099668,0.118100,0.000038,0.051403,-0.018836,0.046315,0.118552,0.100477,0.035640,-0.044499,-0.000023
543,-2.587507,1.244606,0.802809,0.160562,0.128543,1.000000,1.392227,0.202495,0.154252,0.084640,0.119062,0.008060,0.054884,-0.017342,0.050610,0.130078,0.102000,0.037176,-0.030078,0.005236
544,-2.707269,0.834048,1.101012,0.220202,0.117159,1.000000,1.395693,0.224564,0.157687,0.089646,0.117161,0.013756,0.063675,-0.018938,0.051528,0.118478,0.113418,0.036772,-0.031870,-0.004907
545,-2.487399,1.041321,1.005061,0.201012,0.121127,1.000000,1.437963,0.201074,0.152149,0.099401,0.118150,0.007207,0.053741,-0.013983,0.048649,0.130180,0.108007,0.039575,-0.036193,-0.002066
546,-2.905627,0.760251,1.255916,0.251183,0.111277,1.000000,1.512465,0.244779,0.149981,0.096913,0.116919,0.010469,0.058839,-0.016867,0.051969,0.130783,0.105516,0.039685,-0.035825,-0.007331
547,-2.520359,1.082440,0.885347,0.177069,0.134444,1.000000,1.265762,0.200020,0.155541,0.095197,0.118813,0.007494,0.066534,-0.017143,0.050685,0.126676,0.100756,0.032627,-0.037187,-0.006755
548,-2.707395,1.732473,0.689286,0.137857,0.117672,1.000000,1.379920,0.200647,0.154031,0.091230,0.118670,0.005699,0.055333,-0.016018,0.049210,0.130844,0.104916,0.039488,-0.030007,-0.005755
549,-2.484734,0.979146,0.910890,0.182178,0.139317,1.000000,1.330266,0.200774,0.142630,0.086820,0.119710,0.005975,0.049021,-0.019329,0.041742,0.129013,0.109403,0.037210,-0.038589,-0.004821
550,-2.607476,1.116731,0.898076,0.179615,0.130103,1.000000,1.393021,0.207559,0.153064,0.089798,0.119875,0.007397,0.057208,-0.013925,0.046509,0.134788,0.109693,0.039349,-0.034786,0.003263
