trial,reward,cot,distance,velocity,avg_tilt,survived,freq,duty_factor,front_x_fore,front_x_hind,front_z_top,front_z_bottom,front_rotation,front_skew,rear_x_fore,rear_x_hind,rear_z_top,rear_z_bottom,rear_rotation,rear_skew
1,-2.250430,0.237358,1.422019,0.284404,0.096022,1.000000,1.990000,0.200000,0.130178,0.102233,0.095517,-0.014003,0.055294,-0.017939,0.028944,0.107893,0.090565,0.031235,-0.044226,-0.004653
2,-2.181364,0.227781,1.751936,0.350387,0.091943,1.000000,1.990000,0.200000,0.145497,0.102439,0.093916,-0.008786,0.053996,-0.022911,0.037020,0.120473,0.075932,0.032774,-0.052691,-0.013492
3,-2.173810,0.208611,1.782997,0.356599,0.096063,1.000000,1.990000,0.200000,0.142641,0.098346,0.103602,-0.012725,0.062894,-0.033336,0.043457,0.122616,0.086108,0.032483,-0.047662,-0.011779
4,-2.767151,1.819346,0.490789,0.098158,0.133686,1.000000,1.990000,0.200000,0.138456,0.100814,0.096520,0.001257,0.061232,-0.032099,0.027977,0.111706,0.083282,0.037160,-0.057241,-0.024905
5,-9.490160,,-0.080073,-0.016015,0.139333,1.000000,1.990000,0.200000,0.145537,0.097950,0.095474,0.000755,0.062163,-0.035250,0.039978,0.118091,0.092555,0.033578,-0.052412,-0.019107
6,-2.286543,0.352099,1.345577,0.269115,0.077467,1.000000,1.990000,0.200000,0.131922,0.095352,0.098684,0.000968,0.054479,-0.013793,0.040185,0.106133,0.092775,0.027008,-0.060333,-0.012573
7,-2.190430,0.242407,1.730982,0.346196,0.089342,1.000000,1.990000,0.200000,0.138226,0.099755,0.089300,-0.011214,0.063514,-0.034701,0.038039,0.117664,0.086824,0.035106,-0.056999,-0.011946
8,-2.147271,0.245294,1.955576,0.391115,0.106083,1.000000,1.990000,0.200000,0.145648,0.095352,0.095563,-0.011615,0.064443,-0.023970,0.053842,0.118197,0.083475,0.040623,-0.045141,-0.017791
9,-2.158458,0.161644,1.840803,0.368161,0.120868,1.000000,1.990000,0.200000,0.135487,0.095976,0.096413,-0.023638,0.064185,-0.022779,0.031425,0.114777,0.085836,0.042466,-0.055794,-0.014465
10,-2.160902,0.231187,1.842646,0.368529,0.077081,1.000000,1.990000,0.200000,0.140694,0.105005,0.101872,-0.006533,0.060732,-0.025745,0.031563,0.122382,0.088653,0.032608,-0.046300,-0.014818
11,-4.152387,8.325728,0.107844,0.021569,0.140650,1.000000,1.990000,0.200000,0.136727,0.107819,0.099696,-0.000382,0.053381,-0.027940,0.047300,0.112462,0.084978,0.037153,-0.053671,-0.019288
12,-2.189178,0.227713,1.709934,0.341987,0.093501,1.000000,1.990000,0.200000,0.148132,0.093512,0.095690,-0.011742,0.062327,-0.022927,0.042465,0.110990,0.085506,0.032075,-0.045969,-0.020259
13,-9.490455,,-0.227497,-0.045499,0.182890,1.000000,1.990000,0.200000,0.134406,0.100507,0.093087,0.000911,0.062237,-0.025089,0.038921,0.123469,0.086525,0.047727,-0.043118,-0.013839
14,-2.209989,0.233013,1.647090,0.329418,0.112615,1.000000,1.990000,0.200000,0.137188,0.087441,0.098661,-0.017263,0.066053,-0.034375,0.047089,0.127283,0.095170,0.036712,-0.042587,-0.009498
15,-2.117450,0.225905,2.081236,0.416247,0.090122,1.000000,1.990000,0.200000,0.145275,0.106252,0.082564,-0.009912,0.066172,-0.029436,0.041854,0.128857,0.086319,0.039144,-0.050225,-0.026363
16,-2.105438,0.170039,2.149464,0.429893,0.135089,1.000000,1.990000,0.200000,0.144492,0.103632,0.097192,-0.022885,0.063223,-0.028858,0.040229,0.111057,0.081209,0.049095,-0.052063,-0.009157
17,-2.189109,0.218528,1.722576,0.344515,0.107079,1.000000,1.990000,0.200000,0.145828,0.090550,0.101116,-0.012582,0.059108,-0.022369,0.046350,0.113391,0.077743,0.038610,-0.052969,-0.017359
18,-2.134255,0.189096,1.971626,0.394325,0.110908,1.000000,1.990000,0.200000,0.134810,0.095433,0.100004,-0.022474,0.068296,-0.029832,0.046807,0.121159,0.091101,0.029917,-0.043511,-0.025145
19,-2.452814,0.779584,0.949241,0.189848,0.144545,1.000000,1.990000,0.200000,0.125888,0.099803,0.096336,-0.008268,0.071700,-0.033357,0.037785,0.112217,0.086480,0.040291,-0.050315,-0.025505
20,-2.928284,2.441700,0.331324,0.066265,0.157033,1.000000,1.990000,0.200000,0.127636,0.099566,0.100658,-0.007249,0.047908,-0.027059,0.039257,0.114289,0.079815,0.041009,-0.047879,-0.014401
21,-2.143001,0.220391,1.957054,0.391411,0.111273,1.000000,1.990000,0.200000,0.140450,0.097589,0.100849,-0.014563,0.051963,-0.022218,0.050085,0.115163,0.085610,0.040393,-0.048662,-0.016181
22,-9.490103,,-0.051333,-0.010267,0.154782,1.000000,1.990000,0.200000,0.164059,0.093339,0.106091,-0.009062,0.052188,-0.026983,0.034015,0.115473,0.097303,0.038016,-0.050150,-0.006350
23,-2.221219,0.204800,1.568865,0.313773,0.122769,1.000000,1.990000,0.200000,0.134365,0.092676,0.083085,-0.022140,0.063344,-0.015372,0.041297,0.110296,0.087452,0.040275,-0.047180,-0.013139
24,-2.092452,0.168814,2.200176,0.440035,0.129862,1.000000,1.990000,0.200000,0.140807,0.100163,0.099734,-0.021924,0.067258,-0.030535,0.047655,0.123238,0.082399,0.044133,-0.048684,-0.016620
25,-2.104409,0.173458,2.137237,0.427447,0.122639,1.000000,1.990000,0.200000,0.141887,0.105294,0.093522,-0.020805,0.052456,-0.026313,0.053356,0.118079,0.088628,0.037684,-0.044698,-0.018159
26,-2.645392,1.304394,0.622862,0.124572,0.177276,1.000000,1.990000,0.200000,0.139133,0.091360,0.086100,-0.015217,0.062208,-0.026624,0.035514,0.122018,0.085764,0.048308,-0.055319,-0.015642
27,-2.606192,1.145440,0.689270,0.137854,0.189736,1.000000,1.990000,0.200000,0.142823,0.098619,0.092783,-0.019602,0.064672,-0.023278,0.050050,0.114340,0.086181,0.052150,-0.055504,-0.019169
28,-2.211605,0.455955,1.876079,0.375216,0.156791,1.000000,1.990000,0.200000,0.137071,0.106125,0.096631,-0.016411,0.078181,-0.027027,0.040180,0.116602,0.087887,0.052383,-0.057704,-0.022164
29,-2.054635,0.172231,2.362435,0.472487,0.108829,1.000000,1.990000,0.200000,0.139528,0.113441,0.092698,-0.018944,0.068131,-0.032195,0.046106,0.129764,0.090986,0.034477,-0.054112,-0.016362
30,-2.110596,0.168885,2.098265,0.419653,0.120832,1.000000,1.990000,0.200000,0.138544,0.100825,0.089713,-0.019407,0.060401,-0.029214,0.045427,0.121689,0.084900,0.041625,-0.044148,-0.020832
31,-2.075862,0.184514,2.232009,0.446402,0.093849,1.000000,1.990000,0.200000,0.146244,0.104197,0.104410,-0.011993,0.062376,-0.026485,0.039424,0.118167,0.073133,0.041387,-0.052593,-0.030058
32,-2.142288,0.180687,1.931035,0.386207,0.111551,1.000000,1.990000,0.200000,0.158147,0.102580,0.091942,-0.019784,0.060870,-0.023705,0.041218,0.115944,0.077007,0.035471,-0.047956,-0.016773
33,-2.084344,0.187256,2.262108,0.452422,0.131120,1.000000,1.990000,0.200000,0.146962,0.109651,0.090383,-0.016860,0.063718,-0.020363,0.042510,0.126201,0.076044,0.051509,-0.047692,-0.010255
34,-2.027901,0.163044,2.524200,0.504840,0.131776,1.000000,1.990000,0.200000,0.141149,0.107887,0.104228,-0.021306,0.065794,-0.026152,0.055248,0.138402,0.083877,0.040606,-0.047454,-0.026173
35,-2.095477,0.163286,2.166028,0.433206,0.122759,1.000000,1.990000,0.200000,0.148975,0.098627,0.098076,-0.025082,0.067032,-0.032064,0.037688,0.120522,0.083174,0.039949,-0.055233,-0.013945
36,-2.174009,0.184562,1.781472,0.356294,0.118933,1.000000,1.990000,0.200000,0.132389,0.097160,0.099923,-0.020427,0.058653,-0.019169,0.037194,0.128546,0.078765,0.036806,-0.057428,-0.014516
37,-4.213206,8.606910,0.101272,0.020254,0.172139,1.000000,1.990000,0.200000,0.137933,0.103861,0.098537,-0.007866,0.058345,-0.033166,0.049229,0.123310,0.085463,0.045658,-0.056673,-0.009059
38,-2.205943,0.280715,1.689495,0.337899,0.091626,1.000000,1.990000,0.200000,0.141076,0.092761,0.093789,-0.006041,0.051974,-0.027309,0.044363,0.115840,0.079474,0.036575,-0.048634,-0.018699
39,-2.099415,0.186694,2.128631,0.425726,0.094136,1.000000,1.990000,0.200000,0.144787,0.109858,0.099465,-0.012101,0.063672,-0.031193,0.038539,0.127550,0.078027,0.035256,-0.041632,-0.015749
40,-2.048783,0.171883,2.405651,0.481130,0.118864,1.000000,1.990000,0.200000,0.134471,0.112207,0.095286,-0.022087,0.055582,-0.031416,0.046429,0.125750,0.082824,0.033989,-0.050731,-0.023824
41,-2.048364,0.164486,2.419690,0.483938,0.127526,1.000000,1.990000,0.200000,0.145355,0.105576,0.095759,-0.025258,0.064389,-0.029481,0.040979,0.130343,0.091411,0.041128,-0.048747,-0.021072
42,-2.066845,0.166178,2.309076,0.461815,0.118820,1.000000,1.990000,0.200000,0.142421,0.109490,0.087873,-0.015473,0.070763,-0.025154,0.053036,0.130318,0.071027,0.040113,-0.051633,-0.024302
43,-2.113115,0.173712,2.072831,0.414566,0.115918,1.000000,1.990000,0.200000,0.137247,0.102839,0.093685,-0.018125,0.072690,-0.024019,0.047612,0.121749,0.069683,0.036957,-0.045536,-0.026945
44,-2.072152,0.229859,2.398403,0.479681,0.140977,1.000000,1.990000,0.200000,0.154624,0.113121,0.097839,-0.018860,0.073778,-0.032381,0.060651,0.118960,0.075455,0.053828,-0.047589,-0.023219
45,-2.102767,0.200168,2.185292,0.437058,0.132049,1.000000,1.990000,0.200000,0.142217,0.103577,0.100843,-0.027457,0.053112,-0.024479,0.055042,0.131407,0.089172,0.030694,-0.045941,-0.018252
46,-1.989142,0.161572,2.717354,0.543471,0.127377,1.000000,1.990000,0.200000,0.146364,0.116756,0.095625,-0.018015,0.065075,-0.032883,0.055723,0.136211,0.081137,0.041700,-0.051684,-0.022501
47,-2.088143,0.202235,2.233822,0.446764,0.121712,1.000000,1.990000,0.200000,0.122488,0.112428,0.108831,-0.017532,0.056203,-0.024828,0.045512,0.138436,0.079176,0.042242,-0.056440,-0.022701
48,-2.016616,0.153744,2.558656,0.511731,0.119878,1.000000,1.990000,0.200000,0.147768,0.114534,0.104671,-0.015968,0.060975,-0.028001,0.042365,0.130627,0.076428,0.046436,-0.050007,-0.022552
49,-2.090198,0.179328,2.189288,0.437858,0.109288,1.000000,1.990000,0.200000,0.147716,0.103496,0.095233,-0.019164,0.063147,-0.030145,0.040131,0.129289,0.084270,0.032711,-0.043524,-0.025781
50,-2.052359,0.168903,2.400931,0.480186,0.125241,1.000000,1.990000,0.200000,0.143445,0.106524,0.095351,-0.021303,0.057230,-0.027974,0.048807,0.131765,0.085416,0.038734,-0.041941,-0.028834
51,-2.028240,0.162138,2.535966,0.507193,0.136893,1.000000,1.990000,0.200000,0.140222,0.104645,0.099441,-0.023920,0.060896,-0.034041,0.044936,0.134371,0.083308,0.043924,-0.044845,-0.027854
52,-2.082085,0.193697,2.286014,0.457203,0.134673,1.000000,1.990000,0.200000,0.136931,0.103268,0.099965,-0.027588,0.061125,-0.021190,0.046804,0.135752,0.074112,0.032115,-0.034879,-0.028156
53,-2.026314,0.171027,2.556623,0.511325,0.135957,1.000000,1.990000,0.200000,0.145347,0.111750,0.099461,-0.023189,0.064187,-0.026833,0.050248,0.136186,0.090769,0.045876,-0.051203,-0.020720
54,-2.042429,0.155329,2.420384,0.484077,0.122183,1.000000,1.990000,0.200000,0.135350,0.107809,0.106893,-0.020280,0.070555,-0.021692,0.045340,0.136300,0.089161,0.043331,-0.051646,-0.025428
55,-2.295563,0.480612,1.546021,0.309204,0.156549,1.000000,1.990000,0.200000,0.160141,0.110737,0.097521,-0.015380,0.061832,-0.018467,0.050456,0.116525,0.082209,0.050363,-0.052347,-0.021469
56,-2.002138,0.190302,2.720599,0.544120,0.146944,1.000000,1.990000,0.200000,0.136241,0.117783,0.082135,-0.025042,0.064233,-0.034788,0.060651,0.134980,0.086617,0.044830,-0.048794,-0.023500
57,-10.000000,,0.000000,0.000000,3.141593,0.000000,1.990000,0.200000,0.144380,0.109215,0.103435,-0.014191,0.072644,-0.023823,0.051961,0.136219,0.088058,0.046377,-0.052338,-0.027662
58,-2.092290,0.206418,2.210653,0.442131,0.114265,1.000000,1.990000,0.200000,0.140557,0.105003,0.106045,-0.018649,0.071439,-0.034067,0.057340,0.136698,0.077106,0.028879,-0.047815,-0.018248
59,-10.000000,,0.000000,0.000000,3.141593,0.000000,1.990000,0.200000,0.136305,0.116816,0.103214,-0.022596,0.065496,-0.040361,0.038686,0.136933,0.071168,0.048642,-0.042607,-0.025973
60,-2.106575,0.263968,2.222780,0.444556,0.115731,1.000000,1.990000,0.200000,0.144156,0.113060,0.095727,-0.013596,0.068311,-0.028215,0.046250,0.134619,0.086961,0.048402,-0.054107,-0.018535
61,-1.978693,0.178891,2.834920,0.566984,0.154103,1.000000,1.990000,0.200000,0.166515,0.110157,0.104102,-0.027551,0.066001,-0.034604,0.050496,0.138181,0.076737,0.048391,-0.052607,-0.015394
62,-10.000000,,0.000000,0.000000,3.141593,0.000000,1.990000,0.200000,0.141713,0.113305,0.111383,-0.022517,0.059921,-0.033430,0.054046,0.136668,0.083604,0.049173,-0.045441,-0.033640
63,-2.020966,0.159095,2.580916,0.516183,0.140605,1.000000,1.990000,0.200000,0.156262,0.110023,0.089122,-0.022620,0.063597,-0.030046,0.047215,0.132269,0.076307,0.046395,-0.057950,-0.014499
64,-10.000000,,0.000000,0.000000,3.141593,0.000000,1.990000,0.200000,0.133023,0.111243,0.108425,-0.017350,0.064731,-0.032174,0.052274,0.138308,0.078318,0.050406,-0.047225,-0.023431
65,-10.000000,,0.000000,0.000000,3.141593,0.000000,1.990000,0.200000,0.143807,0.110048,0.103623,-0.018950,0.071063,-0.034412,0.052663,0.137128,0.082819,0.046918,-0.054238,-0.035085
66,-2.031938,0.208457,2.584552,0.516910,0.143619,1.000000,1.990000,0.200000,0.144114,0.114030,0.100717,-0.023337,0.053563,-0.039507,0.055070,0.137990,0.079844,0.045758,-0.046459,-0.020952
67,-2.019252,0.211115,2.678029,0.535606,0.147944,1.000000,1.990000,0.200000,0.152983,0.114252,0.092727,-0.027537,0.069233,-0.040698,0.052880,0.137237,0.070309,0.038383,-0.049286,-0.016205
68,-10.000000,,0.000000,0.000000,3.141593,0.000000,1.990000,0.200000,0.148991,0.118026,0.090961,-0.019908,0.071468,-0.038083,0.052195,0.137617,0.071630,0.054008,-0.053687,-0.020176
69,-2.079243,0.206393,2.335066,0.467013,0.157015,1.000000,1.990000,0.200000,0.138460,0.101811,0.115314,-0.026937,0.066969,-0.019951,0.057028,0.130648,0.090156,0.052123,-0.040709,-0.014714
70,-2.018232,0.206517,2.654033,0.530807,0.138563,1.000000,1.990000,0.200000,0.149836,0.113890,0.100351,-0.027596,0.069271,-0.041931,0.056713,0.132018,0.093846,0.038381,-0.046855,-0.027741
71,-2.061686,0.186145,2.384503,0.476901,0.128802,1.000000,1.990000,0.200000,0.163926,0.105753,0.087568,-0.019848,0.059113,-0.028000,0.058994,0.137285,0.085277,0.033768,-0.056775,-0.023698
72,-2.018202,0.185220,2.621431,0.524286,0.134673,1.000000,1.990000,0.200000,0.151780,0.110535,0.089958,-0.021836,0.056684,-0.041540,0.049226,0.135880,0.087609,0.042765,-0.049618,-0.023268
73,-1.952054,0.169632,2.946917,0.589383,0.142785,1.000000,1.990000,0.200000,0.163156,0.116057,0.096378,-0.025490,0.057353,-0.030316,0.051716,0.127215,0.073224,0.044165,-0.050071,-0.033527
74,-1.992371,0.185826,2.762911,0.552582,0.145548,1.000000,1.990000,0.200000,0.156908,0.110284,0.101729,-0.027166,0.073332,-0.037527,0.046453,0.130289,0.081649,0.046533,-0.065945,-0.020837
75,-2.022526,0.213869,2.685938,0.537188,0.163238,1.000000,1.990000,0.200000,0.161088,0.116369,0.097699,-0.027204,0.052204,-0.032017,0.053688,0.132954,0.082363,0.053892,-0.054310,-0.016835
76,-2.026123,0.164798,2.556189,0.511238,0.142515,1.000000,1.990000,0.200000,0.139505,0.112864,0.094610,-0.023748,0.059900,-0.029624,0.051824,0.131918,0.077135,0.044861,-0.050987,-0.013907
77,-2.037599,0.211194,2.556221,0.511244,0.140655,1.000000,1.990000,0.200000,0.155940,0.114848,0.093589,-0.022032,0.061485,-0.036343,0.051995,0.136485,0.073684,0.045249,-0.050278,-0.009190
78,-1.965416,0.174319,2.871707,0.574341,0.136396,1.000000,1.990000,0.200000,0.159520,0.113674,0.097286,-0.023442,0.065919,-0.033077,0.054790,0.135053,0.076473,0.039710,-0.054376,-0.031154
79,-2.052718,0.171194,2.373220,0.474644,0.107586,1.000000,1.990000,0.200000,0.152088,0.111470,0.105320,-0.017942,0.055981,-0.028933,0.041233,0.128348,0.086940,0.032920,-0.064012,-0.029304
80,-1.970147,0.177132,2.830638,0.566128,0.125446,1.000000,1.990000,0.200000,0.161237,0.116120,0.106610,-0.026552,0.066367,-0.039246,0.043504,0.121591,0.080503,0.038761,-0.065473,-0.031293
81,-1.987993,0.176541,2.780997,0.556199,0.145356,1.000000,1.990000,0.200000,0.153649,0.112102,0.091014,-0.024363,0.059832,-0.035023,0.049564,0.136372,0.076061,0.045123,-0.055552,-0.027014
82,-1.997539,0.155705,2.659125,0.531825,0.122141,1.000000,1.990000,0.200000,0.147591,0.119819,0.101031,-0.023028,0.055015,-0.022591,0.046644,0.118629,0.086536,0.041385,-0.047069,-0.032932
83,-1.961853,0.185961,2.864500,0.572900,0.121033,1.000000,1.990000,0.200000,0.164190,0.114751,0.103601,-0.025334,0.060242,-0.031759,0.045802,0.134340,0.087043,0.030311,-0.056944,-0.034609
84,-1.997199,0.151526,2.670102,0.534020,0.129636,1.000000,1.990000,0.200000,0.157308,0.107879,0.096463,-0.022335,0.067642,-0.031583,0.038476,0.131271,0.078925,0.046675,-0.047088,-0.027709
85,-2.004420,0.188456,2.678074,0.535615,0.126258,1.000000,1.990000,0.200000,0.151800,0.115966,0.097424,-0.018826,0.065070,-0.041379,0.048609,0.137342,0.076873,0.043059,-0.055206,-0.026161
86,-1.988928,0.201228,2.782729,0.556546,0.133426,1.000000,1.990000,0.200000,0.167891,0.114064,0.099416,-0.022746,0.059220,-0.038855,0.046644,0.132980,0.077389,0.044822,-0.060720,-0.027319
87,-2.007058,0.167534,2.662678,0.532536,0.143746,1.000000,1.990000,0.200000,0.165405,0.099976,0.103131,-0.024396,0.071581,-0.035203,0.045593,0.138460,0.073292,0.045504,-0.053752,-0.022487
88,-2.012633,0.166483,2.618984,0.523797,0.134392,1.000000,1.990000,0.200000,0.147332,0.111769,0.098548,-0.024348,0.064928,-0.027082,0.047338,0.136737,0.092581,0.043798,-0.049769,-0.025768
89,-10.000000,,0.000000,0.000000,3.141593,0.000000,1.990000,0.200000,0.160516,0.115384,0.090924,-0.027468,0.061172,-0.038948,0.054390,0.137415,0.073688,0.048477,-0.051370,-0.035100
90,-1.993630,0.207151,2.708158,0.541632,0.116882,1.000000,1.990000,0.200000,0.160295,0.115787,0.098081,-0.026729,0.067104,-0.029813,0.042280,0.132981,0.089225,0.023596,-0.053878,-0.021693
91,-1.994242,0.198520,2.696871,0.539374,0.113517,1.000000,1.990000,0.200000,0.159503,0.114557,0.111125,-0.024479,0.064879,-0.030590,0.051562,0.135535,0.096355,0.024076,-0.046294,-0.024686
92,-1.971377,0.161332,2.790024,0.558005,0.118055,1.000000,1.990000,0.200000,0.158815,0.115194,0.103574,-0.022969,0.063709,-0.033048,0.041845,0.130169,0.089199,0.033981,-0.056258,-0.032244
93,-2.048476,0.173840,2.423318,0.484664,0.124764,1.000000,1.990000,0.200000,0.145450,0.110969,0.085403,-0.025350,0.063034,-0.025626,0.047731,0.131983,0.097985,0.034178,-0.060784,-0.020345
94,-1.971880,0.248262,2.876462,0.575292,0.123618,1.000000,1.990000,0.200000,0.161161,0.118903,0.099480,-0.026572,0.064707,-0.030812,0.040947,0.133034,0.073365,0.020067,-0.058422,-0.035019
95,-10.000000,,0.000000,0.000000,3.141593,0.000000,1.990000,0.200000,0.154924,0.110825,0.090082,-0.026007,0.061273,-0.023589,0.051928,0.130546,0.084808,0.046585,-0.047061,-0.034483
96,-2.000043,0.177246,2.665502,0.533100,0.122609,1.000000,1.990000,0.200000,0.163731,0.116439,0.097607,-0.024909,0.067132,-0.020118,0.042999,0.136871,0.091002,0.034284,-0.060381,-0.029249
97,-1.988202,0.198180,2.715185,0.543037,0.106906,1.000000,1.990000,0.200000,0.165262,0.111128,0.114685,-0.020066,0.061809,-0.034388,0.044905,0.138399,0.079861,0.024318,-0.053912,-0.030209
98,-2.058890,0.184099,2.324743,0.464949,0.093550,1.000000,1.990000,0.200000,0.149668,0.113087,0.089996,-0.011272,0.070003,-0.024512,0.043672,0.134953,0.084709,0.037991,-0.062891,-0.024236
99,-2.062606,0.161271,2.317658,0.463532,0.115150,1.000000,1.990000,0.200000,0.148995,0.103286,0.101282,-0.023038,0.073505,-0.030870,0.046216,0.117906,0.093900,0.037399,-0.060728,-0.020849
100,-2.017973,0.185058,2.618562,0.523712,0.136958,1.000000,1.990000,0.200000,0.161557,0.111862,0.098642,-0.025829,0.047750,-0.032080,0.048786,0.126114,0.073711,0.035291,-0.051404,-0.020685
101,-2.013835,0.225800,2.624807,0.524961,0.117459,1.000000,1.990000,0.200000,0.160392,0.109590,0.102378,-0.027339,0.061288,-0.033472,0.040740,0.131595,0.081831,0.020682,-0.060592,-0.022630
102,-2.036999,0.190510,2.476654,0.495331,0.113152,1.000000,1.990000,0.200000,0.136078,0.111312,0.097360,-0.018306,0.068596,-0.036934,0.055127,0.131732,0.084527,0.034722,-0.056168,-0.029004
103,-1.994080,0.184297,2.709512,0.541902,0.123144,1.000000,1.990000,0.200000,0.159387,0.105236,0.105510,-0.026007,0.070306,-0.039903,0.040052,0.134649,0.079183,0.031203,-0.050282,-0.033560
104,-1.975103,0.207798,2.808931,0.561786,0.118497,1.000000,1.990000,0.200000,0.150613,0.118092,0.107743,-0.027599,0.066164,-0.032765,0.045140,0.131993,0.088251,0.021629,-0.062031,-0.030564
105,-1.956235,0.164675,2.874292,0.574858,0.124959,1.000000,1.990000,0.200000,0.167640,0.115386,0.114745,-0.027404,0.062152,-0.025574,0.036032,0.122249,0.072568,0.036646,-0.064323,-0.034853
106,-1.976197,0.152864,2.760087,0.552017,0.123265,1.000000,1.990000,0.200000,0.141712,0.116983,0.097977,-0.024301,0.068351,-0.028484,0.037888,0.137153,0.086205,0.037893,-0.046009,-0.028775
107,-2.089561,0.191867,2.171034,0.434207,0.096763,1.000000,1.990000,0.200000,0.141279,0.115162,0.107402,-0.021190,0.056239,-0.019552,0.029737,0.117618,0.084006,0.025685,-0.051513,-0.034153
108,-2.149580,0.213903,1.919355,0.383871,0.106135,1.000000,1.990000,0.200000,0.144242,0.094138,0.099584,-0.021170,0.057736,-0.037878,0.040879,0.131249,0.087328,0.022356,-0.048854,-0.022929
109,-2.034841,0.194772,2.462172,0.492434,0.101253,1.000000,1.990000,0.200000,0.142148,0.117790,0.101168,-0.021005,0.049656,-0.033056,0.034474,0.126568,0.088642,0.022121,-0.058935,-0.031101
110,-2.054609,0.218445,2.350663,0.470133,0.088156,1.000000,1.990000,0.200000,0.150076,0.118158,0.107370,-0.018022,0.062271,-0.029583,0.036838,0.116914,0.080492,0.020382,-0.068338,-0.028682
111,-2.042456,0.198077,2.443250,0.488650,0.112359,1.000000,1.990000,0.200000,0.155115,0.112829,0.101465,-0.025053,0.070107,-0.022998,0.034048,0.137430,0.084560,0.025688,-0.060467,-0.024635
112,-2.037444,0.216766,2.491309,0.498262,0.113482,1.000000,1.990000,0.200000,0.167610,0.110551,0.106466,-0.022522,0.063334,-0.026608,0.052002,0.127546,0.074906,0.024110,-0.054746,-0.023981
113,-2.014647,0.262992,2.641037,0.528207,0.112831,1.000000,1.990000,0.200000,0.160634,0.110253,0.103924,-0.027371,0.075698,-0.033328,0.042732,0.129814,0.074902,0.014820,-0.046981,-0.024147
114,-2.009549,0.191850,2.601606,0.520321,0.107673,1.000000,1.990000,0.200000,0.158576,0.116668,0.096598,-0.023132,0.060379,-0.039191,0.040818,0.108522,0.071942,0.027107,-0.053668,-0.032770
115,-2.046233,0.255849,2.437430,0.487486,0.087908,1.000000,1.990000,0.200000,0.164417,0.110909,0.112456,-0.014485,0.067059,-0.036558,0.045359,0.135982,0.076828,0.014852,-0.051819,-0.027901
116,-1.993689,0.164780,2.662880,0.532576,0.110908,1.000000,1.990000,0.200000,0.159014,0.115923,0.115259,-0.021946,0.057067,-0.032017,0.038470,0.114805,0.068200,0.032585,-0.067570,-0.032665
117,-2.039048,0.198723,2.517073,0.503415,0.121339,1.000000,1.990000,0.200000,0.161543,0.115631,0.102164,-0.022488,0.058556,-0.033436,0.030603,0.105791,0.086859,0.050870,-0.049642,-0.032493
118,-2.051159,0.231995,2.463088,0.492618,0.122056,1.000000,1.990000,0.200000,0.164402,0.109682,0.110552,-0.024331,0.043925,-0.028017,0.042979,0.131484,0.070813,0.025550,-0.056820,-0.028818
119,-1.980889,0.178641,2.743285,0.548657,0.111598,1.000000,1.990000,0.200000,0.166352,0.111838,0.118301,-0.026781,0.070446,-0.040511,0.029356,0.124212,0.079509,0.030565,-0.055908,-0.023897
120,-1.990555,0.169264,2.658316,0.531663,0.097902,1.000000,1.990000,0.200000,0.160792,0.112244,0.117337,-0.020006,0.070796,-0.036592,0.032797,0.129853,0.086017,0.030092,-0.044237,-0.028534
121,-2.070558,0.238200,2.354947,0.470989,0.118860,1.000000,1.990000,0.200000,0.140484,0.106815,0.112314,-0.027538,0.059829,-0.025055,0.034869,0.136024,0.070873,0.019632,-0.058650,-0.033879
122,-2.088668,0.186926,2.165368,0.433074,0.088010,1.000000,1.990000,0.200000,0.152809,0.113584,0.096803,-0.016378,0.053961,-0.039516,0.021221,0.118687,0.080148,0.027666,-0.068132,-0.019894
123,-2.220270,0.312279,1.617195,0.323439,0.087768,1.000000,1.990000,0.200000,0.159897,0.101024,0.106151,-0.019037,0.060608,-0.017961,0.020927,0.117069,0.080865,0.015732,-0.062953,-0.029388
124,-2.158810,0.224668,1.824088,0.364818,0.070293,1.000000,1.990000,0.200000,0.152844,0.118341,0.104678,-0.006265,0.071506,-0.019203,0.023635,0.131125,0.081583,0.023805,-0.039633,-0.007220
125,-2.006939,0.168817,2.623646,0.524729,0.131200,1.000000,1.990000,0.200000,0.167687,0.102412,0.118340,-0.024046,0.062995,-0.035311,0.052340,0.108287,0.068425,0.045467,-0.059621,-0.025754
126,-2.042228,0.172182,2.434150,0.486830,0.110139,1.000000,1.990000,0.200000,0.161806,0.103171,0.117766,-0.019139,0.063812,-0.038917,0.037325,0.138426,0.088839,0.036668,-0.037691,-0.018678
127,-2.000055,0.165231,2.659238,0.531848,0.120364,1.000000,1.990000,0.200000,0.157462,0.107428,0.098246,-0.025422,0.062791,-0.041335,0.020904,0.132885,0.077992,0.037770,-0.053246,-0.034076
128,-2.026647,0.166275,2.493492,0.498698,0.105676,1.000000,1.990000,0.200000,0.164716,0.106295,0.118333,-0.023209,0.066761,-0.033875,0.023355,0.127649,0.092580,0.035697,-0.053609,-0.028740
129,-1.976447,0.196863,2.802163,0.560433,0.120457,1.000000,1.990000,0.200000,0.162223,0.111154,0.097516,-0.026198,0.068746,-0.038292,0.035918,0.137425,0.083426,0.027008,-0.039038,-0.030888
130,-2.025541,0.215838,2.513642,0.502728,0.094056,1.000000,1.990000,0.200000,0.155966,0.106437,0.113757,-0.021021,0.063104,-0.041983,0.030190,0.136797,0.084301,0.017351,-0.043946,-0.033154
131,-1.970563,0.177091,2.776422,0.555284,0.100000,1.000000,1.990000,0.200000,0.157418,0.119848,0.112825,-0.021982,0.070976,-0.041955,0.032266,0.129901,0.086405,0.026123,-0.060206,-0.029951
132,-2.003614,0.194213,2.674938,0.534988,0.125382,1.000000,1.990000,0.200000,0.164260,0.105922,0.113111,-0.027597,0.057716,-0.041248,0.035946,0.138067,0.076295,0.028906,-0.065254,-0.020132
133,-2.038027,0.163265,2.381702,0.476340,0.079624,1.000000,1.990000,0.200000,0.145884,0.114569,0.109316,-0.017088,0.079569,-0.040223,0.021085,0.114618,0.091558,0.028732,-0.060096,-0.026024
134,-2.007193,0.192682,2.615855,0.523171,0.108114,1.000000,1.990000,0.200000,0.159715,0.119860,0.086070,-0.027599,0.074870,-0.039553,0.021228,0.127009,0.096848,0.026902,-0.054653,-0.020083
135,-1.974794,0.191787,2.774701,0.554940,0.106777,1.000000,1.990000,0.200000,0.162662,0.111414,0.118398,-0.024324,0.073646,-0.039072,0.042244,0.127980,0.080914,0.024181,-0.051173,-0.034027
136,-10.000000,,0.000000,0.000000,3.141593,0.000000,1.990000,0.200000,0.159180,0.114548,0.111942,-0.021348,0.065840,-0.041532,0.039170,0.138469,0.068265,0.035199,-0.042934,-0.030151
137,-2.146457,0.245190,1.925701,0.385140,0.064836,1.000000,1.990000,0.200000,0.146915,0.099742,0.108804,-0.002433,0.072200,-0.037637,0.026929,0.128534,0.080243,0.034158,-0.062687,-0.029862
138,-1.982980,0.161481,2.703855,0.540771,0.103904,1.000000,1.990000,0.200000,0.145670,0.117594,0.118396,-0.020981,0.064704,-0.037809,0.034546,0.127066,0.081951,0.031091,-0.051952,-0.034772
139,-1.991996,0.201322,2.676028,0.535206,0.099019,1.000000,1.990000,0.200000,0.164005,0.118903,0.101782,-0.024715,0.070999,-0.040910,0.034811,0.108078,0.083941,0.024258,-0.060635,-0.029294
140,-2.011859,0.164879,2.540382,0.508076,0.095358,1.000000,1.990000,0.200000,0.155819,0.113150,0.091036,-0.016946,0.073193,-0.039353,0.030556,0.129487,0.081429,0.028682,-0.065208,-0.027578
141,-1.952446,0.162158,2.896792,0.579358,0.125369,1.000000,1.990000,0.200000,0.159055,0.118340,0.107181,-0.027018,0.056782,-0.031188,0.021481,0.136435,0.071843,0.037667,-0.063039,-0.031662
142,-2.033289,0.181549,2.469818,0.493964,0.108265,1.000000,1.990000,0.200000,0.139195,0.112800,0.106573,-0.025902,0.063581,-0.041347,0.049091,0.107166,0.082911,0.026145,-0.055135,-0.024235
143,-1.987972,0.185431,2.701820,0.540364,0.102596,1.000000,1.990000,0.200000,0.165478,0.115165,0.118325,-0.022822,0.057222,-0.041028,0.023356,0.129086,0.079491,0.029731,-0.040763,-0.030590
144,-2.027960,0.177062,2.469296,0.493859,0.090200,1.000000,1.990000,0.200000,0.167012,0.114446,0.109573,-0.013402,0.062260,-0.034629,0.038549,0.115256,0.070515,0.030252,-0.049932,-0.032912
145,-2.784215,1.859290,0.482307,0.096461,0.174261,1.000000,1.990000,0.200000,0.140290,0.105057,0.107365,-0.009332,0.056985,-0.034587,0.044308,0.131946,0.080504,0.047201,-0.053672,-0.024462
146,-10.000000,,0.000000,0.000000,3.141593,0.000000,1.990000,0.200000,0.157409,0.119500,0.090776,-0.020308,0.066465,-0.022707,0.038868,0.138036,0.086480,0.039898,-0.052985,-0.034294
147,-2.075975,0.175099,2.239702,0.447940,0.093937,1.000000,1.990000,0.200000,0.141278,0.111993,0.102465,-0.014520,0.054700,-0.035623,0.024500,0.133344,0.081794,0.034268,-0.046587,-0.027581
148,-1.973184,0.163029,2.766568,0.553314,0.109790,1.000000,1.990000,0.200000,0.163039,0.119881,0.110073,-0.020774,0.063186,-0.033946,0.038035,0.125285,0.076460,0.034972,-0.057493,-0.024490
149,-2.050110,0.180906,2.373444,0.474689,0.090278,1.000000,1.990000,0.200000,0.168076,0.109746,0.110256,-0.012187,0.049585,-0.040685,0.033000,0.122059,0.073498,0.032208,-0.056959,-0.028992
150,-2.056321,0.183625,2.310001,0.462000,0.081443,1.000000,1.990000,0.200000,0.136729,0.114216,0.116895,-0.012495,0.061950,-0.034843,0.029042,0.132414,0.073702,0.025879,-0.062527,-0.034694
151,-2.005958,0.201924,2.594481,0.518896,0.095258,1.000000,1.990000,0.200000,0.167897,0.115806,0.103926,-0.021982,0.063729,-0.039907,0.022008,0.134301,0.085401,0.022845,-0.047419,-0.012342
152,-1.948940,0.175003,2.861691,0.572338,0.088106,1.000000,1.990000,0.200000,0.165544,0.117619,0.115945,-0.018714,0.056392,-0.038489,0.025384,0.138447,0.094646,0.036212,-0.046980,-0.028931
153,-1.975456,0.173084,2.778704,0.555741,0.115126,1.000000,1.990000,0.200000,0.148863,0.119714,0.118325,-0.026529,0.069653,-0.039356,0.030452,0.125381,0.080892,0.036483,-0.052380,-0.032773
154,-1.970571,0.195659,2.837152,0.567430,0.120475,1.000000,1.990000,0.200000,0.156740,0.118618,0.114955,-0.027166,0.065777,-0.040989,0.047299,0.129172,0.081834,0.028500,-0.052216,-0.028510
155,-1.953251,0.181021,2.871568,0.574314,0.106888,1.000000,1.990000,0.200000,0.168053,0.110738,0.118267,-0.027599,0.067296,-0.038381,0.026813,0.134994,0.098055,0.037238,-0.041649,-0.025886
156,-1.985388,0.195572,2.761437,0.552287,0.119172,1.000000,1.990000,0.200000,0.162674,0.116479,0.102861,-0.025259,0.062124,-0.040432,0.051103,0.120455,0.079840,0.031553,-0.049468,-0.031599
157,-2.549746,1.068568,0.886075,0.177215,0.165155,1.000000,1.990000,0.200000,0.159105,0.111665,0.116283,-0.015687,0.055999,-0.037694,0.025456,0.128723,0.095105,0.046724,-0.056003,-0.025248
158,-2.011329,0.195819,2.553037,0.510607,0.084214,1.000000,1.990000,0.200000,0.165238,0.113456,0.112594,-0.015082,0.059826,-0.041010,0.021586,0.133924,0.080615,0.023197,-0.050214,-0.033595
159,-1.990856,0.160452,2.663863,0.532773,0.104400,1.000000,1.990000,0.200000,0.155715,0.119506,0.115962,-0.023820,0.058342,-0.032479,0.020718,0.128112,0.092865,0.034918,-0.043072,-0.024342
160,-1.979840,0.171663,2.720862,0.544172,0.098204,1.000000,1.990000,0.200000,0.167974,0.117044,0.118375,-0.020304,0.059914,-0.039747,0.021648,0.116827,0.068303,0.032203,-0.053269,-0.034811
161,-10.000000,,0.000000,0.000000,3.141593,0.000000,1.990000,0.200000,0.143567,0.117707,0.114197,-0.023577,0.053768,-0.034241,0.031939,0.138332,0.088235,0.041789,-0.034993,-0.026460
162,-1.931206,0.163178,2.920192,0.584038,0.074481,1.000000,1.990000,0.200000,0.168084,0.117719,0.116892,-0.012991,0.062115,-0.040180,0.034659,0.124570,0.086331,0.038591,-0.054459,-0.035096
163,-1.986506,0.186303,2.722568,0.544514,0.108346,1.000000,1.990000,0.200000,0.159413,0.112244,0.118320,-0.021532,0.065190,-0.039089,0.041334,0.137298,0.079976,0.026308,-0.045947,-0.032756
164,-2.039754,0.194982,2.452636,0.490527,0.104103,1.000000,1.990000,0.200000,0.163929,0.114553,0.118138,-0.018519,0.063064,-0.029388,0.040967,0.136332,0.084362,0.030675,-0.048037,-0.018004
165,-1.987835,0.180792,2.733302,0.546660,0.122140,1.000000,1.990000,0.200000,0.155558,0.114648,0.118045,-0.027356,0.049101,-0.030733,0.034342,0.132379,0.088972,0.030819,-0.043397,-0.032793
166,-2.029983,0.195401,2.469574,0.493915,0.078660,1.000000,1.990000,0.200000,0.154773,0.119859,0.115409,-0.012472,0.054212,-0.036503,0.029167,0.132770,0.103595,0.030251,-0.039870,-0.027343
167,-1.992425,0.168410,2.672678,0.534536,0.105373,1.000000,1.990000,0.200000,0.156988,0.115277,0.117510,-0.019924,0.058024,-0.037235,0.030672,0.136776,0.085557,0.034530,-0.042010,-0.026700
168,-2.010022,0.162319,2.558360,0.511672,0.098356,1.000000,1.990000,0.200000,0.158716,0.118504,0.103863,-0.019940,0.064917,-0.035501,0.022895,0.124252,0.089191,0.032171,-0.056687,-0.024135
169,-2.028218,0.178976,2.476576,0.495315,0.090950,1.000000,1.990000,0.200000,0.153196,0.107086,0.110106,-0.016650,0.063476,-0.040388,0.025962,0.123302,0.077464,0.041466,-0.045856,-0.031583
170,-1.975693,0.172869,2.722989,0.544598,0.080549,1.000000,1.990000,0.200000,0.166313,0.118636,0.113321,-0.010969,0.062403,-0.040344,0.036889,0.135459,0.082075,0.034307,-0.054759,-0.029197
171,-10.000000,,0.000000,0.000000,3.141593,0.000000,1.990000,0.200000,0.163400,0.118526,0.117148,-0.026006,0.053951,-0.035964,0.024755,0.130493,0.086370,0.044362,-0.031899,-0.034968
172,-1.983203,0.205942,2.740328,0.548066,0.101896,1.000000,1.990000,0.200000,0.168176,0.117348,0.116298,-0.024863,0.062077,-0.036562,0.035292,0.120654,0.102080,0.023828,-0.044712,-0.032907
173,-1.991853,0.176832,2.654261,0.530852,0.091918,1.000000,1.990000,0.200000,0.162945,0.115914,0.106980,-0.015065,0.069256,-0.035190,0.038355,0.135249,0.093423,0.028596,-0.045112,-0.032030
174,-10.000000,,0.000000,0.000000,3.141593,0.000000,1.990000,0.200000,0.153736,0.110622,0.115507,-0.009128,0.058020,-0.038286,0.028135,0.135989,0.088338,0.042097,-0.047379,-0.033704
175,-1.971743,0.168006,2.749111,0.549822,0.090323,1.000000,1.990000,0.200000,0.167901,0.117698,0.110345,-0.016039,0.074562,-0.039475,0.029405,0.130718,0.090820,0.032142,-0.051165,-0.030754
176,-2.027313,0.177132,2.465840,0.493168,0.076730,1.000000,1.990000,0.200000,0.168095,0.119201,0.104448,-0.007945,0.062203,-0.041841,0.035601,0.120775,0.077554,0.030764,-0.052191,-0.024333
177,-1.959988,0.200562,2.832327,0.566465,0.099367,1.000000,1.990000,0.200000,0.160825,0.119796,0.116850,-0.022615,0.070340,-0.030810,0.038668,0.128240,0.088184,0.022692,-0.053152,-0.032433
178,-1.982481,0.197542,2.705630,0.541126,0.084907,1.000000,1.990000,0.200000,0.167191,0.109512,0.110878,-0.019390,0.077331,-0.036359,0.034466,0.126361,0.100073,0.037234,-0.055904,-0.029608
179,-1.996621,0.161526,2.615386,0.523077,0.091082,1.000000,1.990000,0.200000,0.150721,0.119336,0.118073,-0.014640,0.065715,-0.036021,0.034731,0.138468,0.085826,0.030875,-0.054797,-0.024413
180,-1.976948,0.194723,2.748328,0.549666,0.098452,1.000000,1.990000,0.200000,0.162658,0.111067,0.116105,-0.023910,0.077309,-0.041550,0.035783,0.127854,0.088455,0.023153,-0.049954,-0.030649
181,-2.095973,0.224626,2.150846,0.430169,0.065026,1.000000,1.990000,0.200000,0.157183,0.111136,0.107882,-0.003936,0.067211,-0.036730,0.030295,0.138304,0.102123,0.023826,-0.047994,-0.032794
182,-2.000351,0.180149,2.607942,0.521588,0.081691,1.000000,1.990000,0.200000,0.157081,0.116293,0.109170,-0.011777,0.065119,-0.037235,0.032621,0.138478,0.088842,0.038935,-0.051919,-0.023414
183,-1.980118,0.177819,2.709402,0.541880,0.089878,1.000000,1.990000,0.200000,0.165294,0.114981,0.107238,-0.016236,0.069403,-0.040185,0.034900,0.131158,0.089583,0.028351,-0.047013,-0.031014
184,-1.969567,0.201327,2.769647,0.553929,0.084724,1.000000,1.990000,0.200000,0.160762,0.116669,0.117112,-0.017353,0.073626,-0.041550,0.042702,0.130725,0.090947,0.019600,-0.038145,-0.033928
185,-2.002308,0.170633,2.597100,0.519420,0.089051,1.000000,1.990000,0.200000,0.154016,0.119126,0.116856,-0.015872,0.060406,-0.039707,0.024942,0.136527,0.090254,0.030442,-0.049561,-0.031811
186,-1.991388,0.203279,2.684167,0.536833,0.101246,1.000000,1.990000,0.200000,0.160880,0.107954,0.118278,-0.025017,0.070872,-0.039897,0.034821,0.128850,0.085660,0.020608,-0.051864,-0.033297
187,-1.975869,0.161378,2.755073,0.551015,0.113916,1.000000,1.990000,0.200000,0.154141,0.116710,0.114846,-0.022277,0.062785,-0.031397,0.042222,0.131973,0.086167,0.033665,-0.050782,-0.028944
188,-1.952811,0.204251,2.908680,0.581736,0.111102,1.000000,1.990000,0.200000,0.163064,0.117668,0.113573,-0.023016,0.068724,-0.034919,0.048225,0.138480,0.087301,0.020689,-0.040439,-0.033769
189,-1.954671,0.175334,2.856882,0.571376,0.107353,1.000000,1.990000,0.200000,0.161082,0.119868,0.110950,-0.026350,0.078620,-0.033399,0.030645,0.120365,0.079021,0.028499,-0.052300,-0.034934
190,-1.984349,0.212238,2.729433,0.545887,0.098325,1.000000,1.990000,0.200000,0.167566,0.119664,0.109759,-0.022813,0.065893,-0.036034,0.039042,0.129604,0.106047,0.020172,-0.042977,-0.026407
191,-1.977489,0.275817,2.800325,0.560065,0.099761,1.000000,1.990000,0.200000,0.164251,0.119183,0.116272,-0.026198,0.075505,-0.028934,0.034238,0.117890,0.077944,0.015112,-0.052478,-0.034759
192,-2.045715,0.191619,2.388644,0.477729,0.092994,1.000000,1.990000,0.200000,0.158660,0.116744,0.102688,-0.020814,0.068849,-0.032919,0.028143,0.124855,0.093641,0.026298,-0.042613,-0.021387
193,-1.993946,0.211524,2.677202,0.535440,0.098474,1.000000,1.990000,0.200000,0.168221,0.107367,0.113149,-0.027046,0.069907,-0.037737,0.034041,0.129326,0.108028,0.031403,-0.043516,-0.024366
194,-1.985808,0.213274,2.688917,0.537783,0.088107,1.000000,1.990000,0.200000,0.168222,0.119897,0.110952,-0.019565,0.072954,-0.034656,0.032776,0.132195,0.091592,0.020333,-0.055510,-0.017371
195,-1.998112,0.181606,2.617025,0.523405,0.084235,1.000000,1.990000,0.200000,0.167124,0.116360,0.118232,-0.015054,0.069243,-0.040689,0.038310,0.123453,0.087257,0.028007,-0.038036,-0.025196
196,-2.086267,0.200197,2.172913,0.434583,0.070244,1.000000,1.990000,0.200000,0.152151,0.110841,0.113254,-0.009075,0.059857,-0.040367,0.021010,0.138007,0.090173,0.025312,-0.045943,-0.027846
197,-1.983666,0.210306,2.694385,0.538877,0.083842,1.000000,1.990000,0.200000,0.168210,0.118705,0.109415,-0.014220,0.064495,-0.037817,0.025456,0.134172,0.081625,0.021370,-0.040797,-0.034727
198,-1.976999,0.230489,2.781609,0.556322,0.100415,1.000000,1.990000,0.200000,0.154697,0.115814,0.118320,-0.023137,0.072680,-0.038074,0.047099,0.133363,0.086885,0.014909,-0.048481,-0.031081
199,-1.981685,0.238318,2.758827,0.551765,0.099213,1.000000,1.990000,0.200000,0.161183,0.116786,0.118395,-0.024084,0.065894,-0.038399,0.035833,0.129559,0.083935,0.014840,-0.046190,-0.029838
200,-1.964978,0.218656,2.843606,0.568721,0.107797,1.000000,1.990000,0.200000,0.165920,0.116186,0.114121,-0.025108,0.075090,-0.028533,0.044772,0.131740,0.089648,0.021922,-0.042486,-0.031760
201,-1.964068,0.183270,2.823368,0.564674,0.109482,1.000000,1.990000,0.200000,0.156386,0.116922,0.117436,-0.026555,0.081313,-0.035387,0.036949,0.138406,0.086644,0.025369,-0.037069,-0.020561
202,-1.977584,0.202770,2.779782,0.555956,0.108409,1.000000,1.990000,0.200000,0.150777,0.116526,0.114152,-0.025359,0.079840,-0.038066,0.050163,0.133615,0.100914,0.020758,-0.037533,-0.031594
203,-1.974765,0.204899,2.824788,0.564958,0.121151,1.000000,1.990000,0.200000,0.154033,0.117712,0.102029,-0.027599,0.071956,-0.040485,0.041150,0.132456,0.082636,0.025324,-0.046839,-0.028126
204,-2.002401,0.219825,2.648324,0.529665,0.102138,1.000000,1.990000,0.200000,0.163949,0.119657,0.107394,-0.020401,0.068272,-0.027711,0.052550,0.130570,0.086579,0.021014,-0.047720,-0.019990
205,-1.994320,0.210159,2.651120,0.530224,0.086803,1.000000,1.990000,0.200000,0.168081,0.118934,0.113357,-0.013553,0.077733,-0.025818,0.049652,0.137130,0.088945,0.021562,-0.051308,-0.032935
206,-1.987136,0.238395,2.703062,0.540612,0.084831,1.000000,1.990000,0.200000,0.168086,0.111308,0.114886,-0.019516,0.076275,-0.041801,0.042991,0.123796,0.093517,0.015718,-0.040839,-0.030511
207,-1.985900,0.227623,2.743764,0.548753,0.105486,1.000000,1.990000,0.200000,0.161757,0.109743,0.111571,-0.023814,0.074610,-0.040068,0.042699,0.135269,0.075556,0.017110,-0.050266,-0.028334
208,-1.983960,0.203912,2.704819,0.540964,0.085884,1.000000,1.990000,0.200000,0.156496,0.118347,0.118390,-0.015443,0.067480,-0.038928,0.048458,0.130136,0.086702,0.019515,-0.038894,-0.034691
209,-1.941591,0.186687,2.929490,0.585898,0.100053,1.000000,1.990000,0.200000,0.166211,0.119719,0.118125,-0.021992,0.083369,-0.036072,0.041277,0.136772,0.090600,0.024068,-0.038828,-0.034101
210,-2.046985,0.207929,2.395443,0.479089,0.068758,1.000000,1.990000,0.200000,0.156571,0.113636,0.117449,-0.004992,0.077097,-0.039749,0.053166,0.137531,0.093408,0.027658,-0.030084,-0.029515
211,-1.982176,0.230421,2.717567,0.543513,0.088108,1.000000,1.990000,0.200000,0.154021,0.117893,0.110866,-0.019553,0.082484,-0.034213,0.048186,0.123843,0.084289,0.015570,-0.045954,-0.025844
212,-1.961400,0.225380,2.838424,0.567685,0.089131,1.000000,1.990000,0.200000,0.165569,0.119871,0.115517,-0.019885,0.079645,-0.041609,0.052173,0.126166,0.095708,0.015394,-0.055240,-0.026787
213,-2.027192,0.243145,2.505966,0.501193,0.084265,1.000000,1.990000,0.200000,0.167485,0.109737,0.110823,-0.019525,0.075744,-0.039520,0.036000,0.126188,0.096659,0.015706,-0.044850,-0.028905
214,-1.950566,0.174831,2.867906,0.573581,0.099615,1.000000,1.990000,0.200000,0.166743,0.119805,0.117482,-0.024048,0.069841,-0.031484,0.029165,0.129123,0.101229,0.035310,-0.042363,-0.027390
215,-1.923493,0.232595,3.017429,0.603486,0.093403,1.000000,1.990000,0.200000,0.165328,0.117041,0.116832,-0.023611,0.082417,-0.041491,0.024789,0.131983,0.077486,0.014969,-0.053948,-0.023316
216,-1.981463,0.214771,2.751960,0.550392,0.104556,1.000000,1.990000,0.200000,0.159983,0.116790,0.105249,-0.022163,0.080170,-0.032816,0.060680,0.118026,0.081836,0.019372,-0.041594,-0.035020
217,-1.963102,0.198084,2.816857,0.563371,0.096653,1.000000,1.990000,0.200000,0.162960,0.111785,0.117588,-0.022953,0.083119,-0.038856,0.042696,0.131457,0.096643,0.021565,-0.037796,-0.034741
218,-2.069235,0.217106,2.315077,0.463015,0.105301,1.000000,1.990000,0.200000,0.154528,0.104449,0.110344,-0.021203,0.077140,-0.025116,0.049908,0.135888,0.082945,0.020508,-0.040200,-0.031584
219,-1.949001,0.191441,2.858708,0.571742,0.086968,1.000000,1.990000,0.200000,0.163604,0.116970,0.117044,-0.017047,0.078129,-0.037762,0.038599,0.133504,0.084188,0.022932,-0.050261,-0.035029
220,-1.992473,0.214827,2.659566,0.531913,0.087013,1.000000,1.990000,0.200000,0.168197,0.119244,0.117266,-0.016394,0.080690,-0.022131,0.044023,0.129896,0.085780,0.023257,-0.037195,-0.034485
221,-1.951714,0.196808,2.898074,0.579615,0.108713,1.000000,1.990000,0.200000,0.164977,0.118232,0.118290,-0.027441,0.083672,-0.037930,0.036835,0.128304,0.082429,0.024075,-0.067570,-0.025880
222,-1.994426,0.180423,2.629373,0.525875,0.090268,1.000000,1.990000,0.200000,0.161717,0.118690,0.117136,-0.016363,0.079320,-0.025294,0.044553,0.129453,0.086327,0.027910,-0.045095,-0.028230
223,-1.985210,0.198937,2.675417,0.535083,0.087600,1.000000,1.990000,0.200000,0.154047,0.118172,0.116460,-0.022164,0.077272,-0.041902,0.027103,0.130859,0.076080,0.020280,-0.052718,-0.005544
224,-1.972441,0.211049,2.771362,0.554272,0.097573,1.000000,1.990000,0.200000,0.146448,0.114031,0.113115,-0.024573,0.082907,-0.041971,0.031582,0.133244,0.078659,0.014846,-0.046626,-0.027075
225,-2.018357,0.224226,2.543200,0.508640,0.085503,1.000000,1.990000,0.200000,0.167804,0.108162,0.112027,-0.015855,0.083403,-0.034911,0.046360,0.136769,0.093008,0.017534,-0.042803,-0.035088
226,-1.972324,0.160693,2.708231,0.541646,0.081368,1.000000,1.990000,0.200000,0.162667,0.118098,0.112619,-0.017487,0.081179,-0.040813,0.026791,0.115271,0.087127,0.027514,-0.061534,-0.026943
227,-2.058052,0.172594,2.314126,0.462825,0.086735,1.000000,1.990000,0.200000,0.164687,0.110899,0.105745,-0.010487,0.077136,-0.033765,0.039362,0.127342,0.077329,0.033216,-0.051994,-0.019019
228,-2.093626,0.239483,2.176449,0.435290,0.082936,1.000000,1.990000,0.200000,0.158103,0.102564,0.115504,-0.016660,0.073054,-0.035873,0.040417,0.127517,0.090707,0.016995,-0.044728,-0.024521
229,-1.954058,0.218708,2.856660,0.571332,0.090895,1.000000,1.990000,0.200000,0.164990,0.114092,0.118366,-0.021147,0.079064,-0.036758,0.036207,0.132609,0.087185,0.018731,-0.048442,-0.031747
230,-2.005755,0.188092,2.570793,0.514159,0.077052,1.000000,1.990000,0.200000,0.162851,0.118095,0.111231,-0.010784,0.075162,-0.035440,0.046778,0.123403,0.090935,0.025000,-0.045925,-0.033166
231,-1.947574,0.229706,2.931895,0.586379,0.107159,1.000000,1.990000,0.200000,0.168227,0.115818,0.109757,-0.027470,0.079053,-0.038831,0.023801,0.132569,0.077189,0.016972,-0.064067,-0.030125
232,-1.957433,0.194082,2.863874,0.572775,0.110208,1.000000,1.990000,0.200000,0.160019,0.110928,0.112538,-0.027221,0.079059,-0.036479,0.033573,0.138144,0.092466,0.023085,-0.058969,-0.035099
233,-2.010619,0.248338,2.612825,0.522565,0.097644,1.000000,1.990000,0.200000,0.168021,0.107309,0.115746,-0.024177,0.076221,-0.034634,0.030929,0.133018,0.087213,0.015777,-0.065037,-0.034498
234,-1.952105,0.214814,2.892399,0.578480,0.105632,1.000000,1.990000,0.200000,0.166070,0.113046,0.118374,-0.026608,0.069482,-0.035405,0.025999,0.137833,0.081709,0.019958,-0.069510,-0.032325
235,-1.973761,0.223267,2.752860,0.550572,0.092148,1.000000,1.990000,0.200000,0.154578,0.113480,0.118367,-0.023187,0.073796,-0.040560,0.021392,0.130270,0.082314,0.015092,-0.064368,-0.032415
236,-1.955542,0.173912,2.833854,0.566771,0.090035,1.000000,1.990000,0.200000,0.168240,0.119767,0.106281,-0.016234,0.082049,-0.040811,0.041606,0.125529,0.084421,0.028190,-0.058110,-0.033418
237,-1.952530,0.182885,2.846203,0.569241,0.097429,1.000000,1.990000,0.200000,0.150838,0.119437,0.105656,-0.022000,0.082726,-0.041720,0.030414,0.132521,0.074476,0.020578,-0.069437,-0.022197
238,-2.015767,0.209295,2.512123,0.502425,0.078866,1.000000,1.990000,0.200000,0.150367,0.118731,0.117426,-0.016064,0.075212,-0.032001,0.026712,0.116521,0.068233,0.023351,-0.052334,-0.029360
239,-1.966425,0.239201,2.820450,0.564090,0.095828,1.000000,1.990000,0.200000,0.165332,0.118277,0.118326,-0.026463,0.078646,-0.037464,0.022834,0.121764,0.080024,0.017784,-0.040873,-0.033062
240,-2.078037,0.209470,2.228156,0.445631,0.079730,1.000000,1.990000,0.200000,0.160490,0.104684,0.110611,-0.013509,0.074898,-0.035145,0.031923,0.138465,0.097487,0.020847,-0.059332,-0.029344
241,-1.945783,0.202557,2.889027,0.577805,0.096235,1.000000,1.990000,0.200000,0.162691,0.119731,0.115039,-0.025146,0.079040,-0.033237,0.028648,0.126454,0.087821,0.021734,-0.068861,-0.026153
242,-1.943916,0.175105,2.924518,0.584904,0.110881,1.000000,1.990000,0.200000,0.168227,0.115703,0.116501,-0.027561,0.083505,-0.035912,0.036202,0.127003,0.091786,0.030373,-0.069617,-0.032170
243,-2.008437,0.172440,2.565721,0.513144,0.094951,1.000000,1.990000,0.200000,0.156507,0.112283,0.116297,-0.018795,0.077438,-0.027811,0.037060,0.138374,0.104859,0.028970,-0.065582,-0.032482
244,-2.005535,0.247917,2.618582,0.523716,0.088741,1.000000,1.990000,0.200000,0.165684,0.116740,0.116665,-0.021546,0.070474,-0.033640,0.028101,0.138455,0.093371,0.014877,-0.051345,-0.017846
245,-1.988558,0.227601,2.696415,0.539283,0.095976,1.000000,1.990000,0.200000,0.161074,0.117685,0.108658,-0.024813,0.075462,-0.032909,0.028170,0.133569,0.101184,0.016169,-0.069699,-0.027574
246,-1.945518,0.223113,2.928999,0.585800,0.100138,1.000000,1.990000,0.200000,0.162126,0.118809,0.109354,-0.022639,0.077512,-0.040210,0.045822,0.131698,0.088277,0.015515,-0.054895,-0.030071
247,-1.989344,0.197761,2.673138,0.534628,0.098558,1.000000,1.990000,0.200000,0.161907,0.119327,0.110185,-0.025725,0.082006,-0.027044,0.032031,0.126054,0.082352,0.025431,-0.066059,-0.017557
248,-1.982533,0.229720,2.740697,0.548139,0.101130,1.000000,1.990000,0.200000,0.164615,0.111718,0.116057,-0.026055,0.083665,-0.027404,0.031695,0.138451,0.090715,0.018541,-0.067740,-0.030895
249,-2.032230,0.207047,2.446289,0.489258,0.083468,1.000000,1.990000,0.200000,0.166472,0.111648,0.117722,-0.018206,0.078950,-0.032422,0.031736,0.134493,0.095051,0.021781,-0.064985,-0.021073
250,-2.003690,0.192920,2.615314,0.523063,0.106194,1.000000,1.990000,0.200000,0.153500,0.115603,0.109689,-0.027100,0.074399,-0.026605,0.028566,0.135793,0.088338,0.024792,-0.063719,-0.022473
251,-1.958038,0.164025,2.810220,0.562044,0.096515,1.000000,1.990000,0.200000,0.165740,0.115953,0.111242,-0.022109,0.077532,-0.038162,0.020720,0.124485,0.083831,0.029686,-0.066981,-0.035083
252,-1.992957,0.245538,2.735251,0.547050,0.109761,1.000000,1.990000,0.200000,0.161367,0.113688,0.106085,-0.026810,0.071398,-0.041555,0.043411,0.128190,0.085175,0.014888,-0.055726,-0.029227
253,-2.046160,0.246309,2.460546,0.492109,0.105396,1.000000,1.990000,0.200000,0.156143,0.105417,0.115530,-0.023621,0.053319,-0.036811,0.039780,0.128140,0.079117,0.015759,-0.064255,-0.035098
254,-1.983482,0.184274,2.748357,0.549671,0.115669,1.000000,1.990000,0.200000,0.164174,0.111197,0.110290,-0.027600,0.072986,-0.039930,0.040287,0.132064,0.096789,0.030430,-0.054458,-0.024390
255,-1.977885,0.256221,2.823685,0.564737,0.114039,1.000000,1.990000,0.200000,0.156713,0.117619,0.110101,-0.027508,0.071444,-0.027009,0.042707,0.131582,0.083095,0.016928,-0.055116,-0.033601
256,-1.995509,0.181057,2.639104,0.527821,0.099961,1.000000,1.990000,0.200000,0.163647,0.113308,0.108721,-0.022646,0.082373,-0.025127,0.036550,0.135332,0.099933,0.027423,-0.065320,-0.033749
257,-1.949480,0.189997,2.875328,0.575066,0.091906,1.000000,1.990000,0.200000,0.156632,0.119899,0.114083,-0.018243,0.082126,-0.041999,0.049780,0.137264,0.093702,0.019879,-0.052534,-0.031312
258,-10.000000,,0.000000,0.000000,3.141593,0.000000,1.990000,0.200000,0.153848,0.114758,0.115807,-0.023933,0.069870,-0.041938,0.027998,0.138475,0.107094,0.033594,-0.050907,-0.034876
259,-2.001835,0.205690,2.592114,0.518423,0.078977,1.000000,1.990000,0.200000,0.165770,0.114022,0.107796,-0.017289,0.083700,-0.041744,0.035858,0.117311,0.099662,0.019954,-0.065327,-0.029490
260,-2.055732,0.280533,2.365644,0.473129,0.060438,1.000000,1.990000,0.200000,0.167666,0.119782,0.116361,-0.001370,0.075071,-0.037178,0.037192,0.116808,0.089139,0.014846,-0.064718,-0.034454
261,-1.958174,0.207812,2.828647,0.565729,0.096016,1.000000,1.990000,0.200000,0.160578,0.118321,0.108515,-0.023768,0.081229,-0.034485,0.028843,0.121682,0.077626,0.021686,-0.065245,-0.029489
262,-2.021259,0.170626,2.500346,0.500069,0.085937,1.000000,1.990000,0.200000,0.166418,0.108872,0.114329,-0.013053,0.070308,-0.041750,0.033021,0.127566,0.081598,0.033562,-0.053548,-0.027765
263,-1.970289,0.208302,2.806072,0.561214,0.106691,1.000000,1.990000,0.200000,0.157437,0.119746,0.102106,-0.023023,0.067495,-0.037791,0.041523,0.135161,0.092320,0.018530,-0.066779,-0.025896
264,-1.988529,0.208539,2.715631,0.543126,0.109009,1.000000,1.990000,0.200000,0.146188,0.114037,0.112521,-0.027319,0.073391,-0.041995,0.037354,0.121633,0.070069,0.019226,-0.069054,-0.031765
265,-2.008664,0.180057,2.601164,0.520233,0.107973,1.000000,1.990000,0.200000,0.167728,0.114261,0.111602,-0.020091,0.071621,-0.026933,0.048995,0.135885,0.097368,0.032131,-0.051127,-0.021510
266,-2.087593,0.216174,2.214409,0.442882,0.097638,1.000000,1.990000,0.200000,0.166041,0.101008,0.096503,-0.019938,0.075793,-0.037362,0.048321,0.115631,0.089821,0.022282,-0.059853,-0.033024
267,-1.994041,0.164962,2.639505,0.527901,0.099581,1.000000,1.990000,0.200000,0.146442,0.118257,0.102906,-0.017684,0.082561,-0.034510,0.050916,0.133369,0.088758,0.029412,-0.054865,-0.017929
268,-2.063048,0.167021,2.285348,0.457070,0.091496,1.000000,1.990000,0.200000,0.161118,0.116836,0.102608,-0.015436,0.077735,-0.020702,0.032917,0.118778,0.095141,0.034397,-0.057903,-0.025259
269,-1.946345,0.208578,2.948435,0.589687,0.112564,1.000000,1.990000,0.200000,0.157260,0.119876,0.104193,-0.023319,0.079438,-0.037344,0.048751,0.136909,0.081768,0.020220,-0.049195,-0.034388
270,-2.060679,0.202168,2.314841,0.462968,0.086264,1.000000,1.990000,0.200000,0.153394,0.111231,0.112934,-0.014847,0.072810,-0.035221,0.044982,0.126557,0.083732,0.022501,-0.067917,-0.020233
271,-2.030962,0.184806,2.455336,0.491067,0.084395,1.000000,1.990000,0.200000,0.149832,0.111906,0.110171,-0.011522,0.078599,-0.040223,0.059017,0.126528,0.078524,0.023359,-0.049677,-0.027849
272,-1.964228,0.183969,2.775502,0.555100,0.088429,1.000000,1.990000,0.200000,0.160785,0.114986,0.103532,-0.015833,0.083697,-0.041535,0.040531,0.126353,0.073126,0.022101,-0.065623,-0.034979
273,-1.975075,0.209021,2.752048,0.550410,0.086026,1.000000,1.990000,0.200000,0.157966,0.114154,0.112139,-0.016363,0.079244,-0.041344,0.054954,0.135839,0.108091,0.015976,-0.056128,-0.034469
274,-2.011236,0.212897,2.585570,0.517114,0.094810,1.000000,1.990000,0.200000,0.167298,0.111376,0.105293,-0.020888,0.073821,-0.037119,0.038983,0.129182,0.100129,0.020871,-0.051251,-0.032616
275,-1.939443,0.217500,2.947906,0.589581,0.103855,1.000000,1.990000,0.200000,0.159101,0.118618,0.106172,-0.025606,0.079722,-0.037336,0.027997,0.134081,0.084294,0.015746,-0.068650,-0.028696
276,-1.979157,0.232892,2.786358,0.557272,0.110533,1.000000,1.990000,0.200000,0.155275,0.119897,0.101735,-0.023567,0.075779,-0.028792,0.051066,0.129782,0.080877,0.016989,-0.065690,-0.029363
277,-1.974408,0.191501,2.737020,0.547404,0.092925,1.000000,1.990000,0.200000,0.165514,0.112622,0.113642,-0.021847,0.083463,-0.034495,0.031860,0.132848,0.096515,0.023093,-0.069248,-0.035082
278,-1.982433,0.186332,2.742719,0.548544,0.111634,1.000000,1.990000,0.200000,0.154939,0.116678,0.105670,-0.026274,0.079958,-0.039180,0.044271,0.121709,0.082310,0.026071,-0.059218,-0.029180
279,-1.941829,0.167796,2.951184,0.590237,0.121336,1.000000,1.990000,0.200000,0.150298,0.114359,0.116180,-0.027568,0.079748,-0.041926,0.026349,0.138453,0.069097,0.030603,-0.064548,-0.034959
280,-1.980637,0.182438,2.728124,0.545625,0.097914,1.000000,1.990000,0.200000,0.159458,0.119543,0.093578,-0.017469,0.079850,-0.037384,0.049672,0.126769,0.098289,0.027339,-0.052439,-0.032497
281,-2.064844,0.215677,2.307907,0.461581,0.089888,1.000000,1.990000,0.200000,0.162502,0.109558,0.094012,-0.017634,0.069041,-0.038630,0.030655,0.122653,0.088503,0.021081,-0.066496,-0.033337
282,-2.019771,0.196396,2.501465,0.500293,0.083467,1.000000,1.990000,0.200000,0.161738,0.112316,0.106915,-0.016403,0.080405,-0.036315,0.032929,0.129931,0.085355,0.021908,-0.058683,-0.027468
283,-1.953336,0.215602,2.902124,0.580425,0.106565,1.000000,1.990000,0.200000,0.165991,0.117452,0.098377,-0.020958,0.070628,-0.041403,0.041561,0.135970,0.081208,0.019061,-0.055850,-0.033783
284,-1.946711,0.262543,3.002292,0.600458,0.121223,1.000000,1.990000,0.200000,0.162185,0.119899,0.088179,-0.024528,0.083593,-0.036439,0.038292,0.137286,0.068367,0.014831,-0.065931,-0.031824
285,-1.947877,0.195045,2.924911,0.584982,0.110844,1.000000,1.990000,0.200000,0.166324,0.119797,0.114649,-0.026668,0.067281,-0.038039,0.021944,0.136199,0.082189,0.026015,-0.068833,-0.034998
286,-1.968924,0.213762,2.834053,0.566811,0.113573,1.000000,1.990000,0.200000,0.164209,0.112444,0.109196,-0.027121,0.082804,-0.039523,0.042318,0.129239,0.073946,0.021960,-0.066881,-0.023162
287,-1.949449,0.221791,2.901827,0.580365,0.101575,1.000000,1.990000,0.200000,0.161157,0.118836,0.104426,-0.023466,0.072321,-0.041864,0.031493,0.129798,0.082009,0.015196,-0.067776,-0.030876
288,-2.052175,0.192989,2.348492,0.469698,0.092018,1.000000,1.990000,0.200000,0.163110,0.100442,0.111963,-0.022345,0.083661,-0.040643,0.027042,0.116965,0.070856,0.025588,-0.056881,-0.030580
289,-1.966000,0.186998,2.773701,0.554740,0.093630,1.000000,1.990000,0.200000,0.164583,0.114309,0.104649,-0.019599,0.076544,-0.039287,0.021311,0.138227,0.078200,0.022495,-0.066271,-0.031204
290,-1.965250,0.251148,2.869673,0.573935,0.112247,1.000000,1.990000,0.200000,0.157701,0.119369,0.109024,-0.027533,0.078219,-0.030646,0.037193,0.126155,0.073257,0.015291,-0.069283,-0.033368
291,-1.991511,0.165552,2.637438,0.527488,0.093332,1.000000,1.990000,0.200000,0.160283,0.111894,0.097361,-0.014336,0.078800,-0.038639,0.040514,0.134870,0.071166,0.027067,-0.065877,-0.029175
292,-1.961390,0.202941,2.819226,0.563845,0.100336,1.000000,1.990000,0.200000,0.162832,0.117019,0.102412,-0.023762,0.083681,-0.032116,0.025357,0.132492,0.077654,0.022015,-0.051304,-0.029723
293,-1.968314,0.182066,2.804271,0.560854,0.112524,1.000000,1.990000,0.200000,0.164183,0.115036,0.110213,-0.026194,0.073080,-0.035535,0.038534,0.118823,0.073435,0.027748,-0.063356,-0.032047
294,-1.944501,0.159392,2.889865,0.577973,0.106516,1.000000,1.990000,0.200000,0.162628,0.113493,0.106480,-0.023168,0.083079,-0.034840,0.028302,0.137436,0.080277,0.031701,-0.067099,-0.032713
295,-1.955228,0.218428,2.894114,0.578823,0.111294,1.000000,1.990000,0.200000,0.158144,0.117041,0.113404,-0.027600,0.077379,-0.036226,0.040572,0.119439,0.069258,0.020181,-0.068546,-0.033946
296,-1.947833,0.169657,2.894495,0.578899,0.110141,1.000000,1.990000,0.200000,0.158714,0.115067,0.096309,-0.022118,0.080758,-0.040641,0.025909,0.136448,0.068863,0.027734,-0.064881,-0.033286
297,-1.959830,0.219430,2.857333,0.571467,0.104031,1.000000,1.990000,0.200000,0.165259,0.119727,0.098118,-0.019265,0.066612,-0.037647,0.030780,0.138478,0.068213,0.017997,-0.065688,-0.027709
298,-1.954004,0.156061,2.859023,0.571805,0.116212,1.000000,1.990000,0.200000,0.163068,0.115912,0.100770,-0.024533,0.082784,-0.030795,0.036295,0.131737,0.078466,0.035387,-0.066128,-0.024504
299,-2.029719,0.228197,2.514406,0.502881,0.103865,1.000000,1.990000,0.200000,0.167474,0.102751,0.093481,-0.021247,0.075202,-0.038478,0.027045,0.138263,0.068669,0.018401,-0.061401,-0.035098
300,-1.956662,0.172168,2.878956,0.575791,0.119188,1.000000,1.990000,0.200000,0.164165,0.113566,0.109432,-0.025367,0.081195,-0.040172,0.042374,0.131686,0.080772,0.034740,-0.064390,-0.028625
301,-2.003103,0.161492,2.589752,0.517950,0.095242,1.000000,1.990000,0.200000,0.164761,0.111824,0.112132,-0.016313,0.072995,-0.041611,0.035567,0.127531,0.076662,0.032316,-0.061333,-0.019945
302,-1.959680,0.213559,2.852848,0.570570,0.105360,1.000000,1.990000,0.200000,0.156138,0.117380,0.109966,-0.026460,0.077124,-0.036920,0.033010,0.129148,0.082643,0.018458,-0.059732,-0.031277
303,-1.992951,0.211798,2.673594,0.534719,0.099718,1.000000,1.990000,0.200000,0.156719,0.112716,0.106264,-0.019508,0.070315,-0.034635,0.031866,0.138226,0.071945,0.018735,-0.069494,-0.034283
304,-1.985680,0.160870,2.696320,0.539264,0.110864,1.000000,1.990000,0.200000,0.154920,0.108481,0.107330,-0.024881,0.078278,-0.039634,0.029733,0.133352,0.083896,0.031615,-0.065779,-0.023813
305,-1.973136,0.144262,2.707824,0.541565,0.090288,1.000000,1.990000,0.200000,0.168240,0.115280,0.103764,-0.015652,0.082161,-0.037877,0.021399,0.124310,0.072595,0.035078,-0.069058,-0.027085
306,-1.955595,0.225040,2.893364,0.578673,0.108614,1.000000,1.990000,0.200000,0.158482,0.118210,0.093891,-0.025045,0.080712,-0.041883,0.022586,0.137834,0.075845,0.015753,-0.056234,-0.027196
307,-1.950623,0.176629,2.884223,0.576845,0.111296,1.000000,1.990000,0.200000,0.161272,0.110419,0.117072,-0.027580,0.081458,-0.035336,0.029458,0.138480,0.086796,0.026709,-0.063597,-0.034510
308,-1.975958,0.200782,2.766534,0.553307,0.106734,1.000000,1.990000,0.200000,0.167827,0.114334,0.100279,-0.022980,0.072187,-0.035409,0.026688,0.129591,0.069741,0.024707,-0.067647,-0.034820
309,-1.974166,0.201565,2.830151,0.566030,0.125322,1.000000,1.990000,0.200000,0.149423,0.112209,0.100862,-0.027600,0.074499,-0.039085,0.041491,0.137536,0.077233,0.024373,-0.058625,-0.033593
310,-1.989435,0.175238,2.704565,0.540913,0.118101,1.000000,1.990000,0.200000,0.159054,0.103039,0.102097,-0.026987,0.079339,-0.040513,0.042214,0.127121,0.081154,0.027626,-0.069247,-0.033211
311,-1.959339,0.211899,2.857847,0.571569,0.107579,1.000000,1.990000,0.200000,0.154204,0.114256,0.107815,-0.027093,0.082726,-0.038902,0.026196,0.136840,0.082430,0.017192,-0.067990,-0.032741
312,-1.949422,0.162606,2.906556,0.581311,0.119143,1.000000,1.990000,0.200000,0.162421,0.114357,0.096912,-0.024882,0.076475,-0.038063,0.030141,0.138015,0.089779,0.036753,-0.067788,-0.033162
313,-1.954825,0.218540,2.865362,0.573072,0.099740,1.000000,1.990000,0.200000,0.155286,0.116520,0.118148,-0.026782,0.081718,-0.038264,0.028031,0.122919,0.079907,0.018002,-0.067781,-0.034564
314,-1.971327,0.164405,2.768608,0.553722,0.105013,1.000000,1.990000,0.200000,0.161611,0.115137,0.111850,-0.023414,0.074014,-0.040500,0.035363,0.114523,0.079602,0.032299,-0.060529,-0.034508
315,-1.973449,0.179249,2.751876,0.550375,0.099346,1.000000,1.990000,0.200000,0.160156,0.109374,0.115140,-0.020475,0.077588,-0.041699,0.037814,0.133665,0.071534,0.024195,-0.063617,-0.033218
316,-1.974779,0.198858,2.738771,0.547754,0.095076,1.000000,1.990000,0.200000,0.151900,0.110801,0.111525,-0.021874,0.081276,-0.036948,0.034257,0.137105,0.085554,0.018366,-0.069480,-0.028260
317,-2.007984,0.157146,2.551596,0.510319,0.086677,1.000000,1.990000,0.200000,0.157237,0.111272,0.110195,-0.012177,0.082647,-0.040241,0.023974,0.133651,0.075558,0.038455,-0.060932,-0.031518
318,-1.982892,0.200649,2.746566,0.549313,0.109930,1.000000,1.990000,0.200000,0.163692,0.114215,0.108403,-0.027319,0.083376,-0.040920,0.042953,0.121080,0.080063,0.024374,-0.058452,-0.023312
319,-1.958396,0.205304,2.855174,0.571035,0.104589,1.000000,1.990000,0.200000,0.160510,0.111470,0.116248,-0.024711,0.075992,-0.040673,0.030615,0.135412,0.072630,0.019002,-0.059071,-0.032935
320,-1.978475,0.239800,2.807811,0.561562,0.115143,1.000000,1.990000,0.200000,0.162982,0.111855,0.102977,-0.027590,0.074030,-0.039407,0.036253,0.130446,0.074126,0.016782,-0.068792,-0.030910
321,-1.939381,0.168225,2.933706,0.586741,0.106077,1.000000,1.990000,0.200000,0.166361,0.115662,0.104970,-0.023225,0.079972,-0.039561,0.034118,0.138024,0.088679,0.031106,-0.068020,-0.031972
322,-1.972326,0.182274,2.799488,0.559898,0.112817,1.000000,1.990000,0.200000,0.152891,0.118083,0.110792,-0.027598,0.078433,-0.039939,0.035591,0.125951,0.089721,0.030088,-0.059866,-0.034568
323,-1.978192,0.178138,2.736010,0.547202,0.108584,1.000000,1.990000,0.200000,0.151190,0.108643,0.111265,-0.026686,0.081042,-0.034464,0.034555,0.131546,0.083811,0.024554,-0.068233,-0.034537
324,-1.937476,0.203788,2.956317,0.591263,0.102135,1.000000,1.990000,0.200000,0.167393,0.119798,0.116337,-0.023383,0.076170,-0.033982,0.043669,0.135224,0.089466,0.021382,-0.064263,-0.027600
325,-1.979210,0.161142,2.760565,0.552113,0.121543,1.000000,1.990000,0.200000,0.156886,0.112183,0.094086,-0.026271,0.075570,-0.041554,0.022181,0.134151,0.080548,0.036811,-0.066738,-0.025248
326,-1.969688,0.176075,2.791262,0.558252,0.104758,1.000000,1.990000,0.200000,0.160039,0.115529,0.098789,-0.019936,0.068713,-0.039879,0.044531,0.133956,0.098947,0.029798,-0.061182,-0.034227
327,-2.042397,0.178385,2.363152,0.472630,0.085138,1.000000,1.990000,0.200000,0.134279,0.116411,0.104643,-0.015068,0.080886,-0.029524,0.021147,0.134456,0.068805,0.023937,-0.053979,-0.034463
328,-1.961158,0.158393,2.857464,0.571493,0.125555,1.000000,1.990000,0.200000,0.159464,0.112426,0.097566,-0.026970,0.082957,-0.039897,0.021737,0.138401,0.078818,0.039067,-0.060677,-0.028187
329,-1.967444,0.178443,2.755177,0.551035,0.094126,1.000000,1.990000,0.200000,0.161944,0.114259,0.116725,-0.022214,0.081760,-0.032417,0.022421,0.134797,0.075282,0.026480,-0.068210,-0.023674
330,-2.021108,0.165932,2.502887,0.500577,0.097866,1.000000,1.990000,0.200000,0.168184,0.104794,0.109413,-0.018920,0.078573,-0.036209,0.020703,0.130179,0.074669,0.034267,-0.056331,-0.033205
331,-2.007251,0.236398,2.601899,0.520380,0.093188,1.000000,1.990000,0.200000,0.162367,0.113162,0.112168,-0.024961,0.083549,-0.028122,0.023458,0.133769,0.095729,0.017579,-0.061634,-0.033028
332,-1.959297,0.214809,2.863686,0.572737,0.105810,1.000000,1.990000,0.200000,0.166356,0.115505,0.109225,-0.026267,0.070487,-0.039543,0.028555,0.131593,0.090000,0.019630,-0.068669,-0.034959
333,-1.960766,0.160476,2.816807,0.563361,0.110672,1.000000,1.990000,0.200000,0.155162,0.117904,0.115170,-0.024444,0.079062,-0.031127,0.040940,0.135934,0.090131,0.031475,-0.054563,-0.019139
334,-1.984521,0.195196,2.787949,0.557590,0.126125,1.000000,1.990000,0.200000,0.163693,0.117815,0.097853,-0.027331,0.074853,-0.041295,0.040620,0.125869,0.091709,0.038336,-0.067040,-0.028944
335,-2.000082,0.173768,2.592267,0.518453,0.091375,1.000000,1.990000,0.200000,0.167139,0.110034,0.106209,-0.020408,0.082121,-0.037721,0.024560,0.124233,0.081731,0.027415,-0.064029,-0.030208
336,-1.933506,0.187068,3.026927,0.605385,0.123215,1.000000,1.990000,0.200000,0.166734,0.118781,0.097897,-0.024801,0.076468,-0.041776,0.047102,0.136916,0.080843,0.032584,-0.066625,-0.034004
337,-1.974727,0.194802,2.735905,0.547181,0.090400,1.000000,1.990000,0.200000,0.168148,0.115609,0.110794,-0.017108,0.083337,-0.030526,0.041179,0.136532,0.084090,0.023763,-0.064905,-0.026946
338,-1.929826,0.215453,2.945202,0.589040,0.083875,1.000000,1.990000,0.200000,0.160018,0.119739,0.118338,-0.018371,0.075036,-0.039444,0.021276,0.128726,0.085534,0.017761,-0.067590,-0.029395
339,-1.992669,0.166271,2.625938,0.525188,0.087257,1.000000,1.990000,0.200000,0.160081,0.114037,0.107392,-0.017261,0.081403,-0.041953,0.034233,0.124217,0.086981,0.026731,-0.067996,-0.024758
340,-1.970559,0.195090,2.750984,0.550197,0.087893,1.000000,1.990000,0.200000,0.160204,0.116087,0.118399,-0.022912,0.082646,-0.041848,0.032927,0.115828,0.087037,0.021157,-0.069057,-0.027307
341,-1.956658,0.168020,2.849832,0.569966,0.106768,1.000000,1.990000,0.200000,0.162502,0.112758,0.106853,-0.024821,0.078223,-0.041902,0.025522,0.137734,0.091793,0.033356,-0.069512,-0.032922
342,-2.030470,0.172541,2.447872,0.489574,0.086166,1.000000,1.990000,0.200000,0.157898,0.113142,0.112964,-0.014734,0.066505,-0.036144,0.028861,0.130921,0.088918,0.029515,-0.065180,-0.029657
343,-1.966263,0.180961,2.812929,0.562586,0.104712,1.000000,1.990000,0.200000,0.165609,0.114114,0.109497,-0.018957,0.062488,-0.039776,0.045293,0.138032,0.083275,0.027744,-0.066433,-0.035069
344,-1.978170,0.167410,2.735893,0.547179,0.106677,1.000000,1.990000,0.200000,0.157378,0.117222,0.113148,-0.024504,0.079791,-0.040285,0.031554,0.117678,0.068561,0.030908,-0.068491,-0.023972
345,-2.003731,0.215612,2.575079,0.515016,0.071117,1.000000,1.990000,0.200000,0.166254,0.115567,0.118083,-0.013463,0.078168,-0.038223,0.032308,0.123355,0.098100,0.019963,-0.063512,-0.029042
346,-1.965176,0.182797,2.844944,0.568989,0.119056,1.000000,1.990000,0.200000,0.153234,0.114210,0.104429,-0.027598,0.070713,-0.040794,0.032439,0.138441,0.089533,0.027126,-0.069653,-0.034877
347,-10.000000,,0.000000,0.000000,3.141593,0.000000,1.990000,0.200000,0.168174,0.114496,0.104061,-0.026242,0.074455,-0.035500,0.020946,0.138454,0.080581,0.034934,-0.058341,-0.034549
348,-1.958566,0.182286,2.825248,0.565050,0.098580,1.000000,1.990000,0.200000,0.167890,0.116373,0.107869,-0.022631,0.071775,-0.038076,0.026862,0.131710,0.093567,0.025359,-0.069182,-0.030973
349,-1.949963,0.189986,2.896743,0.579349,0.103943,1.000000,1.990000,0.200000,0.166591,0.118048,0.112072,-0.024848,0.081274,-0.039876,0.039476,0.137682,0.100432,0.023743,-0.069689,-0.026483
350,-1.962597,0.192487,2.813074,0.562615,0.100124,1.000000,1.990000,0.200000,0.168208,0.118455,0.110149,-0.025675,0.076375,-0.037428,0.023787,0.126341,0.086929,0.024359,-0.067484,-0.024186
351,-1.968974,0.224444,2.766887,0.553377,0.082803,1.000000,1.990000,0.200000,0.165518,0.116889,0.108554,-0.012800,0.072402,-0.039074,0.030519,0.137331,0.083827,0.016154,-0.068489,-0.033767
352,-1.948701,0.166493,2.917266,0.583453,0.123072,1.000000,1.990000,0.200000,0.162523,0.110514,0.108149,-0.027543,0.069845,-0.039231,0.033234,0.138465,0.085191,0.036089,-0.064620,-0.033026
353,-1.951529,0.224566,2.918708,0.583742,0.108001,1.000000,1.990000,0.200000,0.163291,0.119782,0.109067,-0.027600,0.079150,-0.039885,0.030834,0.128023,0.082444,0.018144,-0.065574,-0.032248
354,-1.955238,0.223525,2.912209,0.582442,0.109559,1.000000,1.990000,0.200000,0.167116,0.116033,0.113202,-0.026894,0.078256,-0.040399,0.041610,0.133778,0.097562,0.017815,-0.067242,-0.034920
355,-2.041203,0.236520,2.420548,0.484110,0.082062,1.000000,1.990000,0.200000,0.160286,0.112593,0.116721,-0.016946,0.071746,-0.033257,0.035173,0.123659,0.088112,0.017223,-0.069231,-0.028725
356,-2.013021,0.219148,2.645873,0.529175,0.113719,1.000000,1.990000,0.200000,0.165655,0.114384,0.107032,-0.027206,0.065543,-0.041946,0.037390,0.123955,0.107349,0.034712,-0.067948,-0.026748
357,-1.949454,0.196573,2.911415,0.582283,0.107920,1.000000,1.990000,0.200000,0.166049,0.119827,0.100917,-0.024382,0.080267,-0.040537,0.039085,0.127441,0.086563,0.023175,-0.069294,-0.032904
358,-1.944645,0.175382,2.910077,0.582015,0.104283,1.000000,1.990000,0.200000,0.168067,0.119885,0.106991,-0.023899,0.070915,-0.039752,0.029820,0.131024,0.085856,0.030126,-0.063066,-0.028446
359,-1.959616,0.172393,2.862227,0.572445,0.119009,1.000000,1.990000,0.200000,0.160978,0.116319,0.102614,-0.027446,0.058541,-0.036917,0.022652,0.138249,0.091476,0.033393,-0.066417,-0.032408
360,-1.958736,0.173620,2.846110,0.569222,0.105700,1.000000,1.990000,0.200000,0.162734,0.117683,0.109429,-0.022228,0.071740,-0.041996,0.035414,0.129994,0.082515,0.036525,-0.066493,-0.029265
361,-1.980096,0.193650,2.749345,0.549869,0.102045,1.000000,1.990000,0.200000,0.167509,0.115833,0.107819,-0.022738,0.067699,-0.041416,0.040935,0.138344,0.105541,0.025733,-0.068066,-0.022948
362,-1.938473,0.184145,2.968306,0.593661,0.115494,1.000000,1.990000,0.200000,0.168150,0.118099,0.100614,-0.026057,0.075949,-0.033488,0.034517,0.138471,0.094878,0.028246,-0.067378,-0.032426
363,-1.995940,0.190522,2.624646,0.524929,0.092188,1.000000,1.990000,0.200000,0.165727,0.118839,0.111548,-0.022816,0.068455,-0.035875,0.020770,0.117098,0.083892,0.024937,-0.069690,-0.024784
364,-1.965116,0.188611,2.807058,0.561412,0.105213,1.000000,1.990000,0.200000,0.163130,0.118107,0.098013,-0.023452,0.072225,-0.033678,0.033092,0.128112,0.092667,0.024137,-0.066191,-0.034353
365,-1.966469,0.176889,2.805806,0.561161,0.103370,1.000000,1.990000,0.200000,0.163257,0.118534,0.098431,-0.019385,0.066127,-0.041616,0.035977,0.135077,0.086401,0.029535,-0.059697,-0.031692
366,-1.952700,0.210771,2.897202,0.579440,0.107664,1.000000,1.990000,0.200000,0.167189,0.115684,0.114395,-0.027578,0.075453,-0.033441,0.032600,0.136288,0.096564,0.022199,-0.068484,-0.033766
367,-1.953024,0.184771,2.876574,0.575315,0.101561,1.000000,1.990000,0.200000,0.167691,0.119869,0.111823,-0.022307,0.075849,-0.041976,0.035514,0.135387,0.092449,0.024695,-0.068600,-0.029000
368,-1.948088,0.219605,2.899408,0.579882,0.097060,1.000000,1.990000,0.200000,0.166706,0.119249,0.116290,-0.023592,0.071622,-0.034945,0.034088,0.128750,0.097446,0.018853,-0.069666,-0.034800
369,-1.966333,0.192147,2.821467,0.564293,0.108185,1.000000,1.990000,0.200000,0.163996,0.117357,0.106201,-0.027593,0.080722,-0.041953,0.032307,0.118568,0.082349,0.025311,-0.069697,-0.033994
370,-1.961146,0.208177,2.848091,0.569618,0.104289,1.000000,1.990000,0.200000,0.163437,0.119785,0.108417,-0.025445,0.073506,-0.038005,0.038452,0.130499,0.093611,0.020468,-0.066540,-0.026906
371,-1.965391,0.198188,2.874409,0.574882,0.121247,1.000000,1.990000,0.200000,0.165599,0.117065,0.099112,-0.027547,0.075913,-0.041902,0.039470,0.136847,0.095424,0.031386,-0.058857,-0.031690
372,-1.957970,0.193449,2.887854,0.577571,0.115761,1.000000,1.990000,0.200000,0.165208,0.119132,0.104939,-0.026024,0.071037,-0.041012,0.042510,0.136847,0.091128,0.027121,-0.067684,-0.026606
373,-1.933985,0.168510,2.954131,0.590826,0.100852,1.000000,1.990000,0.200000,0.164396,0.119871,0.109479,-0.022943,0.077567,-0.041226,0.030221,0.129659,0.083868,0.034105,-0.067013,-0.032826
374,-1.933581,0.179128,2.995224,0.599045,0.116644,1.000000,1.990000,0.200000,0.167529,0.117913,0.102741,-0.027322,0.077311,-0.038302,0.033374,0.138383,0.089700,0.031948,-0.065444,-0.029714
375,-1.954809,0.174832,2.872097,0.574419,0.113179,1.000000,1.990000,0.200000,0.159451,0.117347,0.104904,-0.025585,0.074866,-0.035470,0.038230,0.137660,0.092841,0.028350,-0.057956,-0.026810
376,-1.930730,0.179611,3.003831,0.600766,0.111672,1.000000,1.990000,0.200000,0.165515,0.119884,0.115196,-0.026661,0.081865,-0.040007,0.036950,0.128048,0.081446,0.030672,-0.069693,-0.034435
377,-1.947667,0.171459,2.881599,0.576320,0.100907,1.000000,1.990000,0.200000,0.167056,0.118682,0.101498,-0.022377,0.078404,-0.037463,0.028065,0.132664,0.095645,0.029645,-0.056926,-0.034045
378,-1.942055,0.169063,2.927227,0.585445,0.109612,1.000000,1.990000,0.200000,0.166019,0.114814,0.107025,-0.026227,0.073650,-0.040259,0.026737,0.135509,0.092025,0.033942,-0.068368,-0.033838
379,-1.944356,0.161639,2.866053,0.573211,0.094925,1.000000,1.990000,0.200000,0.161224,0.119810,0.109762,-0.022084,0.083462,-0.034132,0.027747,0.123637,0.088189,0.028074,-0.069597,-0.031552
380,-1.981107,0.177255,2.749634,0.549927,0.112682,1.000000,1.990000,0.200000,0.164851,0.112931,0.108196,-0.022868,0.067034,-0.041540,0.028555,0.137430,0.085241,0.041389,-0.066769,-0.022171
381,-1.957303,0.176745,2.854260,0.570852,0.108882,1.000000,1.990000,0.200000,0.163060,0.116061,0.094839,-0.024559,0.081874,-0.041407,0.031573,0.131370,0.090350,0.027043,-0.068634,-0.031639
382,-1.943566,0.180281,2.926953,0.585391,0.108077,1.000000,1.990000,0.200000,0.167884,0.116906,0.109517,-0.026783,0.073353,-0.040119,0.028848,0.130952,0.086455,0.029495,-0.068905,-0.035007
383,-1.955148,0.177475,2.849970,0.569994,0.098583,1.000000,1.990000,0.200000,0.167043,0.119813,0.103432,-0.023064,0.080944,-0.041613,0.026179,0.124646,0.083896,0.029047,-0.060978,-0.033147
384,-1.959996,0.174101,2.828751,0.565750,0.103582,1.000000,1.990000,0.200000,0.163382,0.118619,0.117114,-0.024194,0.070944,-0.035541,0.028028,0.128428,0.088975,0.029061,-0.064773,-0.032902
385,-1.952440,0.187884,2.925798,0.585160,0.120432,1.000000,1.990000,0.200000,0.163005,0.119302,0.102649,-0.027455,0.073815,-0.041917,0.040643,0.128150,0.084228,0.033400,-0.057022,-0.034985
386,-1.939917,0.171426,2.933518,0.586704,0.106070,1.000000,1.990000,0.200000,0.167758,0.114860,0.113978,-0.027313,0.071198,-0.041894,0.022976,0.126724,0.085827,0.034431,-0.062704,-0.034890
387,-1.951489,0.174487,2.845940,0.569188,0.087615,1.000000,1.990000,0.200000,0.164304,0.118709,0.104818,-0.019382,0.075186,-0.042000,0.029146,0.132599,0.094897,0.032010,-0.064195,-0.031731
388,-1.925328,0.178737,2.970973,0.594195,0.094528,1.000000,1.990000,0.200000,0.167278,0.117236,0.117901,-0.022222,0.081968,-0.033670,0.020819,0.137870,0.082639,0.027402,-0.065591,-0.035088
389,-1.964755,0.169581,2.808955,0.561791,0.108044,1.000000,1.990000,0.200000,0.165765,0.109951,0.113681,-0.026169,0.072965,-0.041822,0.022074,0.138475,0.090941,0.035556,-0.063908,-0.026122
390,-1.940955,0.180451,2.934963,0.586993,0.108325,1.000000,1.990000,0.200000,0.166661,0.114941,0.113112,-0.027344,0.082454,-0.039287,0.030648,0.131169,0.087547,0.026607,-0.067595,-0.030134
391,-10.000000,,0.000000,0.000000,3.141593,0.000000,1.990000,0.200000,0.167490,0.118253,0.101480,-0.019765,0.082907,-0.041656,0.035641,0.138382,0.083329,0.035640,-0.068325,-0.035076
392,-1.991501,0.193747,2.708212,0.541642,0.103521,1.000000,1.990000,0.200000,0.157037,0.119898,0.107733,-0.020508,0.072887,-0.041858,0.038996,0.128634,0.091792,0.036901,-0.066474,-0.032519
393,-1.938364,0.160566,2.912632,0.582526,0.096667,1.000000,1.990000,0.200000,0.166021,0.119826,0.107631,-0.023340,0.083533,-0.041822,0.023244,0.124678,0.085152,0.034035,-0.069700,-0.029227
394,-1.950058,0.175709,2.919181,0.583836,0.118316,1.000000,1.990000,0.200000,0.162816,0.118336,0.101471,-0.026677,0.075634,-0.041657,0.030622,0.130685,0.079998,0.034482,-0.062947,-0.033620
395,-1.961402,0.167699,2.839899,0.567980,0.112348,1.000000,1.990000,0.200000,0.161054,0.117277,0.109798,-0.024835,0.078162,-0.040281,0.030925,0.135840,0.084732,0.032275,-0.063064,-0.028311
396,-1.933774,0.177556,2.986414,0.597283,0.113633,1.000000,1.990000,0.200000,0.167305,0.119728,0.114424,-0.027490,0.077373,-0.037229,0.027009,0.137361,0.085264,0.031363,-0.066410,-0.029949
397,-1.948130,0.189752,2.885197,0.577039,0.098778,1.000000,1.990000,0.200000,0.168163,0.116260,0.107062,-0.022383,0.083700,-0.036862,0.036710,0.138257,0.094788,0.023038,-0.065243,-0.028908
398,-1.929176,0.173194,2.997973,0.599595,0.109172,1.000000,1.990000,0.200000,0.163324,0.119188,0.117803,-0.027079,0.082167,-0.041718,0.023802,0.132261,0.081188,0.037430,-0.069370,-0.031271
399,-1.956732,0.229075,2.881933,0.576387,0.102391,1.000000,1.990000,0.200000,0.168237,0.115227,0.110681,-0.025232,0.073555,-0.041600,0.031338,0.134462,0.093556,0.015563,-0.066783,-0.033988
400,-1.934514,0.192714,2.989051,0.597810,0.110887,1.000000,1.990000,0.200000,0.164850,0.119541,0.115384,-0.027559,0.081619,-0.038111,0.028742,0.138086,0.083446,0.025908,-0.066288,-0.032002
401,-1.928233,0.157286,2.968852,0.593770,0.103496,1.000000,1.990000,0.200000,0.166750,0.118977,0.117021,-0.023182,0.082419,-0.033184,0.021031,0.135900,0.084263,0.034642,-0.068223,-0.034939
402,-1.939790,0.159553,2.907107,0.581421,0.099626,1.000000,1.990000,0.200000,0.165192,0.116624,0.112983,-0.021441,0.081209,-0.038728,0.024573,0.138408,0.085062,0.030516,-0.068222,-0.030930
403,-1.979870,0.180710,2.721060,0.544212,0.101896,1.000000,1.990000,0.200000,0.165448,0.109147,0.115198,-0.026297,0.073918,-0.040597,0.021654,0.128191,0.084366,0.026008,-0.063247,-0.028793
404,-1.961270,0.146386,2.780691,0.556138,0.100448,1.000000,1.990000,0.200000,0.160354,0.117369,0.110119,-0.021966,0.081009,-0.031006,0.023375,0.131840,0.085925,0.033533,-0.069301,-0.025324
405,-1.938682,0.164871,2.925960,0.585192,0.100734,1.000000,1.990000,0.200000,0.165958,0.117563,0.118275,-0.022563,0.081094,-0.040117,0.025268,0.133186,0.085300,0.032525,-0.066838,-0.034207
406,-1.913546,0.162124,3.057184,0.611437,0.108441,1.000000,1.990000,0.200000,0.167892,0.118694,0.111371,-0.027430,0.083309,-0.037031,0.020992,0.128218,0.076885,0.037607,-0.060322,-0.035100
407,-1.948384,0.206810,2.901975,0.580395,0.101550,1.000000,1.990000,0.200000,0.160734,0.119236,0.117867,-0.027519,0.082116,-0.039138,0.032073,0.128229,0.088371,0.019161,-0.067297,-0.027185
408,-1.953105,0.169641,2.885843,0.577169,0.118718,1.000000,1.990000,0.200000,0.158513,0.114383,0.117961,-0.026123,0.081086,-0.040440,0.025175,0.123187,0.070984,0.044740,-0.069153,-0.033661
409,-1.944110,0.154295,2.875035,0.575007,0.101622,1.000000,1.990000,0.200000,0.158887,0.119477,0.116546,-0.024501,0.083140,-0.032901,0.021020,0.127189,0.080790,0.032189,-0.052983,-0.030394
410,-1.947032,0.165559,2.877449,0.575490,0.103665,1.000000,1.990000,0.200000,0.163258,0.114073,0.118152,-0.025353,0.083038,-0.036771,0.026501,0.129051,0.082428,0.029107,-0.067374,-0.033831
411,-1.943703,0.153431,2.908129,0.581626,0.115433,1.000000,1.990000,0.200000,0.162844,0.117571,0.116372,-0.025931,0.077861,-0.031567,0.023313,0.131079,0.072624,0.036338,-0.067990,-0.032014
412,-1.950087,0.164213,2.883828,0.576766,0.113061,1.000000,1.990000,0.200000,0.165891,0.117251,0.118145,-0.027426,0.078508,-0.033533,0.022170,0.122363,0.071885,0.035183,-0.064422,-0.033199
413,-1.935256,0.143743,2.925806,0.585161,0.108807,1.000000,1.990000,0.200000,0.166500,0.115959,0.118150,-0.025580,0.083519,-0.031349,0.026662,0.116519,0.077147,0.037654,-0.063059,-0.034505
414,-1.931182,0.177017,2.987219,0.597444,0.109425,1.000000,1.990000,0.200000,0.167494,0.119207,0.109951,-0.026613,0.083100,-0.037773,0.027397,0.132355,0.087274,0.041762,-0.065542,-0.028810
415,-10.000000,,0.000000,0.000000,3.141593,0.000000,1.990000,0.200000,0.167969,0.115363,0.112028,-0.026239,0.077278,-0.041563,0.020951,0.137391,0.084962,0.037703,-0.065313,-0.034330
416,-1.935052,0.191310,2.952989,0.590598,0.100748,1.000000,1.990000,0.200000,0.168102,0.115851,0.116827,-0.025630,0.081790,-0.038974,0.024507,0.136766,0.083872,0.023269,-0.058743,-0.025589
417,-1.960987,0.160736,2.788565,0.557713,0.095850,1.000000,1.990000,0.200000,0.163174,0.116051,0.115727,-0.020330,0.079621,-0.031067,0.024802,0.136882,0.087730,0.031694,-0.058365,-0.032009
418,-1.944430,0.148438,2.871555,0.574311,0.100041,1.000000,1.990000,0.200000,0.162468,0.114664,0.116073,-0.022040,0.079002,-0.036655,0.021420,0.131174,0.078629,0.038448,-0.060702,-0.033364
419,-1.943706,0.181081,2.928403,0.585681,0.108193,1.000000,1.990000,0.200000,0.167640,0.116249,0.110097,-0.026020,0.075341,-0.041808,0.024483,0.137955,0.084387,0.028987,-0.061027,-0.030167
420,-2.003530,0.245673,2.736998,0.547400,0.124100,1.000000,1.990000,0.200000,0.166217,0.116066,0.115521,-0.024389,0.083583,-0.041997,0.025226,0.124469,0.076414,0.050185,-0.053527,-0.028626
421,-1.945961,0.169903,2.918907,0.583781,0.114615,1.000000,1.990000,0.200000,0.166922,0.116074,0.115042,-0.026165,0.078808,-0.038536,0.031541,0.131572,0.076671,0.034400,-0.068375,-0.024739
422,-1.938585,0.204818,2.919205,0.583841,0.092377,1.000000,1.990000,0.200000,0.166572,0.118095,0.115929,-0.019982,0.080803,-0.032808,0.023241,0.137180,0.075832,0.022518,-0.049316,-0.034602
423,-1.932364,0.160540,2.953228,0.590646,0.100201,1.000000,1.990000,0.200000,0.168209,0.119385,0.118394,-0.022664,0.082531,-0.038814,0.020720,0.134768,0.086673,0.037374,-0.062329,-0.028737
424,-1.961276,0.185359,2.864778,0.572956,0.115959,1.000000,1.990000,0.200000,0.160181,0.119731,0.109309,-0.026490,0.083232,-0.041120,0.026722,0.135719,0.083978,0.040401,-0.063558,-0.027869
425,-1.942519,0.172997,2.887582,0.577516,0.090693,1.000000,1.990000,0.200000,0.168223,0.119898,0.110508,-0.019578,0.080357,-0.041851,0.023277,0.124180,0.082354,0.026725,-0.065609,-0.033883
426,-10.000000,,0.000000,0.000000,3.141593,0.000000,1.990000,0.200000,0.165218,0.118613,0.113526,-0.027359,0.083287,-0.041167,0.022594,0.135177,0.078660,0.038236,-0.059160,-0.035098
427,-1.938176,0.200956,2.961480,0.592296,0.105095,1.000000,1.990000,0.200000,0.168191,0.115288,0.109285,-0.024800,0.079803,-0.041917,0.026083,0.134828,0.079611,0.021919,-0.063789,-0.034463
428,-1.945409,0.197488,2.945223,0.589045,0.109193,1.000000,1.990000,0.200000,0.167997,0.119532,0.114701,-0.027363,0.077489,-0.041523,0.025219,0.133457,0.087108,0.026521,-0.059512,-0.034871
429,-1.928754,0.163683,2.978024,0.595605,0.107586,1.000000,1.990000,0.200000,0.164650,0.118697,0.114072,-0.027547,0.083435,-0.032957,0.024181,0.128770,0.090700,0.033010,-0.063457,-0.035099
430,-1.956281,0.169683,2.835204,0.567041,0.096875,1.000000,1.990000,0.200000,0.166545,0.117575,0.116013,-0.022120,0.080619,-0.041215,0.021240,0.133081,0.087382,0.029994,-0.061862,-0.028846
431,-1.947000,0.170015,2.874048,0.574810,0.100898,1.000000,1.990000,0.200000,0.164077,0.117642,0.114215,-0.027255,0.081101,-0.036676,0.021535,0.120765,0.087474,0.028389,-0.069676,-0.030872
432,-1.940266,0.201220,2.928703,0.585741,0.100207,1.000000,1.990000,0.200000,0.166513,0.117012,0.117681,-0.026554,0.079715,-0.035866,0.024083,0.135527,0.089064,0.021668,-0.067813,-0.027631
433,-1.939387,0.171572,2.906544,0.581309,0.100320,1.000000,1.990000,0.200000,0.168236,0.119900,0.115374,-0.025352,0.083696,-0.027871,0.024548,0.127866,0.085821,0.029915,-0.056631,-0.030043
434,-1.908855,0.152647,3.064203,0.612841,0.106217,1.000000,1.990000,0.200000,0.168052,0.119328,0.116164,-0.026215,0.081256,-0.031604,0.022789,0.132823,0.089361,0.039508,-0.069314,-0.034082
435,-1.963446,0.210947,2.813577,0.562715,0.097976,1.000000,1.990000,0.200000,0.158440,0.115720,0.108363,-0.026146,0.079982,-0.041907,0.022614,0.127625,0.093911,0.016948,-0.063499,-0.034968
436,-1.933488,0.177785,2.982184,0.596437,0.107669,1.000000,1.990000,0.200000,0.168223,0.118908,0.113601,-0.024228,0.078902,-0.041973,0.030933,0.138472,0.083995,0.031004,-0.061839,-0.029697
437,-1.939071,0.142833,2.928930,0.585786,0.117947,1.000000,1.990000,0.200000,0.159610,0.117772,0.117752,-0.027550,0.079184,-0.031709,0.020700,0.128632,0.085521,0.040985,-0.059077,-0.027102
438,-1.966105,0.174724,2.785746,0.557149,0.097810,1.000000,1.990000,0.200000,0.167767,0.111639,0.117161,-0.022106,0.076399,-0.040519,0.027978,0.129859,0.085916,0.028113,-0.062845,-0.032596
439,-1.920558,0.196139,3.037680,0.607536,0.105539,1.000000,1.990000,0.200000,0.167524,0.119893,0.117394,-0.027262,0.083364,-0.033245,0.030100,0.132783,0.086665,0.023176,-0.069676,-0.031884
440,-1.947834,0.175129,2.904615,0.580923,0.111550,1.000000,1.990000,0.200000,0.167397,0.112504,0.115817,-0.026355,0.079853,-0.039631,0.023342,0.135757,0.074536,0.031135,-0.057953,-0.026548
441,-1.964335,0.163410,2.782387,0.556477,0.097454,1.000000,1.990000,0.200000,0.168240,0.119825,0.118247,-0.021562,0.078006,-0.027730,0.026757,0.128381,0.095021,0.033092,-0.068664,-0.032302
442,-1.943360,0.169904,2.901862,0.580372,0.101683,1.000000,1.990000,0.200000,0.167768,0.117755,0.116537,-0.023966,0.080151,-0.037121,0.020700,0.132042,0.081748,0.029917,-0.058705,-0.029971
443,-1.931821,0.176166,2.994554,0.598911,0.113026,1.000000,1.990000,0.200000,0.162966,0.119851,0.112599,-0.026830,0.082204,-0.038978,0.025168,0.136204,0.078926,0.029822,-0.067269,-0.033842
444,-10.000000,,0.000000,0.000000,3.141593,0.000000,1.990000,0.200000,0.168230,0.117175,0.111888,-0.027578,0.079123,-0.037600,0.035945,0.136882,0.090030,0.038262,-0.068312,-0.034291
445,-1.988439,0.178539,2.668325,0.533665,0.099915,1.000000,1.990000,0.200000,0.166457,0.114610,0.115329,-0.023719,0.079085,-0.029277,0.024775,0.132615,0.082105,0.028273,-0.067439,-0.025074
446,-1.930134,0.153451,2.964690,0.592938,0.109690,1.000000,1.990000,0.200000,0.168130,0.119863,0.116315,-0.025511,0.075804,-0.027972,0.023820,0.122890,0.079375,0.037706,-0.062595,-0.035073
447,-1.928611,0.165619,2.973151,0.594630,0.106656,1.000000,1.990000,0.200000,0.168234,0.115032,0.118398,-0.026617,0.083643,-0.033102,0.025067,0.130797,0.084700,0.032502,-0.066236,-0.032576
448,-1.983267,0.184324,2.679259,0.535852,0.091085,1.000000,1.990000,0.200000,0.165490,0.119706,0.117649,-0.019280,0.075037,-0.025330,0.023312,0.134322,0.077931,0.027624,-0.062628,-0.029152
449,-1.976951,0.159756,2.714010,0.542802,0.100707,1.000000,1.990000,0.200000,0.162251,0.118304,0.118153,-0.023986,0.079943,-0.024065,0.025928,0.132306,0.093837,0.033606,-0.069695,-0.024233
450,-1.955924,0.179400,2.850645,0.570129,0.107601,1.000000,1.990000,0.200000,0.167462,0.113162,0.110565,-0.025160,0.080393,-0.033605,0.034158,0.134831,0.083863,0.027058,-0.068386,-0.025393
451,-1.962611,0.162532,2.780720,0.556144,0.089843,1.000000,1.990000,0.200000,0.165945,0.119414,0.114154,-0.020024,0.075928,-0.039865,0.023600,0.121496,0.088628,0.030534,-0.065834,-0.029522
452,-1.933661,0.206604,2.958392,0.591678,0.100585,1.000000,1.990000,0.200000,0.159144,0.119386,0.117093,-0.027518,0.082653,-0.028734,0.026183,0.125544,0.083935,0.022983,-0.069698,-0.033829
453,-1.931508,0.156150,2.973237,0.594647,0.114873,1.000000,1.990000,0.200000,0.166386,0.119725,0.107833,-0.025734,0.073442,-0.031572,0.033531,0.125845,0.087072,0.042443,-0.067513,-0.028961
454,-1.943699,0.153940,2.906588,0.581318,0.111826,1.000000,1.990000,0.200000,0.163040,0.119238,0.116927,-0.025946,0.080121,-0.034432,0.022352,0.122437,0.073141,0.036595,-0.062211,-0.032325
455,-1.960633,0.160932,2.795765,0.559153,0.100687,1.000000,1.990000,0.200000,0.164632,0.113997,0.107615,-0.021946,0.083612,-0.032589,0.031521,0.131261,0.083117,0.030132,-0.058135,-0.027039
456,-10.000000,,0.000000,0.000000,3.141593,0.000000,1.990000,0.200000,0.166605,0.117381,0.112735,-0.018833,0.081265,-0.032362,0.020745,0.137258,0.083467,0.036657,-0.057293,-0.033915
457,-1.992764,0.156804,2.631858,0.526372,0.100180,1.000000,1.990000,0.200000,0.168082,0.116587,0.113031,-0.022211,0.079629,-0.022553,0.034500,0.117227,0.088798,0.034843,-0.065265,-0.029650
458,-1.931158,0.154163,2.946768,0.589354,0.105621,1.000000,1.990000,0.200000,0.166583,0.117474,0.118393,-0.024889,0.081977,-0.029680,0.021422,0.132151,0.081828,0.035514,-0.062687,-0.030260
459,-1.986091,0.202996,2.708125,0.541625,0.103397,1.000000,1.990000,0.200000,0.164597,0.114536,0.115635,-0.027560,0.080034,-0.025290,0.029494,0.129394,0.090199,0.025715,-0.056383,-0.030949
460,-10.000000,,0.000000,0.000000,3.141593,0.000000,1.990000,0.200000,0.165311,0.119504,0.111968,-0.024211,0.076346,-0.041561,0.021300,0.136019,0.074148,0.039652,-0.069579,-0.035096
461,-1.936625,0.171873,2.950640,0.590128,0.111710,1.000000,1.990000,0.200000,0.167519,0.119150,0.114483,-0.027599,0.075918,-0.027268,0.028221,0.125848,0.082967,0.033017,-0.062740,-0.034284
462,-1.975458,0.148676,2.691271,0.538254,0.084748,1.000000,1.990000,0.200000,0.166418,0.117088,0.116517,-0.015768,0.081865,-0.034419,0.024796,0.123834,0.084350,0.033567,-0.068668,-0.026507
463,-1.975270,0.168961,2.758604,0.551721,0.112887,1.000000,1.990000,0.200000,0.167665,0.118856,0.113401,-0.026943,0.072426,-0.016859,0.032846,0.131807,0.090283,0.036669,-0.064828,-0.024498
464,-1.947959,0.145833,2.875264,0.575053,0.114592,1.000000,1.990000,0.200000,0.157367,0.116578,0.112488,-0.027395,0.077385,-0.033295,0.024630,0.125214,0.079760,0.036449,-0.065922,-0.025679
465,-1.943954,0.148266,2.890477,0.578095,0.111523,1.000000,1.990000,0.200000,0.165539,0.113029,0.114539,-0.027598,0.080637,-0.034086,0.025281,0.120339,0.081341,0.035523,-0.065711,-0.033123
466,-1.965485,0.153092,2.790740,0.558148,0.111591,1.000000,1.990000,0.200000,0.164691,0.119362,0.105942,-0.025759,0.073763,-0.026450,0.024254,0.123226,0.081615,0.035781,-0.066317,-0.032400
467,-1.937576,0.178482,2.971936,0.594387,0.113712,1.000000,1.990000,0.200000,0.167261,0.119863,0.107232,-0.027272,0.083419,-0.040258,0.028844,0.125762,0.080300,0.040191,-0.063828,-0.035049
468,-1.929968,0.153456,2.973488,0.594698,0.113959,1.000000,1.990000,0.200000,0.166195,0.115037,0.108775,-0.027502,0.082225,-0.033094,0.029512,0.126223,0.083348,0.036201,-0.069651,-0.034612
469,-1.931398,0.142698,2.961605,0.592321,0.118068,1.000000,1.990000,0.200000,0.161130,0.117968,0.109565,-0.026440,0.082775,-0.030453,0.022696,0.131729,0.071224,0.039227,-0.061830,-0.030246
470,-1.957145,0.138279,2.814727,0.562945,0.111785,1.000000,1.990000,0.200000,0.166603,0.117032,0.106272,-0.024916,0.083417,-0.026518,0.031371,0.114622,0.075255,0.038469,-0.068684,-0.030538
471,-2.010762,0.175829,2.553713,0.510743,0.100207,1.000000,1.990000,0.200000,0.164903,0.118426,0.113375,-0.026751,0.079162,-0.018668,0.026336,0.122727,0.091539,0.031035,-0.069299,-0.023434
472,-1.938052,0.134719,2.926008,0.585202,0.125379,1.000000,1.990000,0.200000,0.165989,0.112533,0.115046,-0.027489,0.073991,-0.027668,0.030790,0.123260,0.078833,0.046271,-0.054534,-0.027145
473,-1.975784,0.187874,2.727198,0.545440,0.095511,1.000000,1.990000,0.200000,0.167795,0.119768,0.118305,-0.027125,0.083686,-0.023450,0.023932,0.117223,0.090321,0.028411,-0.069564,-0.029519
474,-1.965754,0.149359,2.790187,0.558037,0.111962,1.000000,1.990000,0.200000,0.164112,0.113712,0.109818,-0.023856,0.077248,-0.038764,0.021001,0.125892,0.070184,0.041497,-0.065824,-0.023373
475,-1.955343,0.198981,2.865918,0.573184,0.107574,1.000000,1.990000,0.200000,0.165644,0.113028,0.107322,-0.027583,0.083039,-0.033814,0.024460,0.131538,0.081616,0.024163,-0.067438,-0.034070
476,-1.933048,0.135664,2.952339,0.590468,0.116749,1.000000,1.990000,0.200000,0.161328,0.119237,0.107044,-0.022628,0.081887,-0.029980,0.029970,0.129205,0.082704,0.042595,-0.068655,-0.031339
477,-1.955310,0.149722,2.860396,0.572079,0.121008,1.000000,1.990000,0.200000,0.157714,0.113773,0.106634,-0.027577,0.078741,-0.035091,0.025492,0.126669,0.074085,0.037299,-0.062700,-0.035094
478,-1.968085,0.146144,2.761874,0.552375,0.108721,1.000000,1.990000,0.200000,0.162504,0.111211,0.114616,-0.022153,0.081666,-0.031924,0.026448,0.124653,0.068475,0.038183,-0.055924,-0.035005
479,-1.929132,0.132385,2.930692,0.586138,0.106333,1.000000,1.990000,0.200000,0.166831,0.118099,0.113987,-0.024669,0.082124,-0.023806,0.028340,0.119421,0.083391,0.044128,-0.067037,-0.029085
480,-1.946327,0.170182,2.902581,0.580516,0.110565,1.000000,1.990000,0.200000,0.166146,0.114177,0.115635,-0.027597,0.079494,-0.038013,0.020847,0.129866,0.078453,0.030650,-0.061877,-0.032064
481,-1.929835,0.162714,2.990191,0.598038,0.113167,1.000000,1.990000,0.200000,0.165364,0.119900,0.107292,-0.025775,0.082335,-0.037012,0.025584,0.131035,0.079941,0.039996,-0.061254,-0.033057
482,-1.938181,0.155591,2.922452,0.584490,0.104470,1.000000,1.990000,0.200000,0.163717,0.116006,0.111110,-0.020989,0.082528,-0.036180,0.032200,0.137285,0.080984,0.033421,-0.063085,-0.032066
483,-1.949174,0.151159,2.874738,0.574948,0.114498,1.000000,1.990000,0.200000,0.155375,0.117025,0.114063,-0.026621,0.079005,-0.031275,0.021495,0.131107,0.073690,0.035261,-0.057848,-0.035098
484,-10.000000,,0.000000,0.000000,3.141593,0.000000,1.990000,0.200000,0.168176,0.111916,0.102219,-0.027429,0.082662,-0.036962,0.020705,0.125861,0.080991,0.054294,-0.062014,-0.034182
485,-10.000000,,0.000000,0.000000,3.141593,0.000000,1.990000,0.200000,0.166714,0.118059,0.118250,-0.025076,0.082392,-0.028829,0.021017,0.128790,0.086504,0.048607,-0.068407,-0.034315
486,-1.922608,0.166340,3.019640,0.603928,0.110308,1.000000,1.990000,0.200000,0.165012,0.119375,0.107148,-0.023934,0.080329,-0.035581,0.034257,0.136665,0.087380,0.041823,-0.069636,-0.030196
487,-1.914267,0.150990,3.061253,0.612251,0.118511,1.000000,1.990000,0.200000,0.166782,0.118411,0.106491,-0.025885,0.083258,-0.029553,0.031698,0.131452,0.080780,0.042171,-0.068408,-0.035096
488,-1.946670,0.187847,2.886305,0.577261,0.099906,1.000000,1.990000,0.200000,0.163211,0.119763,0.116339,-0.023440,0.077876,-0.026289,0.031779,0.133673,0.090461,0.026043,-0.069596,-0.034928
489,-1.928635,0.155254,2.981395,0.596279,0.113174,1.000000,1.990000,0.200000,0.168215,0.119029,0.107447,-0.025614,0.076804,-0.027450,0.026067,0.131314,0.084461,0.035932,-0.061942,-0.035021
490,-1.966661,0.135562,2.787488,0.557498,0.118736,1.000000,1.990000,0.200000,0.168095,0.111563,0.107871,-0.019855,0.076880,-0.031194,0.035567,0.125101,0.072187,0.044253,-0.063525,-0.028807
491,-1.926224,0.145282,2.962709,0.592542,0.104016,1.000000,1.990000,0.200000,0.162505,0.117534,0.114960,-0.025007,0.083256,-0.033450,0.020710,0.115715,0.078318,0.045677,-0.062824,-0.035071
492,-1.920334,0.167660,3.045420,0.609084,0.115906,1.000000,1.990000,0.200000,0.167718,0.119896,0.111630,-0.027398,0.080508,-0.035495,0.024607,0.127927,0.080393,0.044658,-0.065304,-0.034927
493,-1.961263,0.135185,2.796534,0.559307,0.112496,1.000000,1.990000,0.200000,0.159340,0.112027,0.118216,-0.023455,0.081078,-0.031591,0.024369,0.126132,0.080544,0.041772,-0.064774,-0.030720
494,-1.938390,0.168235,2.933746,0.586749,0.111930,1.000000,1.990000,0.200000,0.167298,0.115442,0.111833,-0.026226,0.083635,-0.025171,0.033003,0.131531,0.077707,0.032567,-0.067025,-0.033679
495,-1.924577,0.139333,2.970527,0.594105,0.106580,1.000000,1.990000,0.200000,0.162278,0.118511,0.113019,-0.024496,0.081812,-0.032359,0.025921,0.121330,0.079791,0.038494,-0.068270,-0.035060
496,-10.000000,,0.000000,0.000000,3.141593,0.000000,1.990000,0.200000,0.166640,0.118492,0.110683,-0.024258,0.079971,-0.031486,0.027145,0.126806,0.076290,0.048321,-0.058601,-0.034461
497,-1.944866,0.141635,2.879575,0.575915,0.112916,1.000000,1.990000,0.200000,0.166978,0.116166,0.111877,-0.027504,0.081576,-0.028287,0.026917,0.119764,0.088496,0.042323,-0.069101,-0.025699
498,-1.963379,0.157501,2.830366,0.566073,0.119201,1.000000,1.990000,0.200000,0.150801,0.119762,0.110551,-0.022231,0.082694,-0.035912,0.034132,0.124558,0.076675,0.044669,-0.067225,-0.032197
499,-1.924398,0.136841,2.994311,0.598862,0.116612,1.000000,1.990000,0.200000,0.161340,0.119819,0.110408,-0.026329,0.081246,-0.029185,0.026080,0.122712,0.083592,0.042414,-0.069584,-0.034719
500,-1.937585,0.164464,2.943484,0.588697,0.111217,1.000000,1.990000,0.200000,0.165422,0.118542,0.114119,-0.026734,0.078523,-0.033072,0.025365,0.130746,0.084196,0.032699,-0.065660,-0.034190
501,-1.972644,0.192684,2.851987,0.570397,0.129081,1.000000,1.990000,0.200000,0.163641,0.119801,0.098785,-0.024408,0.074974,-0.037677,0.029652,0.131778,0.083226,0.049376,-0.068173,-0.030512
502,-1.966417,0.142732,2.781007,0.556201,0.114993,1.000000,1.990000,0.200000,0.160014,0.115017,0.107299,-0.026919,0.083697,-0.023894,0.028169,0.126116,0.087625,0.040050,-0.067226,-0.033308
503,-1.919343,0.145116,3.004168,0.600834,0.106230,1.000000,1.990000,0.200000,0.161494,0.119526,0.112086,-0.022995,0.079411,-0.035872,0.023587,0.127457,0.069853,0.042385,-0.066087,-0.034880
504,-1.920056,0.161655,3.046786,0.609357,0.120288,1.000000,1.990000,0.200000,0.164927,0.119806,0.111460,-0.027587,0.079390,-0.034233,0.028360,0.130629,0.081711,0.044007,-0.069464,-0.030961
505,-10.000000,,0.000000,0.000000,3.141593,0.000000,1.990000,0.200000,0.167143,0.117534,0.117844,-0.024742,0.080147,-0.025122,0.025523,0.138237,0.082762,0.042473,-0.069540,-0.034982
506,-1.927400,0.136517,2.965491,0.593098,0.116115,1.000000,1.990000,0.200000,0.162158,0.113293,0.106083,-0.025199,0.083608,-0.028357,0.027869,0.126199,0.085187,0.048509,-0.069403,-0.032877
507,-1.923762,0.156448,3.000957,0.600191,0.110438,1.000000,1.990000,0.200000,0.165445,0.118897,0.109379,-0.027248,0.080556,-0.036768,0.025393,0.124473,0.077406,0.039422,-0.067795,-0.033283
508,-1.951708,0.140401,2.859658,0.571932,0.116539,1.000000,1.990000,0.200000,0.156124,0.119306,0.109473,-0.022848,0.083684,-0.031173,0.032295,0.124466,0.073619,0.042291,-0.062447,-0.030758
509,-1.933551,0.160594,2.966010,0.593202,0.112445,1.000000,1.990000,0.200000,0.165464,0.115009,0.107496,-0.025081,0.081121,-0.038690,0.026669,0.138465,0.084412,0.040255,-0.068354,-0.031427
510,-10.000000,,0.000000,0.000000,3.141593,0.000000,1.990000,0.200000,0.162410,0.119837,0.107996,-0.027339,0.083320,-0.041959,0.023065,0.138403,0.079487,0.042065,-0.068808,-0.032723
511,-10.000000,,0.000000,0.000000,3.141593,0.000000,1.990000,0.200000,0.165085,0.119893,0.105068,-0.024581,0.082499,-0.034979,0.027303,0.132222,0.077240,0.044725,-0.067478,-0.033962
512,-1.949699,0.165703,2.923099,0.584620,0.125907,1.000000,1.990000,0.200000,0.160757,0.116354,0.100948,-0.024347,0.081776,-0.037737,0.041788,0.129604,0.074428,0.040934,-0.069489,-0.033228
513,-1.912501,0.146074,3.061249,0.612250,0.119915,1.000000,1.990000,0.200000,0.161854,0.118821,0.113668,-0.027522,0.078040,-0.030936,0.029672,0.127909,0.078825,0.043575,-0.068736,-0.034072
514,-1.924704,0.137921,3.001944,0.600389,0.123106,1.000000,1.990000,0.200000,0.160326,0.119605,0.110567,-0.026936,0.075238,-0.030101,0.021446,0.125040,0.071996,0.046802,-0.069317,-0.034744
515,-1.934665,0.149209,2.935317,0.587063,0.107614,1.000000,1.990000,0.200000,0.167927,0.116915,0.112855,-0.023232,0.081387,-0.030887,0.020981,0.130302,0.078458,0.037780,-0.064055,-0.034879
516,-10.000000,,0.000000,0.000000,3.141593,0.000000,1.990000,0.200000,0.162654,0.119185,0.098371,-0.027285,0.080893,-0.034357,0.031186,0.130362,0.069509,0.047079,-0.063150,-0.035071
517,-1.932238,0.154104,2.968064,0.593613,0.114858,1.000000,1.990000,0.200000,0.162480,0.119252,0.115104,-0.025630,0.078015,-0.033856,0.023889,0.131091,0.075029,0.035543,-0.069620,-0.032835
518,-1.961659,0.185564,2.883787,0.576757,0.128638,1.000000,1.990000,0.200000,0.161195,0.119817,0.110229,-0.026782,0.080318,-0.030496,0.021421,0.116115,0.078567,0.054799,-0.064428,-0.033205
519,-1.926218,0.156734,2.987215,0.597443,0.108947,1.000000,1.990000,0.200000,0.167342,0.116994,0.112481,-0.022537,0.073508,-0.031631,0.034579,0.132714,0.080173,0.040194,-0.062573,-0.034321
520,-1.947993,0.159308,2.899020,0.579804,0.116683,1.000000,1.990000,0.200000,0.158228,0.117106,0.117976,-0.027563,0.081570,-0.036645,0.027080,0.131807,0.081339,0.035782,-0.064599,-0.025054
521,-1.937824,0.164111,2.964038,0.592808,0.121646,1.000000,1.990000,0.200000,0.167343,0.119235,0.107562,-0.027026,0.079104,-0.036025,0.027201,0.127616,0.077525,0.044413,-0.067773,-0.025502
522,-1.930322,0.141389,2.956211,0.591242,0.115067,1.000000,1.990000,0.200000,0.157765,0.119864,0.112580,-0.025465,0.076331,-0.030395,0.030191,0.124554,0.075380,0.043234,-0.067024,-0.031282
523,-1.939718,0.142966,2.925514,0.585103,0.119929,1.000000,1.990000,0.200000,0.159471,0.114359,0.111578,-0.027440,0.077845,-0.032298,0.027058,0.126170,0.076762,0.040543,-0.067986,-0.035100
524,-1.959883,0.142509,2.816431,0.563286,0.112499,1.000000,1.990000,0.200000,0.157763,0.114487,0.110949,-0.022309,0.074404,-0.036626,0.026301,0.124869,0.071431,0.039618,-0.065627,-0.035093
525,-1.926016,0.145644,3.000940,0.600188,0.118824,1.000000,1.990000,0.200000,0.163249,0.119897,0.110916,-0.026254,0.080751,-0.032774,0.027778,0.120945,0.073781,0.041922,-0.063981,-0.034951
526,-1.948675,0.177272,2.923616,0.584723,0.120309,1.000000,1.990000,0.200000,0.167793,0.116925,0.116834,-0.027115,0.083474,-0.041459,0.023264,0.128295,0.077994,0.045284,-0.067898,-0.024422
527,-1.905059,0.159912,3.104078,0.620816,0.111270,1.000000,1.990000,0.200000,0.167723,0.119826,0.114639,-0.023797,0.081852,-0.036562,0.032890,0.130596,0.073030,0.040222,-0.066860,-0.033664
528,-1.923054,0.153694,3.025464,0.605093,0.121520,1.000000,1.990000,0.200000,0.167966,0.117388,0.111147,-0.027192,0.078504,-0.031829,0.033016,0.124800,0.074421,0.039103,-0.068296,-0.031990
529,-1.904306,0.137613,3.078854,0.615771,0.115031,1.000000,1.990000,0.200000,0.163085,0.119898,0.115713,-0.024564,0.081332,-0.026393,0.031247,0.125205,0.072966,0.045741,-0.059807,-0.035090
530,-1.941581,0.163118,2.937963,0.587593,0.118186,1.000000,1.990000,0.200000,0.168230,0.117180,0.113596,-0.024787,0.076845,-0.033693,0.033829,0.133949,0.075401,0.035310,-0.067907,-0.025960
531,-1.932309,0.163059,3.002799,0.600560,0.126350,1.000000,1.990000,0.200000,0.168215,0.116596,0.110870,-0.027394,0.082704,-0.033054,0.037731,0.130763,0.079487,0.040266,-0.058582,-0.028707
532,-10.000000,,0.000000,0.000000,3.141593,0.000000,1.990000,0.200000,0.161719,0.118925,0.106040,-0.022234,0.078466,-0.039157,0.034313,0.129638,0.073603,0.051436,-0.063058,-0.035088
533,-1.928399,0.158954,3.011594,0.602319,0.126836,1.000000,1.990000,0.200000,0.164949,0.116277,0.112012,-0.027598,0.082970,-0.033414,0.035845,0.129965,0.080986,0.044614,-0.066237,-0.028324
534,-1.898151,0.150491,3.106591,0.621318,0.103779,1.000000,1.990000,0.200000,0.166122,0.119885,0.117203,-0.021612,0.083566,-0.032354,0.028903,0.123003,0.073693,0.048201,-0.068216,-0.034183
535,-1.911699,0.144373,3.052525,0.610505,0.112702,1.000000,1.990000,0.200000,0.164215,0.119772,0.115370,-0.026098,0.077086,-0.032881,0.030149,0.123557,0.076874,0.040145,-0.068093,-0.034964
536,-1.933527,0.151063,2.939107,0.587821,0.106892,1.000000,1.990000,0.200000,0.162269,0.118187,0.114242,-0.023929,0.080950,-0.031499,0.025396,0.131826,0.080548,0.036009,-0.066157,-0.034288
537,-1.940067,0.150894,2.939128,0.587826,0.124604,1.000000,1.990000,0.200000,0.157853,0.113157,0.114796,-0.026946,0.079666,-0.033338,0.032814,0.132463,0.070594,0.039777,-0.059996,-0.032021
538,-1.919344,0.155057,3.016237,0.603247,0.105318,1.000000,1.990000,0.200000,0.166185,0.117392,0.110461,-0.021981,0.079275,-0.038581,0.031414,0.133040,0.072979,0.036549,-0.062225,-0.032587
539,-1.926810,0.155013,3.007925,0.601585,0.118897,1.000000,1.990000,0.200000,0.164069,0.117897,0.108158,-0.023527,0.079238,-0.036055,0.030559,0.132419,0.068524,0.041860,-0.067362,-0.035094
540,-1.915750,0.141094,3.018917,0.603783,0.108211,1.000000,1.990000,0.200000,0.166754,0.117243,0.115798,-0.026563,0.076103,-0.032527,0.020937,0.121675,0.081577,0.043178,-0.063861,-0.033830
541,-10.000000,,0.000000,0.000000,3.141593,0.000000,1.990000,0.200000,0.157691,0.118123,0.110996,-0.025196,0.078931,-0.032829,0.035215,0.132343,0.069050,0.050105,-0.062027,-0.034792
542,-1.903636,0.153216,3.100303,0.620061,0.111568,1.000000,1.990000,0.200000,0.167999,0.119810,0.115982,-0.024129,0.079973,-0.032559,0.031948,0.130936,0.078018,0.042900,-0.062587,-0.031604
543,-1.963141,0.135334,2.797298,0.559460,0.117608,1.000000,1.990000,0.200000,0.166951,0.112093,0.116594,-0.022759,0.074663,-0.029039,0.024901,0.126401,0.070755,0.043223,-0.067214,-0.028370
544,-10.000000,,0.000000,0.000000,3.141593,0.000000,1.990000,0.200000,0.162402,0.115637,0.115426,-0.024631,0.075946,-0.029492,0.029538,0.129746,0.073642,0.046701,-0.061525,-0.033667
545,-1.879490,0.138266,3.184682,0.636936,0.105956,1.000000,1.990000,0.200000,0.168002,0.119583,0.118190,-0.024815,0.082615,-0.029368,0.024191,0.126165,0.077820,0.047593,-0.067743,-0.034484
546,-1.923281,0.131153,2.963832,0.592766,0.102994,1.000000,1.990000,0.200000,0.165718,0.119897,0.113887,-0.019954,0.077068,-0.030397,0.023793,0.121271,0.070801,0.044913,-0.065968,-0.031497
547,-1.938960,0.133734,2.917972,0.583594,0.115255,1.000000,1.990000,0.200000,0.167617,0.119798,0.114091,-0.021904,0.074225,-0.026644,0.024420,0.123901,0.074841,0.044753,-0.065700,-0.031297
548,-1.912619,0.141586,3.011370,0.602274,0.100875,1.000000,1.990000,0.200000,0.164639,0.115427,0.112354,-0.019695,0.082717,-0.026221,0.032705,0.127556,0.079887,0.047806,-0.067586,-0.030955
549,-1.929760,0.149466,2.978588,0.595718,0.116120,1.000000,1.990000,0.200000,0.162646,0.119156,0.116901,-0.024864,0.082973,-0.030953,0.030652,0.128798,0.077028,0.038374,-0.063447,-0.033111
550,-1.908312,0.145402,3.066565,0.613313,0.109862,1.000000,1.990000,0.200000,0.168162,0.118860,0.112382,-0.021031,0.080053,-0.031121,0.032457,0.127630,0.070974,0.045134,-0.062557,-0.034882
