trial,reward,cot,distance,velocity,avg_tilt,survived,freq,duty_factor,front_x_fore,front_x_hind,front_z_top,front_z_bottom,front_rotation,front_skew,rear_x_fore,rear_x_hind,rear_z_top,rear_z_bottom,rear_rotation,rear_skew
1,-9.493734,,-1.867159,-0.373432,0.376071,1.000000,2.500000,0.650000,0.228433,0.159537,0.127163,0.026770,0.116580,0.010133,0.050208,0.196703,0.099707,0.020690,-0.126935,0.023900
2,-10.000000,,-0.687255,-0.137451,0.584740,0.000000,2.500000,0.650000,0.220931,0.157644,0.132440,0.011899,0.126984,0.022935,0.048394,0.224136,0.099748,0.029601,-0.137415,0.030657
3,-9.997355,6.923559,0.264478,0.052896,1.612097,0.000000,2.500000,0.650000,0.214005,0.154146,0.120659,0.013930,0.122475,0.025126,0.049212,0.198734,0.103966,0.026608,-0.145178,0.027687
4,-10.000000,,-0.185113,-0.037023,1.053275,0.000000,2.500000,0.650000,0.194682,0.156722,0.124258,0.025182,0.126056,0.019817,0.043279,0.207533,0.101957,0.035762,-0.142129,0.022844
5,-9.490823,,-0.411337,-0.082267,0.421526,1.000000,2.500000,0.650000,0.215075,0.147368,0.122147,0.030317,0.114978,0.013899,0.046322,0.186460,0.111176,0.032390,-0.142279,0.035107
6,-10.000000,,-0.663241,-0.132648,2.683718,0.000000,2.500000,0.650000,0.202808,0.149763,0.118301,0.008575,0.109355,0.026331,0.056623,0.210509,0.103447,0.043943,-0.139351,0.024933
7,-10.000000,,-0.560678,-0.112136,2.878923,0.000000,2.500000,0.650000,0.192859,0.160636,0.111473,0.021250,0.116065,0.010701,0.060280,0.202730,0.098786,0.030382,-0.142630,0.031676
8,-10.000000,,-0.419704,-0.083941,2.128015,0.000000,2.500000,0.650000,0.196923,0.155614,0.119583,0.023408,0.123139,0.013931,0.057646,0.207802,0.101452,0.022928,-0.133363,0.031960
9,-9.492140,,-1.069853,-0.213971,0.277540,1.000000,2.500000,0.650000,0.207702,0.146295,0.124428,0.027698,0.121410,0.028771,0.045595,0.206180,0.090242,0.033192,-0.142656,0.040328
10,-10.000000,,-0.688675,-0.137735,1.464403,0.000000,2.500000,0.650000,0.207351,0.153762,0.124456,0.018994,0.129096,0.031234,0.054156,0.200236,0.105936,0.026126,-0.132877,0.015064
11,-9.490986,,-0.493164,-0.098633,0.353810,1.000000,2.500000,0.650000,0.190956,0.155376,0.119463,0.017941,0.119934,0.020934,0.040692,0.205267,0.096782,0.026083,-0.144689,0.028789
12,-9.490196,,-0.098111,-0.019622,0.441306,1.000000,2.500000,0.650000,0.216469,0.149184,0.130041,0.021164,0.109564,0.024587,0.046252,0.208580,0.105020,0.033824,-0.146928,0.027484
13,-9.491823,,-0.911733,-0.182347,0.355328,1.000000,2.500000,0.650000,0.208451,0.148289,0.117291,0.025330,0.127909,0.011830,0.034758,0.185040,0.103791,0.038044,-0.144106,0.033878
14,-9.022831,5.480628,0.363911,0.072782,0.264017,1.000000,2.500000,0.650000,0.205401,0.159755,0.125228,0.026519,0.132254,0.022557,0.042523,0.208475,0.089726,0.028352,-0.151332,0.030291
15,-9.490524,,-0.261815,-0.052363,0.419529,1.000000,2.500000,0.650000,0.195199,0.153913,0.128391,0.024807,0.111445,0.016333,0.037128,0.209735,0.106558,0.030591,-0.146022,0.040777
16,-9.491037,,-0.518407,-0.103681,0.371939,1.000000,2.500000,0.650000,0.214536,0.155517,0.120821,0.020764,0.118496,0.018459,0.049004,0.167976,0.100834,0.024233,-0.140025,0.030857
17,-9.490271,,-0.135728,-0.027146,0.333743,1.000000,2.500000,0.650000,0.208484,0.144685,0.122661,0.029084,0.114415,0.017973,0.038767,0.220377,0.099688,0.025857,-0.125610,0.047982
18,-9.491806,,-0.903179,-0.180636,0.341242,1.000000,2.500000,0.650000,0.183652,0.156448,0.115419,0.020385,0.128654,0.020320,0.040079,0.198145,0.101367,0.026473,-0.132645,0.037022
19,-9.490793,,-0.396536,-0.079307,0.388098,1.000000,2.500000,0.650000,0.202994,0.138692,0.127214,0.030324,0.118191,0.011496,0.050171,0.200988,0.107042,0.022719,-0.139739,0.045404
20,-9.999598,56.832037,0.040217,0.008043,1.324028,0.000000,2.500000,0.650000,0.218414,0.151837,0.121621,0.023219,0.116978,0.018242,0.053501,0.193322,0.095630,0.032641,-0.135998,0.027938
21,-9.490478,,-0.239169,-0.047834,0.323503,1.000000,2.500000,0.650000,0.203607,0.153443,0.120047,0.022432,0.107434,0.027954,0.031879,0.192359,0.113888,0.032164,-0.131679,0.032573
22,-9.492405,,-1.202533,-0.240507,0.272445,1.000000,2.500000,0.650000,0.187785,0.143466,0.135490,0.036529,0.127434,0.010717,0.040749,0.221851,0.107082,0.034662,-0.141237,0.029581
23,-9.491347,,-0.673639,-0.134728,0.295491,1.000000,2.500000,0.650000,0.203262,0.149422,0.129891,0.029095,0.117962,0.024407,0.037481,0.195974,0.105208,0.025754,-0.148519,0.029830
24,-9.490722,,-0.361167,-0.072233,0.309867,1.000000,2.500000,0.650000,0.191280,0.154887,0.133130,0.023507,0.118632,0.024723,0.045866,0.203554,0.098711,0.028039,-0.148123,0.039897
25,-9.998409,16.127142,0.159103,0.031821,1.106285,0.000000,2.500000,0.650000,0.222688,0.156192,0.122772,0.021135,0.126701,0.009371,0.043735,0.214087,0.098485,0.035065,-0.136528,0.035445
26,-9.491263,,-0.631573,-0.126315,0.240380,1.000000,2.500000,0.650000,0.195538,0.126601,0.129250,0.020282,0.111004,0.020658,0.046824,0.228333,0.103461,0.032770,-0.146534,0.030587
27,-9.998638,13.546782,0.136214,0.027243,1.866725,0.000000,2.500000,0.650000,0.224061,0.158942,0.122598,0.020618,0.115547,0.026728,0.039734,0.225662,0.107511,0.025182,-0.138608,0.034503
28,-9.492426,,-1.212937,-0.242587,0.364153,1.000000,2.500000,0.650000,0.214132,0.154415,0.113255,0.023201,0.119720,0.032379,0.047968,0.198220,0.101632,0.032969,-0.147782,0.041913
29,-9.490191,,-0.095649,-0.019130,0.330649,1.000000,2.500000,0.650000,0.212910,0.149506,0.121105,0.022728,0.116648,0.016442,0.032226,0.221743,0.101392,0.021836,-0.147468,0.035315
30,-9.492097,,-1.048614,-0.209723,0.301928,1.000000,2.500000,0.650000,0.200810,0.145411,0.119687,0.019625,0.122674,0.026730,0.044298,0.200511,0.104027,0.031295,-0.150190,0.032558
31,-9.493090,,-1.544959,-0.308992,0.388401,1.000000,2.500000,0.650000,0.208265,0.161681,0.128831,0.022422,0.121067,0.022069,0.045339,0.202355,0.093800,0.031182,-0.140083,0.033018
32,-9.996128,5.589865,0.387222,0.077444,1.540078,0.000000,2.500000,0.650000,0.221885,0.155907,0.112132,0.024101,0.118484,0.019810,0.041777,0.225742,0.106053,0.028757,-0.143423,0.025223
33,-9.492743,,-1.371396,-0.274279,0.307104,1.000000,2.500000,0.650000,0.196210,0.166865,0.130631,0.024683,0.118640,0.020214,0.047716,0.204969,0.106804,0.030977,-0.148062,0.037378
34,-9.490388,,-0.194117,-0.038823,0.350426,1.000000,2.500000,0.650000,0.205487,0.137921,0.115217,0.027228,0.125276,0.012214,0.034721,0.197581,0.104157,0.021200,-0.146971,0.044937
35,-9.493249,,-1.624562,-0.324912,0.290212,1.000000,2.500000,0.650000,0.203006,0.153254,0.139490,0.023669,0.116862,0.017597,0.030551,0.220006,0.101820,0.028127,-0.157110,0.042735
36,-9.491425,,-0.712454,-0.142491,0.251030,1.000000,2.500000,0.650000,0.203162,0.141997,0.121419,0.036698,0.119529,0.018493,0.040938,0.224971,0.100177,0.019755,-0.146051,0.035822
37,-9.491484,,-0.742023,-0.148405,0.292942,1.000000,2.500000,0.650000,0.214818,0.137328,0.108253,0.022091,0.120246,0.021143,0.041091,0.206946,0.100561,0.025956,-0.141354,0.034142
38,-9.490945,,-0.472486,-0.094497,0.294927,1.000000,2.500000,0.650000,0.198003,0.152663,0.135364,0.034345,0.101462,0.021858,0.041718,0.200443,0.108827,0.023176,-0.137809,0.032625
39,-9.492602,,-1.300952,-0.260190,0.260143,1.000000,2.500000,0.650000,0.195756,0.149533,0.125842,0.028101,0.121641,0.023149,0.030414,0.207289,0.092652,0.018278,-0.144161,0.035748
40,-9.492893,,-1.446631,-0.289326,0.592148,1.000000,2.500000,0.650000,0.192365,0.160324,0.120777,0.020528,0.118936,0.008569,0.036125,0.224980,0.102437,0.029947,-0.160074,0.035890
41,-9.995756,5.146388,0.424409,0.084882,0.915315,0.000000,2.500000,0.650000,0.201037,0.154441,0.126540,0.030127,0.107453,0.011854,0.037573,0.213061,0.093663,0.022382,-0.161432,0.033702
42,-9.492441,,-1.220321,-0.244064,0.312694,1.000000,2.500000,0.650000,0.200365,0.164151,0.118259,0.022027,0.114447,0.015525,0.031388,0.214658,0.103759,0.020602,-0.148573,0.033351
43,-10.000000,,-0.310801,-0.062160,2.674839,0.000000,2.500000,0.650000,0.215289,0.143988,0.122544,0.033432,0.120636,0.008165,0.042777,0.216437,0.103892,0.037377,-0.151220,0.034633
44,-9.491494,,-0.746858,-0.149372,0.266054,1.000000,2.500000,0.650000,0.190357,0.149894,0.127078,0.019136,0.120461,0.022627,0.030248,0.216803,0.099534,0.016987,-0.153428,0.030164
45,-8.934648,5.128868,0.460224,0.092045,0.282460,1.000000,2.500000,0.650000,0.212348,0.157807,0.107696,0.034717,0.123263,0.020619,0.036269,0.221439,0.095034,0.020974,-0.150004,0.029688
46,-9.491061,,-0.530294,-0.106059,0.324379,1.000000,2.500000,0.650000,0.234244,0.146752,0.125583,0.029373,0.107726,0.007887,0.030016,0.193977,0.111217,0.022354,-0.135504,0.037498
47,-9.491113,,-0.556366,-0.111273,0.302958,1.000000,2.500000,0.650000,0.193839,0.158869,0.124755,0.036884,0.100384,0.014313,0.034661,0.205059,0.101736,0.025733,-0.134502,0.035546
48,-9.490524,,-0.261985,-0.052397,0.348201,1.000000,2.500000,0.650000,0.195221,0.143930,0.111276,0.030074,0.130298,0.014155,0.039788,0.210838,0.100964,0.020275,-0.142223,0.038111
49,-9.721929,8.843579,0.289153,0.057831,0.254327,1.000000,2.500000,0.650000,0.189263,0.136693,0.125449,0.035146,0.122768,0.025850,0.054765,0.186294,0.103977,0.022686,-0.146798,0.034910
50,-9.111444,5.965739,0.443503,0.088701,0.296952,1.000000,2.500000,0.650000,0.211552,0.120215,0.119307,0.036383,0.111683,0.018403,0.030480,0.191340,0.108643,0.018002,-0.147150,0.049971
51,-9.490138,,-0.068923,-0.013785,0.355012,1.000000,2.500000,0.650000,0.198733,0.147047,0.128813,0.020598,0.109822,0.018349,0.033284,0.203718,0.113400,0.027303,-0.142701,0.047271
52,-9.490846,,-0.423106,-0.084621,0.289464,1.000000,2.500000,0.650000,0.199546,0.149430,0.124219,0.028491,0.106558,0.026852,0.039269,0.177038,0.105508,0.021392,-0.135024,0.036507
53,-9.491445,,-0.722279,-0.144456,0.364802,1.000000,2.500000,0.650000,0.194822,0.149478,0.119467,0.021689,0.115729,0.012849,0.043158,0.212887,0.108526,0.026353,-0.148581,0.040699
54,-9.490891,,-0.445505,-0.089101,0.293196,1.000000,2.500000,0.650000,0.219096,0.141645,0.112254,0.034070,0.131600,0.015077,0.041517,0.192928,0.109265,0.020850,-0.132296,0.024054
55,-9.492440,,-1.219996,-0.243999,0.272953,1.000000,2.500000,0.650000,0.209934,0.146908,0.124197,0.038651,0.116419,0.020971,0.041591,0.218405,0.102732,0.025469,-0.141515,0.033042
56,-10.903520,14.680319,0.187819,0.037564,0.273508,1.000000,2.500000,0.650000,0.227463,0.135216,0.107800,0.029652,0.119959,0.012360,0.032004,0.223699,0.093835,0.010864,-0.153964,0.035944
57,-9.490403,,-0.201402,-0.040280,0.373006,1.000000,2.500000,0.650000,0.226000,0.147403,0.109653,0.034766,0.117649,0.006037,0.032070,0.193502,0.112679,0.019282,-0.142512,0.049826
58,-9.491310,,-0.655171,-0.131034,0.246855,1.000000,2.500000,0.650000,0.210065,0.136817,0.125508,0.030209,0.112113,0.019198,0.037242,0.199966,0.090222,0.023416,-0.160031,0.040889
59,-9.490868,,-0.434147,-0.086829,0.292092,1.000000,2.500000,0.650000,0.202341,0.162508,0.112482,0.039899,0.118538,0.026235,0.031732,0.207503,0.099569,0.026434,-0.151454,0.041250
60,-9.490548,,-0.274045,-0.054809,0.272804,1.000000,2.500000,0.650000,0.210508,0.140834,0.123073,0.036165,0.118011,0.022896,0.030253,0.205585,0.112895,0.021694,-0.141952,0.035844
61,-8.493736,3.063827,0.652911,0.130582,0.265455,1.000000,2.500000,0.650000,0.196099,0.149552,0.099556,0.036700,0.118778,0.019956,0.030167,0.216515,0.095790,0.020295,-0.142841,0.028427
62,-10.000000,,-0.685851,-0.137170,0.849337,0.000000,2.500000,0.650000,0.222347,0.156351,0.120191,0.034958,0.124059,0.020365,0.039618,0.225899,0.099734,0.021263,-0.133715,0.034169
63,-10.000000,,-0.395024,-0.079005,2.737358,0.000000,2.500000,0.650000,0.222881,0.143871,0.113390,0.036373,0.119106,0.017439,0.030006,0.214260,0.113614,0.020066,-0.143660,0.049915
64,-9.491194,,-0.596770,-0.119354,0.251001,1.000000,2.500000,0.650000,0.201215,0.140211,0.123366,0.034039,0.118770,0.021520,0.033368,0.227271,0.102660,0.016440,-0.144141,0.039379
65,-9.490857,,-0.428662,-0.085732,0.259390,1.000000,2.500000,0.650000,0.225222,0.134009,0.116847,0.036381,0.108519,0.021073,0.036799,0.210686,0.100881,0.023089,-0.146637,0.035272
66,-9.491432,,-0.715854,-0.143171,0.378242,1.000000,2.500000,0.650000,0.205941,0.149766,0.111684,0.027593,0.118149,0.015873,0.040057,0.221020,0.099525,0.034037,-0.147976,0.039445
67,-9.491318,,-0.658791,-0.131758,0.258354,1.000000,2.500000,0.650000,0.213249,0.140312,0.117412,0.039934,0.122004,0.011282,0.038610,0.209951,0.097015,0.019269,-0.147078,0.033548
68,-9.490131,,-0.065576,-0.013115,0.314015,1.000000,2.500000,0.650000,0.214019,0.144605,0.113076,0.036467,0.126660,0.004388,0.030002,0.211739,0.102246,0.021770,-0.153297,0.042019
69,-9.490363,,-0.181525,-0.036305,0.298780,1.000000,2.500000,0.650000,0.199037,0.156064,0.103202,0.034638,0.121072,0.016509,0.034368,0.209431,0.101378,0.013537,-0.135250,0.035553
70,-9.835634,9.499151,0.305887,0.061177,0.288924,1.000000,2.500000,0.650000,0.192892,0.150940,0.102935,0.034031,0.109370,0.012723,0.031794,0.216635,0.101399,0.023082,-0.148369,0.034162
71,-9.717460,8.714433,0.317890,0.063578,0.426355,1.000000,2.500000,0.650000,0.222644,0.156268,0.100775,0.039999,0.103071,0.014847,0.038344,0.176568,0.113962,0.013963,-0.134008,0.031757
72,-10.000000,,0.000000,0.000000,3.141593,0.000000,2.500000,0.650000,0.197203,0.153636,0.103535,0.035553,0.128708,0.016780,0.034253,0.225695,0.093174,0.028546,-0.138580,0.023744
73,-9.492145,,-1.072609,-0.214522,0.323225,1.000000,2.500000,0.650000,0.219025,0.164498,0.106474,0.038720,0.115171,0.020280,0.042227,0.207427,0.112266,0.024978,-0.147391,0.027735
74,-10.000000,,-0.255985,-0.051197,2.662427,0.000000,2.500000,0.650000,0.220831,0.139542,0.122072,0.032821,0.116401,0.021141,0.038705,0.212073,0.111052,0.023272,-0.141335,0.049264
75,-9.494453,,-2.226727,-0.445345,0.315434,1.000000,2.500000,0.650000,0.212474,0.164106,0.122400,0.024150,0.113514,0.023497,0.043157,0.210356,0.104062,0.028168,-0.145633,0.029736
76,-10.000000,,-0.420665,-0.084133,2.840007,0.000000,2.500000,0.650000,0.176244,0.149956,0.098436,0.033769,0.122229,0.016105,0.034906,0.205475,0.100666,0.024534,-0.149614,0.041087
77,-8.536477,3.399787,0.912793,0.182559,0.637734,1.000000,2.500000,0.650000,0.211879,0.154992,0.096001,0.034238,0.114701,0.013604,0.039776,0.213374,0.107917,0.015621,-0.119891,0.034117
78,-10.000000,,-0.464314,-0.092863,2.895342,0.000000,2.500000,0.650000,0.211564,0.156709,0.100235,0.032495,0.126683,0.017830,0.033813,0.203593,0.105182,0.024704,-0.140675,0.049245
79,-9.181862,6.325017,0.396648,0.079330,0.279304,1.000000,2.500000,0.650000,0.190304,0.146192,0.096019,0.035637,0.105681,0.019211,0.031248,0.199666,0.099187,0.022485,-0.134486,0.033502
80,-9.491043,,-0.521626,-0.104325,0.364786,1.000000,2.500000,0.650000,0.203557,0.151656,0.096110,0.028350,0.114442,0.007246,0.049292,0.206395,0.105686,0.019388,-0.140725,0.040363
81,-9.490453,,-0.226509,-0.045302,0.311149,1.000000,2.500000,0.650000,0.212489,0.157402,0.115525,0.038805,0.121211,0.012358,0.030092,0.206601,0.111205,0.010002,-0.144645,0.035280
82,-9.491500,,-0.749898,-0.149980,0.329974,1.000000,2.500000,0.650000,0.195100,0.155345,0.116271,0.039882,0.113325,0.016373,0.034751,0.220721,0.103773,0.029425,-0.140001,0.042437
83,-11.227595,16.345723,0.188883,0.037777,0.337315,1.000000,2.500000,0.650000,0.208505,0.132188,0.118248,0.039934,0.114641,0.011600,0.037806,0.210559,0.099697,0.029259,-0.133355,0.046239
84,-9.491257,,-0.628638,-0.125728,0.265675,1.000000,2.500000,0.650000,0.194132,0.155399,0.096436,0.027952,0.103417,0.011190,0.031773,0.228325,0.093294,0.017395,-0.126145,0.032985
85,-10.000000,,-0.268008,-0.053602,2.667980,0.000000,2.500000,0.650000,0.225052,0.160311,0.096219,0.031097,0.102677,0.008337,0.033929,0.214681,0.118732,0.016785,-0.140181,0.039481
86,-9.490808,,-0.403772,-0.080754,0.352203,1.000000,2.500000,0.650000,0.213716,0.163354,0.096220,0.039999,0.128408,0.007223,0.035415,0.218181,0.104493,0.010345,-0.134214,0.032583
87,-9.492643,,-1.321724,-0.264345,0.323933,1.000000,2.500000,0.650000,0.219914,0.158299,0.100602,0.039978,0.120480,0.002402,0.034622,0.212262,0.098855,0.015676,-0.146695,0.027447
88,-9.494167,,-2.083350,-0.416670,0.308428,1.000000,2.500000,0.650000,0.239352,0.167252,0.096029,0.028259,0.119988,0.011201,0.037736,0.218091,0.098737,0.011597,-0.134687,0.030693
89,-13.078318,25.452973,0.102189,0.020438,0.259822,1.000000,2.500000,0.650000,0.195462,0.135547,0.121768,0.039536,0.114891,0.010223,0.039441,0.203535,0.107822,0.011313,-0.155325,0.039059
90,-10.765544,13.881554,0.180087,0.036017,0.320522,1.000000,2.500000,0.650000,0.186589,0.152689,0.100627,0.032508,0.119681,0.010119,0.030829,0.196000,0.101858,0.023358,-0.137653,0.036469
91,-9.491724,,-0.862105,-0.172421,0.295002,1.000000,2.500000,0.650000,0.200908,0.161646,0.103348,0.037854,0.109588,0.013550,0.034637,0.203567,0.101275,0.018364,-0.157115,0.025687
92,-9.490015,,-0.007254,-0.001451,0.233791,1.000000,2.500000,0.650000,0.192351,0.139005,0.108471,0.031500,0.103597,0.020506,0.030833,0.205156,0.108337,0.030243,-0.137320,0.028055
93,-9.491408,,-0.704070,-0.140814,0.275568,1.000000,2.500000,0.650000,0.187482,0.163201,0.115434,0.039946,0.106922,0.017536,0.034120,0.215003,0.102326,0.013044,-0.128039,0.020070
94,-10.000000,,-0.255740,-0.051148,2.657960,0.000000,2.500000,0.650000,0.195660,0.164953,0.096203,0.039934,0.101540,0.016111,0.031412,0.221074,0.112521,0.015485,-0.137949,0.046252
95,-10.000000,,-0.511319,-0.102264,0.751290,0.000000,2.500000,0.650000,0.192449,0.175126,0.111533,0.027646,0.115965,0.016123,0.032069,0.216083,0.094847,0.016248,-0.127226,0.028746
96,-8.497323,3.162768,0.776902,0.155380,0.329842,1.000000,2.500000,0.650000,0.201573,0.154577,0.101994,0.035127,0.115789,0.016130,0.036840,0.194181,0.103373,0.010290,-0.135695,0.040114
97,-9.491072,,-0.536105,-0.107221,0.312732,1.000000,2.500000,0.650000,0.183411,0.167955,0.101554,0.031691,0.096202,0.016089,0.030019,0.209206,0.105808,0.016052,-0.142251,0.028574
98,-9.493146,,-1.573156,-0.314631,0.336736,1.000000,2.500000,0.650000,0.218879,0.174048,0.100051,0.039135,0.114182,0.014987,0.035615,0.212771,0.103613,0.021576,-0.150145,0.025271
99,-9.490470,,-0.235080,-0.047016,0.316194,1.000000,2.500000,0.650000,0.210680,0.151082,0.121311,0.032090,0.114857,0.008657,0.030050,0.212057,0.112590,0.010931,-0.126898,0.034598
100,-9.490732,,-0.366183,-0.073237,0.285711,1.000000,2.500000,0.650000,0.195773,0.151637,0.109766,0.039021,0.118030,0.022370,0.045993,0.207967,0.101404,0.018001,-0.161900,0.040709
101,-9.978101,9.998961,0.242453,0.048491,0.280606,1.000000,2.500000,0.650000,0.205214,0.135418,0.096119,0.036855,0.107195,0.012828,0.031228,0.196421,0.109627,0.023715,-0.134953,0.047458
102,-8.272080,2.378258,1.001653,0.200331,0.250515,1.000000,2.500000,0.650000,0.195301,0.145886,0.114359,0.038719,0.101686,0.021502,0.035176,0.194946,0.096648,0.015112,-0.128020,0.039047
103,-11.997420,20.069644,0.115964,0.023193,0.311061,1.000000,2.500000,0.650000,0.208960,0.136740,0.111410,0.034232,0.106880,0.011889,0.035226,0.202285,0.110930,0.010299,-0.120506,0.035901
104,-9.490693,,-0.346529,-0.069306,0.376947,1.000000,2.500000,0.650000,0.204044,0.154770,0.101484,0.024891,0.107762,0.016163,0.030616,0.186447,0.115601,0.023621,-0.145987,0.026525
105,-9.490975,,-0.487339,-0.097468,0.296766,1.000000,2.500000,0.650000,0.194748,0.163068,0.099005,0.039752,0.115418,0.011857,0.030854,0.205821,0.097496,0.010034,-0.126432,0.036513
106,-10.000000,,-0.518453,-0.103691,2.823814,0.000000,2.500000,0.650000,0.213915,0.149092,0.102724,0.036636,0.115722,0.012244,0.041044,0.192296,0.104914,0.010794,-0.125612,0.039016
107,-9.491049,,-0.524259,-0.104852,0.315084,1.000000,2.500000,0.650000,0.183615,0.145877,0.117281,0.018085,0.122722,0.013391,0.043895,0.179202,0.101580,0.022861,-0.121546,0.033170
108,-9.493056,,-1.527815,-0.305563,0.316432,1.000000,2.500000,0.650000,0.220801,0.159127,0.107424,0.035156,0.105037,0.025858,0.033815,0.233042,0.108504,0.024258,-0.131484,0.034271
109,-10.000000,,-0.409917,-0.081983,2.834249,0.000000,2.500000,0.650000,0.197478,0.157928,0.096319,0.036979,0.106608,0.016360,0.038331,0.207900,0.108500,0.016425,-0.123876,0.042859
110,-9.492029,,-1.014279,-0.202856,0.299739,1.000000,2.500000,0.650000,0.214732,0.164966,0.120448,0.031456,0.103463,0.019976,0.030013,0.204556,0.096527,0.019205,-0.138246,0.034597
111,-13.577616,28.020189,0.092319,0.018464,0.245296,1.000000,2.500000,0.650000,0.200941,0.142217,0.099434,0.036720,0.099897,0.019402,0.033821,0.196354,0.106486,0.024139,-0.128755,0.025811
112,-9.491030,,-0.515189,-0.103038,0.322152,1.000000,2.500000,0.650000,0.189844,0.152983,0.120097,0.020401,0.106116,0.016446,0.040052,0.200708,0.103321,0.019457,-0.130371,0.034196
113,-9.490528,,-0.263959,-0.052792,0.292803,1.000000,2.500000,0.650000,0.203490,0.154572,0.115883,0.026006,0.098239,0.022960,0.036560,0.196785,0.103433,0.011363,-0.127255,0.035767
114,-9.490379,,-0.189489,-0.037898,0.262200,1.000000,2.500000,0.650000,0.175979,0.147690,0.106375,0.026717,0.102160,0.028389,0.032096,0.188021,0.105327,0.022891,-0.146722,0.032163
115,-9.490144,,-0.071818,-0.014364,0.300246,1.000000,2.500000,0.650000,0.196222,0.152339,0.110473,0.038800,0.108550,0.023566,0.036419,0.176029,0.105974,0.021644,-0.136336,0.049999
116,-9.490629,,-0.314725,-0.062945,0.344941,1.000000,2.500000,0.650000,0.191052,0.146297,0.099827,0.033365,0.108928,0.020272,0.035100,0.204951,0.108789,0.023388,-0.144443,0.037303
117,-9.830940,9.384188,0.340591,0.068118,0.373108,1.000000,2.500000,0.650000,0.215640,0.151688,0.119192,0.037423,0.108570,0.022101,0.036311,0.197731,0.110535,0.028053,-0.147358,0.035111
118,-10.386708,11.977043,0.196100,0.039220,0.331199,1.000000,2.500000,0.650000,0.179038,0.144955,0.100026,0.029776,0.110131,0.014565,0.036944,0.190993,0.111500,0.020829,-0.141973,0.034358
119,-9.490976,,-0.488193,-0.097639,0.291763,1.000000,2.500000,0.650000,0.200099,0.153270,0.106683,0.037861,0.110897,0.024393,0.041497,0.160000,0.098374,0.019223,-0.140100,0.035757
120,-9.035654,5.577238,0.408385,0.081677,0.278511,1.000000,2.500000,0.650000,0.199081,0.146506,0.104093,0.027830,0.117547,0.010111,0.037862,0.192913,0.092678,0.010227,-0.145609,0.032823
121,-10.076174,10.553419,0.278266,0.055653,0.297060,1.000000,2.500000,0.650000,0.225212,0.144191,0.105434,0.039468,0.101277,0.030506,0.035501,0.199751,0.112202,0.014643,-0.155503,0.037785
122,-8.630720,3.797785,0.686836,0.137367,0.267879,1.000000,2.500000,0.650000,0.200453,0.146862,0.112935,0.035514,0.101204,0.016309,0.036601,0.203514,0.104781,0.010354,-0.141812,0.047087
123,-9.490105,,-0.052279,-0.010456,0.269300,1.000000,2.500000,0.650000,0.204644,0.146167,0.102351,0.037785,0.096084,0.017268,0.037723,0.178044,0.098033,0.014868,-0.137188,0.040215
124,-9.491104,,-0.551835,-0.110367,0.274692,1.000000,2.500000,0.650000,0.216203,0.147244,0.112795,0.039240,0.096374,0.017481,0.034421,0.179257,0.094380,0.026740,-0.139531,0.037785
125,-9.490490,,-0.245022,-0.049004,0.271062,1.000000,2.500000,0.650000,0.178693,0.153303,0.113672,0.032564,0.113710,0.013570,0.037758,0.182891,0.090717,0.012545,-0.151853,0.034845
126,-11.978134,20.015609,0.137934,0.027587,0.324716,1.000000,2.500000,0.650000,0.188418,0.142380,0.110791,0.035485,0.105505,0.026388,0.042492,0.186532,0.099137,0.026009,-0.159490,0.043500
127,-9.491459,,-0.729356,-0.145871,0.247918,1.000000,2.500000,0.650000,0.164729,0.151369,0.098775,0.032845,0.112590,0.022829,0.035559,0.199451,0.098728,0.017241,-0.127459,0.032876
128,-9.044712,5.648219,0.491487,0.098297,0.348055,1.000000,2.500000,0.650000,0.205702,0.143749,0.107439,0.039841,0.110911,0.015827,0.044071,0.178767,0.107218,0.012395,-0.138851,0.042156
129,-9.491270,,-0.635222,-0.127044,0.356344,1.000000,2.500000,0.650000,0.189890,0.139562,0.102216,0.028401,0.126109,0.009983,0.042561,0.194277,0.103704,0.011010,-0.134943,0.037650
130,-9.490745,,-0.372413,-0.074483,0.272865,1.000000,2.500000,0.650000,0.198160,0.149277,0.107186,0.039366,0.110263,0.018916,0.032584,0.201665,0.101812,0.015745,-0.142721,0.037892
131,-9.490771,,-0.385550,-0.077110,0.277376,1.000000,2.500000,0.650000,0.194656,0.153777,0.117609,0.039142,0.099573,0.019758,0.038304,0.178245,0.105011,0.010319,-0.140969,0.032289
132,-11.501579,17.515403,0.151289,0.030258,0.363315,1.000000,2.500000,0.650000,0.202187,0.143950,0.104483,0.026499,0.107666,0.007840,0.030195,0.168884,0.107781,0.014625,-0.137858,0.043965
133,-9.491101,,-0.550360,-0.110072,0.269481,1.000000,2.500000,0.650000,0.191410,0.148034,0.116044,0.034708,0.108180,0.017509,0.043859,0.207692,0.100361,0.012237,-0.143103,0.039779
134,-9.490230,,-0.115098,-0.023020,0.334613,1.000000,2.500000,0.650000,0.208453,0.152592,0.127610,0.027236,0.101465,0.016881,0.045119,0.192752,0.105632,0.016271,-0.130768,0.047720
135,-10.672379,13.606329,0.193898,0.038780,0.243826,1.000000,2.500000,0.650000,0.187790,0.141879,0.106592,0.037048,0.100870,0.016734,0.038216,0.204557,0.092393,0.017392,-0.146138,0.046248
136,-12.594108,22.971873,0.111762,0.022352,0.314193,1.000000,2.500000,0.650000,0.211643,0.147310,0.096338,0.023252,0.120923,0.008265,0.037422,0.166731,0.103888,0.010415,-0.139015,0.049953
137,-9.490391,,-0.195394,-0.039079,0.238655,1.000000,2.500000,0.650000,0.197502,0.142718,0.120427,0.039184,0.107764,0.026129,0.044307,0.198556,0.100609,0.017865,-0.142649,0.037172
138,-9.281219,6.733220,0.360515,0.072103,0.269514,1.000000,2.500000,0.650000,0.190411,0.147599,0.096494,0.039884,0.116559,0.020870,0.040258,0.186201,0.103035,0.017894,-0.134529,0.036504
139,-15.798385,38.997221,0.070283,0.014057,0.341686,1.000000,2.500000,0.650000,0.196030,0.157111,0.104860,0.035612,0.102400,0.012311,0.038678,0.191587,0.097941,0.010659,-0.142018,0.049200
140,-9.490594,,-0.296883,-0.059377,0.282559,1.000000,2.500000,0.650000,0.194260,0.148987,0.118685,0.038257,0.102228,0.007406,0.038780,0.185422,0.105274,0.010512,-0.148081,0.035438
141,-9.490567,,-0.283422,-0.056684,0.325258,1.000000,2.500000,0.650000,0.193119,0.136503,0.101864,0.027006,0.102442,0.011233,0.031614,0.191053,0.098894,0.019257,-0.134661,0.047461
142,-10.888335,14.563321,0.211766,0.042353,0.342138,1.000000,2.500000,0.650000,0.211306,0.144600,0.116951,0.039838,0.111205,0.024132,0.049004,0.193636,0.114549,0.015178,-0.135891,0.042565
143,-9.123179,6.121926,0.475657,0.095131,0.290780,1.000000,2.500000,0.650000,0.211891,0.133797,0.114073,0.039454,0.104598,0.017015,0.042679,0.188256,0.105779,0.011795,-0.145620,0.046764
144,-8.599586,3.607713,0.606541,0.121308,0.252174,1.000000,2.500000,0.650000,0.208435,0.141007,0.102954,0.037715,0.114293,0.025979,0.045341,0.185982,0.093252,0.014867,-0.134385,0.043488
145,-9.491132,,-0.566167,-0.113233,0.295865,1.000000,2.500000,0.650000,0.221775,0.153283,0.108597,0.039773,0.124515,0.012746,0.047361,0.185094,0.093389,0.013930,-0.143918,0.045313
146,-8.498503,3.284898,0.826235,0.165247,0.276762,1.000000,2.500000,0.650000,0.211051,0.128060,0.100786,0.039523,0.113808,0.003133,0.044289,0.200623,0.109492,0.016429,-0.126320,0.044071
147,-9.086372,5.849466,0.488267,0.097653,0.344815,1.000000,2.500000,0.650000,0.210428,0.133877,0.115779,0.035730,0.111093,0.017397,0.046183,0.183158,0.102758,0.017959,-0.150429,0.047695
148,-8.540418,3.386890,0.729061,0.145812,0.317361,1.000000,2.500000,0.650000,0.214198,0.148144,0.106375,0.037469,0.105165,0.017899,0.034851,0.183061,0.096361,0.012679,-0.131202,0.048703
149,-8.751220,4.415440,0.653669,0.130734,0.312736,1.000000,2.500000,0.650000,0.203182,0.136518,0.109421,0.033996,0.099942,0.018083,0.040350,0.196037,0.104173,0.010342,-0.141338,0.049897
150,-9.490449,,-0.224334,-0.044867,0.261845,1.000000,2.500000,0.650000,0.204331,0.144643,0.116784,0.036986,0.110790,0.022512,0.034806,0.197491,0.102719,0.013265,-0.148756,0.045716
151,-9.490212,,-0.106128,-0.021226,0.570206,1.000000,2.500000,0.650000,0.211902,0.146024,0.106511,0.039118,0.102660,0.015816,0.052011,0.182837,0.099734,0.012230,-0.121209,0.048450
152,-9.490459,,-0.229279,-0.045856,0.281418,1.000000,2.500000,0.650000,0.200147,0.145659,0.119685,0.039942,0.116104,0.020554,0.042555,0.179834,0.099725,0.013573,-0.133107,0.048381
153,-11.028521,15.244274,0.207452,0.041490,0.380129,1.000000,2.500000,0.650000,0.212257,0.145936,0.115194,0.031089,0.110092,0.014697,0.043212,0.196568,0.106495,0.011460,-0.137963,0.041133
154,-9.178220,6.239697,0.454188,0.090838,0.348221,1.000000,2.500000,0.650000,0.212748,0.136702,0.110080,0.037660,0.104663,0.021797,0.037266,0.193764,0.114497,0.013300,-0.136129,0.042689
155,-9.490395,,-0.197387,-0.039477,0.417259,1.000000,2.500000,0.650000,0.235430,0.146484,0.107759,0.028596,0.113954,0.013189,0.036475,0.201270,0.106784,0.013254,-0.121827,0.049890
156,-10.000000,,-0.158129,-0.031626,0.467538,0.000000,2.500000,0.650000,0.207998,0.150283,0.118981,0.040000,0.109421,0.015870,0.049595,0.194690,0.104429,0.012097,-0.138794,0.049725
157,-8.706388,4.177500,0.673043,0.134609,0.332662,1.000000,2.500000,0.650000,0.218422,0.144685,0.096529,0.033598,0.110693,0.016435,0.042884,0.176562,0.105437,0.014528,-0.122389,0.049975
158,-9.902227,9.818793,0.270025,0.054005,0.314873,1.000000,2.500000,0.650000,0.198921,0.129680,0.097276,0.036309,0.103929,0.003822,0.040060,0.193160,0.094699,0.010103,-0.121326,0.049610
159,-9.086279,5.832975,0.449350,0.089870,0.285426,1.000000,2.500000,0.650000,0.222193,0.124382,0.101591,0.040000,0.112321,0.013132,0.043944,0.195547,0.110054,0.012135,-0.136657,0.047540
160,-9.490042,,-0.020918,-0.004184,0.299142,1.000000,2.500000,0.650000,0.218714,0.128477,0.097838,0.025208,0.097141,0.013703,0.035563,0.192930,0.102565,0.023977,-0.125733,0.049825
161,-9.607312,8.360211,0.325815,0.065163,0.253152,1.000000,2.500000,0.650000,0.210935,0.134834,0.102119,0.036703,0.112575,0.017248,0.034114,0.202321,0.104559,0.013071,-0.139200,0.042696
162,-10.000000,,-0.260389,-0.052078,2.719194,0.000000,2.500000,0.650000,0.220857,0.132783,0.110368,0.039213,0.111992,0.011443,0.046137,0.182757,0.103110,0.012774,-0.127493,0.042847
163,-24.543313,82.719728,0.035898,0.007180,0.336556,1.000000,2.500000,0.650000,0.196410,0.142659,0.100182,0.031505,0.118031,0.004290,0.042780,0.212010,0.094990,0.010225,-0.129082,0.049369
164,-8.297300,2.530649,1.004452,0.200890,0.271594,1.000000,2.500000,0.650000,0.192727,0.128754,0.106946,0.039584,0.110101,0.018430,0.043621,0.197251,0.106742,0.013828,-0.138413,0.045068
165,-9.490310,,-0.155141,-0.031028,0.342759,1.000000,2.500000,0.650000,0.211223,0.138668,0.110034,0.030221,0.114637,0.012213,0.043459,0.197464,0.101930,0.013729,-0.131213,0.044026
166,-14.749093,33.632504,0.079329,0.015866,0.292462,1.000000,2.500000,0.650000,0.207813,0.132587,0.096974,0.029552,0.115541,0.010431,0.049233,0.192131,0.109026,0.019453,-0.127124,0.040947
167,-9.260989,6.681117,0.414624,0.082925,0.320689,1.000000,2.500000,0.650000,0.221413,0.120381,0.107283,0.038521,0.114732,0.002167,0.041817,0.202561,0.109218,0.012639,-0.140128,0.048114
168,-9.490145,,-0.072428,-0.014486,0.319800,1.000000,2.500000,0.650000,0.224257,0.133564,0.107114,0.029367,0.105613,0.029651,0.045561,0.188307,0.098947,0.024616,-0.127744,0.044084
169,-8.360423,2.654726,0.838334,0.167667,0.248942,1.000000,2.500000,0.650000,0.190303,0.131919,0.102341,0.033005,0.120107,0.015099,0.039340,0.205870,0.099751,0.011980,-0.137663,0.040928
170,-9.539324,8.007648,0.332798,0.066560,0.303632,1.000000,2.500000,0.650000,0.208401,0.120493,0.096562,0.030452,0.123523,0.015872,0.038134,0.194292,0.100393,0.014636,-0.135445,0.049994
171,-9.246161,6.589194,0.359924,0.071985,0.282805,1.000000,2.500000,0.650000,0.207309,0.121516,0.096400,0.029653,0.100785,0.016307,0.046389,0.181030,0.105977,0.012216,-0.138963,0.046024
172,-9.053019,5.739815,0.408919,0.081784,0.229742,1.000000,2.500000,0.650000,0.208338,0.122920,0.097065,0.036019,0.096332,0.018448,0.041833,0.188410,0.100959,0.013194,-0.131938,0.049416
173,-8.428381,3.031251,0.913983,0.182797,0.367799,1.000000,2.500000,0.650000,0.199979,0.138550,0.101208,0.035875,0.100255,0.021812,0.045099,0.189423,0.104874,0.015640,-0.127967,0.044291
174,-11.718094,18.736622,0.138762,0.027752,0.237854,1.000000,2.500000,0.650000,0.217077,0.120002,0.096215,0.036108,0.118857,0.018993,0.043359,0.195142,0.099676,0.011701,-0.128021,0.049972
175,-8.792695,4.596141,0.545788,0.109158,0.254286,1.000000,2.500000,0.650000,0.195006,0.124629,0.100121,0.036595,0.106312,0.010406,0.048471,0.197646,0.100888,0.014734,-0.123355,0.045844
176,-9.490218,,-0.109112,-0.021822,0.307035,1.000000,2.500000,0.650000,0.223721,0.131642,0.103537,0.029328,0.110960,0.010764,0.054945,0.177997,0.107807,0.012862,-0.125251,0.049935
177,-12.943242,24.772190,0.076415,0.015283,0.235442,1.000000,2.500000,0.650000,0.178709,0.129048,0.101991,0.036597,0.105599,0.024692,0.038529,0.203502,0.091173,0.010407,-0.119898,0.046102
178,-9.451820,7.553488,0.338467,0.067693,0.322972,1.000000,2.500000,0.650000,0.199426,0.140806,0.108345,0.039992,0.107852,0.017085,0.046230,0.162182,0.102917,0.014892,-0.122275,0.045731
179,-10.659311,13.495783,0.204314,0.040863,0.272073,1.000000,2.500000,0.650000,0.206056,0.129687,0.105858,0.028035,0.111879,0.018228,0.045682,0.194487,0.099931,0.010106,-0.138593,0.047992
180,-9.066854,5.847334,0.472250,0.094450,0.322855,1.000000,2.500000,0.650000,0.193815,0.137219,0.100276,0.038521,0.118312,0.015972,0.046041,0.206872,0.098681,0.019618,-0.139486,0.035160
181,-8.262391,2.286639,0.989711,0.197942,0.310047,1.000000,2.500000,0.650000,0.207591,0.128498,0.102403,0.030668,0.120879,0.016972,0.050992,0.197214,0.094964,0.020355,-0.140274,0.039084
182,-9.132568,5.969394,0.387127,0.077425,0.273335,1.000000,2.500000,0.650000,0.203532,0.126017,0.097954,0.030467,0.109809,0.011667,0.048605,0.172279,0.110726,0.011018,-0.140416,0.041211
183,-8.676095,4.050828,0.636859,0.127372,0.278959,1.000000,2.500000,0.650000,0.203848,0.125157,0.096069,0.039039,0.100464,0.012168,0.047964,0.197543,0.108232,0.011025,-0.121179,0.047164
184,-10.000000,,-0.394618,-0.078924,1.568550,0.000000,2.500000,0.650000,0.179364,0.139764,0.105947,0.039886,0.104703,0.016703,0.051806,0.204956,0.108421,0.017803,-0.125462,0.037852
185,-9.522809,7.963224,0.340700,0.068140,0.280953,1.000000,2.500000,0.650000,0.193787,0.129558,0.100529,0.021768,0.114568,0.022870,0.043111,0.205653,0.105692,0.012499,-0.130258,0.049511
186,-11.136695,15.934301,0.157993,0.031599,0.211451,1.000000,2.500000,0.650000,0.208412,0.122185,0.103301,0.038947,0.102934,0.018638,0.045611,0.193499,0.096987,0.011263,-0.125317,0.046525
187,-9.996764,5.026071,0.323636,0.064727,2.078388,0.000000,2.500000,0.650000,0.216807,0.126085,0.099083,0.039411,0.114944,0.019352,0.046607,0.195645,0.107050,0.012569,-0.135771,0.046935
188,-10.000000,,-0.425462,-0.085092,2.786603,0.000000,2.500000,0.650000,0.201398,0.131919,0.101755,0.035046,0.113685,0.015117,0.051211,0.200273,0.105659,0.010767,-0.139339,0.043895
189,-10.000000,,-0.316537,-0.063307,2.714413,0.000000,2.500000,0.650000,0.202398,0.132781,0.101229,0.031863,0.102576,0.012234,0.047321,0.196692,0.100927,0.010091,-0.125879,0.045269
190,-10.000000,,-0.234772,-0.046954,2.709473,0.000000,2.500000,0.650000,0.199518,0.122274,0.096866,0.035718,0.109201,0.012789,0.055849,0.206352,0.101411,0.011663,-0.123015,0.049942
191,-8.429865,2.880964,0.741358,0.148272,0.248327,1.000000,2.500000,0.650000,0.194018,0.137166,0.105751,0.029595,0.109425,0.022837,0.044669,0.180063,0.096468,0.018237,-0.131576,0.037659
192,-8.456532,2.976689,0.660034,0.132007,0.226113,1.000000,2.500000,0.650000,0.194621,0.123417,0.103938,0.039939,0.108732,0.018986,0.034411,0.188763,0.094017,0.013214,-0.135997,0.042218
193,-10.192559,11.216710,0.256912,0.051382,0.334191,1.000000,2.500000,0.650000,0.208736,0.140873,0.096211,0.037815,0.105853,0.014132,0.045020,0.183392,0.098813,0.013527,-0.137559,0.044005
194,-8.313278,2.489112,0.915057,0.183011,0.253669,1.000000,2.500000,0.650000,0.200214,0.139375,0.096007,0.032790,0.115446,0.019030,0.046737,0.202828,0.089629,0.017484,-0.139273,0.040997
195,-8.151025,1.941337,1.193294,0.238659,0.302993,1.000000,2.500000,0.650000,0.199697,0.128262,0.097028,0.036533,0.112951,0.014962,0.054293,0.206249,0.097943,0.016311,-0.143605,0.038420
196,-10.000000,,-0.360554,-0.072111,2.865389,0.000000,2.500000,0.650000,0.217758,0.140707,0.097786,0.035344,0.117229,0.017578,0.054288,0.187821,0.098150,0.013384,-0.121360,0.049284
197,-8.724278,4.144122,0.552203,0.110441,0.247327,1.000000,2.500000,0.650000,0.214606,0.131576,0.109963,0.032397,0.114124,0.016356,0.052377,0.192948,0.093065,0.014116,-0.143318,0.040306
198,-8.860593,4.955914,0.511258,0.102252,0.234351,1.000000,2.500000,0.650000,0.191153,0.123927,0.099523,0.039354,0.110489,0.009312,0.046869,0.205433,0.103476,0.010349,-0.135082,0.042971
199,-8.307881,2.636116,0.958889,0.191778,0.205357,1.000000,2.500000,0.650000,0.179404,0.128291,0.101754,0.029897,0.113654,0.023893,0.062825,0.194295,0.094991,0.015833,-0.153475,0.043886
200,-10.000000,,-0.160176,-0.032035,2.709191,0.000000,2.500000,0.650000,0.203746,0.121849,0.101999,0.037642,0.118444,0.014983,0.062253,0.200812,0.100367,0.013035,-0.150506,0.046505
201,-19.956076,59.749907,0.031839,0.006368,0.245112,1.000000,2.500000,0.650000,0.190402,0.123990,0.102064,0.032751,0.105784,0.020233,0.042459,0.205001,0.093909,0.015909,-0.144239,0.041236
202,-8.943650,5.171780,0.395981,0.079196,0.225413,1.000000,2.500000,0.650000,0.183772,0.130136,0.098327,0.034184,0.114145,0.018885,0.046352,0.198944,0.093397,0.020524,-0.137275,0.041978
203,-9.500456,7.908503,0.302756,0.060551,0.206925,1.000000,2.500000,0.650000,0.209304,0.123657,0.097304,0.036656,0.120506,0.018947,0.055279,0.188052,0.098942,0.014617,-0.132203,0.034689
204,-12.478181,22.621549,0.117248,0.023450,0.250649,1.000000,2.500000,0.650000,0.208755,0.120535,0.098970,0.030787,0.107760,0.015087,0.047881,0.202961,0.097374,0.019851,-0.127884,0.037691
205,-8.814388,4.628887,0.566115,0.113223,0.312503,1.000000,2.500000,0.650000,0.198107,0.132217,0.099530,0.031881,0.122702,0.017697,0.047207,0.200718,0.104155,0.012860,-0.134095,0.034213
206,-12.453140,22.273334,0.086337,0.017267,0.252362,1.000000,2.500000,0.650000,0.194473,0.132919,0.102076,0.035733,0.112582,0.025410,0.046069,0.203733,0.093576,0.013211,-0.137610,0.036980
207,-9.140598,6.221241,0.448253,0.089651,0.280158,1.000000,2.500000,0.650000,0.206420,0.124891,0.097317,0.035391,0.118293,0.020327,0.054404,0.209347,0.096341,0.018882,-0.138583,0.044444
208,-19.596448,57.996267,0.031575,0.006315,0.236283,1.000000,2.500000,0.650000,0.214524,0.120355,0.099866,0.036969,0.110058,0.020055,0.049299,0.186789,0.091570,0.011971,-0.147421,0.041183
209,-9.346009,7.026694,0.286293,0.057259,0.250241,1.000000,2.500000,0.650000,0.192572,0.131352,0.103019,0.039787,0.105865,0.012942,0.049185,0.189009,0.093613,0.012537,-0.139949,0.037794
210,-9.490397,,-0.198357,-0.039671,0.253180,1.000000,2.500000,0.650000,0.191714,0.143392,0.105369,0.037708,0.123638,0.021908,0.060553,0.188360,0.092925,0.013022,-0.142605,0.036839
211,-9.490648,,-0.324038,-0.064808,0.230839,1.000000,2.500000,0.650000,0.190117,0.136112,0.099683,0.028634,0.118810,0.019320,0.051022,0.196607,0.091221,0.017719,-0.140022,0.031567
212,-9.490898,,-0.449206,-0.089841,0.211580,1.000000,2.500000,0.650000,0.174567,0.125970,0.102622,0.038932,0.117103,0.019593,0.050945,0.192908,0.098724,0.012042,-0.150496,0.038808
213,-9.490162,,-0.081116,-0.016223,0.260233,1.000000,2.500000,0.650000,0.178482,0.138758,0.096038,0.034036,0.125378,0.021132,0.053274,0.206273,0.087189,0.010255,-0.145742,0.036502
214,-8.318611,2.646561,1.005316,0.201063,0.323047,1.000000,2.500000,0.650000,0.191200,0.135338,0.099773,0.039244,0.107257,0.024963,0.057071,0.187774,0.104940,0.019283,-0.136934,0.044747
215,-8.865095,4.821257,0.485945,0.097189,0.268873,1.000000,2.500000,0.650000,0.192008,0.120305,0.111987,0.030902,0.111345,0.021756,0.051397,0.168733,0.108585,0.015598,-0.138980,0.046116
216,-9.580516,8.151344,0.328665,0.065733,0.340728,1.000000,2.500000,0.650000,0.187283,0.145865,0.109192,0.036533,0.117825,0.015375,0.043220,0.195397,0.105950,0.016669,-0.148972,0.038924
217,-9.212114,6.530234,0.399512,0.079902,0.230276,1.000000,2.500000,0.650000,0.190835,0.138892,0.104843,0.035579,0.127551,0.025305,0.057939,0.202415,0.093160,0.017063,-0.145999,0.039927
218,-8.924808,5.270278,0.466174,0.093235,0.198967,1.000000,2.500000,0.650000,0.178287,0.123957,0.102859,0.031760,0.119551,0.022271,0.053646,0.215036,0.096258,0.012300,-0.146347,0.048117
219,-11.071255,15.555251,0.185253,0.037051,0.291335,1.000000,2.500000,0.650000,0.206685,0.124737,0.097581,0.035738,0.112542,0.015469,0.056395,0.216485,0.098556,0.013928,-0.144135,0.044766
220,-8.616276,3.817901,0.641300,0.128260,0.217031,1.000000,2.500000,0.650000,0.192983,0.123320,0.102607,0.033779,0.111030,0.026159,0.054527,0.189090,0.105571,0.014099,-0.137598,0.041063
221,-8.866998,4.858829,0.470945,0.094189,0.245228,1.000000,2.500000,0.650000,0.191089,0.133654,0.100455,0.039990,0.102246,0.031972,0.040371,0.176517,0.100642,0.015173,-0.144403,0.047656
222,-9.037538,5.737183,0.450165,0.090033,0.211569,1.000000,2.500000,0.650000,0.191549,0.125650,0.098869,0.038949,0.099072,0.033016,0.056793,0.189649,0.103539,0.019713,-0.143403,0.047977
223,-8.316820,2.547425,0.967631,0.193526,0.303636,1.000000,2.500000,0.650000,0.190711,0.129144,0.097024,0.036382,0.107441,0.020322,0.054245,0.175491,0.107142,0.018492,-0.138062,0.046217
224,-10.000000,,-0.463803,-0.092761,2.760640,0.000000,2.500000,0.650000,0.187684,0.130965,0.105412,0.031785,0.118924,0.022239,0.060757,0.200712,0.097556,0.016468,-0.138924,0.043292
225,-9.839152,9.380527,0.277217,0.055443,0.302933,1.000000,2.500000,0.650000,0.196240,0.147394,0.101775,0.032371,0.112584,0.018637,0.044444,0.180081,0.110993,0.010250,-0.134069,0.049680
226,-10.000000,,-0.178683,-0.035737,2.633022,0.000000,2.500000,0.650000,0.184485,0.134105,0.110854,0.034315,0.106939,0.024110,0.052926,0.212865,0.105460,0.017138,-0.150500,0.040304
227,-9.158499,6.138113,0.422242,0.084448,0.320191,1.000000,2.500000,0.650000,0.185804,0.133862,0.109396,0.037408,0.105246,0.026713,0.055488,0.187806,0.112738,0.012853,-0.138611,0.045320
228,-9.160642,6.161993,0.450198,0.090040,0.370561,1.000000,2.500000,0.650000,0.197885,0.140869,0.106136,0.038132,0.123318,0.014019,0.056657,0.181180,0.100741,0.016522,-0.131341,0.049829
229,-8.622567,3.857473,0.736829,0.147366,0.285071,1.000000,2.500000,0.650000,0.203477,0.141159,0.107671,0.037996,0.107155,0.024011,0.051105,0.191806,0.100482,0.019484,-0.136112,0.038868
230,-9.540642,7.995640,0.265028,0.053006,0.235097,1.000000,2.500000,0.650000,0.178789,0.131044,0.103662,0.039978,0.112276,0.027948,0.047361,0.186778,0.107674,0.010017,-0.138560,0.041483
231,-10.395581,12.241287,0.223803,0.044761,0.233706,1.000000,2.500000,0.650000,0.205001,0.130338,0.115501,0.033737,0.114668,0.019931,0.048402,0.197356,0.094926,0.012845,-0.147505,0.040693
232,-9.789538,9.341605,0.267303,0.053461,0.213040,1.000000,2.500000,0.650000,0.186417,0.134703,0.096058,0.033245,0.114379,0.035451,0.048525,0.194749,0.098689,0.021114,-0.135472,0.042499
233,-8.177295,2.097878,1.146788,0.229358,0.236498,1.000000,2.500000,0.650000,0.192191,0.129909,0.096009,0.036801,0.106549,0.025613,0.056299,0.173431,0.109551,0.013155,-0.150753,0.040396
234,-9.490587,,-0.293439,-0.058688,0.337324,1.000000,2.500000,0.650000,0.195646,0.136074,0.096550,0.035725,0.105595,0.019921,0.050608,0.186831,0.108453,0.017838,-0.131280,0.042474
235,-8.839932,4.913649,0.513779,0.102756,0.190003,1.000000,2.500000,0.650000,0.196633,0.120560,0.097465,0.033532,0.106972,0.021957,0.053179,0.205830,0.094241,0.017805,-0.151364,0.047309
236,-9.231277,6.593661,0.384349,0.076870,0.245519,1.000000,2.500000,0.650000,0.199398,0.126102,0.107653,0.037698,0.110183,0.018994,0.045705,0.192563,0.101057,0.020435,-0.138960,0.043264
237,-9.723745,8.946825,0.283645,0.056729,0.238610,1.000000,2.500000,0.650000,0.198382,0.136458,0.102417,0.037683,0.100468,0.025977,0.044547,0.180026,0.096363,0.017011,-0.143208,0.044768
238,-8.975005,5.392248,0.512699,0.102540,0.322203,1.000000,2.500000,0.650000,0.195990,0.131616,0.101068,0.028899,0.096336,0.024234,0.050587,0.182930,0.108409,0.012938,-0.133293,0.040855
239,-8.592015,3.688924,0.629233,0.125847,0.215140,1.000000,2.500000,0.650000,0.192968,0.127270,0.099746,0.034124,0.102429,0.027580,0.053843,0.168583,0.098564,0.019382,-0.154301,0.043041
240,-8.496812,3.136738,0.650393,0.130079,0.244499,1.000000,2.500000,0.650000,0.189828,0.120048,0.096216,0.038864,0.100373,0.027189,0.060894,0.172201,0.112174,0.016005,-0.140340,0.045869
241,-8.272193,2.459650,1.011612,0.202322,0.225137,1.000000,2.500000,0.650000,0.193491,0.125789,0.098063,0.039220,0.116200,0.031036,0.054140,0.184227,0.112624,0.021234,-0.140413,0.042595
242,-8.578911,3.508782,0.630775,0.126155,0.245813,1.000000,2.500000,0.650000,0.187963,0.121705,0.111142,0.039969,0.099926,0.035570,0.051493,0.175900,0.113155,0.022437,-0.132433,0.040661
243,-8.483055,3.240318,0.780305,0.156061,0.251961,1.000000,2.500000,0.650000,0.196544,0.129295,0.102370,0.038272,0.099731,0.032058,0.057841,0.177422,0.109859,0.024504,-0.147646,0.040747
244,-9.252727,6.504657,0.344887,0.068977,0.281926,1.000000,2.500000,0.650000,0.192905,0.132152,0.096385,0.034961,0.107044,0.030377,0.053371,0.180640,0.116505,0.016490,-0.154378,0.046791
245,-8.617059,3.713550,0.717109,0.143422,0.334971,1.000000,2.500000,0.650000,0.198878,0.135547,0.103347,0.039017,0.110878,0.023984,0.061779,0.171473,0.109527,0.021640,-0.147406,0.043689
246,-8.523215,3.255644,0.741645,0.148329,0.375525,1.000000,2.500000,0.650000,0.195467,0.134897,0.098719,0.033901,0.115218,0.020142,0.056688,0.181156,0.110567,0.015228,-0.134580,0.041644
247,-8.533411,3.511310,0.736574,0.147315,0.220697,1.000000,2.500000,0.650000,0.187347,0.120342,0.108704,0.034252,0.096339,0.025974,0.053958,0.198670,0.114016,0.019214,-0.153064,0.040440
248,-8.265927,2.406428,1.051317,0.210263,0.251415,1.000000,2.500000,0.650000,0.198501,0.120755,0.102814,0.039820,0.104900,0.031846,0.060284,0.161633,0.112395,0.024812,-0.142250,0.049257
249,-9.611980,8.226691,0.291197,0.058239,0.312450,1.000000,2.500000,0.650000,0.194148,0.132434,0.096099,0.024565,0.114312,0.030533,0.052598,0.161130,0.112579,0.019504,-0.144241,0.049438
250,-8.483007,3.017230,0.616213,0.123243,0.251508,1.000000,2.500000,0.650000,0.192552,0.120210,0.096001,0.033495,0.112225,0.025835,0.051034,0.169632,0.115472,0.012353,-0.149266,0.047660
251,-8.230569,2.270501,1.095839,0.219168,0.255807,1.000000,2.500000,0.650000,0.191148,0.141588,0.098397,0.038525,0.102420,0.028236,0.052661,0.172350,0.103192,0.021491,-0.137395,0.037188
252,-8.601715,3.711310,0.713787,0.142757,0.282797,1.000000,2.500000,0.650000,0.192427,0.140734,0.096476,0.033387,0.098882,0.023646,0.051966,0.188598,0.096094,0.019622,-0.136726,0.043724
253,-12.050492,20.319299,0.082274,0.016455,0.234110,1.000000,2.500000,0.650000,0.180466,0.120308,0.096116,0.035122,0.104553,0.039923,0.045059,0.192628,0.105973,0.026922,-0.139966,0.038630
254,-8.834833,4.725962,0.513333,0.102667,0.278502,1.000000,2.500000,0.650000,0.203680,0.120055,0.103707,0.034805,0.110786,0.029989,0.053881,0.168703,0.106972,0.020276,-0.151642,0.041790
255,-8.303210,2.437465,0.962788,0.192558,0.259706,1.000000,2.500000,0.650000,0.206281,0.131165,0.100137,0.039295,0.111163,0.035675,0.053874,0.167563,0.110687,0.020176,-0.132647,0.042359
256,-10.727449,13.706178,0.194153,0.038831,0.311333,1.000000,2.500000,0.650000,0.196329,0.140312,0.096183,0.031429,0.102526,0.027514,0.060678,0.177943,0.112457,0.015428,-0.141967,0.036196
257,-8.729098,4.072197,0.483523,0.096705,0.260152,1.000000,2.500000,0.650000,0.181150,0.131699,0.096914,0.035707,0.096319,0.028906,0.054817,0.176053,0.115115,0.014762,-0.135372,0.043840
258,-8.531639,3.345576,0.683779,0.136756,0.284524,1.000000,2.500000,0.650000,0.198245,0.123085,0.099293,0.034971,0.108583,0.020730,0.052232,0.174535,0.105170,0.015762,-0.160630,0.039658
259,-8.359381,2.698576,0.908045,0.181609,0.293637,1.000000,2.500000,0.650000,0.189440,0.134379,0.106551,0.033142,0.105748,0.035270,0.051618,0.160403,0.107915,0.024142,-0.147680,0.038962
260,-8.473903,3.045953,0.715446,0.143089,0.283659,1.000000,2.500000,0.650000,0.190254,0.136070,0.096545,0.033580,0.101660,0.029712,0.049991,0.170141,0.113589,0.017515,-0.139674,0.040988
261,-8.344774,2.725872,0.985831,0.197166,0.271025,1.000000,2.500000,0.650000,0.191491,0.138766,0.099973,0.035204,0.104231,0.016764,0.055742,0.175620,0.102479,0.025512,-0.130414,0.037515
262,-9.744789,8.944070,0.243862,0.048772,0.250993,1.000000,2.500000,0.650000,0.174034,0.139391,0.102786,0.037574,0.104226,0.032919,0.068279,0.160696,0.110068,0.016762,-0.139260,0.029539
263,-8.314776,2.518525,0.999463,0.199893,0.294612,1.000000,2.500000,0.650000,0.202973,0.138283,0.096260,0.039504,0.096264,0.029454,0.056297,0.162946,0.110054,0.026296,-0.140537,0.037245
264,-8.818875,4.635680,0.532041,0.106408,0.256607,1.000000,2.500000,0.650000,0.199099,0.139381,0.104337,0.034587,0.105541,0.026622,0.047038,0.165474,0.098055,0.018796,-0.139367,0.037136
265,-10.000000,,-0.331531,-0.066306,2.584549,0.000000,2.500000,0.650000,0.193518,0.138272,0.106060,0.035547,0.117407,0.027953,0.056179,0.175797,0.103942,0.023692,-0.138857,0.037874
266,-8.224485,2.276161,1.116328,0.223266,0.264103,1.000000,2.500000,0.650000,0.189467,0.136426,0.098011,0.037287,0.099928,0.034923,0.062082,0.164856,0.106402,0.024888,-0.131177,0.049270
267,-9.873567,9.447295,0.235221,0.047044,0.278352,1.000000,2.500000,0.650000,0.214937,0.129159,0.102640,0.039976,0.103690,0.021510,0.043955,0.166177,0.114439,0.022270,-0.123044,0.038079
268,-8.451640,3.034057,0.790677,0.158135,0.269450,1.000000,2.500000,0.650000,0.185395,0.129943,0.105125,0.039367,0.104945,0.028042,0.052028,0.168679,0.116023,0.022171,-0.126322,0.049213
269,-8.377204,2.660271,0.878526,0.175705,0.284199,1.000000,2.500000,0.650000,0.198374,0.133623,0.104091,0.036439,0.105379,0.034683,0.053306,0.163743,0.117743,0.024871,-0.138788,0.046700
270,-8.332219,2.505901,0.847817,0.169563,0.245711,1.000000,2.500000,0.650000,0.193848,0.126760,0.101397,0.039280,0.103135,0.029963,0.052015,0.167842,0.111693,0.017365,-0.140291,0.041466
271,-8.325827,2.621222,1.031190,0.206238,0.326426,1.000000,2.500000,0.650000,0.212203,0.127138,0.103225,0.036114,0.109936,0.026957,0.058409,0.172268,0.114274,0.017005,-0.138924,0.036629
272,-8.569628,3.609923,0.805413,0.161083,0.291641,1.000000,2.500000,0.650000,0.206264,0.131427,0.111548,0.031989,0.101526,0.035759,0.058802,0.179803,0.112654,0.027786,-0.144765,0.033461
273,-8.361068,2.649809,0.845473,0.169095,0.250946,1.000000,2.500000,0.650000,0.206073,0.127741,0.096314,0.037672,0.117866,0.030158,0.048890,0.164909,0.111017,0.022788,-0.138285,0.038115
274,-8.394699,2.852827,0.844575,0.168915,0.250305,1.000000,2.500000,0.650000,0.199417,0.124547,0.103558,0.038217,0.096095,0.034042,0.048558,0.167557,0.108162,0.025073,-0.135064,0.046563
275,-10.000000,,-0.440711,-0.088142,2.871969,0.000000,2.500000,0.650000,0.197992,0.149227,0.106073,0.038241,0.103910,0.025189,0.054259,0.169716,0.109507,0.019108,-0.138956,0.038779
276,-8.469331,3.046180,0.739188,0.147838,0.278065,1.000000,2.500000,0.650000,0.203187,0.128506,0.096663,0.034816,0.096612,0.027475,0.047034,0.164717,0.113270,0.025209,-0.121094,0.039520
277,-8.559166,3.393429,0.593727,0.118745,0.242354,1.000000,2.500000,0.650000,0.184517,0.125544,0.098748,0.039471,0.103340,0.029021,0.062005,0.169571,0.107748,0.017405,-0.151039,0.039774
278,-8.468788,3.168463,0.791359,0.158272,0.273523,1.000000,2.500000,0.650000,0.194025,0.126810,0.096973,0.035282,0.106843,0.023083,0.062012,0.171515,0.118334,0.017776,-0.141101,0.040217
279,-8.612970,3.601580,0.564952,0.112990,0.256653,1.000000,2.500000,0.650000,0.197554,0.124445,0.096416,0.039720,0.106618,0.031756,0.057908,0.164094,0.113452,0.014581,-0.144158,0.047836
280,-8.787778,4.459301,0.506041,0.101208,0.250021,1.000000,2.500000,0.650000,0.206087,0.120459,0.101757,0.036977,0.101887,0.024956,0.061522,0.160627,0.107169,0.011292,-0.144645,0.045434
281,-8.323757,2.453718,0.881416,0.176283,0.275477,1.000000,2.500000,0.650000,0.200020,0.129043,0.097612,0.037780,0.114421,0.038925,0.056417,0.167760,0.111871,0.023734,-0.145835,0.044035
282,-13.478858,27.273440,0.097335,0.019467,0.339269,1.000000,2.500000,0.650000,0.209748,0.146352,0.096790,0.031796,0.107014,0.030683,0.058586,0.167648,0.109837,0.026575,-0.138106,0.029419
283,-8.750098,4.419914,0.575969,0.115194,0.247703,1.000000,2.500000,0.650000,0.198964,0.120227,0.100179,0.036588,0.109528,0.024885,0.062078,0.169042,0.103466,0.019083,-0.134082,0.038135
284,-9.157851,6.149909,0.371212,0.074242,0.264117,1.000000,2.500000,0.650000,0.199851,0.141212,0.096079,0.037100,0.103527,0.033142,0.044063,0.160599,0.113349,0.016195,-0.140173,0.038613
285,-8.339202,2.629510,0.876299,0.175260,0.233424,1.000000,2.500000,0.650000,0.191407,0.131529,0.096014,0.039573,0.107895,0.036173,0.060544,0.161132,0.106099,0.022479,-0.138001,0.041467
286,-8.409846,2.885740,0.771676,0.154335,0.229506,1.000000,2.500000,0.650000,0.181982,0.129746,0.096049,0.039691,0.099970,0.036083,0.057499,0.167456,0.114548,0.018633,-0.145466,0.045673
287,-8.283796,2.462706,1.018718,0.203744,0.266756,1.000000,2.500000,0.650000,0.193347,0.126728,0.100430,0.038412,0.112901,0.038728,0.055701,0.170829,0.116727,0.030753,-0.145431,0.046123
288,-8.282476,2.455832,1.070544,0.214109,0.261995,1.000000,2.500000,0.650000,0.203073,0.122537,0.099987,0.034308,0.106503,0.039379,0.062786,0.168430,0.119392,0.025811,-0.150551,0.049775
289,-8.294876,2.273665,0.821387,0.164277,0.246618,1.000000,2.500000,0.650000,0.185598,0.120784,0.100005,0.037225,0.111557,0.035812,0.061881,0.160945,0.111231,0.018222,-0.148050,0.042114
290,-9.542429,7.926990,0.295538,0.059108,0.266475,1.000000,2.500000,0.650000,0.193527,0.121429,0.102276,0.025286,0.106854,0.032136,0.059864,0.160147,0.114754,0.012671,-0.132235,0.048412
291,-8.251507,2.265489,1.035935,0.207187,0.256671,1.000000,2.500000,0.650000,0.191629,0.127404,0.099112,0.031673,0.113937,0.035715,0.063313,0.162967,0.108750,0.021157,-0.143434,0.045116
292,-8.818630,4.718599,0.509853,0.101971,0.208160,1.000000,2.500000,0.650000,0.189586,0.120059,0.103447,0.037363,0.112274,0.038779,0.056716,0.171708,0.100942,0.024346,-0.150766,0.047976
293,-8.482139,3.175763,0.672927,0.134585,0.218277,1.000000,2.500000,0.650000,0.180281,0.123290,0.096214,0.039196,0.108404,0.036142,0.055385,0.169782,0.114492,0.017870,-0.146836,0.042452
294,-8.749955,4.287212,0.552434,0.110487,0.249354,1.000000,2.500000,0.650000,0.195358,0.130258,0.102570,0.033290,0.118019,0.036890,0.056118,0.172711,0.105455,0.018249,-0.156083,0.041548
295,-8.339638,2.580938,0.908294,0.181659,0.270500,1.000000,2.500000,0.650000,0.189864,0.138006,0.096043,0.032132,0.108236,0.038292,0.050374,0.176514,0.102899,0.027767,-0.140504,0.048731
296,-8.683722,3.916111,0.542892,0.108578,0.256636,1.000000,2.500000,0.650000,0.202909,0.123988,0.101039,0.038117,0.103505,0.035885,0.053294,0.171778,0.112297,0.014312,-0.135934,0.049325
297,-8.299451,2.495029,0.942470,0.188494,0.231135,1.000000,2.500000,0.650000,0.191739,0.120084,0.097375,0.033970,0.096554,0.028091,0.063725,0.162376,0.112528,0.018584,-0.134385,0.049209
298,-8.144121,2.132572,1.377049,0.275410,0.237442,1.000000,2.500000,0.650000,0.211502,0.121083,0.097892,0.039639,0.110612,0.032585,0.068903,0.163811,0.114202,0.033913,-0.141169,0.039807
299,-8.389485,2.719874,0.789462,0.157892,0.247564,1.000000,2.500000,0.650000,0.192034,0.123842,0.101579,0.037750,0.102065,0.034268,0.058255,0.170670,0.116649,0.020202,-0.150494,0.049983
300,-8.170918,2.096999,1.228754,0.245751,0.251495,1.000000,2.500000,0.650000,0.202251,0.126373,0.099206,0.038230,0.109956,0.029008,0.068735,0.163494,0.116365,0.031167,-0.132070,0.048402
301,-9.320820,6.834089,0.373167,0.074633,0.271578,1.000000,2.500000,0.650000,0.198769,0.131479,0.096297,0.027500,0.110674,0.039833,0.057282,0.160475,0.117561,0.028389,-0.146143,0.045680
302,-8.480031,3.118885,0.694975,0.138995,0.238139,1.000000,2.500000,0.650000,0.185612,0.121149,0.104430,0.038247,0.110124,0.034682,0.057334,0.174086,0.112280,0.019819,-0.143343,0.049063
303,-8.191925,2.234260,1.251881,0.250376,0.262453,1.000000,2.500000,0.650000,0.196722,0.122819,0.101456,0.032162,0.111016,0.035934,0.068648,0.175264,0.119954,0.024043,-0.157179,0.046357
304,-8.232713,2.390536,1.154398,0.230880,0.229796,1.000000,2.500000,0.650000,0.191182,0.124563,0.097156,0.033456,0.114135,0.039040,0.069934,0.182769,0.113867,0.024944,-0.146106,0.048882
305,-8.190351,2.073021,1.151012,0.230202,0.247732,1.000000,2.500000,0.650000,0.193207,0.125798,0.096015,0.028189,0.105101,0.035889,0.067819,0.160805,0.117861,0.031442,-0.145002,0.045157
306,-8.591967,3.529646,0.663143,0.132629,0.278495,1.000000,2.500000,0.650000,0.202085,0.135458,0.096593,0.036669,0.108476,0.039641,0.052138,0.160582,0.109698,0.022878,-0.138590,0.049982
307,-8.441804,2.984383,0.808493,0.161699,0.271157,1.000000,2.500000,0.650000,0.204416,0.123344,0.098996,0.035881,0.110450,0.034429,0.059202,0.160990,0.115482,0.025083,-0.145615,0.047705
308,-8.468021,2.984589,0.649282,0.129856,0.239360,1.000000,2.500000,0.650000,0.189023,0.125955,0.096211,0.032540,0.107864,0.032843,0.053826,0.160998,0.110970,0.016530,-0.145210,0.034938
309,-8.472136,3.192772,0.901342,0.180268,0.268386,1.000000,2.500000,0.650000,0.212137,0.126700,0.105780,0.035299,0.113780,0.036132,0.067101,0.160013,0.117690,0.036532,-0.150363,0.043879
310,-8.233662,2.376207,1.181159,0.236232,0.240796,1.000000,2.500000,0.650000,0.210198,0.122593,0.099757,0.039016,0.100597,0.028360,0.067828,0.164948,0.110942,0.029355,-0.139828,0.039865
311,-8.711902,4.083345,0.630157,0.126031,0.287686,1.000000,2.500000,0.650000,0.203187,0.133897,0.096055,0.028863,0.119145,0.039761,0.068171,0.161098,0.117150,0.026943,-0.141587,0.042307
312,-8.549290,3.562061,0.757298,0.151460,0.259368,1.000000,2.500000,0.650000,0.194647,0.124444,0.106208,0.034579,0.109460,0.026807,0.059575,0.177285,0.107933,0.026823,-0.146311,0.041681
313,-8.114532,1.969489,1.359450,0.271890,0.256551,1.000000,2.500000,0.650000,0.184954,0.128552,0.096244,0.029568,0.112798,0.033872,0.068091,0.173904,0.116773,0.027807,-0.146540,0.044314
314,-8.235977,2.485908,1.207957,0.241591,0.215447,1.000000,2.500000,0.650000,0.203594,0.120010,0.096393,0.039292,0.105371,0.037381,0.066394,0.181921,0.116687,0.038714,-0.144467,0.038197
315,-8.095027,1.898507,1.456423,0.291285,0.268889,1.000000,2.500000,0.650000,0.203055,0.132992,0.097366,0.033411,0.114533,0.034558,0.068726,0.160926,0.119426,0.032736,-0.125709,0.041587
316,-8.433627,3.078308,0.876370,0.175274,0.235403,1.000000,2.500000,0.650000,0.195107,0.120961,0.111049,0.035333,0.115036,0.030485,0.069801,0.161535,0.104508,0.029562,-0.150953,0.039400
317,-9.490265,,-0.132720,-0.026544,0.282009,1.000000,2.500000,0.650000,0.221441,0.122210,0.103034,0.033477,0.109210,0.032161,0.054760,0.167816,0.119821,0.029459,-0.132056,0.039609
318,-8.139387,2.009924,1.318079,0.263616,0.250378,1.000000,2.500000,0.650000,0.197676,0.127632,0.102655,0.034330,0.120591,0.030157,0.063285,0.161203,0.115837,0.032467,-0.131769,0.044631
319,-8.428930,3.100643,0.825479,0.165096,0.205466,1.000000,2.500000,0.650000,0.191520,0.124515,0.098902,0.037113,0.101419,0.035442,0.060838,0.175066,0.105371,0.026408,-0.139435,0.044002
320,-8.221703,2.285712,1.127859,0.225572,0.238755,1.000000,2.500000,0.650000,0.186116,0.130309,0.099973,0.039958,0.105270,0.035326,0.069258,0.163526,0.119991,0.038144,-0.136228,0.042881
321,-8.333010,2.668459,0.929743,0.185949,0.227309,1.000000,2.500000,0.650000,0.185753,0.121906,0.096046,0.032669,0.107442,0.036464,0.066691,0.161203,0.112189,0.026466,-0.141936,0.047514
322,-8.178297,2.165755,1.221554,0.244311,0.264599,1.000000,2.500000,0.650000,0.201689,0.121467,0.096914,0.032580,0.115618,0.027996,0.066027,0.168789,0.112252,0.027798,-0.133609,0.039584
323,-8.278857,2.431572,1.030929,0.206186,0.236731,1.000000,2.500000,0.650000,0.206994,0.121417,0.100064,0.039975,0.110795,0.039608,0.060405,0.172459,0.113163,0.022976,-0.147433,0.038953
324,-9.020212,5.483064,0.525492,0.105098,0.283359,1.000000,2.500000,0.650000,0.223736,0.125067,0.096562,0.030051,0.109904,0.039632,0.068507,0.166551,0.119703,0.036242,-0.140028,0.044122
325,-8.254588,2.433462,1.157389,0.231478,0.248064,1.000000,2.500000,0.650000,0.201878,0.123247,0.100444,0.026786,0.117683,0.028230,0.061698,0.176147,0.105954,0.031265,-0.127556,0.037370
326,-8.294778,2.577812,1.147259,0.229452,0.266095,1.000000,2.500000,0.650000,0.206792,0.135459,0.096636,0.030281,0.115887,0.039625,0.070000,0.171181,0.114230,0.044438,-0.131777,0.038046
327,-8.612264,3.800479,0.663575,0.132715,0.250164,1.000000,2.500000,0.650000,0.180953,0.123633,0.098628,0.034294,0.117109,0.040000,0.069372,0.167888,0.118596,0.029630,-0.142165,0.041668
328,-8.158058,2.072413,1.277186,0.255437,0.250807,1.000000,2.500000,0.650000,0.202995,0.120033,0.096018,0.035463,0.107451,0.024107,0.065237,0.168420,0.119985,0.038691,-0.130982,0.036131
329,-8.120767,1.965003,1.348531,0.269706,0.256224,1.000000,2.500000,0.650000,0.182636,0.125253,0.102358,0.022627,0.120367,0.033952,0.067523,0.175509,0.114063,0.022918,-0.133965,0.043670
330,-8.216555,2.298900,1.271425,0.254285,0.269095,1.000000,2.500000,0.650000,0.215395,0.122789,0.096098,0.031317,0.127105,0.038568,0.065180,0.175372,0.119525,0.031232,-0.133280,0.042282
331,-8.197118,2.190460,1.157260,0.231452,0.265959,1.000000,2.500000,0.650000,0.185704,0.130644,0.100124,0.032825,0.123115,0.018792,0.069585,0.175115,0.106577,0.023432,-0.123691,0.030679
332,-10.449245,12.345399,0.226473,0.045295,0.272701,1.000000,2.500000,0.650000,0.188617,0.138775,0.105862,0.021628,0.120836,0.037638,0.069864,0.179856,0.116200,0.027089,-0.133868,0.047282
333,-8.598684,3.656190,0.715370,0.143074,0.258097,1.000000,2.500000,0.650000,0.202231,0.120904,0.099803,0.030663,0.108924,0.018004,0.060170,0.181873,0.117289,0.017321,-0.133010,0.049986
334,-9.490415,,-0.207539,-0.041508,0.310170,1.000000,2.500000,0.650000,0.207082,0.142814,0.097234,0.026838,0.120423,0.032025,0.056828,0.193644,0.104461,0.035979,-0.125203,0.044360
335,-8.241123,2.344639,1.042041,0.208408,0.235792,1.000000,2.500000,0.650000,0.189660,0.120020,0.101710,0.032626,0.118609,0.027315,0.066554,0.160031,0.115797,0.031448,-0.133771,0.037293
336,-8.283453,2.463907,1.104967,0.220993,0.265696,1.000000,2.500000,0.650000,0.203998,0.120383,0.098009,0.023558,0.117294,0.036376,0.068103,0.161106,0.117571,0.028876,-0.139585,0.037482
337,-8.224414,2.225311,1.106114,0.221223,0.244462,1.000000,2.500000,0.650000,0.207748,0.121206,0.097216,0.034158,0.121218,0.021723,0.064375,0.161411,0.113767,0.024389,-0.140793,0.030387
338,-8.029149,1.738949,1.568218,0.313644,0.249100,1.000000,2.500000,0.650000,0.192172,0.127491,0.099767,0.027108,0.111745,0.026185,0.064310,0.181967,0.119524,0.031512,-0.134126,0.033012
339,-8.160721,2.142248,1.357918,0.271584,0.256488,1.000000,2.500000,0.650000,0.197190,0.128497,0.103780,0.025447,0.117764,0.039694,0.065765,0.173975,0.113885,0.037483,-0.130637,0.045148
340,-8.200724,2.184686,1.153202,0.230640,0.275464,1.000000,2.500000,0.650000,0.175973,0.122470,0.104270,0.025917,0.131875,0.023385,0.068737,0.160853,0.109302,0.022213,-0.125819,0.034230
341,-8.328573,2.727040,1.042146,0.208429,0.240032,1.000000,2.500000,0.650000,0.199457,0.125634,0.106031,0.033358,0.115656,0.039959,0.065659,0.180363,0.116635,0.025875,-0.146176,0.033723
342,-8.290893,2.553117,0.946087,0.189217,0.211564,1.000000,2.500000,0.650000,0.186124,0.122296,0.096036,0.035299,0.118667,0.024249,0.061232,0.163528,0.109871,0.030083,-0.115500,0.024054
343,-8.082538,1.860033,1.441639,0.288328,0.280073,1.000000,2.500000,0.650000,0.191683,0.124478,0.097072,0.024498,0.115894,0.033496,0.066324,0.162675,0.114290,0.027674,-0.128081,0.036168
344,-8.206547,2.233776,1.191938,0.238388,0.249064,1.000000,2.500000,0.650000,0.188487,0.123233,0.102755,0.032414,0.115261,0.032256,0.067032,0.167531,0.119078,0.039412,-0.118077,0.041249
345,-8.480592,3.285937,0.836833,0.167367,0.254864,1.000000,2.500000,0.650000,0.187222,0.123796,0.108420,0.030080,0.117775,0.034778,0.069569,0.187147,0.115592,0.020764,-0.137913,0.041622
346,-8.166473,2.230373,1.221955,0.244391,0.212539,1.000000,2.500000,0.650000,0.191227,0.122691,0.102025,0.030650,0.109660,0.032602,0.066394,0.174509,0.107102,0.048582,-0.143490,0.025882
347,-8.162237,2.055454,1.277814,0.255563,0.267548,1.000000,2.500000,0.650000,0.201058,0.134487,0.096217,0.030846,0.104760,0.030367,0.069233,0.161799,0.116752,0.027652,-0.125976,0.042177
348,-8.272793,2.405598,1.121472,0.224294,0.280036,1.000000,2.500000,0.650000,0.202764,0.131042,0.096171,0.026038,0.113491,0.030464,0.062888,0.160800,0.112308,0.043707,-0.124138,0.039357
349,-8.253335,2.435371,1.172041,0.234408,0.268939,1.000000,2.500000,0.650000,0.190757,0.124757,0.108422,0.019376,0.126655,0.020500,0.067893,0.190067,0.119989,0.025963,-0.120966,0.029388
350,-8.176414,2.004029,1.106303,0.221261,0.240481,1.000000,2.500000,0.650000,0.175483,0.120064,0.101751,0.027631,0.122625,0.023106,0.061565,0.162994,0.117037,0.027049,-0.120986,0.037894
351,-8.091643,1.829676,1.365463,0.273093,0.253455,1.000000,2.500000,0.650000,0.182585,0.125088,0.098991,0.026959,0.119682,0.036383,0.051810,0.164827,0.113511,0.035900,-0.137309,0.049239
352,-9.725848,8.839493,0.305300,0.061060,0.283608,1.000000,2.500000,0.650000,0.189580,0.130996,0.104678,0.017523,0.121629,0.035089,0.044295,0.166309,0.115658,0.042420,-0.142817,0.033282
353,-8.085804,1.860875,1.427332,0.285466,0.242515,1.000000,2.500000,0.650000,0.177175,0.120012,0.112495,0.022373,0.116400,0.035793,0.065150,0.171163,0.116405,0.031227,-0.141749,0.040984
354,-8.824074,4.812248,0.674312,0.134862,0.318910,1.000000,2.500000,0.650000,0.193253,0.136635,0.100367,0.021139,0.104661,0.031881,0.068546,0.189616,0.099760,0.031956,-0.127173,0.030882
355,-8.184000,2.125671,1.244646,0.248929,0.274436,1.000000,2.500000,0.650000,0.192694,0.134475,0.098448,0.029141,0.121173,0.030397,0.069726,0.174716,0.108951,0.031339,-0.118845,0.049787
356,-8.120397,1.955556,1.388751,0.277750,0.259389,1.000000,2.500000,0.650000,0.201129,0.130489,0.102643,0.033688,0.111725,0.035844,0.063465,0.161317,0.116227,0.037278,-0.121768,0.045200
357,-8.183028,2.191000,1.240532,0.248106,0.239717,1.000000,2.500000,0.650000,0.195410,0.131286,0.098237,0.039850,0.104223,0.025448,0.066495,0.164635,0.114016,0.038902,-0.135828,0.045104
358,-8.695720,4.152659,0.668208,0.133642,0.249796,1.000000,2.500000,0.650000,0.174397,0.121787,0.101520,0.009886,0.110542,0.037829,0.062132,0.172479,0.106097,0.035854,-0.137663,0.033681
359,-8.370055,2.758502,0.910753,0.182151,0.268177,1.000000,2.500000,0.650000,0.188942,0.130878,0.097357,0.032420,0.116937,0.037308,0.062804,0.165608,0.112492,0.026634,-0.112092,0.045537
360,-8.059393,1.727450,1.396318,0.279264,0.255665,1.000000,2.500000,0.650000,0.177747,0.121005,0.105909,0.022477,0.115392,0.029331,0.058172,0.164566,0.111752,0.022174,-0.117358,0.044235
361,-8.839904,4.705698,0.568386,0.113677,0.271180,1.000000,2.500000,0.650000,0.197055,0.131211,0.099825,0.022190,0.106962,0.026014,0.069984,0.160142,0.108370,0.033217,-0.148366,0.029957
362,-8.536637,3.583444,0.771410,0.154282,0.207307,1.000000,2.500000,0.650000,0.193962,0.125400,0.104269,0.030836,0.126135,0.039677,0.068212,0.189589,0.096955,0.022730,-0.142044,0.040880
363,-8.114528,1.983432,1.384495,0.276899,0.242104,1.000000,2.500000,0.650000,0.194294,0.127726,0.102444,0.031448,0.110365,0.030167,0.062303,0.169051,0.108446,0.030857,-0.133383,0.042838
364,-8.137046,1.957521,1.271131,0.254226,0.243972,1.000000,2.500000,0.650000,0.177147,0.120321,0.108022,0.020015,0.111947,0.029791,0.068463,0.160132,0.109885,0.035617,-0.122098,0.047521
365,-8.534321,3.219080,0.700290,0.140058,0.274083,1.000000,2.500000,0.650000,0.189111,0.127302,0.100621,0.022458,0.115514,0.026841,0.059465,0.161186,0.119152,0.028907,-0.115576,0.044184
366,-8.360611,2.719117,0.823456,0.164691,0.254824,1.000000,2.500000,0.650000,0.166908,0.122236,0.102997,0.031390,0.116168,0.027210,0.065039,0.172212,0.111346,0.027732,-0.130114,0.039759
367,-8.466016,3.227882,0.838467,0.167693,0.225312,1.000000,2.500000,0.650000,0.190191,0.121453,0.113543,0.026915,0.110276,0.039970,0.065100,0.175107,0.111593,0.024129,-0.139457,0.037804
368,-8.312796,2.625251,1.028110,0.205622,0.256474,1.000000,2.500000,0.650000,0.174755,0.121353,0.105763,0.026696,0.105105,0.039620,0.064681,0.177504,0.117511,0.031264,-0.131750,0.049338
369,-8.710981,4.027115,0.609478,0.121896,0.286938,1.000000,2.500000,0.650000,0.182003,0.139836,0.107372,0.027722,0.118861,0.025747,0.059535,0.170173,0.114836,0.023774,-0.123015,0.036588
370,-8.521859,3.315376,0.732517,0.146503,0.253348,1.000000,2.500000,0.650000,0.170342,0.120001,0.114318,0.016118,0.125703,0.031168,0.063457,0.163498,0.108542,0.022199,-0.135244,0.040409
371,-8.123544,1.953427,1.305997,0.261199,0.254861,1.000000,2.500000,0.650000,0.190834,0.120123,0.098291,0.029939,0.105387,0.036941,0.064674,0.161259,0.119528,0.027482,-0.129072,0.046076
372,-8.430559,2.981274,0.840188,0.168038,0.249177,1.000000,2.500000,0.650000,0.180140,0.120438,0.096067,0.017232,0.117049,0.036319,0.069987,0.164945,0.105029,0.028244,-0.127700,0.047891
373,-8.550619,3.568737,0.798600,0.159720,0.260864,1.000000,2.500000,0.650000,0.205694,0.122057,0.105169,0.030513,0.096742,0.022648,0.068074,0.163449,0.100415,0.023544,-0.123117,0.044148
374,-8.275981,2.304216,0.967381,0.193476,0.286676,1.000000,2.500000,0.650000,0.170436,0.133740,0.097858,0.022894,0.099694,0.033893,0.057138,0.160167,0.110930,0.032719,-0.128022,0.049720
375,-8.230511,2.440982,1.130270,0.226054,0.204317,1.000000,2.500000,0.650000,0.170905,0.126566,0.096076,0.039925,0.108253,0.037314,0.067263,0.186984,0.119674,0.035314,-0.132436,0.041883
376,-8.157099,2.055018,1.232128,0.246426,0.242176,1.000000,2.500000,0.650000,0.175731,0.125641,0.105316,0.028303,0.109568,0.028139,0.064231,0.168969,0.110961,0.031685,-0.130949,0.039680
377,-8.141458,2.013414,1.282055,0.256411,0.247470,1.000000,2.500000,0.650000,0.183667,0.120876,0.100143,0.025776,0.117821,0.039244,0.059888,0.160482,0.115312,0.033829,-0.129083,0.049989
378,-8.334105,2.680364,1.025220,0.205044,0.258205,1.000000,2.500000,0.650000,0.190006,0.120038,0.112214,0.023482,0.096066,0.039920,0.058461,0.162307,0.113874,0.029766,-0.113589,0.047100
379,-8.432240,2.955673,0.806420,0.161284,0.284115,1.000000,2.500000,0.650000,0.188068,0.130129,0.105474,0.037156,0.099963,0.031651,0.056801,0.160024,0.114159,0.028607,-0.119033,0.048303
380,-8.840357,4.557286,0.476756,0.095351,0.261916,1.000000,2.500000,0.650000,0.171919,0.129361,0.097365,0.018412,0.118934,0.036567,0.068599,0.160283,0.119994,0.031393,-0.130209,0.042246
381,-8.286375,2.471575,1.059261,0.211852,0.264155,1.000000,2.500000,0.650000,0.179730,0.122855,0.103468,0.018664,0.101531,0.039869,0.066556,0.174058,0.112058,0.020847,-0.129566,0.045654
382,-8.823359,4.719330,0.531960,0.106392,0.254342,1.000000,2.500000,0.650000,0.183349,0.124620,0.096410,0.030741,0.099936,0.031018,0.063989,0.173140,0.108626,0.030135,-0.128304,0.044613
383,-8.411642,3.044324,0.891165,0.178233,0.227072,1.000000,2.500000,0.650000,0.189659,0.122302,0.096263,0.036563,0.099740,0.030389,0.069914,0.160518,0.112960,0.032775,-0.130992,0.038373
384,-11.049034,15.206366,0.139815,0.027963,0.277327,1.000000,2.500000,0.650000,0.178164,0.127269,0.097198,0.015683,0.113975,0.024195,0.052950,0.164468,0.116303,0.031897,-0.117159,0.047011
385,-8.206074,2.181947,1.119696,0.223939,0.240952,1.000000,2.500000,0.650000,0.174487,0.125426,0.101787,0.032196,0.102321,0.038275,0.068840,0.160180,0.117812,0.026295,-0.138326,0.049986
386,-8.414344,2.949921,0.840702,0.168140,0.237404,1.000000,2.500000,0.650000,0.179584,0.127275,0.096639,0.024929,0.110154,0.035835,0.065623,0.167049,0.116024,0.034867,-0.131493,0.048367
387,-8.477352,3.342159,0.840650,0.168130,0.214524,1.000000,2.500000,0.650000,0.179957,0.120614,0.099616,0.030255,0.102762,0.040000,0.069973,0.176015,0.117984,0.035587,-0.126755,0.048691
388,-8.411454,2.995077,0.862439,0.172488,0.244356,1.000000,2.500000,0.650000,0.182530,0.122713,0.098101,0.030108,0.109129,0.039952,0.064602,0.162385,0.112304,0.031161,-0.140335,0.043683
389,-8.393590,2.867860,0.836025,0.167205,0.230752,1.000000,2.500000,0.650000,0.166048,0.120017,0.109269,0.023961,0.106067,0.035274,0.056960,0.165867,0.113791,0.029675,-0.127141,0.046731
390,-8.299280,2.555121,0.978383,0.195677,0.247289,1.000000,2.500000,0.650000,0.166833,0.122823,0.100658,0.029893,0.109933,0.031927,0.068102,0.177531,0.119914,0.029809,-0.151076,0.041367
391,-8.357963,2.728032,0.904658,0.180932,0.247338,1.000000,2.500000,0.650000,0.187050,0.120711,0.097633,0.030687,0.114280,0.036595,0.068397,0.162551,0.116935,0.029132,-0.147167,0.049988
392,-8.255772,2.412202,1.105601,0.221120,0.242281,1.000000,2.500000,0.650000,0.182329,0.122467,0.112986,0.024972,0.099543,0.036270,0.058624,0.167265,0.111603,0.031174,-0.138309,0.045491
393,-8.228797,2.227859,1.037656,0.207531,0.237859,1.000000,2.500000,0.650000,0.166458,0.123739,0.104742,0.026152,0.114922,0.034246,0.057794,0.165709,0.119794,0.031448,-0.134653,0.039833
394,-8.397869,2.962617,0.823576,0.164715,0.205541,1.000000,2.500000,0.650000,0.163590,0.128326,0.103568,0.037563,0.096737,0.036118,0.063894,0.175591,0.107998,0.026213,-0.128931,0.046122
395,-8.157541,2.051169,1.241731,0.248346,0.233585,1.000000,2.500000,0.650000,0.176545,0.121314,0.104214,0.025060,0.112824,0.038227,0.058453,0.160030,0.119845,0.037571,-0.126158,0.037282
396,-8.222092,2.276813,1.129686,0.225937,0.260147,1.000000,2.500000,0.650000,0.174925,0.120667,0.102251,0.022065,0.109928,0.038514,0.064619,0.179170,0.114063,0.034040,-0.123498,0.046588
397,-8.171641,2.010644,1.139242,0.227848,0.238918,1.000000,2.500000,0.650000,0.167585,0.120146,0.104496,0.028437,0.105681,0.032850,0.056858,0.165673,0.119766,0.040203,-0.136960,0.049866
398,-8.116030,1.975111,1.349730,0.269946,0.246236,1.000000,2.500000,0.650000,0.180952,0.123634,0.101913,0.024980,0.113998,0.039905,0.069994,0.168449,0.112605,0.028117,-0.131722,0.043069
399,-8.172045,2.085864,1.216321,0.243264,0.240460,1.000000,2.500000,0.650000,0.170722,0.120416,0.110798,0.020578,0.106605,0.034498,0.057924,0.166368,0.114860,0.036781,-0.122748,0.042683
400,-8.285228,2.498621,1.031804,0.206361,0.231618,1.000000,2.500000,0.650000,0.167586,0.122009,0.105471,0.023836,0.108010,0.039167,0.063320,0.166435,0.113649,0.043814,-0.123974,0.047390
401,-8.604148,3.519266,0.626986,0.125397,0.261846,1.000000,2.500000,0.650000,0.176187,0.127347,0.103359,0.020321,0.111544,0.039796,0.061729,0.160637,0.119977,0.037926,-0.144489,0.048290
402,-8.260711,2.450630,1.024825,0.204965,0.226759,1.000000,2.500000,0.650000,0.172512,0.120499,0.098458,0.028046,0.111681,0.037304,0.060365,0.178058,0.116966,0.041187,-0.131447,0.044735
403,-8.482157,3.218366,0.836874,0.167375,0.253909,1.000000,2.500000,0.650000,0.191754,0.124825,0.110100,0.027154,0.111350,0.032103,0.069791,0.168934,0.110912,0.024167,-0.128880,0.049926
404,-8.169750,2.202652,1.185598,0.237120,0.222908,1.000000,2.500000,0.650000,0.177928,0.120785,0.098447,0.033815,0.112337,0.036575,0.068530,0.174405,0.108592,0.037758,-0.129838,0.044925
405,-10.543459,12.662943,0.191190,0.038238,0.303793,1.000000,2.500000,0.650000,0.175775,0.146301,0.109051,0.018039,0.106656,0.039879,0.047394,0.163388,0.117173,0.039394,-0.127012,0.045372
406,-8.454325,3.165638,0.757108,0.151422,0.215549,1.000000,2.500000,0.650000,0.178719,0.124389,0.104993,0.030475,0.103724,0.035205,0.050678,0.176544,0.111456,0.038262,-0.140676,0.037893
407,-8.438161,3.087305,0.876337,0.175267,0.269116,1.000000,2.500000,0.650000,0.171906,0.128500,0.108211,0.024149,0.114990,0.038578,0.064750,0.167285,0.110587,0.030731,-0.116770,0.049737
408,-8.354986,2.819865,0.919205,0.183841,0.210820,1.000000,2.500000,0.650000,0.175511,0.120899,0.096007,0.030336,0.111687,0.039996,0.061689,0.174992,0.119483,0.031524,-0.126414,0.047547
409,-8.294592,2.576660,1.056739,0.211348,0.240337,1.000000,2.500000,0.650000,0.181663,0.120002,0.105691,0.032061,0.107284,0.038546,0.067560,0.160354,0.110022,0.037790,-0.131206,0.049897
410,-9.527951,7.892817,0.330708,0.066142,0.283014,1.000000,2.500000,0.650000,0.178273,0.131629,0.098676,0.019940,0.108205,0.035946,0.066178,0.174097,0.108399,0.031237,-0.131369,0.048847
411,-8.298618,2.558946,0.971906,0.194381,0.219064,1.000000,2.500000,0.650000,0.171525,0.125766,0.100104,0.036000,0.108787,0.039484,0.066503,0.160225,0.112750,0.028102,-0.127353,0.043413
412,-8.154131,2.073395,1.278884,0.255777,0.239972,1.000000,2.500000,0.650000,0.184143,0.120384,0.104353,0.021926,0.127052,0.039510,0.061959,0.163220,0.112252,0.035789,-0.136726,0.038966
413,-8.364783,2.849561,0.911274,0.182255,0.211186,1.000000,2.500000,0.650000,0.183614,0.122244,0.097518,0.033704,0.107566,0.039711,0.065245,0.160833,0.110411,0.028822,-0.121770,0.046377
414,-8.452518,3.182904,0.851713,0.170343,0.234656,1.000000,2.500000,0.650000,0.186686,0.120199,0.096135,0.033509,0.100198,0.039402,0.066363,0.161897,0.115935,0.034287,-0.124718,0.047913
415,-8.305473,2.439009,0.955322,0.191064,0.244319,1.000000,2.500000,0.650000,0.178394,0.122660,0.097658,0.023167,0.117647,0.039977,0.063543,0.160076,0.112101,0.038466,-0.134616,0.049363
416,-8.395338,3.001298,0.880885,0.176177,0.202910,1.000000,2.500000,0.650000,0.178729,0.120067,0.096398,0.029778,0.103474,0.037574,0.068986,0.172390,0.112883,0.031978,-0.127989,0.043359
417,-8.214214,2.311830,1.173064,0.234613,0.224882,1.000000,2.500000,0.650000,0.181465,0.124645,0.108672,0.029427,0.123336,0.035790,0.069896,0.167015,0.111701,0.034277,-0.129318,0.042530
418,-8.170111,2.235659,1.228020,0.245604,0.207677,1.000000,2.500000,0.650000,0.178524,0.124056,0.101506,0.031543,0.110421,0.036674,0.069916,0.184356,0.117292,0.040671,-0.128024,0.037003
419,-8.708472,4.050669,0.580928,0.116186,0.250908,1.000000,2.500000,0.650000,0.182370,0.121831,0.096917,0.021350,0.119839,0.039461,0.068538,0.160020,0.115763,0.033116,-0.148265,0.049777
420,-8.023514,1.639480,1.562845,0.312569,0.258525,1.000000,2.500000,0.650000,0.188471,0.131932,0.096725,0.025642,0.117622,0.038532,0.065201,0.160311,0.119196,0.040022,-0.132708,0.041984
421,-8.340659,2.686969,0.919690,0.183938,0.262430,1.000000,2.500000,0.650000,0.169684,0.123271,0.107442,0.028221,0.125077,0.028017,0.064979,0.177383,0.113469,0.029012,-0.129903,0.037328
422,-8.502134,3.344780,0.708254,0.141651,0.220016,1.000000,2.500000,0.650000,0.184486,0.120113,0.101986,0.033670,0.120946,0.036018,0.058691,0.161059,0.117717,0.032002,-0.124594,0.033860
423,-8.187245,2.175983,1.180974,0.236195,0.227011,1.000000,2.500000,0.650000,0.180320,0.120026,0.102488,0.025747,0.119085,0.033805,0.053589,0.174893,0.111429,0.041196,-0.129066,0.043055
424,-8.237388,2.413721,1.078903,0.215781,0.201912,1.000000,2.500000,0.650000,0.176800,0.126375,0.096677,0.027173,0.123553,0.039400,0.069038,0.168799,0.105238,0.041316,-0.133586,0.032167
425,-8.281349,2.536783,1.026830,0.205366,0.219612,1.000000,2.500000,0.650000,0.185370,0.121844,0.101804,0.030083,0.116105,0.033096,0.061873,0.181998,0.115411,0.037798,-0.127043,0.042543
426,-8.065020,1.801922,1.466215,0.293243,0.247941,1.000000,2.500000,0.650000,0.185082,0.126103,0.103399,0.023597,0.123709,0.031478,0.068080,0.161955,0.109285,0.037238,-0.133234,0.042346
427,-8.255356,2.416874,1.096096,0.219219,0.226793,1.000000,2.500000,0.650000,0.179380,0.123275,0.108841,0.027996,0.111565,0.038650,0.056743,0.165311,0.109137,0.042054,-0.135128,0.043377
428,-8.006263,1.755836,1.656558,0.331312,0.230902,1.000000,2.500000,0.650000,0.184473,0.127807,0.106400,0.026317,0.116487,0.034596,0.063629,0.190365,0.114182,0.040858,-0.129474,0.036463
429,-8.253565,2.512793,1.171156,0.234231,0.245722,1.000000,2.500000,0.650000,0.188510,0.129100,0.104798,0.030490,0.122144,0.031181,0.067743,0.200825,0.108705,0.035584,-0.132905,0.031923
430,-8.127752,2.071045,1.358906,0.271781,0.239677,1.000000,2.500000,0.650000,0.186056,0.128924,0.097919,0.031340,0.109656,0.033761,0.068425,0.181388,0.112046,0.035525,-0.127488,0.044008
431,-8.081209,1.923197,1.486853,0.297371,0.236161,1.000000,2.500000,0.650000,0.184817,0.123174,0.105992,0.022231,0.120144,0.039967,0.069932,0.168067,0.112840,0.041498,-0.129345,0.035196
432,-8.020157,1.649264,1.570212,0.314042,0.250195,1.000000,2.500000,0.650000,0.187339,0.121550,0.100332,0.020007,0.115572,0.034362,0.066766,0.165935,0.119530,0.041104,-0.130140,0.042593
433,-8.120403,2.053939,1.399794,0.279959,0.239875,1.000000,2.500000,0.650000,0.192422,0.120108,0.104518,0.025010,0.108772,0.034324,0.061251,0.180427,0.114374,0.042671,-0.132157,0.035206
434,-7.958527,1.607807,1.775411,0.355082,0.235383,1.000000,2.500000,0.650000,0.189004,0.120019,0.099469,0.021422,0.125482,0.035310,0.068941,0.186438,0.118230,0.046276,-0.128756,0.039155
435,-8.110575,2.026652,1.399915,0.279983,0.220215,1.000000,2.500000,0.650000,0.189418,0.122397,0.096200,0.026995,0.123408,0.032543,0.069872,0.180456,0.106807,0.047475,-0.137336,0.036367
436,-8.442492,3.145177,0.845115,0.169023,0.243373,1.000000,2.500000,0.650000,0.188345,0.123944,0.099273,0.032266,0.116822,0.036794,0.069996,0.174075,0.113692,0.030002,-0.134615,0.040808
437,-8.009293,1.696882,1.560898,0.312180,0.218880,1.000000,2.500000,0.650000,0.179639,0.120901,0.096021,0.024043,0.117013,0.032977,0.064698,0.183919,0.114733,0.036838,-0.131245,0.040822
438,-8.071687,1.887240,1.453277,0.290655,0.225501,1.000000,2.500000,0.650000,0.172964,0.129810,0.107202,0.026777,0.112456,0.038581,0.068421,0.184293,0.116680,0.040506,-0.132114,0.038281
439,-8.105755,2.046662,1.460884,0.292177,0.237534,1.000000,2.500000,0.650000,0.183531,0.122304,0.104384,0.019031,0.121190,0.037504,0.068954,0.186157,0.104261,0.042931,-0.136117,0.040440
440,-8.213594,2.362421,1.147057,0.229411,0.200174,1.000000,2.500000,0.650000,0.181374,0.120371,0.100254,0.031082,0.120328,0.032288,0.067454,0.186456,0.114209,0.043224,-0.133543,0.038823
441,-8.068961,1.768679,1.437192,0.287438,0.242388,1.000000,2.500000,0.650000,0.178196,0.128772,0.097438,0.021214,0.116071,0.037917,0.063319,0.175188,0.119047,0.043853,-0.136700,0.042854
442,-8.030059,1.757618,1.559940,0.311988,0.227674,1.000000,2.500000,0.650000,0.188005,0.121035,0.097490,0.025539,0.122779,0.031882,0.067926,0.176779,0.116806,0.043702,-0.134168,0.034733
443,-8.085894,1.932420,1.453600,0.290720,0.223545,1.000000,2.500000,0.650000,0.183167,0.121371,0.097351,0.023747,0.122850,0.039629,0.067329,0.176949,0.115993,0.045511,-0.132963,0.042020
444,-8.105773,1.952677,1.418782,0.283756,0.260658,1.000000,2.500000,0.650000,0.178194,0.124097,0.097187,0.015117,0.123081,0.026476,0.069742,0.201206,0.115920,0.041602,-0.124577,0.042258
445,-8.193779,2.181597,1.121878,0.224376,0.219600,1.000000,2.500000,0.650000,0.176907,0.120017,0.099056,0.025920,0.122658,0.039743,0.059554,0.173399,0.115802,0.042716,-0.135485,0.031071
446,-8.105341,1.976413,1.424894,0.284979,0.239503,1.000000,2.500000,0.650000,0.183313,0.123014,0.107532,0.022369,0.108704,0.033987,0.069904,0.174596,0.113911,0.039229,-0.122317,0.044596
447,-8.196240,2.095478,1.196641,0.239328,0.260339,1.000000,2.500000,0.650000,0.182510,0.127505,0.099640,0.018035,0.123008,0.024673,0.069996,0.178483,0.117091,0.035875,-0.125917,0.043891
448,-8.257413,2.439098,1.072154,0.214431,0.222635,1.000000,2.500000,0.650000,0.169747,0.120037,0.102707,0.023837,0.116602,0.039919,0.069996,0.164992,0.119694,0.047198,-0.134756,0.039761
449,-7.908958,1.557985,1.974140,0.394828,0.243958,1.000000,2.500000,0.650000,0.193400,0.127756,0.098635,0.027008,0.125583,0.029932,0.067783,0.207599,0.115025,0.047029,-0.131244,0.035246
450,-8.283223,2.472131,1.028470,0.205694,0.236909,1.000000,2.500000,0.650000,0.189504,0.121825,0.096028,0.034004,0.115539,0.027717,0.067319,0.162959,0.118531,0.038126,-0.125745,0.047296
451,-8.214867,2.230911,1.246860,0.249372,0.274477,1.000000,2.500000,0.650000,0.196731,0.130137,0.099176,0.017409,0.118956,0.037352,0.069959,0.176603,0.118497,0.043908,-0.135450,0.039414
452,-7.967243,1.677961,1.837761,0.367552,0.272167,1.000000,2.500000,0.650000,0.193491,0.128215,0.099097,0.019234,0.125999,0.027217,0.069353,0.206231,0.113431,0.047970,-0.122809,0.033072
453,-7.887397,1.514971,1.960459,0.392092,0.221357,1.000000,2.500000,0.650000,0.184700,0.120021,0.099278,0.022800,0.121557,0.026101,0.069926,0.217030,0.117501,0.042980,-0.135117,0.026258
454,-8.011852,1.658946,1.559475,0.311895,0.236592,1.000000,2.500000,0.650000,0.181771,0.133352,0.097954,0.031240,0.122159,0.032816,0.067269,0.180274,0.119766,0.038587,-0.140277,0.035677
455,-8.024551,1.726978,1.587366,0.317473,0.249171,1.000000,2.500000,0.650000,0.181751,0.129234,0.100848,0.021799,0.126674,0.037874,0.061945,0.184630,0.117502,0.039515,-0.128851,0.036819
456,-8.093106,1.998368,1.407811,0.281562,0.213814,1.000000,2.500000,0.650000,0.193579,0.122386,0.097189,0.032187,0.106841,0.027305,0.062960,0.185810,0.114731,0.038688,-0.126103,0.040821
457,-7.957820,1.656326,1.818809,0.363762,0.249975,1.000000,2.500000,0.650000,0.186570,0.121467,0.101125,0.018041,0.118088,0.030999,0.061331,0.203624,0.111394,0.035728,-0.127635,0.041262
458,-7.909697,1.477300,1.872120,0.374424,0.235568,1.000000,2.500000,0.650000,0.184881,0.127823,0.096055,0.029580,0.127865,0.024586,0.069866,0.197725,0.115367,0.049859,-0.129274,0.033961
459,-8.041800,1.741124,1.412487,0.282497,0.225099,1.000000,2.500000,0.650000,0.184796,0.121879,0.099051,0.030362,0.122713,0.039997,0.066594,0.168731,0.116384,0.048438,-0.127286,0.039494
460,-8.132347,2.034757,1.396506,0.279301,0.269022,1.000000,2.500000,0.650000,0.187595,0.122494,0.108439,0.016895,0.138119,0.026876,0.068689,0.184962,0.119984,0.045579,-0.138544,0.030841
461,-8.040513,1.804411,1.553809,0.310762,0.231987,1.000000,2.500000,0.650000,0.189351,0.122690,0.098034,0.026688,0.129835,0.031659,0.064027,0.191265,0.118745,0.044514,-0.128330,0.039851
462,-8.079512,1.910012,1.390952,0.278190,0.218376,1.000000,2.500000,0.650000,0.184055,0.121941,0.100786,0.029445,0.126825,0.031470,0.062646,0.191110,0.115635,0.044012,-0.131392,0.035991
463,-8.242855,2.547968,1.279415,0.255883,0.246820,1.000000,2.500000,0.650000,0.191100,0.120008,0.103115,0.019751,0.131959,0.033050,0.067213,0.221128,0.118599,0.046233,-0.127610,0.030134
464,-10.000000,,0.000000,0.000000,3.141593,0.000000,2.500000,0.650000,0.185733,0.130990,0.097633,0.023599,0.123177,0.034019,0.065551,0.231461,0.118782,0.049998,-0.140247,0.020941
465,-7.881282,1.396854,1.962240,0.392448,0.253902,1.000000,2.500000,0.650000,0.170953,0.130125,0.106241,0.017412,0.120063,0.030028,0.069973,0.185950,0.114654,0.036385,-0.121784,0.036093
466,-7.970769,1.605389,1.707422,0.341484,0.233624,1.000000,2.500000,0.650000,0.186329,0.120505,0.098392,0.023144,0.124485,0.033704,0.067464,0.188221,0.120000,0.047100,-0.132195,0.033727
467,-7.904076,1.490980,1.954895,0.390979,0.272192,1.000000,2.500000,0.650000,0.187571,0.125155,0.096820,0.018200,0.115634,0.015625,0.068071,0.211489,0.115699,0.044806,-0.137076,0.030239
468,-8.059701,1.884420,1.529623,0.305925,0.233489,1.000000,2.500000,0.650000,0.188051,0.120235,0.096478,0.021682,0.130098,0.039600,0.061982,0.193662,0.112646,0.041479,-0.140070,0.035372
469,-8.015168,1.744175,1.637377,0.327475,0.271557,1.000000,2.500000,0.650000,0.186090,0.129849,0.100782,0.027997,0.120781,0.010589,0.065400,0.208578,0.106554,0.045910,-0.115691,0.035445
470,-7.920520,1.515649,1.829646,0.365929,0.224325,1.000000,2.500000,0.650000,0.177582,0.127630,0.099506,0.022755,0.119142,0.032669,0.069783,0.197835,0.114059,0.048316,-0.143531,0.026800
471,-10.000000,,0.000000,0.000000,3.141593,0.000000,2.500000,0.650000,0.181610,0.120997,0.096307,0.025180,0.132510,0.020310,0.068509,0.231600,0.110183,0.042814,-0.129596,0.026235
472,-7.961092,1.659550,1.862824,0.372565,0.282594,1.000000,2.500000,0.650000,0.183569,0.136537,0.105849,0.023360,0.116978,0.022451,0.067357,0.223098,0.117819,0.049798,-0.117466,0.035535
473,-8.002122,1.755325,1.625332,0.325066,0.221550,1.000000,2.500000,0.650000,0.190064,0.127337,0.096757,0.036193,0.121877,0.021086,0.063069,0.219678,0.119797,0.045089,-0.140107,0.029813
474,-7.812742,1.291554,2.169379,0.433876,0.233111,1.000000,2.500000,0.650000,0.171646,0.120232,0.104258,0.016314,0.113256,0.026688,0.068710,0.200291,0.116774,0.045165,-0.124601,0.032345
475,-8.136705,1.986209,1.327011,0.265402,0.275704,1.000000,2.500000,0.650000,0.167967,0.126649,0.096040,0.009220,0.123284,0.016203,0.066433,0.200227,0.114933,0.040724,-0.124061,0.039256
476,-7.886726,1.446097,1.941635,0.388327,0.226047,1.000000,2.500000,0.650000,0.181337,0.122165,0.099593,0.021804,0.112406,0.024933,0.068858,0.189176,0.113628,0.047122,-0.126137,0.023829
477,-8.026373,1.747093,1.590828,0.318166,0.245696,1.000000,2.500000,0.650000,0.180496,0.121307,0.106991,0.019114,0.117821,0.029061,0.062921,0.189926,0.115772,0.041710,-0.135481,0.033524
478,-7.887301,1.405793,1.930307,0.386061,0.237089,1.000000,2.500000,0.650000,0.172725,0.123352,0.105906,0.017177,0.114086,0.030371,0.069376,0.183890,0.113657,0.043033,-0.127780,0.031637
479,-7.978062,1.705745,1.750365,0.350073,0.233055,1.000000,2.500000,0.650000,0.179829,0.122309,0.098535,0.017953,0.113134,0.035254,0.066986,0.205552,0.115433,0.042541,-0.133816,0.035369
480,-10.000000,,0.000000,0.000000,3.141593,0.000000,2.500000,0.650000,0.168364,0.120865,0.104592,0.020771,0.124775,0.016610,0.062184,0.228212,0.104737,0.049499,-0.123954,0.024425
481,-7.799233,1.198602,2.156710,0.431342,0.246113,1.000000,2.500000,0.650000,0.164270,0.125586,0.100597,0.017614,0.114629,0.020712,0.068522,0.198407,0.117019,0.044882,-0.132933,0.040609
482,-7.834466,1.285488,2.097480,0.419496,0.254729,1.000000,2.500000,0.650000,0.176836,0.128348,0.103911,0.022117,0.113612,0.020104,0.064869,0.190440,0.114129,0.040453,-0.127211,0.034571
483,-7.906134,1.479692,1.875328,0.375066,0.222509,1.000000,2.500000,0.650000,0.176823,0.121129,0.103159,0.021175,0.112825,0.026545,0.067506,0.203923,0.116608,0.043792,-0.128799,0.032582
484,-8.304808,2.481968,1.063909,0.212782,0.280775,1.000000,2.500000,0.650000,0.190941,0.133574,0.104823,0.023916,0.119515,0.019519,0.068618,0.186656,0.119993,0.033526,-0.121825,0.040214
485,-8.330394,2.621153,0.911155,0.182231,0.220683,1.000000,2.500000,0.650000,0.167564,0.123563,0.098148,0.023895,0.101924,0.021205,0.068731,0.177177,0.119147,0.038292,-0.120474,0.036810
486,-7.944749,1.577225,1.765573,0.353115,0.220814,1.000000,2.500000,0.650000,0.169305,0.121338,0.109009,0.021307,0.124450,0.029979,0.069550,0.202352,0.110701,0.044258,-0.120668,0.040805
487,-7.927002,1.429533,1.750810,0.350162,0.254350,1.000000,2.500000,0.650000,0.160014,0.122115,0.098256,0.010379,0.116340,0.019117,0.067959,0.194946,0.112314,0.037714,-0.119667,0.038447
488,-7.960866,1.616753,1.761267,0.352253,0.242469,1.000000,2.500000,0.650000,0.169285,0.120608,0.121676,0.019636,0.106824,0.018726,0.062199,0.195455,0.103461,0.037591,-0.127452,0.041436
489,-7.907007,1.382408,1.812626,0.362525,0.234819,1.000000,2.500000,0.650000,0.177260,0.121387,0.096518,0.019919,0.121247,0.026066,0.066000,0.186120,0.119794,0.041296,-0.138332,0.032449
490,-10.000000,,0.000000,0.000000,3.141593,0.000000,2.500000,0.650000,0.183112,0.129070,0.097782,0.026389,0.120422,0.005331,0.053184,0.239939,0.102729,0.044286,-0.121777,0.026757
491,-7.937240,1.421281,1.742756,0.348551,0.253482,1.000000,2.500000,0.650000,0.166097,0.128719,0.102269,0.017395,0.104813,0.019230,0.069943,0.174426,0.118878,0.049507,-0.114064,0.035093
492,-8.360362,2.749932,1.015466,0.203093,0.283284,1.000000,2.500000,0.650000,0.164858,0.138671,0.106279,0.011642,0.114544,0.033122,0.064153,0.195159,0.116689,0.049764,-0.137052,0.036398
493,-7.888105,1.425004,1.936935,0.387387,0.250701,1.000000,2.500000,0.650000,0.175048,0.120270,0.100059,0.016662,0.120912,0.012448,0.067921,0.212887,0.119060,0.046203,-0.128405,0.032102
494,-8.521828,3.340549,0.792852,0.158570,0.301636,1.000000,2.500000,0.650000,0.163817,0.137183,0.111770,0.018098,0.123564,0.013254,0.069786,0.199515,0.115295,0.040863,-0.129830,0.030805
495,-8.052673,1.684966,1.466199,0.293240,0.247377,1.000000,2.500000,0.650000,0.183014,0.120392,0.097124,0.018434,0.113955,0.023579,0.067800,0.169772,0.119997,0.048173,-0.127173,0.040049
496,-7.778854,1.182744,2.239039,0.447808,0.222597,1.000000,2.500000,0.650000,0.172763,0.120593,0.096345,0.020576,0.113075,0.021692,0.069227,0.212169,0.118967,0.042909,-0.124107,0.033526
497,-8.058661,1.630598,1.417218,0.283444,0.271581,1.000000,2.500000,0.650000,0.165599,0.124149,0.097728,0.012662,0.120395,0.019281,0.058689,0.177115,0.119560,0.048057,-0.138406,0.038930
498,-9.689907,8.696447,0.335732,0.067146,0.317768,1.000000,2.500000,0.650000,0.179563,0.126023,0.099728,0.011313,0.121720,0.017998,0.056055,0.208905,0.118868,0.036812,-0.128574,0.024741
499,-7.928066,1.497866,1.808044,0.361609,0.244117,1.000000,2.500000,0.650000,0.160032,0.127422,0.098202,0.016311,0.113424,0.030775,0.058617,0.215210,0.119859,0.046576,-0.125183,0.036492
500,-8.288018,2.519260,1.116208,0.223242,0.332333,1.000000,2.500000,0.650000,0.180738,0.131483,0.097584,0.015930,0.130186,0.013690,0.065878,0.213835,0.115689,0.041612,-0.152129,0.026529
501,-8.138029,2.028133,1.369284,0.273857,0.318390,1.000000,2.500000,0.650000,0.172443,0.127163,0.096010,0.013319,0.119474,0.010571,0.065305,0.213801,0.118510,0.040227,-0.125821,0.020659
502,-7.932644,1.338707,1.757943,0.351589,0.268728,1.000000,2.500000,0.650000,0.169489,0.127023,0.097949,0.012544,0.109480,0.016143,0.070000,0.180153,0.119658,0.040604,-0.126662,0.039203
503,-7.974525,1.600912,1.721679,0.344336,0.267884,1.000000,2.500000,0.650000,0.191093,0.120898,0.096408,0.022226,0.131952,0.009699,0.063324,0.209471,0.119484,0.047973,-0.136620,0.025082
504,-7.848280,1.329366,2.056003,0.411201,0.248584,1.000000,2.500000,0.650000,0.177968,0.120111,0.109826,0.022327,0.113561,0.012233,0.064836,0.201592,0.112201,0.039148,-0.122800,0.045967
505,-8.136734,1.880566,1.213463,0.242693,0.271399,1.000000,2.500000,0.650000,0.161477,0.127537,0.108779,0.019554,0.110987,0.032573,0.057735,0.160044,0.114913,0.030672,-0.134341,0.037601
506,-8.948461,5.192052,0.568450,0.113690,0.318263,1.000000,2.500000,0.650000,0.190948,0.131254,0.096350,0.014610,0.126130,0.021831,0.056326,0.205054,0.119384,0.038202,-0.129744,0.024439
507,-7.963819,1.556911,1.760198,0.352040,0.268474,1.000000,2.500000,0.650000,0.180257,0.128316,0.101669,0.013874,0.110266,0.012801,0.068828,0.205469,0.119303,0.046952,-0.125183,0.044907
508,-7.885196,1.323163,1.872991,0.374598,0.230732,1.000000,2.500000,0.650000,0.163856,0.120595,0.103524,0.015587,0.103922,0.017256,0.068129,0.196885,0.119397,0.038263,-0.123480,0.035757
509,-7.992307,1.666865,1.679559,0.335912,0.261265,1.000000,2.500000,0.650000,0.185010,0.124585,0.101428,0.023754,0.127885,0.017643,0.069038,0.196697,0.113428,0.035982,-0.132411,0.027880
510,-7.905350,1.440804,1.821427,0.364285,0.225256,1.000000,2.500000,0.650000,0.173048,0.120004,0.101229,0.023800,0.114815,0.013742,0.064488,0.207363,0.116046,0.044297,-0.127263,0.026787
511,-7.911445,1.521283,1.891546,0.378309,0.236248,1.000000,2.500000,0.650000,0.184534,0.126545,0.097898,0.028189,0.123620,0.017734,0.059128,0.220136,0.118305,0.039513,-0.125910,0.035656
512,-7.914707,1.416926,1.759987,0.351997,0.219866,1.000000,2.500000,0.650000,0.166583,0.120143,0.098893,0.018688,0.113781,0.025312,0.061506,0.196132,0.119115,0.046120,-0.127484,0.034684
513,-7.970355,1.664766,1.680069,0.336014,0.210321,1.000000,2.500000,0.650000,0.178727,0.120095,0.096493,0.027526,0.137308,0.031666,0.069893,0.216822,0.116866,0.034506,-0.137830,0.036226
514,-7.832047,1.329215,2.105670,0.421134,0.239337,1.000000,2.500000,0.650000,0.162572,0.123195,0.105141,0.013283,0.111037,0.024828,0.066364,0.217377,0.116895,0.046527,-0.120399,0.041234
515,-7.894482,1.412994,1.938012,0.387602,0.267292,1.000000,2.500000,0.650000,0.182198,0.127071,0.096842,0.017992,0.119703,0.011610,0.065249,0.214164,0.119869,0.049744,-0.125138,0.038897
516,-10.000000,,0.000000,0.000000,3.141593,0.000000,2.500000,0.650000,0.166646,0.124211,0.096050,0.020034,0.116320,0.024615,0.065520,0.217505,0.116415,0.049543,-0.129053,0.023754
517,-7.841694,1.281185,2.060280,0.412056,0.261871,1.000000,2.500000,0.650000,0.160994,0.125134,0.107734,0.014324,0.103537,0.007026,0.069211,0.213408,0.119364,0.037944,-0.129392,0.041443
518,-8.129797,2.009878,1.339873,0.267975,0.262154,1.000000,2.500000,0.650000,0.163370,0.126239,0.096917,0.013012,0.116040,0.016524,0.061115,0.220470,0.113761,0.048118,-0.127753,0.034128
519,-8.087004,1.759451,1.423029,0.284606,0.279572,1.000000,2.500000,0.650000,0.177968,0.130414,0.104810,0.020352,0.111002,0.016539,0.063265,0.175795,0.119526,0.049653,-0.140263,0.034168
520,-7.814694,1.200898,2.108098,0.421620,0.239822,1.000000,2.500000,0.650000,0.171715,0.120286,0.102014,0.017307,0.099813,0.012353,0.065453,0.205620,0.119926,0.037965,-0.123074,0.046279
521,-8.132100,2.005471,1.341675,0.268335,0.281763,1.000000,2.500000,0.650000,0.160143,0.132130,0.096001,0.012036,0.115804,0.019076,0.067474,0.220606,0.119996,0.047566,-0.121558,0.039546
522,-7.978051,1.638050,1.640072,0.328014,0.216199,1.000000,2.500000,0.650000,0.178822,0.120248,0.097677,0.029854,0.102270,0.011321,0.063848,0.221560,0.118954,0.037818,-0.134642,0.041772
523,-7.784509,1.238469,2.272010,0.454402,0.242115,1.000000,2.500000,0.650000,0.165879,0.120028,0.102595,0.009874,0.110697,0.025595,0.069570,0.213971,0.119834,0.047376,-0.132359,0.041912
524,-8.209255,2.195208,1.093857,0.218771,0.223758,1.000000,2.500000,0.650000,0.164435,0.120626,0.101478,0.022013,0.104708,0.021135,0.069720,0.172814,0.113641,0.042037,-0.136539,0.033517
525,-8.095389,2.043304,1.534757,0.306951,0.293437,1.000000,2.500000,0.650000,0.173392,0.120601,0.105837,0.002342,0.115698,0.030124,0.062067,0.214326,0.116327,0.042554,-0.122186,0.030358
526,-7.826269,1.251352,2.061851,0.412370,0.230705,1.000000,2.500000,0.650000,0.160000,0.128441,0.102288,0.019293,0.100553,0.022160,0.061650,0.210695,0.116866,0.044208,-0.124644,0.032522
527,-10.000000,,0.000000,0.000000,3.141593,0.000000,2.500000,0.650000,0.177335,0.126129,0.106861,0.022626,0.105496,0.008654,0.061982,0.239988,0.118245,0.042473,-0.117370,0.036369
528,-7.784305,1.136871,2.180267,0.436053,0.250520,1.000000,2.500000,0.650000,0.160874,0.120217,0.099763,0.014544,0.111599,0.011491,0.066156,0.204539,0.116434,0.034210,-0.126519,0.039400
529,-7.985219,1.521113,1.524980,0.304996,0.221734,1.000000,2.500000,0.650000,0.161384,0.121372,0.101025,0.023148,0.108500,0.020029,0.063016,0.185554,0.119409,0.039413,-0.133010,0.034612
530,-7.740499,1.140489,2.376127,0.475225,0.249228,1.000000,2.500000,0.650000,0.161048,0.120272,0.098307,0.007514,0.104721,0.009487,0.069531,0.229644,0.118027,0.042363,-0.135836,0.041482
531,-8.629763,3.626032,0.626186,0.125237,0.273303,1.000000,2.500000,0.650000,0.170132,0.124051,0.098709,0.010799,0.109928,0.025603,0.053343,0.173744,0.116535,0.033737,-0.130371,0.044634
532,-8.161993,2.087913,1.210670,0.242134,0.232701,1.000000,2.500000,0.650000,0.160415,0.120105,0.111550,0.023210,0.106883,0.024105,0.066654,0.191225,0.119905,0.034229,-0.131743,0.041871
533,-7.816816,1.217140,2.183599,0.436720,0.279807,1.000000,2.500000,0.650000,0.166135,0.127391,0.102887,0.009306,0.108641,0.012906,0.067963,0.203180,0.116032,0.036694,-0.121711,0.042473
534,-10.000000,,0.000000,0.000000,3.141593,0.000000,2.500000,0.650000,0.165241,0.120209,0.101527,0.006957,0.113853,0.003365,0.067039,0.231754,0.117697,0.038026,-0.127166,0.032890
535,-7.857354,1.285344,1.957228,0.391446,0.238853,1.000000,2.500000,0.650000,0.166532,0.120191,0.098331,0.016534,0.109058,0.013621,0.065124,0.202641,0.116138,0.043159,-0.138510,0.030426
536,-7.712984,1.049166,2.498336,0.499667,0.276638,1.000000,2.500000,0.650000,0.160057,0.130676,0.097455,0.005587,0.115643,0.012474,0.068219,0.210690,0.119913,0.039955,-0.126224,0.042982
537,-7.827972,1.205171,2.061812,0.412362,0.259089,1.000000,2.500000,0.650000,0.161238,0.120104,0.096264,0.011598,0.120583,0.008781,0.061265,0.213486,0.119886,0.047855,-0.131942,0.040032
538,-8.072120,1.918087,1.462613,0.292523,0.263406,1.000000,2.500000,0.650000,0.166633,0.121346,0.110384,0.017232,0.102572,0.012393,0.064405,0.214227,0.106408,0.031489,-0.129523,0.035243
539,-7.827662,1.246203,2.133661,0.426732,0.289680,1.000000,2.500000,0.650000,0.172703,0.137124,0.099198,0.020405,0.112239,0.008841,0.069246,0.218173,0.118407,0.036497,-0.122487,0.043836
540,-8.010709,1.538508,1.549582,0.309916,0.277412,1.000000,2.500000,0.650000,0.162874,0.131248,0.097440,0.018517,0.103551,0.002696,0.063477,0.223274,0.118887,0.025296,-0.130013,0.046892
541,-7.942095,1.634356,1.821883,0.364377,0.296273,1.000000,2.500000,0.650000,0.163870,0.138674,0.099230,0.000939,0.110866,0.021988,0.069032,0.205643,0.112176,0.045545,-0.124112,0.043808
542,-9.842932,9.528786,0.299562,0.059912,0.315861,1.000000,2.500000,0.650000,0.160350,0.125052,0.096832,0.006957,0.125498,0.009393,0.069615,0.224453,0.109685,0.035383,-0.116914,0.030419
543,-7.817784,1.171868,2.081609,0.416322,0.249824,1.000000,2.500000,0.650000,0.160108,0.128622,0.100650,0.015776,0.112184,0.017945,0.068980,0.207466,0.119846,0.036476,-0.125054,0.049930
544,-9.490121,,-0.060414,-0.012083,0.338858,1.000000,2.500000,0.650000,0.165376,0.135901,0.099858,0.000383,0.105773,0.000090,0.062027,0.227084,0.116426,0.042974,-0.127259,0.031203
545,-7.913007,1.368169,1.890229,0.378046,0.288359,1.000000,2.500000,0.650000,0.176376,0.128991,0.101831,0.012602,0.097893,0.004947,0.069640,0.208007,0.119376,0.027812,-0.128530,0.040371
546,-7.810055,1.275021,2.241832,0.448366,0.290609,1.000000,2.500000,0.650000,0.173540,0.133066,0.105130,0.005152,0.111589,0.008372,0.068939,0.221683,0.119836,0.043252,-0.133726,0.047632
547,-7.716716,1.006159,2.464537,0.492907,0.280498,1.000000,2.500000,0.650000,0.162699,0.130527,0.099973,0.008484,0.110250,0.004146,0.067651,0.215369,0.119952,0.034266,-0.123077,0.047505
548,-8.017068,1.550820,1.566650,0.313330,0.273580,1.000000,2.500000,0.650000,0.160093,0.131606,0.105732,0.013255,0.100273,0.006279,0.068325,0.199511,0.113218,0.024817,-0.132374,0.048388
549,-8.031095,1.717356,1.594988,0.318998,0.288834,1.000000,2.500000,0.650000,0.160066,0.130098,0.102589,0.006040,0.116424,0.013813,0.066594,0.222234,0.115944,0.034140,-0.131021,0.043800
550,-7.973437,1.493523,1.641766,0.328353,0.263714,1.000000,2.500000,0.650000,0.160009,0.132201,0.097644,0.015624,0.106488,0.012339,0.068706,0.203142,0.119227,0.029971,-0.136406,0.041281
551,-7.995115,1.751827,1.611902,0.322380,0.307040,1.000000,2.500000,0.650000,0.166985,0.123951,0.098333,0.001444,0.110614,0.007137,0.069266,0.206847,0.108642,0.037327,-0.126867,0.045802
552,-7.974617,1.580545,1.725451,0.345090,0.264775,1.000000,2.500000,0.650000,0.176444,0.120362,0.106779,0.012461,0.099565,0.003868,0.064857,0.214930,0.113742,0.035003,-0.120974,0.047890
553,-7.804185,1.129783,2.146378,0.429276,0.275771,1.000000,2.500000,0.650000,0.160012,0.128876,0.101675,0.013433,0.110936,0.004822,0.067170,0.211898,0.117308,0.037860,-0.140970,0.043447
554,-7.739566,1.096105,2.343691,0.468738,0.247542,1.000000,2.500000,0.650000,0.160128,0.128129,0.101655,0.020156,0.109148,0.014009,0.069622,0.214091,0.112412,0.037435,-0.138409,0.044238
555,-7.864125,1.277145,1.957268,0.391454,0.255478,1.000000,2.500000,0.650000,0.160852,0.120000,0.101283,0.007716,0.100659,0.014716,0.065079,0.196106,0.115703,0.036004,-0.128032,0.043687
556,-8.266721,2.474512,1.124304,0.224861,0.271138,1.000000,2.500000,0.650000,0.166066,0.126546,0.106488,0.000092,0.111544,0.003863,0.067688,0.214085,0.117419,0.043808,-0.113005,0.049614
557,-8.405709,2.720371,0.850067,0.170013,0.292811,1.000000,2.500000,0.650000,0.167658,0.139475,0.099236,0.018154,0.116273,0.000074,0.063651,0.206088,0.119650,0.026770,-0.133717,0.049708
558,-7.668064,0.991692,2.611705,0.522341,0.255752,1.000000,2.500000,0.650000,0.161187,0.131822,0.097548,0.023772,0.102444,0.006795,0.068702,0.229220,0.115997,0.033825,-0.139581,0.042112
559,-8.216821,2.361960,1.263274,0.252655,0.294649,1.000000,2.500000,0.650000,0.184098,0.132099,0.104068,0.002258,0.118913,0.015065,0.061388,0.215812,0.119858,0.034738,-0.137522,0.046273
560,-8.067376,1.911030,1.516137,0.303227,0.358258,1.000000,2.500000,0.650000,0.176287,0.135860,0.100845,0.005267,0.127739,0.001717,0.061770,0.239736,0.117767,0.038606,-0.120613,0.049519
561,-7.761507,1.114105,2.300420,0.460084,0.263201,1.000000,2.500000,0.650000,0.162579,0.121853,0.100440,0.009043,0.097733,0.006262,0.063858,0.213439,0.114505,0.033659,-0.127373,0.050000
562,-7.880178,1.383350,1.957440,0.391488,0.258251,1.000000,2.500000,0.650000,0.168280,0.123698,0.096944,0.010599,0.110656,0.010625,0.064937,0.226542,0.119886,0.040116,-0.146272,0.041906
563,-8.073428,1.700169,1.415155,0.283031,0.277804,1.000000,2.500000,0.650000,0.163469,0.133308,0.100270,0.015552,0.098210,0.011546,0.066318,0.205895,0.118265,0.025673,-0.149153,0.045558
564,-8.075513,1.895623,1.491914,0.298383,0.279915,1.000000,2.500000,0.650000,0.174203,0.120028,0.096149,0.014635,0.097561,0.002900,0.062667,0.237498,0.112169,0.021528,-0.132963,0.039599
565,-7.955821,1.563547,1.691014,0.338203,0.236529,1.000000,2.500000,0.650000,0.166311,0.127703,0.103539,0.029498,0.100618,0.007585,0.058338,0.223773,0.119269,0.040442,-0.135139,0.028311
566,-8.076222,1.920030,1.416805,0.283361,0.206210,1.000000,2.500000,0.650000,0.164890,0.122720,0.101697,0.023243,0.103865,0.023674,0.069958,0.218939,0.118141,0.047910,-0.131263,0.040890
567,-8.124596,1.842690,1.314945,0.262989,0.283323,1.000000,2.500000,0.650000,0.177100,0.131746,0.097991,0.018041,0.105846,0.009348,0.052020,0.196620,0.119992,0.033880,-0.131575,0.046520
568,-7.952271,1.329400,1.671323,0.334265,0.273882,1.000000,2.500000,0.650000,0.165575,0.135802,0.099873,0.018507,0.096234,0.005092,0.069178,0.186553,0.118362,0.037384,-0.139165,0.049685
569,-8.109102,1.812240,1.356635,0.271327,0.323047,1.000000,2.500000,0.650000,0.160098,0.140459,0.096637,0.017870,0.118991,0.005450,0.053287,0.210380,0.118806,0.046578,-0.134330,0.037045
570,-7.835298,1.257262,2.067252,0.413450,0.260264,1.000000,2.500000,0.650000,0.164470,0.120510,0.107492,0.014468,0.109594,0.005927,0.063020,0.213497,0.117907,0.030016,-0.132385,0.045013
571,-7.702649,1.057809,2.538893,0.507779,0.291284,1.000000,2.500000,0.650000,0.161483,0.134493,0.101885,0.021701,0.110766,0.002595,0.064058,0.239828,0.119999,0.030973,-0.133252,0.046413
572,-7.710675,1.053812,2.518597,0.503719,0.283662,1.000000,2.500000,0.650000,0.169187,0.126290,0.097657,0.012980,0.109449,0.006254,0.069481,0.226734,0.119750,0.036584,-0.135191,0.041292
573,-8.047313,1.736876,1.487186,0.297437,0.301403,1.000000,2.500000,0.650000,0.161143,0.133462,0.096024,0.022779,0.115455,0.001715,0.058539,0.227020,0.116559,0.035725,-0.141006,0.040494
574,-9.378665,7.368494,0.387781,0.077556,0.279285,1.000000,2.500000,0.650000,0.160052,0.128934,0.106141,0.018713,0.105800,0.000967,0.069196,0.233689,0.105404,0.038781,-0.133704,0.040750
575,-7.785729,1.178107,2.167238,0.433448,0.238557,1.000000,2.500000,0.650000,0.164047,0.128395,0.102753,0.030484,0.102450,0.004378,0.056931,0.223649,0.119167,0.031984,-0.129139,0.043896
576,-7.621088,0.876780,2.790806,0.558161,0.267891,1.000000,2.500000,0.650000,0.160140,0.123480,0.100056,0.013398,0.117488,0.002900,0.067565,0.217636,0.117792,0.034899,-0.132802,0.043254
577,-8.061763,1.844053,1.417698,0.283540,0.210059,1.000000,2.500000,0.650000,0.160042,0.120111,0.104727,0.025867,0.105420,0.016092,0.065727,0.213932,0.111545,0.035043,-0.130951,0.049996
578,-7.948119,1.409409,1.712678,0.342536,0.272102,1.000000,2.500000,0.650000,0.165335,0.135215,0.106296,0.022536,0.113117,0.011516,0.069173,0.196693,0.119312,0.036918,-0.128596,0.049999
579,-7.774805,1.122626,2.227967,0.445593,0.257996,1.000000,2.500000,0.650000,0.161464,0.125298,0.103321,0.019838,0.103734,0.004392,0.068580,0.223681,0.119833,0.036232,-0.118864,0.044784
580,-8.039642,1.808167,1.625577,0.325115,0.300985,1.000000,2.500000,0.650000,0.175908,0.136651,0.096886,0.023384,0.104129,0.013401,0.060715,0.239949,0.116166,0.025907,-0.147146,0.043121
581,-8.109697,1.959764,1.285709,0.257142,0.215563,1.000000,2.500000,0.650000,0.163148,0.120036,0.101723,0.030331,0.109708,0.007122,0.068174,0.216074,0.118346,0.032207,-0.140024,0.043497
582,-7.653620,0.951640,2.600177,0.520035,0.231724,1.000000,2.500000,0.650000,0.160028,0.127081,0.098587,0.025469,0.101682,0.000008,0.066747,0.236496,0.117325,0.029147,-0.124023,0.047976
583,-10.000000,,0.000000,0.000000,3.141593,0.000000,2.500000,0.650000,0.168035,0.140496,0.101038,0.007508,0.106830,0.006447,0.066989,0.239281,0.116327,0.040965,-0.129707,0.034298
584,-7.860876,1.331402,2.030620,0.406124,0.273891,1.000000,2.500000,0.650000,0.172434,0.123305,0.100497,0.013915,0.116314,0.003443,0.067702,0.221593,0.112468,0.031035,-0.115323,0.045098
585,-8.103981,1.882412,1.346599,0.269320,0.246387,1.000000,2.500000,0.650000,0.170372,0.120049,0.111016,0.033914,0.101515,0.018408,0.063626,0.188253,0.118857,0.040362,-0.129923,0.049933
586,-7.815884,1.166197,2.062829,0.412566,0.258707,1.000000,2.500000,0.650000,0.162268,0.121501,0.096037,0.018055,0.117624,0.008524,0.066920,0.217822,0.113608,0.037723,-0.136689,0.045573
587,-8.803202,4.481650,0.526486,0.105297,0.275476,1.000000,2.500000,0.650000,0.160169,0.127291,0.104900,0.024402,0.120576,0.005462,0.056911,0.220064,0.116066,0.018975,-0.126933,0.049855
588,-7.726447,1.001597,2.334979,0.466996,0.253430,1.000000,2.500000,0.650000,0.164201,0.121941,0.098413,0.022124,0.114322,0.001226,0.065830,0.205875,0.115745,0.033616,-0.135866,0.040794
589,-7.790490,1.154316,2.151754,0.430351,0.231665,1.000000,2.500000,0.650000,0.165225,0.130074,0.096081,0.024339,0.110055,0.017571,0.065585,0.212463,0.117743,0.030349,-0.131094,0.049978
590,-8.048840,1.795940,1.580590,0.316118,0.297541,1.000000,2.500000,0.650000,0.171748,0.126945,0.099032,0.016895,0.105188,0.004150,0.062645,0.239259,0.116262,0.030807,-0.121832,0.044256
591,-7.843270,1.308816,2.099676,0.419935,0.295573,1.000000,2.500000,0.650000,0.164205,0.134101,0.107378,0.017594,0.098720,0.005408,0.068471,0.217849,0.112327,0.032634,-0.122916,0.047174
592,-7.765603,1.066945,2.246476,0.449295,0.252956,1.000000,2.500000,0.650000,0.164619,0.123562,0.096081,0.016370,0.113714,0.011270,0.060568,0.203955,0.113787,0.042327,-0.129267,0.049960
593,-7.937936,1.427366,1.651186,0.330237,0.210862,1.000000,2.500000,0.650000,0.160926,0.120462,0.096041,0.017722,0.098442,0.009618,0.069999,0.208199,0.119717,0.032734,-0.128617,0.043296
594,-7.885601,1.360843,1.905023,0.381005,0.241081,1.000000,2.500000,0.650000,0.160253,0.120692,0.114087,0.016246,0.097884,0.016736,0.064377,0.214791,0.119921,0.030942,-0.129258,0.049139
595,-7.821551,1.188225,2.054282,0.410856,0.243637,1.000000,2.500000,0.650000,0.168167,0.126373,0.097188,0.021409,0.110032,0.010557,0.066224,0.201767,0.114821,0.034367,-0.123175,0.045814
596,-7.958139,1.508586,1.662066,0.332413,0.264657,1.000000,2.500000,0.650000,0.163160,0.124645,0.096169,0.016196,0.123339,0.005677,0.068716,0.219869,0.119316,0.028957,-0.132566,0.049914
597,-7.909422,1.352441,1.736915,0.347383,0.226105,1.000000,2.500000,0.650000,0.160000,0.123732,0.096063,0.024716,0.104446,0.004706,0.064871,0.209495,0.119764,0.038408,-0.141580,0.033426
598,-7.729266,1.061217,2.414784,0.482957,0.270324,1.000000,2.500000,0.650000,0.166546,0.125781,0.098911,0.015171,0.121585,0.001052,0.069946,0.221250,0.115558,0.039628,-0.135349,0.042594
599,-7.898433,1.315004,1.781370,0.356274,0.232526,1.000000,2.500000,0.650000,0.160055,0.120807,0.101349,0.019415,0.104475,0.005270,0.068939,0.206261,0.119754,0.038762,-0.127165,0.048658
600,-8.103535,1.723224,1.313558,0.262712,0.279016,1.000000,2.500000,0.650000,0.161206,0.130846,0.096843,0.015485,0.113588,0.009614,0.066610,0.193131,0.115724,0.035816,-0.147710,0.045483
601,-7.717020,1.058345,2.402833,0.480567,0.254768,1.000000,2.500000,0.650000,0.166304,0.122623,0.097766,0.022091,0.113928,0.000173,0.062203,0.226344,0.119792,0.037085,-0.138616,0.043454
602,-7.847285,1.186574,1.962985,0.392597,0.246528,1.000000,2.500000,0.650000,0.160055,0.127995,0.096383,0.019348,0.114497,0.016928,0.063436,0.203762,0.115847,0.039824,-0.133862,0.049725
603,-7.858882,1.236724,1.930995,0.386199,0.265105,1.000000,2.500000,0.650000,0.166158,0.131552,0.099282,0.029011,0.114321,0.000513,0.067286,0.206433,0.114685,0.034461,-0.135284,0.049984
604,-7.801526,1.194386,2.169733,0.433947,0.260897,1.000000,2.500000,0.650000,0.160416,0.123072,0.098144,0.013598,0.113900,0.006305,0.065784,0.231945,0.116641,0.045757,-0.139160,0.048299
605,-8.004155,1.562248,1.502237,0.300447,0.245330,1.000000,2.500000,0.650000,0.161660,0.120002,0.104912,0.026217,0.121271,0.013450,0.065706,0.177877,0.118212,0.034749,-0.134802,0.042523
606,-7.934622,1.477471,1.793049,0.358610,0.280996,1.000000,2.500000,0.650000,0.161279,0.125365,0.096877,0.012700,0.118900,0.003117,0.065623,0.225522,0.117055,0.047161,-0.122155,0.033717
607,-7.729412,1.056014,2.395896,0.479179,0.260288,1.000000,2.500000,0.650000,0.160031,0.124448,0.102056,0.012361,0.107460,0.008036,0.062243,0.216636,0.119965,0.034540,-0.132797,0.047311
608,-7.761993,1.024400,2.272641,0.454528,0.278793,1.000000,2.500000,0.650000,0.161431,0.134069,0.098758,0.018680,0.119372,0.001775,0.068897,0.219128,0.118782,0.028921,-0.135117,0.048689
609,-7.921474,1.361042,1.771248,0.354250,0.274873,1.000000,2.500000,0.650000,0.162723,0.130403,0.102010,0.022463,0.122541,0.006736,0.058527,0.205285,0.119787,0.036737,-0.132386,0.045448
610,-7.819634,1.218417,2.051406,0.410281,0.231058,1.000000,2.500000,0.650000,0.164387,0.121147,0.100392,0.021337,0.106577,0.008629,0.065216,0.220358,0.119846,0.036613,-0.146304,0.044270
611,-7.818493,1.155568,2.094812,0.418962,0.275272,1.000000,2.500000,0.650000,0.164367,0.130735,0.098348,0.020002,0.113048,0.000070,0.061261,0.216541,0.113324,0.044628,-0.139372,0.049821
612,-7.800651,1.095248,2.112797,0.422559,0.278367,1.000000,2.500000,0.650000,0.161192,0.129681,0.097856,0.019787,0.114234,0.001786,0.057454,0.209142,0.119944,0.039610,-0.132350,0.047044
613,-8.351082,2.621734,0.930148,0.186030,0.282217,1.000000,2.500000,0.650000,0.161296,0.128734,0.097752,0.009258,0.120149,0.006562,0.058555,0.198370,0.119299,0.045356,-0.131031,0.043189
614,-7.916741,1.419651,1.924078,0.384816,0.301846,1.000000,2.500000,0.650000,0.181203,0.124230,0.097805,0.015533,0.110430,0.002574,0.053097,0.235423,0.119538,0.036920,-0.134686,0.046819
615,-7.970827,1.456383,1.691325,0.338265,0.301366,1.000000,2.500000,0.650000,0.167390,0.135019,0.096132,0.020140,0.117888,0.002961,0.063754,0.219548,0.115920,0.040872,-0.156197,0.047740
616,-7.867815,1.254593,1.911323,0.382265,0.254172,1.000000,2.500000,0.650000,0.172161,0.122244,0.096834,0.021083,0.116148,0.004000,0.068840,0.210783,0.117253,0.031416,-0.136368,0.049889
617,-7.634380,0.955268,2.761051,0.552210,0.256807,1.000000,2.500000,0.650000,0.170641,0.123934,0.099853,0.013607,0.107683,0.003155,0.070000,0.225441,0.119223,0.036046,-0.129239,0.047429
618,-7.859004,1.236609,1.998459,0.399692,0.297263,1.000000,2.500000,0.650000,0.160314,0.137320,0.099977,0.016092,0.118537,0.004155,0.065403,0.210594,0.110832,0.041801,-0.127450,0.049978
619,-7.850895,1.202974,1.940092,0.388018,0.266507,1.000000,2.500000,0.650000,0.160557,0.127077,0.096488,0.023204,0.113324,0.001549,0.058587,0.213435,0.117905,0.031868,-0.132827,0.046951
620,-8.427165,2.860319,0.839698,0.167940,0.282455,1.000000,2.500000,0.650000,0.166230,0.126680,0.099763,0.010877,0.114045,0.009196,0.061415,0.192463,0.111019,0.028907,-0.124542,0.049195
621,-8.164151,2.009908,1.237327,0.247465,0.270131,1.000000,2.500000,0.650000,0.170999,0.135762,0.101365,0.022590,0.118033,0.009098,0.069967,0.198155,0.116655,0.032627,-0.133255,0.049034
622,-7.742261,1.068339,2.357665,0.471533,0.269899,1.000000,2.500000,0.650000,0.162106,0.127473,0.100292,0.017577,0.112502,0.004524,0.066644,0.224629,0.115016,0.032678,-0.135966,0.045079
623,-7.767764,1.089222,2.281607,0.456321,0.298868,1.000000,2.500000,0.650000,0.160336,0.128562,0.096034,0.018064,0.119793,0.000137,0.062533,0.224478,0.114664,0.034921,-0.135588,0.044801
624,-7.752662,1.099736,2.355657,0.471131,0.290258,1.000000,2.500000,0.650000,0.160035,0.136105,0.102024,0.023923,0.112868,0.003620,0.061524,0.231104,0.119853,0.037248,-0.135742,0.041604
625,-8.174503,2.065334,1.247154,0.249431,0.301395,1.000000,2.500000,0.650000,0.161094,0.137985,0.099075,0.019370,0.112422,0.000018,0.061429,0.226528,0.116502,0.026635,-0.133375,0.047801
626,-7.671364,0.961982,2.572892,0.514578,0.242950,1.000000,2.500000,0.650000,0.160065,0.125863,0.098027,0.015495,0.105520,0.011857,0.062749,0.214082,0.117476,0.032717,-0.124626,0.049925
627,-9.491156,,-0.577756,-0.115551,0.272018,1.000000,2.500000,0.650000,0.160231,0.120118,0.099565,0.017023,0.109950,0.002554,0.068244,0.237519,0.113374,0.029456,-0.131576,0.038169
628,-7.680405,0.959235,2.564118,0.512824,0.285814,1.000000,2.500000,0.650000,0.163840,0.126810,0.096005,0.021901,0.111263,0.001410,0.061452,0.231269,0.116570,0.030295,-0.134542,0.047197
629,-8.154610,1.974139,1.310859,0.262172,0.285202,1.000000,2.500000,0.650000,0.180424,0.128428,0.106449,0.015126,0.096006,0.005543,0.066753,0.204372,0.116975,0.025855,-0.132242,0.048027
630,-7.942138,1.561408,1.829088,0.365818,0.285352,1.000000,2.500000,0.650000,0.165316,0.122291,0.104119,0.008077,0.111419,0.006846,0.069737,0.237125,0.119104,0.037395,-0.128100,0.043067
631,-7.732016,1.041195,2.357218,0.471444,0.239336,1.000000,2.500000,0.650000,0.166644,0.121055,0.096220,0.018149,0.114057,0.010735,0.058994,0.211668,0.119844,0.043937,-0.131686,0.046555
632,-7.959888,1.489656,1.771687,0.354337,0.295333,1.000000,2.500000,0.650000,0.168556,0.138561,0.113585,0.008294,0.107046,0.005270,0.065642,0.210170,0.118867,0.028446,-0.128071,0.049855
633,-8.284011,2.396905,1.054850,0.210970,0.292820,1.000000,2.500000,0.650000,0.167475,0.132578,0.096417,0.010308,0.112845,0.000670,0.059416,0.222273,0.117848,0.033244,-0.128936,0.049458
634,-7.682424,0.993795,2.535068,0.507014,0.245826,1.000000,2.500000,0.650000,0.162214,0.120042,0.097880,0.014684,0.106840,0.001798,0.069470,0.230701,0.117079,0.040124,-0.126718,0.049999
635,-7.881467,1.267184,1.808896,0.361779,0.230186,1.000000,2.500000,0.650000,0.161113,0.120016,0.097869,0.018824,0.108027,0.012157,0.061536,0.206064,0.119789,0.032857,-0.132963,0.046144
636,-7.723350,1.076568,2.475474,0.495095,0.288982,1.000000,2.500000,0.650000,0.172902,0.122608,0.099421,0.015713,0.107410,0.000521,0.061910,0.234896,0.112134,0.037856,-0.138868,0.046537
637,-7.673843,0.994796,2.564895,0.512979,0.258867,1.000000,2.500000,0.650000,0.160035,0.124532,0.096055,0.020162,0.118499,0.000016,0.069865,0.235057,0.118634,0.033943,-0.129789,0.044063
638,-7.743952,1.045323,2.326454,0.465291,0.277245,1.000000,2.500000,0.650000,0.160001,0.126084,0.097805,0.012822,0.109784,0.004348,0.061794,0.213496,0.117393,0.038702,-0.121918,0.045701
639,-7.669190,1.013872,2.565369,0.513074,0.247022,1.000000,2.500000,0.650000,0.160748,0.120337,0.096055,0.017560,0.111087,0.003452,0.069966,0.236230,0.119276,0.033968,-0.116890,0.047880
640,-7.684049,0.998607,2.533842,0.506768,0.262296,1.000000,2.500000,0.650000,0.160108,0.124758,0.098071,0.013370,0.112827,0.000100,0.064589,0.227785,0.117049,0.041224,-0.129331,0.046917
641,-7.886253,1.415089,1.886799,0.377360,0.250761,1.000000,2.500000,0.650000,0.161755,0.120011,0.096130,0.021106,0.119735,0.005193,0.069946,0.239774,0.107531,0.037132,-0.138929,0.044118
642,-7.710430,1.081363,2.463277,0.492655,0.259698,1.000000,2.500000,0.650000,0.169545,0.121416,0.098371,0.019547,0.111287,0.002512,0.061228,0.236298,0.119959,0.034274,-0.132716,0.048017
643,-7.681088,0.998133,2.630109,0.526022,0.282675,1.000000,2.500000,0.650000,0.169062,0.132299,0.096058,0.016517,0.109338,0.008138,0.066643,0.227840,0.117838,0.036587,-0.128413,0.047769
644,-7.704809,1.061096,2.539524,0.507905,0.261848,1.000000,2.500000,0.650000,0.169771,0.137475,0.099309,0.027421,0.105442,0.003754,0.069911,0.239048,0.117110,0.029879,-0.136307,0.048498
645,-7.762182,1.088797,2.286580,0.457316,0.261208,1.000000,2.500000,0.650000,0.167478,0.123915,0.096356,0.016012,0.108355,0.003756,0.069377,0.222344,0.118179,0.030369,-0.125228,0.047638
646,-7.661575,0.975144,2.609343,0.521869,0.231847,1.000000,2.500000,0.650000,0.163291,0.120002,0.101414,0.021475,0.118566,0.003713,0.068763,0.238681,0.117254,0.032179,-0.128317,0.045854
647,-7.662018,0.948003,2.622290,0.524458,0.257723,1.000000,2.500000,0.650000,0.160368,0.127143,0.097061,0.019001,0.116415,0.005455,0.068123,0.233033,0.118950,0.037308,-0.131342,0.045972
648,-7.892732,1.426641,1.951981,0.390396,0.320852,1.000000,2.500000,0.650000,0.161188,0.132262,0.105265,0.022094,0.109888,0.000000,0.069996,0.223070,0.109008,0.034898,-0.132517,0.046957
649,-7.777448,1.205074,2.206217,0.441243,0.229071,1.000000,2.500000,0.650000,0.173871,0.120530,0.096058,0.025328,0.100022,0.002133,0.065188,0.238016,0.119619,0.031439,-0.127467,0.044709
650,-7.743902,1.138341,2.331710,0.466342,0.225580,1.000000,2.500000,0.650000,0.164846,0.120000,0.098755,0.022374,0.124443,0.012952,0.069715,0.226904,0.113135,0.038496,-0.130971,0.041390
651,-7.667144,0.981302,2.612239,0.522448,0.269801,1.000000,2.500000,0.650000,0.161717,0.120397,0.096094,0.016967,0.113185,0.001197,0.068030,0.233538,0.116473,0.034270,-0.125049,0.044803
652,-7.772579,1.129592,2.252386,0.450477,0.241461,1.000000,2.500000,0.650000,0.168183,0.120954,0.106589,0.021775,0.124630,0.005650,0.069467,0.221039,0.114694,0.035644,-0.131694,0.045374
653,-7.695714,1.068308,2.528725,0.505745,0.286122,1.000000,2.500000,0.650000,0.160299,0.125715,0.102332,0.020528,0.116206,0.002409,0.069479,0.235135,0.115233,0.031421,-0.126876,0.045456
654,-7.738758,1.091856,2.350354,0.470071,0.245038,1.000000,2.500000,0.650000,0.164702,0.121544,0.101415,0.019804,0.118127,0.004128,0.069988,0.223254,0.118765,0.041981,-0.135352,0.043339
655,-7.977262,1.602882,1.701804,0.340361,0.291327,1.000000,2.500000,0.650000,0.160064,0.125046,0.100428,0.018327,0.119025,0.005271,0.069275,0.239346,0.115547,0.032164,-0.124459,0.041221
656,-7.718636,1.108000,2.428860,0.485772,0.246942,1.000000,2.500000,0.650000,0.161382,0.123914,0.101789,0.023508,0.116585,0.005845,0.067375,0.238801,0.116172,0.029234,-0.136802,0.047345
657,-7.682795,1.047710,2.589018,0.517804,0.264693,1.000000,2.500000,0.650000,0.175751,0.125006,0.096321,0.021418,0.121785,0.008940,0.069319,0.235460,0.119948,0.037566,-0.130646,0.044347
658,-7.729384,1.045651,2.361762,0.472352,0.248827,1.000000,2.500000,0.650000,0.166347,0.120001,0.096050,0.019963,0.114216,0.000159,0.068172,0.230702,0.118280,0.036359,-0.131306,0.048353
659,-7.767840,1.196881,2.252751,0.450550,0.237386,1.000000,2.500000,0.650000,0.161831,0.123742,0.105404,0.029073,0.116822,0.008448,0.069631,0.239993,0.114513,0.028768,-0.119205,0.048749
660,-7.831591,1.228703,1.961374,0.392275,0.211997,1.000000,2.500000,0.650000,0.161602,0.120928,0.096632,0.023282,0.106643,0.005392,0.065807,0.219542,0.117238,0.030200,-0.124786,0.048459
661,-7.703462,1.119276,2.507411,0.501482,0.242879,1.000000,2.500000,0.650000,0.170058,0.124626,0.099665,0.024117,0.116890,0.011169,0.066595,0.237764,0.119781,0.036514,-0.124836,0.043764
662,-7.854764,1.334363,2.001133,0.400227,0.251216,1.000000,2.500000,0.650000,0.164344,0.120443,0.103480,0.017457,0.123830,0.007677,0.069656,0.230872,0.118875,0.037356,-0.136623,0.038293
663,-7.690937,1.031857,2.555752,0.511150,0.266336,1.000000,2.500000,0.650000,0.161449,0.127259,0.100223,0.016122,0.120415,0.004901,0.069788,0.238596,0.119420,0.044058,-0.132241,0.040464
664,-7.710400,1.017766,2.412097,0.482419,0.244849,1.000000,2.500000,0.650000,0.167565,0.120467,0.096017,0.025277,0.122212,0.000325,0.067879,0.225272,0.116970,0.039390,-0.129138,0.042348
665,-8.067573,1.786089,1.500134,0.300027,0.296853,1.000000,2.500000,0.650000,0.166799,0.127286,0.096750,0.012797,0.116736,0.004385,0.063705,0.236224,0.115865,0.032025,-0.134330,0.043796
666,-7.641419,0.928315,2.723302,0.544660,0.286500,1.000000,2.500000,0.650000,0.160075,0.127458,0.096646,0.017149,0.116449,0.000000,0.069888,0.234488,0.119984,0.039618,-0.129883,0.041383
667,-7.691376,1.013471,2.500808,0.500162,0.256847,1.000000,2.500000,0.650000,0.163467,0.120260,0.097567,0.017659,0.118895,0.000357,0.066601,0.229327,0.116113,0.035364,-0.129537,0.049912
668,-7.888429,1.292967,1.806562,0.361312,0.229870,1.000000,2.500000,0.650000,0.160000,0.125143,0.096030,0.024345,0.116438,0.006752,0.068397,0.212331,0.118866,0.036473,-0.132593,0.045270
669,-7.707162,1.098801,2.520935,0.504187,0.283307,1.000000,2.500000,0.650000,0.170087,0.126806,0.100225,0.025607,0.130315,0.000396,0.067033,0.239998,0.116171,0.037225,-0.131272,0.046278
670,-7.755880,1.036994,2.255381,0.451076,0.242122,1.000000,2.500000,0.650000,0.162166,0.120001,0.096238,0.016342,0.109594,0.000489,0.065935,0.218304,0.116022,0.028853,-0.124998,0.047026
671,-7.638704,0.919582,2.746356,0.549271,0.278357,1.000000,2.500000,0.650000,0.163762,0.128040,0.096171,0.015387,0.111936,0.005236,0.069198,0.233485,0.119563,0.039856,-0.135405,0.046936
672,-7.770103,1.117269,2.246224,0.449245,0.252577,1.000000,2.500000,0.650000,0.162374,0.124472,0.096578,0.018924,0.111098,0.005175,0.067319,0.233219,0.119981,0.035962,-0.130416,0.046149
673,-7.635437,0.953942,2.752808,0.550562,0.268855,1.000000,2.500000,0.650000,0.161319,0.124816,0.099207,0.009386,0.115599,0.002177,0.069993,0.240000,0.119955,0.041575,-0.131894,0.046714
674,-7.721317,1.038396,2.457672,0.491534,0.277328,1.000000,2.500000,0.650000,0.160101,0.135428,0.096011,0.017392,0.110743,0.002622,0.069432,0.234101,0.119696,0.032859,-0.122826,0.044801
675,-7.748944,1.072824,2.376528,0.475306,0.292741,1.000000,2.500000,0.650000,0.162710,0.130766,0.096959,0.014875,0.117289,0.004515,0.064861,0.228808,0.118712,0.043990,-0.129612,0.037874
676,-7.663615,1.000478,2.674144,0.534829,0.277666,1.000000,2.500000,0.650000,0.164600,0.129001,0.096029,0.013408,0.114330,0.007267,0.069402,0.239068,0.120000,0.044912,-0.131935,0.045517
677,-7.691684,1.007405,2.526939,0.505388,0.270773,1.000000,2.500000,0.650000,0.166844,0.126157,0.096109,0.020159,0.109538,0.000445,0.063056,0.231941,0.117559,0.036692,-0.130128,0.048529
678,-7.755168,1.141290,2.343312,0.468662,0.260176,1.000000,2.500000,0.650000,0.160128,0.122922,0.102947,0.011040,0.115559,0.001386,0.069948,0.236310,0.117756,0.049046,-0.127940,0.042356
679,-7.644906,0.935383,2.669929,0.533986,0.244930,1.000000,2.500000,0.650000,0.164909,0.121327,0.099266,0.020526,0.114086,0.000807,0.069696,0.228537,0.116718,0.037233,-0.131486,0.047558
680,-7.637628,0.919977,2.685702,0.537140,0.257995,1.000000,2.500000,0.650000,0.160087,0.130189,0.098479,0.020804,0.109860,0.000482,0.069353,0.229782,0.119150,0.037361,-0.136970,0.043177
681,-10.000000,,0.000000,0.000000,3.141593,0.000000,2.500000,0.650000,0.164098,0.126402,0.096010,0.017246,0.118890,0.005223,0.069997,0.237100,0.119895,0.037444,-0.133121,0.036037
682,-7.702143,1.007189,2.493958,0.498792,0.262122,1.000000,2.500000,0.650000,0.160741,0.128156,0.096830,0.016411,0.114203,0.004021,0.068760,0.232502,0.118571,0.036988,-0.125645,0.049670
683,-7.745890,1.072265,2.333265,0.466653,0.265086,1.000000,2.500000,0.650000,0.165212,0.125581,0.096651,0.011874,0.110219,0.001793,0.065787,0.219329,0.119169,0.043520,-0.134938,0.049934
684,-7.918354,1.457799,1.880062,0.376012,0.303471,1.000000,2.500000,0.650000,0.163211,0.134953,0.098534,0.011629,0.112766,0.003092,0.066847,0.236166,0.115180,0.034786,-0.133473,0.045842
685,-7.650374,0.969036,2.710829,0.542166,0.270936,1.000000,2.500000,0.650000,0.169258,0.125736,0.096064,0.008559,0.118408,0.000013,0.067402,0.239089,0.119944,0.038509,-0.132068,0.048085
686,-7.715244,1.054538,2.426908,0.485382,0.252888,1.000000,2.500000,0.650000,0.160965,0.123086,0.098727,0.017219,0.104718,0.003163,0.068631,0.224533,0.115885,0.040551,-0.135766,0.045258
687,-7.658021,0.951418,2.618963,0.523793,0.251043,1.000000,2.500000,0.650000,0.160258,0.120449,0.097274,0.014401,0.112960,0.000043,0.069232,0.230799,0.119724,0.036294,-0.136448,0.046884
688,-7.855036,1.293571,1.994065,0.398813,0.253555,1.000000,2.500000,0.650000,0.164551,0.122749,0.106591,0.025971,0.114623,0.007172,0.067067,0.224655,0.117348,0.036223,-0.137189,0.048949
689,-7.722251,1.081734,2.413347,0.482669,0.241635,1.000000,2.500000,0.650000,0.170044,0.121009,0.096226,0.022127,0.099294,0.002644,0.065443,0.235564,0.117299,0.037925,-0.130885,0.048098
690,-7.679764,1.009145,2.555258,0.511052,0.239328,1.000000,2.500000,0.650000,0.163431,0.120143,0.097386,0.015406,0.106846,0.005599,0.067368,0.231179,0.119515,0.040902,-0.129944,0.045414
691,-7.779578,1.171305,2.264902,0.452980,0.285931,1.000000,2.500000,0.650000,0.162036,0.129810,0.098218,0.012641,0.118113,0.007547,0.066165,0.234579,0.113258,0.041391,-0.133250,0.044843
692,-7.745807,1.087196,2.366765,0.473353,0.283806,1.000000,2.500000,0.650000,0.161373,0.126698,0.097046,0.014387,0.113851,0.001163,0.064814,0.239866,0.120000,0.040429,-0.140406,0.045604
693,-10.000000,,0.000000,0.000000,3.141593,0.000000,2.500000,0.650000,0.165158,0.132232,0.096194,0.015794,0.107429,0.000508,0.069318,0.238986,0.118261,0.047851,-0.132200,0.040256
694,-7.720874,1.100207,2.473825,0.494765,0.262724,1.000000,2.500000,0.650000,0.168674,0.123966,0.105833,0.016153,0.110361,0.002012,0.069319,0.237579,0.118606,0.033857,-0.134368,0.044030
695,-7.715482,1.033033,2.427401,0.485480,0.257389,1.000000,2.500000,0.650000,0.166509,0.120434,0.096266,0.013066,0.106974,0.000128,0.067388,0.223037,0.116741,0.040121,-0.129390,0.046924
696,-7.733280,1.129926,2.449230,0.489846,0.274360,1.000000,2.500000,0.650000,0.170797,0.123059,0.101206,0.013363,0.108375,0.003391,0.067273,0.237340,0.119999,0.040217,-0.134225,0.044393
697,-7.673768,0.981703,2.549412,0.509882,0.243844,1.000000,2.500000,0.650000,0.162236,0.120063,0.096129,0.019375,0.111191,0.000555,0.069495,0.239898,0.119983,0.034878,-0.136195,0.047731
698,-8.118342,1.864317,1.308066,0.261613,0.276706,1.000000,2.500000,0.650000,0.165528,0.124837,0.096011,0.012614,0.111791,0.002140,0.061521,0.222790,0.116056,0.039382,-0.138808,0.049641
699,-7.680700,0.997535,2.619008,0.523802,0.274626,1.000000,2.500000,0.650000,0.166810,0.124939,0.100390,0.009458,0.113792,0.000428,0.068164,0.228960,0.119999,0.039322,-0.129113,0.046378
700,-7.611849,0.901947,2.841243,0.568249,0.276736,1.000000,2.500000,0.650000,0.164477,0.123337,0.100628,0.014453,0.114869,0.001501,0.066654,0.228696,0.119839,0.028777,-0.132067,0.044534
701,-7.672269,0.948410,2.627810,0.525562,0.277161,1.000000,2.500000,0.650000,0.162144,0.130263,0.096222,0.010768,0.115738,0.000097,0.068202,0.232615,0.119564,0.038614,-0.139930,0.047232
702,-7.767743,1.132440,2.300486,0.460097,0.279161,1.000000,2.500000,0.650000,0.167498,0.123623,0.096005,0.009909,0.113047,0.000871,0.061648,0.229426,0.117623,0.041232,-0.128292,0.049935
703,-7.661165,0.973888,2.632590,0.526518,0.254082,1.000000,2.500000,0.650000,0.168412,0.120244,0.097569,0.011717,0.109818,0.002169,0.066487,0.223965,0.116147,0.036952,-0.135215,0.049990
704,-7.758010,1.140307,2.336586,0.467317,0.259375,1.000000,2.500000,0.650000,0.164994,0.123787,0.100748,0.011128,0.108585,0.003040,0.069919,0.232743,0.117821,0.044099,-0.131828,0.045529
705,-8.041607,1.664491,1.506655,0.301331,0.279817,1.000000,2.500000,0.650000,0.169498,0.126770,0.100799,0.021786,0.109483,0.001247,0.063957,0.221010,0.117993,0.028059,-0.135345,0.045192
706,-7.704158,0.950454,2.443032,0.488606,0.272153,1.000000,2.500000,0.650000,0.160036,0.125949,0.096043,0.011955,0.106799,0.002850,0.069915,0.215403,0.119335,0.033179,-0.129506,0.048280
707,-7.711075,1.053082,2.498408,0.499682,0.262561,1.000000,2.500000,0.650000,0.170462,0.120816,0.096636,0.014655,0.108417,0.000930,0.069778,0.239342,0.119384,0.035997,-0.130691,0.049833
708,-7.686903,1.040552,2.536556,0.507311,0.246832,1.000000,2.500000,0.650000,0.162980,0.120586,0.102750,0.016212,0.120279,0.002772,0.066568,0.238049,0.119724,0.036758,-0.129272,0.048516
709,-7.867373,1.303709,2.014253,0.402851,0.288732,1.000000,2.500000,0.650000,0.168232,0.127396,0.098299,0.010003,0.111939,0.000024,0.061901,0.228497,0.119069,0.037538,-0.134673,0.042101
710,-7.743653,1.058792,2.378699,0.475740,0.289346,1.000000,2.500000,0.650000,0.167491,0.127366,0.098292,0.015747,0.108045,0.000159,0.064895,0.232692,0.118777,0.033340,-0.132446,0.049245
711,-7.753892,1.102651,2.359504,0.471901,0.293448,1.000000,2.500000,0.650000,0.162892,0.128369,0.097269,0.008686,0.120751,0.001801,0.067454,0.230510,0.117773,0.034714,-0.126159,0.044623
712,-7.686454,1.015987,2.590150,0.518030,0.284506,1.000000,2.500000,0.650000,0.160624,0.128232,0.096894,0.012767,0.112893,0.003405,0.065234,0.239925,0.117139,0.040124,-0.132875,0.045393
713,-7.824939,1.233831,2.128567,0.425713,0.273903,1.000000,2.500000,0.650000,0.166051,0.124301,0.096127,0.008690,0.109712,0.000603,0.062157,0.240000,0.117660,0.037696,-0.130515,0.048428
714,-7.667128,0.959562,2.625405,0.525081,0.268818,1.000000,2.500000,0.650000,0.165713,0.120005,0.096385,0.010091,0.118073,0.002384,0.065201,0.222841,0.117042,0.036799,-0.137088,0.044677
715,-7.739798,1.044153,2.345360,0.469072,0.266395,1.000000,2.500000,0.650000,0.160212,0.124476,0.096307,0.011439,0.116183,0.000138,0.069886,0.225296,0.116445,0.036932,-0.134187,0.046463
716,-7.881705,1.357572,1.964248,0.392850,0.271679,1.000000,2.500000,0.650000,0.171777,0.122624,0.096013,0.008805,0.114605,0.006830,0.061176,0.228167,0.118440,0.037968,-0.132983,0.047811
717,-7.710600,1.038764,2.447618,0.489524,0.244204,1.000000,2.500000,0.650000,0.161423,0.120113,0.100968,0.017464,0.110866,0.000887,0.069978,0.235325,0.119482,0.031944,-0.134279,0.044235
718,-7.778285,1.163563,2.262532,0.452506,0.270621,1.000000,2.500000,0.650000,0.163593,0.122462,0.096151,0.005534,0.118705,0.005428,0.066601,0.234126,0.117122,0.035772,-0.128896,0.049713
719,-7.645350,0.935390,2.694805,0.538961,0.253039,1.000000,2.500000,0.650000,0.165844,0.120251,0.096024,0.012362,0.109015,0.000467,0.067838,0.235691,0.118177,0.034233,-0.133147,0.048992
720,-7.902212,1.423343,1.893724,0.378745,0.286762,1.000000,2.500000,0.650000,0.160005,0.125328,0.098315,0.014234,0.118713,0.001951,0.064042,0.234426,0.111754,0.040127,-0.136680,0.042192
721,-7.677530,0.989317,2.578035,0.515607,0.265621,1.000000,2.500000,0.650000,0.162066,0.121017,0.101602,0.016399,0.116623,0.002925,0.069989,0.229254,0.119123,0.037313,-0.136600,0.043150
722,-7.898782,1.389494,1.880473,0.376095,0.265302,1.000000,2.500000,0.650000,0.164025,0.125269,0.096064,0.017617,0.118403,0.005551,0.067191,0.234995,0.118856,0.035418,-0.136093,0.045155
723,-8.003493,1.613391,1.627457,0.325491,0.273866,1.000000,2.500000,0.650000,0.176029,0.120914,0.098436,0.012035,0.114141,0.001318,0.063410,0.231690,0.118734,0.036515,-0.135895,0.049975
724,-7.837258,1.252226,2.036784,0.407357,0.268804,1.000000,2.500000,0.650000,0.160076,0.123661,0.099064,0.015433,0.123650,0.003553,0.065331,0.231909,0.117498,0.038586,-0.135034,0.047786
725,-7.692730,1.029508,2.552308,0.510462,0.260709,1.000000,2.500000,0.650000,0.172342,0.120773,0.100187,0.016070,0.113022,0.001465,0.063975,0.233138,0.119802,0.035263,-0.136196,0.046732
726,-7.667415,1.017921,2.672933,0.534587,0.272834,1.000000,2.500000,0.650000,0.172839,0.120087,0.097019,0.006106,0.110911,0.001130,0.067093,0.225568,0.119658,0.038413,-0.132072,0.047352
727,-7.661734,0.973048,2.667651,0.533530,0.259840,1.000000,2.500000,0.650000,0.172894,0.120174,0.097028,0.010038,0.108073,0.000007,0.069974,0.225035,0.119248,0.034184,-0.131077,0.049969
728,-7.650692,0.962469,2.708848,0.541770,0.266341,1.000000,2.500000,0.650000,0.165142,0.126834,0.098237,0.012608,0.111829,0.000264,0.069970,0.236114,0.119543,0.035977,-0.134132,0.046136
729,-7.760561,1.101680,2.289193,0.457839,0.263208,1.000000,2.500000,0.650000,0.168062,0.120010,0.096015,0.011598,0.108853,0.004325,0.067234,0.214651,0.114490,0.038912,-0.129141,0.048102
730,-7.719300,1.115301,2.518991,0.503798,0.274166,1.000000,2.500000,0.650000,0.175257,0.122609,0.102371,0.008718,0.110502,0.000446,0.069855,0.239291,0.117830,0.038254,-0.139921,0.049878
731,-7.739762,1.086914,2.394616,0.478923,0.265415,1.000000,2.500000,0.650000,0.164189,0.120809,0.096890,0.008515,0.113416,0.002527,0.068233,0.231832,0.119994,0.032963,-0.130105,0.047209
732,-7.686946,1.026389,2.596214,0.519243,0.289618,1.000000,2.500000,0.650000,0.170969,0.125840,0.099090,0.008897,0.110706,0.001042,0.063728,0.231468,0.119994,0.039878,-0.135077,0.042094
733,-7.660657,1.007370,2.664464,0.532893,0.254105,1.000000,2.500000,0.650000,0.170823,0.120004,0.098332,0.009999,0.108362,0.000010,0.069348,0.235713,0.117620,0.041429,-0.132379,0.046799
734,-7.792169,1.199756,2.228594,0.445719,0.275496,1.000000,2.500000,0.650000,0.170665,0.122124,0.101395,0.012013,0.116550,0.000001,0.067405,0.229391,0.119888,0.037336,-0.138970,0.042449
735,-7.670554,1.039746,2.643973,0.528795,0.260589,1.000000,2.500000,0.650000,0.170055,0.124521,0.098793,0.012216,0.112313,0.007144,0.067317,0.236901,0.119715,0.033098,-0.132351,0.044822
736,-7.926631,1.437540,1.848434,0.369687,0.282660,1.000000,2.500000,0.650000,0.174494,0.128181,0.100850,0.008878,0.111555,0.006484,0.065586,0.212629,0.117891,0.038256,-0.138152,0.047949
737,-7.694140,1.040321,2.566504,0.513301,0.259022,1.000000,2.500000,0.650000,0.169079,0.120080,0.096645,0.011823,0.109545,0.001608,0.067519,0.238638,0.119930,0.037692,-0.133145,0.047766
738,-7.776106,1.226829,2.333313,0.466663,0.285872,1.000000,2.500000,0.650000,0.176648,0.127570,0.098586,0.010840,0.102868,0.002590,0.069398,0.239620,0.118107,0.031237,-0.132197,0.049427
739,-7.689229,1.037886,2.611226,0.522245,0.287839,1.000000,2.500000,0.650000,0.168357,0.129360,0.100228,0.014720,0.111694,0.002772,0.068683,0.239999,0.118956,0.037870,-0.132337,0.045033
740,-7.589494,0.916032,2.928047,0.585609,0.252650,1.000000,2.500000,0.650000,0.170087,0.120037,0.096319,0.010377,0.104919,0.002272,0.067185,0.236932,0.116466,0.035478,-0.131866,0.049929
741,-7.800890,1.222973,2.226341,0.445268,0.278686,1.000000,2.500000,0.650000,0.169339,0.124931,0.097064,0.007782,0.114536,0.000023,0.066763,0.239822,0.119930,0.040534,-0.130028,0.046921
742,-7.588935,0.900722,2.950028,0.590006,0.262860,1.000000,2.500000,0.650000,0.173172,0.120123,0.096007,0.009565,0.109896,0.000813,0.069578,0.239624,0.119615,0.032983,-0.139415,0.049835
743,-7.758721,1.191373,2.381738,0.476348,0.289964,1.000000,2.500000,0.650000,0.173354,0.125133,0.096198,0.005778,0.112695,0.003247,0.065019,0.239297,0.119805,0.037469,-0.134003,0.043628
744,-7.629528,0.941117,2.744120,0.548824,0.260404,1.000000,2.500000,0.650000,0.162397,0.123693,0.096002,0.009734,0.112815,0.001202,0.069292,0.228832,0.114895,0.041331,-0.126921,0.048477
745,-7.689844,1.071922,2.565134,0.513027,0.248868,1.000000,2.500000,0.650000,0.168869,0.122050,0.099289,0.016505,0.107612,0.004983,0.067539,0.239811,0.119245,0.037317,-0.126521,0.049251
746,-7.635605,0.959585,2.765139,0.553028,0.267352,1.000000,2.500000,0.650000,0.167354,0.123855,0.097299,0.011008,0.112624,0.000408,0.069539,0.235822,0.118540,0.037204,-0.131227,0.048179
747,-7.626812,0.941925,2.818044,0.563609,0.282396,1.000000,2.500000,0.650000,0.165113,0.133819,0.096032,0.007639,0.107800,0.000276,0.069761,0.237763,0.119995,0.040163,-0.127669,0.046260
748,-7.784645,1.223947,2.326830,0.465366,0.273367,1.000000,2.500000,0.650000,0.174185,0.122734,0.100298,0.008283,0.112216,0.008857,0.068012,0.238578,0.116683,0.038649,-0.132084,0.047517
749,-7.948348,1.687416,1.802963,0.360593,0.319528,1.000000,2.500000,0.650000,0.175422,0.124040,0.097745,0.004810,0.108862,0.003704,0.069966,0.239968,0.118112,0.039794,-0.132772,0.049963
750,-7.643370,0.924295,2.692376,0.538475,0.254525,1.000000,2.500000,0.650000,0.161464,0.120273,0.096008,0.014497,0.114113,0.001764,0.069062,0.237109,0.119468,0.030604,-0.129207,0.046574
751,-7.687825,1.056168,2.581387,0.516277,0.266420,1.000000,2.500000,0.650000,0.170735,0.120593,0.096044,0.008871,0.113609,0.000006,0.068989,0.236883,0.117766,0.040039,-0.134536,0.048038
752,-7.720758,1.093639,2.490130,0.498026,0.277447,1.000000,2.500000,0.650000,0.173826,0.125046,0.098784,0.011942,0.110491,0.000776,0.067006,0.237743,0.119497,0.037594,-0.135399,0.046664
753,-7.910974,1.463001,1.935274,0.387055,0.297353,1.000000,2.500000,0.650000,0.174906,0.129592,0.100087,0.008969,0.107828,0.002484,0.067929,0.234238,0.116372,0.033681,-0.134259,0.049146
754,-7.668702,1.001198,2.635507,0.527101,0.264596,1.000000,2.500000,0.650000,0.171599,0.123173,0.097247,0.010626,0.110003,0.000269,0.069532,0.226438,0.119925,0.041011,-0.132548,0.046190
755,-7.706732,1.075648,2.537061,0.507412,0.274914,1.000000,2.500000,0.650000,0.169733,0.123546,0.096095,0.005929,0.112692,0.001033,0.068359,0.236495,0.117336,0.040450,-0.131803,0.049226
756,-7.666419,0.958356,2.648000,0.529600,0.265324,1.000000,2.500000,0.650000,0.167536,0.120389,0.096147,0.007577,0.111897,0.000044,0.069790,0.230393,0.118152,0.038330,-0.127648,0.049500
757,-7.637406,0.971964,2.751518,0.550304,0.267076,1.000000,2.500000,0.650000,0.169120,0.122248,0.097213,0.008249,0.111244,0.001507,0.067975,0.238728,0.118996,0.039884,-0.132733,0.049736
758,-7.745019,1.185309,2.378483,0.475697,0.294302,1.000000,2.500000,0.650000,0.177184,0.128490,0.096007,0.009557,0.106782,0.000036,0.067153,0.237597,0.116422,0.034995,-0.124885,0.048318
759,-7.613904,0.941287,2.850606,0.570121,0.269222,1.000000,2.500000,0.650000,0.171993,0.121695,0.097390,0.011555,0.110555,0.000224,0.069992,0.238996,0.116851,0.036496,-0.135029,0.048847
760,-7.640729,0.976039,2.705548,0.541110,0.259337,1.000000,2.500000,0.650000,0.161204,0.121419,0.096005,0.010482,0.113375,0.006708,0.069106,0.238796,0.117141,0.038349,-0.132389,0.049903
761,-7.955536,1.580259,1.834508,0.366902,0.279102,1.000000,2.500000,0.650000,0.173421,0.122688,0.101254,0.005978,0.111985,0.005395,0.066736,0.235894,0.116151,0.033337,-0.129719,0.049290
762,-7.593687,0.928348,2.926975,0.585395,0.289520,1.000000,2.500000,0.650000,0.167009,0.127315,0.096311,0.007832,0.114447,0.000988,0.069773,0.239890,0.116635,0.036174,-0.127952,0.049598
763,-7.708750,1.064588,2.527394,0.505479,0.276544,1.000000,2.500000,0.650000,0.171425,0.121458,0.096589,0.007562,0.112687,0.000007,0.068453,0.231598,0.119004,0.039844,-0.131984,0.048956
764,-7.676026,1.007303,2.589027,0.517805,0.275199,1.000000,2.500000,0.650000,0.163653,0.121889,0.102400,0.018129,0.113533,0.000072,0.069802,0.234778,0.114319,0.036322,-0.138106,0.049916
765,-7.993727,1.636222,1.663727,0.332745,0.290587,1.000000,2.500000,0.650000,0.163627,0.131062,0.096045,0.007478,0.113526,0.004067,0.067501,0.240000,0.115998,0.031643,-0.130807,0.049840
766,-7.705550,1.092049,2.537682,0.507536,0.277333,1.000000,2.500000,0.650000,0.169884,0.124566,0.097138,0.012223,0.114662,0.001646,0.068027,0.239751,0.115517,0.041489,-0.129164,0.046214
767,-7.621226,0.974900,2.828884,0.565777,0.266439,1.000000,2.500000,0.650000,0.173011,0.123309,0.096972,0.009673,0.109055,0.002316,0.066157,0.239603,0.118842,0.033382,-0.130172,0.048660
768,-7.664522,1.001196,2.693282,0.538656,0.269677,1.000000,2.500000,0.650000,0.176060,0.126861,0.096994,0.010498,0.105691,0.000056,0.068506,0.239646,0.119987,0.032660,-0.132487,0.049999
769,-7.793564,1.178159,2.244582,0.448916,0.262050,1.000000,2.500000,0.650000,0.173466,0.120435,0.097258,0.010853,0.110720,0.006709,0.069121,0.228530,0.119560,0.034015,-0.128687,0.049196
770,-7.657603,0.982035,2.670015,0.534003,0.276711,1.000000,2.500000,0.650000,0.164881,0.121277,0.098769,0.014204,0.108935,0.005207,0.069367,0.238499,0.117355,0.036553,-0.136549,0.046025
771,-7.684075,1.037254,2.572990,0.514598,0.257859,1.000000,2.500000,0.650000,0.165245,0.122130,0.099166,0.017130,0.114668,0.007054,0.066256,0.237251,0.117788,0.032902,-0.129025,0.046378
772,-7.614782,0.944788,2.847872,0.569574,0.260286,1.000000,2.500000,0.650000,0.168481,0.120002,0.098140,0.009808,0.112573,0.000975,0.069991,0.239958,0.119660,0.031997,-0.125260,0.046691
773,-7.749186,1.145380,2.401742,0.480348,0.273056,1.000000,2.500000,0.650000,0.167788,0.120873,0.097558,0.005484,0.108612,0.004272,0.070000,0.233289,0.118257,0.035987,-0.122221,0.047590
774,-7.697888,1.034983,2.531725,0.506345,0.270150,1.000000,2.500000,0.650000,0.172420,0.123922,0.096009,0.011020,0.110471,0.001067,0.069408,0.228250,0.117412,0.035094,-0.125045,0.047059
775,-7.759163,1.151513,2.303997,0.460799,0.267621,1.000000,2.500000,0.650000,0.160200,0.120001,0.096027,0.006785,0.119767,0.002946,0.069958,0.238226,0.116165,0.044178,-0.131464,0.045805
776,-7.623716,1.019579,2.849952,0.569990,0.285632,1.000000,2.500000,0.650000,0.173058,0.126200,0.099690,0.007247,0.108539,0.003532,0.069872,0.238953,0.120000,0.036459,-0.127709,0.045076
777,-7.623241,0.987396,2.849409,0.569882,0.288774,1.000000,2.500000,0.650000,0.164749,0.126917,0.097128,0.005516,0.116813,0.001443,0.068250,0.239250,0.116792,0.033950,-0.122633,0.048748
778,-7.786346,1.229346,2.265469,0.453094,0.285297,1.000000,2.500000,0.650000,0.170310,0.120804,0.096144,0.006383,0.109794,0.002175,0.069769,0.236933,0.117721,0.037441,-0.136164,0.047493
779,-7.718521,1.041225,2.430148,0.486030,0.269832,1.000000,2.500000,0.650000,0.164154,0.120000,0.098229,0.010575,0.114382,0.002129,0.068409,0.234729,0.118099,0.034666,-0.134958,0.048468
780,-7.867269,1.338543,2.002528,0.400506,0.292342,1.000000,2.500000,0.650000,0.163966,0.128175,0.098486,0.012831,0.110008,0.003780,0.067562,0.239809,0.117665,0.034969,-0.124518,0.047451
781,-8.062797,1.841273,1.541827,0.308365,0.288489,1.000000,2.500000,0.650000,0.169536,0.124090,0.101269,0.008461,0.104052,0.000014,0.064817,0.238215,0.114350,0.033255,-0.136054,0.049970
782,-7.711425,1.105933,2.561463,0.512293,0.285695,1.000000,2.500000,0.650000,0.173811,0.126434,0.096665,0.007600,0.106956,0.000361,0.069848,0.239762,0.119492,0.031361,-0.121850,0.047192
783,-7.751701,1.103503,2.359099,0.471820,0.274490,1.000000,2.500000,0.650000,0.172097,0.120414,0.096007,0.007527,0.111273,0.000511,0.068800,0.232979,0.118827,0.030940,-0.120798,0.049742
784,-7.778497,1.211755,2.300349,0.460070,0.280109,1.000000,2.500000,0.650000,0.168543,0.123041,0.097988,0.007091,0.112974,0.002039,0.066669,0.238558,0.119698,0.032977,-0.133692,0.046589
785,-7.837351,1.355067,2.126087,0.425217,0.283300,1.000000,2.500000,0.650000,0.167006,0.121359,0.103733,0.000803,0.111761,0.007751,0.069952,0.220125,0.115541,0.032110,-0.121269,0.049150
786,-7.705326,1.022665,2.484086,0.496817,0.264459,1.000000,2.500000,0.650000,0.160731,0.122893,0.096203,0.010266,0.113557,0.004869,0.067165,0.228022,0.117996,0.028297,-0.127604,0.046151
787,-7.690486,1.045089,2.513179,0.502636,0.275165,1.000000,2.500000,0.650000,0.160987,0.121820,0.097276,0.010148,0.113243,0.002581,0.069143,0.239107,0.115630,0.032613,-0.132127,0.048503
788,-7.982564,1.606194,1.712292,0.342458,0.269851,1.000000,2.500000,0.650000,0.174801,0.120219,0.099692,0.010199,0.110614,0.001658,0.069842,0.232374,0.119407,0.033082,-0.122835,0.043597
789,-8.090068,1.908038,1.452554,0.290511,0.289290,1.000000,2.500000,0.650000,0.169737,0.123528,0.096270,0.003282,0.112920,0.000168,0.068191,0.239673,0.120000,0.035763,-0.125629,0.049956
790,-7.625749,0.963357,2.842470,0.568494,0.275156,1.000000,2.500000,0.650000,0.170309,0.124125,0.096183,0.006666,0.118775,0.001360,0.069412,0.237511,0.117326,0.036163,-0.124833,0.049883
791,-7.701834,1.049422,2.550148,0.510030,0.273164,1.000000,2.500000,0.650000,0.168077,0.120060,0.096002,0.009559,0.117660,0.000005,0.067005,0.239790,0.117163,0.029363,-0.127122,0.047490
792,-7.704986,1.079617,2.536028,0.507206,0.253416,1.000000,2.500000,0.650000,0.181710,0.120078,0.096072,0.014060,0.106741,0.004941,0.067136,0.231221,0.119956,0.029574,-0.125070,0.048400
793,-8.340869,2.702652,1.040962,0.208192,0.284036,1.000000,2.500000,0.650000,0.170613,0.120043,0.096767,0.004521,0.112556,0.000111,0.069266,0.237873,0.116489,0.033461,-0.122664,0.050000
794,-7.885723,1.466916,1.988359,0.397672,0.299327,1.000000,2.500000,0.650000,0.173244,0.122002,0.101462,0.002368,0.116600,0.000637,0.069912,0.229656,0.115817,0.031766,-0.126975,0.049921
795,-7.705493,1.099297,2.533585,0.506717,0.286533,1.000000,2.500000,0.650000,0.171067,0.123652,0.096016,0.006084,0.120909,0.001096,0.066913,0.239469,0.119843,0.033152,-0.137424,0.046438
796,-7.633007,0.991438,2.782471,0.556494,0.281350,1.000000,2.500000,0.650000,0.170484,0.120026,0.096012,0.008996,0.116252,0.000107,0.064415,0.236483,0.113889,0.032529,-0.128476,0.048858
797,-7.843451,1.351541,2.117549,0.423510,0.283761,1.000000,2.500000,0.650000,0.172624,0.124600,0.096770,0.006431,0.119003,0.004084,0.069998,0.238245,0.117272,0.034386,-0.128707,0.046489
798,-7.781322,1.217605,2.279537,0.455907,0.257984,1.000000,2.500000,0.650000,0.170805,0.120009,0.096224,0.010540,0.109862,0.002939,0.069957,0.239543,0.119776,0.036855,-0.129701,0.048028
799,-7.628628,0.989676,2.844290,0.568858,0.274003,1.000000,2.500000,0.650000,0.170836,0.123444,0.097361,0.006346,0.115380,0.003902,0.068633,0.238353,0.119720,0.030740,-0.128973,0.047165
800,-7.721138,1.070323,2.439675,0.487935,0.264189,1.000000,2.500000,0.650000,0.160872,0.121242,0.096071,0.007542,0.111470,0.000164,0.069203,0.238950,0.117868,0.034542,-0.126132,0.048910
801,-7.783910,1.169641,2.232381,0.446476,0.261882,1.000000,2.500000,0.650000,0.160373,0.121711,0.099880,0.012292,0.119628,0.001382,0.069904,0.237759,0.119366,0.036987,-0.130988,0.046019
802,-7.945104,1.499868,1.784139,0.356828,0.263504,1.000000,2.500000,0.650000,0.166756,0.120660,0.098553,0.007957,0.115230,0.002284,0.070000,0.236498,0.119925,0.035210,-0.129199,0.049755
803,-7.794367,1.242692,2.262316,0.452463,0.293197,1.000000,2.500000,0.650000,0.165970,0.121830,0.099165,0.005837,0.116393,0.000217,0.067587,0.240000,0.117131,0.030279,-0.125561,0.048867
804,-7.823354,1.300436,2.188557,0.437711,0.289090,1.000000,2.500000,0.650000,0.168662,0.126274,0.096006,0.008051,0.114914,0.007915,0.069993,0.238745,0.116104,0.036989,-0.128365,0.046710
805,-7.824319,1.308034,2.210046,0.442009,0.289650,1.000000,2.500000,0.650000,0.176270,0.127603,0.097705,0.009430,0.116300,0.005301,0.068069,0.239534,0.119721,0.036052,-0.135724,0.044431
806,-7.714774,1.084405,2.523224,0.504645,0.279367,1.000000,2.500000,0.650000,0.172060,0.120046,0.096122,0.006194,0.114489,0.000631,0.066567,0.233337,0.115197,0.032427,-0.135345,0.049448
807,-7.845401,1.333182,2.105679,0.421136,0.300125,1.000000,2.500000,0.650000,0.172679,0.121963,0.098990,0.008299,0.119544,0.000715,0.066949,0.239928,0.115108,0.032764,-0.132337,0.045293
808,-7.918871,1.611230,1.938553,0.387711,0.297705,1.000000,2.500000,0.650000,0.176607,0.121758,0.099398,0.001382,0.114045,0.000245,0.069474,0.239047,0.112270,0.036269,-0.134514,0.048417
809,-7.764698,1.155556,2.314956,0.462991,0.285348,1.000000,2.500000,0.650000,0.160055,0.120258,0.098568,0.005902,0.119932,0.000028,0.064491,0.240000,0.116846,0.036510,-0.128146,0.047439
810,-7.618162,1.006440,2.876924,0.575385,0.296349,1.000000,2.500000,0.650000,0.176045,0.125846,0.096327,0.003565,0.115572,0.000874,0.064314,0.239837,0.118479,0.029563,-0.133278,0.049676
811,-7.689177,1.028605,2.624314,0.524863,0.290653,1.000000,2.500000,0.650000,0.171941,0.127210,0.096688,0.008940,0.115234,0.000144,0.069905,0.239419,0.119773,0.032416,-0.133105,0.045786
812,-7.854015,1.277295,2.042927,0.408585,0.279758,1.000000,2.500000,0.650000,0.165924,0.125674,0.098523,0.009530,0.115339,0.003003,0.063169,0.228200,0.119183,0.031529,-0.131035,0.047009
813,-7.803162,1.210723,2.204261,0.440852,0.272114,1.000000,2.500000,0.650000,0.169623,0.120214,0.096528,0.006342,0.117041,0.000176,0.068131,0.230240,0.116891,0.033095,-0.135226,0.048697
814,-7.857344,1.336001,2.055199,0.411040,0.271248,1.000000,2.500000,0.650000,0.170306,0.121783,0.096016,0.007886,0.113804,0.003026,0.066835,0.239016,0.117750,0.031108,-0.129887,0.045464
815,-7.873860,1.335423,1.986970,0.397394,0.268189,1.000000,2.500000,0.650000,0.169992,0.120096,0.098090,0.008939,0.114714,0.000099,0.066210,0.236207,0.117476,0.032832,-0.139171,0.049857
816,-8.012533,1.823494,1.619670,0.323934,0.324948,1.000000,2.500000,0.650000,0.171959,0.123779,0.099886,0.002540,0.115039,0.000231,0.068400,0.239565,0.117814,0.033450,-0.137256,0.049076
817,-7.773076,1.156136,2.288673,0.457735,0.267199,1.000000,2.500000,0.650000,0.172673,0.121742,0.096000,0.011488,0.116463,0.000304,0.065645,0.238019,0.118917,0.029643,-0.135529,0.049550
818,-7.779793,1.239634,2.331690,0.466338,0.298026,1.000000,2.500000,0.650000,0.180270,0.124782,0.096076,0.004678,0.117223,0.000675,0.068022,0.238760,0.118900,0.030733,-0.132097,0.048235
819,-7.601679,0.977884,2.966464,0.593293,0.277097,1.000000,2.500000,0.650000,0.181494,0.120041,0.096002,0.004022,0.116018,0.000225,0.068232,0.239382,0.119856,0.028707,-0.131222,0.048997
820,-7.950015,1.513987,1.791605,0.358321,0.288124,1.000000,2.500000,0.650000,0.167709,0.120000,0.096634,0.006312,0.120379,0.000596,0.062824,0.238655,0.115307,0.027506,-0.136244,0.049978
821,-7.837926,1.331746,2.122775,0.424555,0.294520,1.000000,2.500000,0.650000,0.170664,0.120390,0.099156,0.005692,0.122933,0.001779,0.063843,0.240000,0.116809,0.032857,-0.136262,0.047042
822,-7.865853,1.384760,2.043630,0.408726,0.293522,1.000000,2.500000,0.650000,0.172482,0.120002,0.097367,0.007745,0.118065,0.000030,0.065272,0.239581,0.114576,0.031380,-0.132132,0.046479
823,-7.674118,1.046926,2.672428,0.534486,0.284532,1.000000,2.500000,0.650000,0.177114,0.120011,0.096001,0.002299,0.117019,0.000010,0.064880,0.232490,0.119990,0.030777,-0.140122,0.049350
824,-7.709221,1.143150,2.518233,0.503647,0.323012,1.000000,2.500000,0.650000,0.167260,0.125374,0.097615,0.002602,0.123044,0.002465,0.066273,0.237125,0.116469,0.034257,-0.131847,0.047854
825,-8.151019,2.064987,1.356732,0.271346,0.306548,1.000000,2.500000,0.650000,0.170940,0.127692,0.097852,0.005843,0.115124,0.001335,0.064879,0.239045,0.119323,0.031080,-0.138009,0.047964
826,-7.680704,1.111520,2.622417,0.524483,0.299875,1.000000,2.500000,0.650000,0.172032,0.120228,0.096012,0.002037,0.116739,0.001596,0.067361,0.236381,0.117785,0.031484,-0.123897,0.047342
827,-7.715755,1.129970,2.526426,0.505285,0.289085,1.000000,2.500000,0.650000,0.164769,0.120378,0.096059,0.002003,0.121522,0.002981,0.065061,0.236545,0.114983,0.027957,-0.130654,0.047923
828,-7.724075,1.108126,2.490825,0.498165,0.273918,1.000000,2.500000,0.650000,0.171085,0.120468,0.097317,0.006058,0.117315,0.000450,0.064656,0.238128,0.119615,0.031134,-0.131104,0.047889
829,-7.708993,1.137097,2.523643,0.504729,0.299630,1.000000,2.500000,0.650000,0.176920,0.123664,0.099443,0.003305,0.117222,0.001283,0.069810,0.236316,0.119936,0.031226,-0.139102,0.048845
830,-7.924550,1.563246,1.986544,0.397309,0.284358,1.000000,2.500000,0.650000,0.192773,0.120554,0.096330,0.003613,0.113016,0.004641,0.068983,0.237072,0.119452,0.032646,-0.140026,0.048585
831,-7.747964,1.186743,2.414703,0.482941,0.292751,1.000000,2.500000,0.650000,0.173101,0.120041,0.097394,0.000084,0.118302,0.000652,0.064050,0.238238,0.119064,0.034634,-0.137071,0.049931
832,-7.752556,1.148203,2.375632,0.475126,0.272946,1.000000,2.500000,0.650000,0.176121,0.122454,0.096050,0.007957,0.122997,0.000756,0.069566,0.229583,0.117743,0.036268,-0.133438,0.045810
833,-7.767568,1.220663,2.380555,0.476111,0.293891,1.000000,2.500000,0.650000,0.180934,0.122236,0.096410,0.003565,0.116450,0.000659,0.068929,0.238095,0.119606,0.030231,-0.136417,0.048079
834,-7.947273,1.613001,1.845177,0.369035,0.342789,1.000000,2.500000,0.650000,0.185294,0.124537,0.097186,0.003048,0.115332,0.000012,0.063471,0.233091,0.116353,0.029617,-0.134763,0.047793
835,-7.679859,1.060315,2.651867,0.530373,0.295791,1.000000,2.500000,0.650000,0.177980,0.124505,0.096545,0.002130,0.115572,0.001432,0.067239,0.231039,0.118651,0.028103,-0.136596,0.047636
836,-7.911697,1.660437,1.940187,0.388037,0.317000,1.000000,2.500000,0.650000,0.189276,0.126097,0.096335,0.000398,0.109666,0.000165,0.067068,0.239356,0.119447,0.026016,-0.135829,0.048459
837,-7.665235,1.091967,2.733518,0.546704,0.287221,1.000000,2.500000,0.650000,0.176493,0.122297,0.097917,0.002025,0.116869,0.004606,0.069453,0.234646,0.119733,0.030599,-0.132252,0.045669
838,-8.157182,2.123881,1.367482,0.273496,0.284223,1.000000,2.500000,0.650000,0.181072,0.120044,0.096028,0.003946,0.114603,0.000070,0.069952,0.239736,0.119855,0.029797,-0.139149,0.049765
839,-7.734371,1.208667,2.362726,0.472545,0.285154,1.000000,2.500000,0.650000,0.167622,0.120017,0.096066,0.000283,0.117322,0.002129,0.069916,0.239324,0.119936,0.030252,-0.135184,0.046931
840,-7.769458,1.136167,2.316571,0.463314,0.276186,1.000000,2.500000,0.650000,0.167147,0.120065,0.096000,0.005840,0.117076,0.000079,0.069817,0.238898,0.119533,0.028021,-0.134239,0.048821
841,-7.757628,1.153947,2.400572,0.480114,0.268381,1.000000,2.500000,0.650000,0.175632,0.122762,0.098258,0.006428,0.114263,0.005493,0.069499,0.233051,0.119976,0.028953,-0.129518,0.049973
842,-8.083314,2.026793,1.556178,0.311236,0.312602,1.000000,2.500000,0.650000,0.185521,0.120361,0.101427,0.000040,0.119106,0.000040,0.069898,0.237214,0.117271,0.022681,-0.134027,0.049798
843,-7.876975,1.455457,2.007375,0.401475,0.287531,1.000000,2.500000,0.650000,0.177115,0.120859,0.096100,0.004478,0.122063,0.000005,0.069992,0.238939,0.119916,0.027726,-0.129736,0.047545
844,-7.832190,1.368010,2.120698,0.424140,0.289310,1.000000,2.500000,0.650000,0.175760,0.121204,0.096187,0.001092,0.120155,0.000134,0.065667,0.239934,0.119565,0.027419,-0.131797,0.049842
845,-7.679824,1.115044,2.676435,0.535287,0.282933,1.000000,2.500000,0.650000,0.175861,0.121711,0.096430,0.000854,0.117887,0.004780,0.069822,0.229117,0.118508,0.030517,-0.133214,0.049158
846,-7.608747,1.014405,2.926923,0.585385,0.283183,1.000000,2.500000,0.650000,0.174107,0.120016,0.096167,0.000432,0.118343,0.002854,0.063793,0.235190,0.119903,0.032602,-0.130713,0.048360
847,-7.833582,1.307038,2.154996,0.430999,0.282735,1.000000,2.500000,0.650000,0.173102,0.120506,0.096625,0.004342,0.117962,0.002339,0.069718,0.234744,0.119981,0.037655,-0.133908,0.044011
848,-7.631433,1.062384,2.854487,0.570897,0.351352,1.000000,2.500000,0.650000,0.175593,0.120020,0.100313,0.000532,0.120462,0.000314,0.067801,0.234955,0.117341,0.023178,-0.137412,0.046873
849,-7.657127,1.065017,2.727920,0.545584,0.287081,1.000000,2.500000,0.650000,0.170879,0.125246,0.096226,0.000094,0.117631,0.002938,0.066884,0.236741,0.119652,0.035027,-0.127150,0.049162
850,-7.813870,1.354293,2.125995,0.425199,0.275105,1.000000,2.500000,0.650000,0.172023,0.121309,0.098629,0.000358,0.118523,0.003433,0.068120,0.232236,0.119286,0.031507,-0.128735,0.048520
851,-7.699734,1.174368,2.582730,0.516546,0.295205,1.000000,2.500000,0.650000,0.183543,0.122765,0.096220,0.000020,0.117677,0.002426,0.067420,0.237962,0.117670,0.029436,-0.136156,0.049725
852,-9.467963,7.768840,0.404628,0.080926,0.307378,1.000000,2.500000,0.650000,0.179685,0.120688,0.096055,0.000402,0.113597,0.002064,0.068505,0.235918,0.114518,0.034784,-0.135798,0.046664
853,-7.977133,1.758244,1.792561,0.358512,0.340758,1.000000,2.500000,0.650000,0.182166,0.125016,0.099874,0.002036,0.119376,0.002219,0.069909,0.238840,0.118098,0.030112,-0.134617,0.045945
854,-7.768168,1.218621,2.302964,0.460593,0.299337,1.000000,2.500000,0.650000,0.175188,0.120345,0.096142,0.000681,0.117330,0.000284,0.064581,0.229398,0.117462,0.026857,-0.133711,0.049532
855,-7.664712,1.088519,2.695990,0.539198,0.311842,1.000000,2.500000,0.650000,0.176568,0.126764,0.096593,0.000646,0.123745,0.000047,0.067190,0.233005,0.117489,0.025180,-0.131774,0.047839
856,-7.647507,1.060130,2.817095,0.563419,0.279920,1.000000,2.500000,0.650000,0.171558,0.122021,0.100142,0.000000,0.114411,0.004599,0.069247,0.230961,0.119965,0.031467,-0.129999,0.048956
857,-7.809685,1.302232,2.271119,0.454224,0.290754,1.000000,2.500000,0.650000,0.180005,0.123544,0.096003,0.004263,0.110664,0.003224,0.065946,0.233916,0.119970,0.028498,-0.131866,0.045898
858,-7.784772,1.345605,2.352494,0.470499,0.315119,1.000000,2.500000,0.650000,0.176006,0.120634,0.099964,0.001352,0.113820,0.004334,0.068480,0.239746,0.117125,0.031032,-0.128525,0.047447
859,-7.747667,1.163995,2.408197,0.481639,0.280417,1.000000,2.500000,0.650000,0.162660,0.120540,0.096063,0.001894,0.121219,0.003383,0.069712,0.234587,0.118957,0.033159,-0.131706,0.047665
860,-7.777168,1.161345,2.312357,0.462471,0.269258,1.000000,2.500000,0.650000,0.173314,0.120258,0.096027,0.004610,0.120330,0.003399,0.069922,0.226688,0.119166,0.030016,-0.134182,0.048894
861,-10.000000,,-0.146385,-0.029277,2.527148,0.000000,2.500000,0.650000,0.166623,0.127727,0.096784,0.000002,0.120067,0.000031,0.065253,0.238657,0.115275,0.028547,-0.135953,0.047029
862,-7.899154,1.580439,1.925139,0.385028,0.295377,1.000000,2.500000,0.650000,0.173821,0.120418,0.097491,0.001313,0.117278,0.002911,0.069181,0.234212,0.116903,0.026255,-0.141480,0.047321
863,-8.316127,2.730362,1.116529,0.223306,0.307413,1.000000,2.500000,0.650000,0.169416,0.125926,0.098100,0.000851,0.118159,0.007652,0.069780,0.236437,0.116640,0.031839,-0.133448,0.045507
864,-8.173094,2.162940,1.325329,0.265066,0.294572,1.000000,2.500000,0.650000,0.181576,0.122884,0.097485,0.007541,0.120379,0.000126,0.061904,0.235203,0.118033,0.022462,-0.136240,0.048672
865,-7.626413,1.039071,2.885022,0.577004,0.301780,1.000000,2.500000,0.650000,0.180205,0.121456,0.097411,0.000337,0.116556,0.000206,0.066515,0.239987,0.118634,0.029675,-0.130722,0.049994
866,-7.560800,0.914283,3.079177,0.615835,0.298783,1.000000,2.500000,0.650000,0.165133,0.123738,0.096347,0.000063,0.120974,0.000619,0.069517,0.236320,0.119462,0.026747,-0.132252,0.046879
867,-7.653109,1.086910,2.732317,0.546463,0.289825,1.000000,2.500000,0.650000,0.178987,0.120111,0.096110,0.000053,0.118196,0.003822,0.069997,0.233920,0.118730,0.031354,-0.133392,0.042844
868,-9.490087,,-0.043436,-0.008687,0.349338,1.000000,2.500000,0.650000,0.182876,0.123365,0.096028,0.000216,0.119028,0.001211,0.069545,0.238935,0.117838,0.027870,-0.136968,0.049771
869,-9.985727,1.810427,1.427267,0.285453,0.756903,0.000000,2.500000,0.650000,0.174701,0.121903,0.096094,0.000005,0.122354,0.001437,0.069091,0.233665,0.117455,0.025625,-0.132312,0.045604
870,-9.004668,5.556120,0.548648,0.109730,0.321396,1.000000,2.500000,0.650000,0.176965,0.120061,0.098711,0.000193,0.121459,0.000544,0.068562,0.239920,0.118139,0.025266,-0.132693,0.049602
871,-7.941489,1.534599,1.838656,0.367731,0.292409,1.000000,2.500000,0.650000,0.174089,0.120507,0.096433,0.000301,0.117235,0.000302,0.069619,0.230659,0.117909,0.025421,-0.136103,0.047756
872,-7.883525,1.383740,2.026879,0.405376,0.275073,1.000000,2.500000,0.650000,0.175752,0.120103,0.097584,0.000705,0.111130,0.009091,0.069986,0.222071,0.119914,0.026027,-0.132483,0.049973
873,-7.660798,1.070563,2.652510,0.530502,0.289975,1.000000,2.500000,0.650000,0.171402,0.120259,0.096478,0.004065,0.119880,0.001815,0.068111,0.232580,0.117774,0.030754,-0.132776,0.044387
874,-8.057449,1.835766,1.546445,0.309289,0.290515,1.000000,2.500000,0.650000,0.172596,0.122644,0.096525,0.001886,0.119589,0.000221,0.069892,0.232804,0.117351,0.037551,-0.135878,0.047857
875,-8.213193,2.377563,1.207989,0.241598,0.319537,1.000000,2.500000,0.650000,0.178694,0.124007,0.099560,0.000305,0.117411,0.001570,0.067129,0.237181,0.117975,0.027765,-0.132186,0.048617
876,-7.890719,1.451028,1.968185,0.393637,0.309222,1.000000,2.500000,0.650000,0.162519,0.122942,0.099196,0.001158,0.125111,0.000301,0.067647,0.239387,0.117644,0.031471,-0.131617,0.049764
877,-7.639583,1.044211,2.830876,0.566175,0.293387,1.000000,2.500000,0.650000,0.176060,0.120452,0.096963,0.000831,0.115719,0.003122,0.066530,0.237484,0.118848,0.029377,-0.135105,0.050000
878,-7.907368,1.576006,1.904739,0.380948,0.332698,1.000000,2.500000,0.650000,0.169623,0.132227,0.100010,0.000477,0.116268,0.000373,0.069995,0.237663,0.119903,0.033656,-0.128977,0.043523
879,-7.955951,1.569669,1.841955,0.368391,0.303283,1.000000,2.500000,0.650000,0.177004,0.122597,0.096503,0.003505,0.117773,0.002856,0.069926,0.238366,0.117760,0.024496,-0.135539,0.048465
880,-7.695537,1.108597,2.580927,0.516185,0.291789,1.000000,2.500000,0.650000,0.174816,0.125350,0.098784,0.002847,0.120687,0.000732,0.065571,0.232603,0.118041,0.026747,-0.136173,0.048509
881,-7.841750,1.400766,2.184240,0.436848,0.308079,1.000000,2.500000,0.650000,0.180742,0.120007,0.096538,0.004494,0.119513,0.000094,0.065136,0.239480,0.115821,0.030290,-0.130183,0.044840
882,-8.252543,2.537201,1.195200,0.239040,0.323186,1.000000,2.500000,0.650000,0.173509,0.120897,0.102974,0.001427,0.117899,0.005390,0.067307,0.237398,0.115006,0.027531,-0.135973,0.046477
883,-8.370734,2.878809,0.983392,0.196678,0.290283,1.000000,2.500000,0.650000,0.168219,0.121672,0.098792,0.001343,0.121647,0.000045,0.069700,0.236934,0.118237,0.031403,-0.135208,0.049866
884,-7.770175,1.240738,2.321531,0.464306,0.280347,1.000000,2.500000,0.650000,0.174614,0.123664,0.096122,0.006360,0.118087,0.000575,0.069327,0.235960,0.119940,0.032861,-0.133151,0.047884
885,-7.683009,1.095756,2.628087,0.525617,0.292243,1.000000,2.500000,0.650000,0.172935,0.120520,0.096981,0.000167,0.115279,0.000373,0.066892,0.235041,0.118668,0.030934,-0.125239,0.048578
886,-8.074713,1.847958,1.528821,0.305764,0.289145,1.000000,2.500000,0.650000,0.178214,0.121430,0.097590,0.005889,0.120707,0.000065,0.069539,0.237798,0.119019,0.030007,-0.139364,0.049151
887,-7.867957,1.322295,2.030068,0.406014,0.269956,1.000000,2.500000,0.650000,0.178770,0.120001,0.096118,0.008437,0.118308,0.002658,0.069133,0.230887,0.118947,0.028412,-0.142257,0.048398
888,-7.687826,1.096433,2.641418,0.528284,0.304400,1.000000,2.500000,0.650000,0.171049,0.128339,0.100999,0.001661,0.117071,0.000122,0.069196,0.234963,0.118170,0.023546,-0.137359,0.048962
889,-7.896242,1.416281,1.975551,0.395110,0.279399,1.000000,2.500000,0.650000,0.180163,0.125400,0.098267,0.011449,0.120495,0.006165,0.067351,0.239986,0.117445,0.029463,-0.140068,0.049982
890,-8.275528,2.683319,1.134898,0.226980,0.327384,1.000000,2.500000,0.650000,0.172429,0.121099,0.099023,0.001455,0.119694,0.002415,0.066772,0.235981,0.115221,0.030634,-0.145931,0.046542
891,-7.867797,1.430982,2.085241,0.417048,0.296995,1.000000,2.500000,0.650000,0.173347,0.121119,0.098869,0.001305,0.111445,0.003586,0.066000,0.229358,0.113845,0.030437,-0.132168,0.049992
892,-7.671636,1.065165,2.706423,0.541285,0.272725,1.000000,2.500000,0.650000,0.177626,0.120877,0.098825,0.005395,0.112252,0.002630,0.069923,0.235763,0.118559,0.034071,-0.125099,0.048979
893,-7.833597,1.371767,2.178403,0.435681,0.319350,1.000000,2.500000,0.650000,0.172155,0.120020,0.096484,0.001038,0.120647,0.000539,0.067389,0.238137,0.116513,0.031259,-0.130824,0.047038
894,-7.705865,1.107204,2.573894,0.514779,0.278586,1.000000,2.500000,0.650000,0.177202,0.121124,0.096090,0.002727,0.112404,0.000047,0.069574,0.231211,0.117694,0.032676,-0.130297,0.049811
895,-8.011515,1.782164,1.648626,0.329725,0.361945,1.000000,2.500000,0.650000,0.177024,0.124770,0.096047,0.002030,0.112426,0.000021,0.067272,0.239370,0.116190,0.033333,-0.130684,0.048270
896,-7.735005,1.219738,2.474139,0.494828,0.292107,1.000000,2.500000,0.650000,0.180989,0.120149,0.096022,0.000912,0.113513,0.001480,0.069467,0.239442,0.116936,0.036233,-0.133358,0.048160
897,-7.689806,1.085338,2.626082,0.525216,0.288732,1.000000,2.500000,0.650000,0.173281,0.120521,0.096065,0.001988,0.117998,0.000006,0.067717,0.236485,0.118853,0.030060,-0.129398,0.049847
898,-8.052945,1.845153,1.594167,0.318833,0.277454,1.000000,2.500000,0.650000,0.177863,0.120240,0.096347,0.003910,0.114992,0.006444,0.066424,0.239871,0.119050,0.023776,-0.133368,0.047862
899,-8.432534,3.137818,0.950635,0.190127,0.315995,1.000000,2.500000,0.650000,0.169575,0.120010,0.096862,0.000491,0.118579,0.000495,0.064473,0.239145,0.115991,0.029075,-0.133319,0.047472
900,-7.650731,1.043243,2.783095,0.556619,0.275639,1.000000,2.500000,0.650000,0.172571,0.121095,0.096108,0.001446,0.114966,0.003000,0.069547,0.235005,0.118406,0.030824,-0.124852,0.049819
901,-7.773212,1.202250,2.365415,0.473083,0.290432,1.000000,2.500000,0.650000,0.180083,0.121822,0.096121,0.005392,0.115890,0.000040,0.065101,0.234352,0.119637,0.032406,-0.128115,0.048376
902,-7.655744,1.058857,2.723826,0.544765,0.303919,1.000000,2.500000,0.650000,0.171651,0.120454,0.096575,0.000007,0.120290,0.000170,0.067570,0.234529,0.118826,0.028105,-0.130102,0.045477
903,-10.000000,,-0.304374,-0.060875,2.696909,0.000000,2.500000,0.650000,0.178163,0.121916,0.097933,0.000009,0.116280,0.003402,0.066980,0.239796,0.109816,0.029750,-0.123410,0.049278
904,-7.819867,1.362008,2.220186,0.444037,0.296503,1.000000,2.500000,0.650000,0.176872,0.120420,0.099276,0.002580,0.115391,0.000021,0.067862,0.236109,0.113962,0.034863,-0.124231,0.048851
905,-7.717708,1.119918,2.550323,0.510065,0.297843,1.000000,2.500000,0.650000,0.170857,0.120002,0.096830,0.003012,0.118018,0.002155,0.067127,0.239738,0.117653,0.027992,-0.126287,0.049691
906,-7.769980,1.249337,2.316000,0.463200,0.295214,1.000000,2.500000,0.650000,0.169013,0.122244,0.096359,0.001226,0.116667,0.000391,0.067994,0.239313,0.119974,0.031965,-0.131379,0.046674
907,-7.923428,1.513063,1.889038,0.377808,0.287974,1.000000,2.500000,0.650000,0.179047,0.121728,0.096004,0.000937,0.117481,0.000270,0.069818,0.220990,0.119329,0.028645,-0.131653,0.047068
908,-7.636930,1.018527,2.781173,0.556235,0.285370,1.000000,2.500000,0.650000,0.169010,0.120481,0.100707,0.001453,0.116737,0.001195,0.069785,0.236711,0.119960,0.029329,-0.128479,0.047230
909,-9.989633,1.953932,1.036665,0.207333,1.281554,0.000000,2.500000,0.650000,0.176672,0.120492,0.098004,0.000130,0.112248,0.004556,0.066745,0.227902,0.119948,0.031611,-0.124500,0.049966
910,-7.725951,1.127913,2.525955,0.505191,0.286827,1.000000,2.500000,0.650000,0.178774,0.121758,0.096001,0.001700,0.113717,0.000003,0.068050,0.238228,0.119868,0.032499,-0.125942,0.049781
911,-7.963105,1.598323,1.798619,0.359724,0.293134,1.000000,2.500000,0.650000,0.170872,0.120394,0.098766,0.001021,0.116907,0.003708,0.069292,0.229682,0.116858,0.028000,-0.125276,0.048839
912,-7.684483,1.114986,2.652696,0.530539,0.291898,1.000000,2.500000,0.650000,0.175755,0.120044,0.099949,0.000707,0.107786,0.000183,0.067937,0.232639,0.118658,0.029382,-0.127013,0.048217
913,-8.368098,2.805996,1.002129,0.200426,0.294784,1.000000,2.500000,0.650000,0.174303,0.120112,0.096034,0.002254,0.117773,0.003308,0.066636,0.229629,0.118936,0.027751,-0.123310,0.049522
914,-7.859523,1.474294,2.048380,0.409676,0.314566,1.000000,2.500000,0.650000,0.170593,0.122370,0.099700,0.002031,0.114844,0.000005,0.069165,0.238663,0.118725,0.027455,-0.130954,0.044390
915,-8.441368,3.194094,0.885889,0.177178,0.413637,1.000000,2.500000,0.650000,0.172593,0.124115,0.096104,0.000248,0.120783,0.001138,0.069958,0.238177,0.119946,0.029639,-0.130082,0.049341
916,-7.605675,1.001932,2.927438,0.585488,0.278581,1.000000,2.500000,0.650000,0.170532,0.120919,0.097741,0.000301,0.115128,0.000291,0.069812,0.239805,0.120000,0.028030,-0.128106,0.049516
917,-7.781624,1.213728,2.330411,0.466082,0.304664,1.000000,2.500000,0.650000,0.171152,0.122334,0.098733,0.000032,0.112105,0.000011,0.069263,0.239915,0.119987,0.025914,-0.130925,0.048630
918,-7.605342,1.002035,2.941473,0.588295,0.284915,1.000000,2.500000,0.650000,0.175558,0.120146,0.100814,0.002952,0.107720,0.002039,0.065824,0.238145,0.119196,0.030782,-0.129643,0.049831
919,-7.596106,1.007885,2.991970,0.598394,0.287715,1.000000,2.500000,0.650000,0.180772,0.120296,0.098451,0.000002,0.106046,0.000607,0.069665,0.236779,0.119697,0.028320,-0.123583,0.049865
920,-7.628019,1.098846,2.893552,0.578710,0.277755,1.000000,2.500000,0.650000,0.180019,0.120040,0.101789,0.000430,0.109141,0.000561,0.069489,0.239598,0.119961,0.028856,-0.124857,0.049767
921,-7.627824,1.029010,2.844909,0.568982,0.299075,1.000000,2.500000,0.650000,0.176054,0.120797,0.098713,0.001310,0.117204,0.000015,0.066401,0.239974,0.119997,0.028731,-0.125525,0.048094
922,-7.870748,1.494884,2.036665,0.407333,0.285211,1.000000,2.500000,0.650000,0.175733,0.122088,0.098186,0.000601,0.111248,0.002676,0.069844,0.234916,0.117755,0.027688,-0.123415,0.049999
923,-7.874883,1.449794,2.034411,0.406882,0.308860,1.000000,2.500000,0.650000,0.169450,0.127615,0.100559,0.001698,0.117935,0.000006,0.066750,0.236145,0.119013,0.030822,-0.128482,0.046446
924,-7.826231,1.337624,2.148142,0.429628,0.285494,1.000000,2.500000,0.650000,0.166281,0.120677,0.099219,0.002285,0.119323,0.000841,0.068849,0.231275,0.118020,0.033382,-0.134118,0.049205
925,-7.776501,1.263574,2.348167,0.469633,0.282362,1.000000,2.500000,0.650000,0.181155,0.120178,0.099988,0.006972,0.110815,0.002879,0.067441,0.239593,0.119930,0.028149,-0.125419,0.048699
926,-7.721813,1.158671,2.564858,0.512972,0.277561,1.000000,2.500000,0.650000,0.176453,0.120696,0.100868,0.004425,0.110241,0.003533,0.069962,0.239972,0.119417,0.031941,-0.121416,0.049880
927,-7.848328,1.360527,2.143978,0.428796,0.297663,1.000000,2.500000,0.650000,0.177985,0.124710,0.099719,0.001759,0.110225,0.000010,0.066799,0.234319,0.118664,0.032868,-0.135553,0.049036
928,-7.924880,1.562451,1.847386,0.369477,0.335229,1.000000,2.500000,0.650000,0.180750,0.125259,0.102660,0.001368,0.104847,0.000350,0.066095,0.232697,0.119135,0.025623,-0.126946,0.048371
929,-7.792191,1.280465,2.253021,0.450604,0.300729,1.000000,2.500000,0.650000,0.172727,0.126224,0.100727,0.001219,0.112609,0.000116,0.068638,0.227856,0.119669,0.028956,-0.126496,0.049926
930,-8.074384,1.931244,1.547556,0.309511,0.299627,1.000000,2.500000,0.650000,0.180966,0.120034,0.100357,0.005591,0.113019,0.000156,0.069856,0.239887,0.119290,0.030450,-0.134183,0.047803
931,-7.922436,1.574243,1.878884,0.375777,0.285285,1.000000,2.500000,0.650000,0.175144,0.120114,0.097018,0.001018,0.105907,0.001376,0.069425,0.229825,0.119992,0.025440,-0.127359,0.049080
932,-7.747083,1.224008,2.397155,0.479431,0.306081,1.000000,2.500000,0.650000,0.175132,0.124344,0.099674,0.000123,0.106906,0.004121,0.067480,0.238984,0.119458,0.029337,-0.117788,0.049991
933,-8.978770,5.469481,0.516779,0.103356,0.354860,1.000000,2.500000,0.650000,0.174153,0.124135,0.097163,0.000033,0.108593,0.001227,0.069788,0.239208,0.119192,0.033240,-0.133561,0.049835
934,-7.648784,1.058305,2.823361,0.564672,0.281669,1.000000,2.500000,0.650000,0.178959,0.124755,0.103999,0.003751,0.107269,0.003007,0.067427,0.233639,0.119957,0.035030,-0.129686,0.049484
935,-7.756927,1.241783,2.367172,0.473434,0.290445,1.000000,2.500000,0.650000,0.163366,0.120012,0.098865,0.001239,0.114162,0.000319,0.068234,0.239204,0.119505,0.029273,-0.132360,0.047054
936,-7.799875,1.349917,2.290365,0.458073,0.294162,1.000000,2.500000,0.650000,0.177250,0.124821,0.103420,0.000516,0.106473,0.007157,0.069347,0.239882,0.119988,0.037320,-0.119727,0.048771
937,-7.723477,1.188247,2.551707,0.510341,0.276497,1.000000,2.500000,0.650000,0.178257,0.122944,0.097811,0.001007,0.115394,0.004163,0.069969,0.236414,0.119150,0.029658,-0.130334,0.049910
938,-7.654320,1.072661,2.657060,0.531412,0.293817,1.000000,2.500000,0.650000,0.168696,0.126189,0.096830,0.000378,0.116665,0.004284,0.069457,0.235523,0.119843,0.034086,-0.129359,0.046090
939,-7.733709,1.142675,2.477006,0.495401,0.301682,1.000000,2.500000,0.650000,0.168624,0.128127,0.104057,0.005153,0.113851,0.003297,0.062642,0.238864,0.119678,0.030092,-0.127316,0.049870
940,-7.684897,1.112298,2.670077,0.534015,0.287435,1.000000,2.500000,0.650000,0.179151,0.120000,0.099136,0.005560,0.111863,0.004146,0.066888,0.239986,0.118774,0.033551,-0.122523,0.049999
941,-7.835721,1.318752,2.187885,0.437577,0.274860,1.000000,2.500000,0.650000,0.184630,0.120796,0.099884,0.009685,0.109172,0.004468,0.069935,0.229007,0.117111,0.026652,-0.122829,0.049905
942,-8.591727,3.851422,0.808659,0.161732,0.314862,1.000000,2.500000,0.650000,0.173214,0.120015,0.105816,0.000002,0.106570,0.000033,0.065724,0.239895,0.113800,0.034714,-0.122462,0.048054
943,-7.957847,1.561253,1.825441,0.365088,0.283022,1.000000,2.500000,0.650000,0.175137,0.120074,0.101977,0.002184,0.113727,0.006279,0.066372,0.217117,0.119043,0.030142,-0.129117,0.048260
944,-7.666098,1.077288,2.663303,0.532661,0.275324,1.000000,2.500000,0.650000,0.164294,0.120691,0.104402,0.001588,0.105832,0.004413,0.064282,0.235671,0.119058,0.032898,-0.121988,0.049847
945,-7.844801,1.379013,2.141992,0.428398,0.282963,1.000000,2.500000,0.650000,0.172758,0.131384,0.102697,0.003342,0.106177,0.005445,0.068304,0.233083,0.118567,0.034841,-0.120424,0.049619
946,-7.751589,1.185044,2.469284,0.493857,0.279773,1.000000,2.500000,0.650000,0.179167,0.124846,0.100926,0.005030,0.111767,0.001589,0.067540,0.231613,0.119999,0.029910,-0.126209,0.049596
947,-7.583864,0.929109,2.981742,0.596348,0.277493,1.000000,2.500000,0.650000,0.164950,0.121640,0.099199,0.003629,0.115291,0.000375,0.067061,0.238978,0.119204,0.033826,-0.126874,0.047099
948,-7.782975,1.311275,2.393812,0.478762,0.291379,1.000000,2.500000,0.650000,0.183536,0.124025,0.099959,0.005185,0.109650,0.011486,0.069996,0.238712,0.118049,0.030432,-0.128635,0.047304
949,-9.984445,1.530437,1.555502,0.311100,0.781648,0.000000,2.500000,0.650000,0.170652,0.126537,0.101423,0.002401,0.113769,0.007222,0.067476,0.238269,0.117217,0.038447,-0.124364,0.047632
950,-9.984149,1.325567,1.585057,0.317011,1.044616,0.000000,2.500000,0.650000,0.175509,0.127522,0.096934,0.001275,0.114075,0.003723,0.067713,0.239890,0.119209,0.033058,-0.127470,0.049604
951,-7.669405,1.067683,2.731210,0.546242,0.281433,1.000000,2.500000,0.650000,0.173584,0.121421,0.099555,0.001470,0.113443,0.000423,0.067122,0.234688,0.119840,0.030249,-0.127204,0.049124
952,-8.418227,3.236773,0.966177,0.193235,0.290508,1.000000,2.500000,0.650000,0.171323,0.123443,0.101801,0.003085,0.115784,0.002078,0.068496,0.238185,0.118166,0.028833,-0.122647,0.049828
953,-7.851126,1.382998,2.112250,0.422450,0.276863,1.000000,2.500000,0.650000,0.166577,0.121041,0.100001,0.000112,0.111599,0.006788,0.068430,0.233580,0.119500,0.035095,-0.125553,0.049486
954,-7.814223,1.347155,2.218842,0.443768,0.293017,1.000000,2.500000,0.650000,0.169832,0.128427,0.102052,0.000093,0.109824,0.001581,0.068020,0.238205,0.119802,0.035486,-0.124112,0.049236
955,-7.817033,1.314579,2.179370,0.435874,0.310154,1.000000,2.500000,0.650000,0.176308,0.123493,0.101395,0.001118,0.106976,0.002228,0.067040,0.223872,0.119962,0.032760,-0.126573,0.049963
956,-7.793027,1.357203,2.238628,0.447726,0.279027,1.000000,2.500000,0.650000,0.173117,0.123547,0.104814,0.001525,0.110039,0.007949,0.067142,0.237684,0.120000,0.034556,-0.119905,0.049307
957,-7.638446,1.027021,2.807040,0.561408,0.290543,1.000000,2.500000,0.650000,0.168771,0.123010,0.099725,0.001803,0.112636,0.006554,0.066349,0.239989,0.118735,0.035247,-0.127555,0.049079
958,-7.733161,1.156254,2.491202,0.498240,0.278736,1.000000,2.500000,0.650000,0.168949,0.127153,0.099921,0.005331,0.111739,0.007625,0.068675,0.235614,0.119958,0.034930,-0.127369,0.046624
959,-7.710570,1.127394,2.563768,0.512754,0.293897,1.000000,2.500000,0.650000,0.170057,0.120008,0.100817,0.003228,0.116045,0.000425,0.066181,0.239743,0.118736,0.028807,-0.126591,0.048521
960,-7.697094,1.109572,2.574614,0.514923,0.298068,1.000000,2.500000,0.650000,0.162184,0.121364,0.098507,0.000021,0.112971,0.003051,0.068372,0.239594,0.119511,0.031794,-0.128915,0.043254
961,-7.734030,1.167034,2.508110,0.501622,0.294338,1.000000,2.500000,0.650000,0.180914,0.120220,0.096501,0.004056,0.110808,0.002736,0.065111,0.235188,0.116415,0.029492,-0.128373,0.049920
962,-7.957914,1.574204,1.684527,0.336905,0.335481,1.000000,2.500000,0.650000,0.176695,0.122896,0.098554,0.001631,0.112475,0.000461,0.069618,0.237560,0.119851,0.031773,-0.131644,0.045163
963,-7.710368,1.117870,2.548804,0.509761,0.292371,1.000000,2.500000,0.650000,0.164999,0.126830,0.097210,0.003003,0.113681,0.003711,0.068790,0.239119,0.119953,0.035196,-0.128835,0.044230
964,-7.726516,1.172871,2.462737,0.492547,0.292235,1.000000,2.500000,0.650000,0.164464,0.120672,0.103041,0.000001,0.116865,0.003694,0.063549,0.239308,0.116979,0.033260,-0.125151,0.049998
965,-7.795639,1.267092,2.296442,0.459288,0.296132,1.000000,2.500000,0.650000,0.167431,0.125672,0.101819,0.003810,0.119621,0.005601,0.067977,0.238152,0.118332,0.029045,-0.125222,0.046451
966,-7.716992,1.101409,2.532734,0.506547,0.281796,1.000000,2.500000,0.650000,0.167721,0.123572,0.097279,0.006311,0.114665,0.003373,0.062561,0.239173,0.118627,0.030841,-0.122946,0.047560
967,-7.675003,1.114466,2.708734,0.541747,0.290200,1.000000,2.500000,0.650000,0.177165,0.120199,0.102963,0.000764,0.110834,0.003312,0.066050,0.233498,0.119937,0.031896,-0.128603,0.048639
968,-8.105044,2.050905,1.389551,0.277910,0.355420,1.000000,2.500000,0.650000,0.162189,0.120082,0.101985,0.000625,0.115850,0.003646,0.069897,0.239709,0.119725,0.037693,-0.127654,0.049337
969,-8.058037,1.926582,1.592316,0.318463,0.291254,1.000000,2.500000,0.650000,0.178088,0.123655,0.100560,0.006291,0.108066,0.001144,0.066888,0.239820,0.119999,0.032928,-0.125958,0.048207
970,-7.876379,1.420024,2.043334,0.408667,0.286655,1.000000,2.500000,0.650000,0.167618,0.124791,0.103592,0.005055,0.114085,0.004859,0.063498,0.234799,0.119481,0.034535,-0.125637,0.046051
971,-9.984163,1.451743,1.583725,0.316745,0.844665,0.000000,2.500000,0.650000,0.169745,0.121078,0.097777,0.001672,0.107491,0.003378,0.066133,0.236798,0.116119,0.029176,-0.130353,0.046706
972,-7.767843,1.241664,2.356510,0.471302,0.290994,1.000000,2.500000,0.650000,0.176611,0.122296,0.101173,0.001939,0.108931,0.002443,0.069555,0.224232,0.119379,0.031817,-0.133335,0.048084
973,-7.899776,1.477388,1.975552,0.395110,0.281701,1.000000,2.500000,0.650000,0.169995,0.123478,0.104952,0.004760,0.110611,0.003146,0.065195,0.239958,0.119118,0.034123,-0.129059,0.045905
974,-7.813222,1.269078,2.227307,0.445461,0.292095,1.000000,2.500000,0.650000,0.170647,0.120000,0.096029,0.003414,0.114942,0.000317,0.067700,0.239974,0.119359,0.025608,-0.127981,0.047124
975,-7.866612,1.380128,2.075863,0.415173,0.306982,1.000000,2.500000,0.650000,0.175448,0.125309,0.102728,0.006291,0.114862,0.000188,0.058626,0.231776,0.115848,0.030208,-0.129273,0.044720
976,-8.217824,2.453647,1.213174,0.242635,0.314476,1.000000,2.500000,0.650000,0.174627,0.122281,0.098317,0.002588,0.109788,0.000035,0.069846,0.236422,0.119968,0.030886,-0.128779,0.049998
977,-7.694338,1.110040,2.600261,0.520052,0.286265,1.000000,2.500000,0.650000,0.172179,0.120318,0.097602,0.003115,0.106972,0.000169,0.067348,0.239993,0.119997,0.031670,-0.125601,0.043544
978,-7.719684,1.131636,2.506924,0.501385,0.297916,1.000000,2.500000,0.650000,0.164455,0.120072,0.100508,0.002841,0.113840,0.000718,0.065957,0.239972,0.119591,0.033388,-0.135928,0.043350
979,-7.761371,1.224796,2.427909,0.485582,0.280293,1.000000,2.500000,0.650000,0.179373,0.122106,0.106143,0.007575,0.110316,0.006721,0.063717,0.234624,0.119977,0.034981,-0.131596,0.047676
980,-7.659401,1.046062,2.723256,0.544651,0.289284,1.000000,2.500000,0.650000,0.169633,0.120504,0.101780,0.003232,0.109143,0.000455,0.064809,0.237484,0.119982,0.030801,-0.132970,0.043705
981,-10.864270,14.539602,0.205329,0.041066,0.301467,1.000000,2.500000,0.650000,0.173089,0.120348,0.096001,0.000018,0.114969,0.002796,0.065556,0.234353,0.119911,0.033395,-0.131947,0.040608
982,-7.725442,1.214004,2.493582,0.498716,0.296055,1.000000,2.500000,0.650000,0.177975,0.122256,0.102246,0.002000,0.109625,0.000204,0.069787,0.239536,0.118462,0.032624,-0.135790,0.044953
983,-7.779042,1.261737,2.361439,0.472288,0.280606,1.000000,2.500000,0.650000,0.171174,0.121231,0.102767,0.004967,0.113197,0.006887,0.069914,0.239132,0.119902,0.032603,-0.126690,0.044969
984,-7.764791,1.257053,2.360396,0.472079,0.297322,1.000000,2.500000,0.650000,0.175148,0.120892,0.102034,0.000305,0.106743,0.002702,0.065555,0.239733,0.119975,0.034051,-0.129723,0.045545
985,-7.776215,1.272558,2.265900,0.453180,0.295608,1.000000,2.500000,0.650000,0.167607,0.120076,0.098675,0.000014,0.112721,0.002685,0.066222,0.239823,0.119599,0.035309,-0.131366,0.042217
986,-7.984297,1.734874,1.705974,0.341195,0.298918,1.000000,2.500000,0.650000,0.177092,0.120289,0.098758,0.000908,0.107286,0.002910,0.067131,0.238755,0.119999,0.029774,-0.131372,0.048305
987,-7.714834,1.180101,2.450164,0.490033,0.289126,1.000000,2.500000,0.650000,0.164479,0.122778,0.103172,0.002009,0.111652,0.002101,0.065384,0.239876,0.119692,0.036994,-0.123218,0.046768
988,-7.662024,1.086579,2.757039,0.551408,0.293168,1.000000,2.500000,0.650000,0.167822,0.120001,0.102671,0.000789,0.108127,0.004363,0.066554,0.239958,0.119551,0.030584,-0.124457,0.045917
989,-7.644032,1.075726,2.734813,0.546963,0.281760,1.000000,2.500000,0.650000,0.176244,0.120008,0.096235,0.001925,0.105759,0.000879,0.069374,0.239953,0.119989,0.030955,-0.132877,0.042243
990,-7.923648,1.541492,1.918826,0.383765,0.292741,1.000000,2.500000,0.650000,0.170292,0.120887,0.101405,0.001635,0.110811,0.001243,0.065316,0.237930,0.119862,0.030662,-0.128087,0.042683
991,-7.733107,1.191072,2.510655,0.502131,0.290687,1.000000,2.500000,0.650000,0.177019,0.120212,0.102883,0.003868,0.106378,0.000006,0.066484,0.237582,0.119226,0.030625,-0.129680,0.044005
992,-7.730794,1.157490,2.477621,0.495524,0.295542,1.000000,2.500000,0.650000,0.170521,0.121954,0.101005,0.002624,0.106084,0.000275,0.065626,0.235638,0.119306,0.031868,-0.131008,0.043610
993,-8.720745,4.229561,0.677347,0.135469,0.290084,1.000000,2.500000,0.650000,0.181043,0.120093,0.103093,0.010547,0.107457,0.002342,0.064965,0.235603,0.119583,0.030915,-0.136231,0.044956
994,-8.023634,1.824302,1.665169,0.333034,0.283061,1.000000,2.500000,0.650000,0.177621,0.120213,0.101128,0.001861,0.103448,0.000282,0.069581,0.239799,0.119993,0.031814,-0.127353,0.044656
995,-7.917511,1.464706,1.893497,0.378699,0.281336,1.000000,2.500000,0.650000,0.172303,0.120047,0.102807,0.007038,0.113671,0.005158,0.066240,0.227408,0.117710,0.028803,-0.131515,0.043090
996,-7.639020,1.050022,2.847131,0.569426,0.299754,1.000000,2.500000,0.650000,0.181264,0.121452,0.096338,0.001921,0.109539,0.000261,0.064333,0.239638,0.118907,0.028628,-0.135229,0.046891
997,-7.730317,1.222845,2.542966,0.508593,0.298102,1.000000,2.500000,0.650000,0.177965,0.120083,0.105073,0.000062,0.103841,0.000796,0.064053,0.238564,0.119093,0.032172,-0.127698,0.045402
998,-7.847120,1.370640,2.131591,0.426318,0.277153,1.000000,2.500000,0.650000,0.172849,0.120095,0.096221,0.003511,0.110804,0.003947,0.067469,0.236107,0.119341,0.031196,-0.127871,0.043584
999,-8.069601,1.958157,1.591695,0.318339,0.295214,1.000000,2.500000,0.650000,0.172982,0.120244,0.099283,0.001048,0.106384,0.004887,0.064081,0.239997,0.119766,0.032382,-0.129312,0.043828
1000,-8.084391,1.996737,1.515680,0.303136,0.313096,1.000000,2.500000,0.650000,0.170054,0.120600,0.102441,0.000012,0.101387,0.003688,0.067018,0.234666,0.118966,0.028911,-0.132337,0.044285
1001,-7.795218,1.268973,2.289613,0.457923,0.300482,1.000000,2.500000,0.650000,0.175694,0.125249,0.102553,0.007834,0.108051,0.000317,0.063622,0.236946,0.119926,0.027761,-0.130162,0.042984
1002,-8.104161,2.033391,1.503186,0.300637,0.325915,1.000000,2.500000,0.650000,0.179737,0.124923,0.100097,0.000001,0.105049,0.000225,0.062069,0.237609,0.119901,0.024259,-0.132974,0.047009
1003,-8.455910,3.336893,0.937862,0.187572,0.328295,1.000000,2.500000,0.650000,0.181104,0.123226,0.101834,0.003095,0.099829,0.001296,0.067924,0.239487,0.119068,0.028773,-0.136341,0.048578
1004,-8.014113,1.798739,1.713682,0.342736,0.312337,1.000000,2.500000,0.650000,0.174569,0.121230,0.098759,0.001332,0.109586,0.000538,0.066454,0.239947,0.119955,0.028084,-0.133041,0.043026
1005,-7.765462,1.237458,2.435639,0.487128,0.281172,1.000000,2.500000,0.650000,0.182730,0.120488,0.103211,0.005043,0.101029,0.001596,0.065131,0.239347,0.119985,0.034405,-0.138630,0.049151
1006,-7.752723,1.264878,2.365690,0.473138,0.311177,1.000000,2.500000,0.650000,0.172063,0.127741,0.101692,0.002836,0.110891,0.001101,0.064524,0.239708,0.119198,0.032309,-0.130607,0.045943
1007,-7.684437,1.159131,2.644355,0.528871,0.295760,1.000000,2.500000,0.650000,0.184744,0.121384,0.103133,0.001601,0.100123,0.001751,0.063542,0.239342,0.119448,0.030682,-0.130023,0.047982
1008,-7.656904,1.097529,2.767863,0.553573,0.294571,1.000000,2.500000,0.650000,0.179939,0.124413,0.101512,0.000407,0.102787,0.007014,0.063694,0.230290,0.118934,0.034292,-0.124189,0.046972
1009,-7.683476,1.055068,2.644826,0.528965,0.278786,1.000000,2.500000,0.650000,0.171968,0.121856,0.097497,0.005146,0.114067,0.003103,0.065928,0.228875,0.119391,0.034014,-0.130062,0.044554
1010,-7.925299,1.520976,1.892182,0.378436,0.279327,1.000000,2.500000,0.650000,0.180299,0.121322,0.096444,0.004587,0.108384,0.000104,0.064775,0.230771,0.119008,0.032325,-0.135839,0.046056
1011,-8.436471,3.069376,0.937873,0.187575,0.281162,1.000000,2.500000,0.650000,0.176798,0.120393,0.099144,0.009177,0.109079,0.002462,0.063398,0.239949,0.118705,0.033051,-0.129199,0.044808
1012,-7.629645,1.081065,2.851732,0.570346,0.295255,1.000000,2.500000,0.650000,0.176934,0.121105,0.100910,0.000249,0.103880,0.001414,0.062996,0.237914,0.118497,0.028693,-0.127802,0.045141
1013,-7.656046,1.065731,2.745377,0.549075,0.303968,1.000000,2.500000,0.650000,0.169101,0.120453,0.099927,0.000533,0.107096,0.001983,0.065189,0.233659,0.119975,0.031797,-0.125560,0.044973
1014,-7.851885,1.367988,2.131544,0.426309,0.289653,1.000000,2.500000,0.650000,0.182544,0.122578,0.098730,0.002869,0.103103,0.002470,0.063683,0.221343,0.119612,0.029021,-0.124925,0.043971
1015,-7.680319,1.132214,2.707135,0.541427,0.284863,1.000000,2.500000,0.650000,0.174562,0.120217,0.100994,0.001136,0.107932,0.003017,0.065880,0.238639,0.118409,0.034319,-0.129817,0.043987
1016,-7.957305,1.647579,1.824954,0.364991,0.320414,1.000000,2.500000,0.650000,0.179547,0.120054,0.099009,0.001225,0.102983,0.000078,0.065147,0.236758,0.119995,0.029119,-0.127635,0.047527
1017,-7.872467,1.482666,2.098641,0.419728,0.311244,1.000000,2.500000,0.650000,0.176087,0.122352,0.096001,0.000055,0.108157,0.003540,0.062552,0.239661,0.118370,0.026262,-0.125153,0.045870
1018,-7.651480,1.025061,2.746662,0.549332,0.264885,1.000000,2.500000,0.650000,0.170512,0.120303,0.096129,0.003582,0.108154,0.004450,0.064829,0.233500,0.119338,0.031850,-0.130811,0.048251
1019,-7.789327,1.289544,2.282840,0.456568,0.291871,1.000000,2.500000,0.650000,0.171834,0.120008,0.096243,0.001092,0.102761,0.000271,0.066398,0.236892,0.119264,0.029090,-0.126768,0.040778
1020,-7.736874,1.216006,2.519921,0.503984,0.293234,1.000000,2.500000,0.650000,0.179142,0.125203,0.102483,0.001197,0.101335,0.004789,0.064818,0.230833,0.117747,0.032242,-0.126622,0.046542
1021,-7.593359,1.001687,2.949917,0.589983,0.291419,1.000000,2.500000,0.650000,0.178301,0.125389,0.096167,0.000738,0.105157,0.000275,0.068416,0.237494,0.119729,0.031065,-0.133282,0.046833
1022,-7.734062,1.210963,2.538253,0.507651,0.305690,1.000000,2.500000,0.650000,0.173187,0.120737,0.100280,0.000087,0.104987,0.004476,0.063180,0.238768,0.119982,0.030661,-0.128297,0.043892
1023,-9.995131,4.162542,0.486905,0.097381,1.310468,0.000000,2.500000,0.650000,0.177443,0.129552,0.101395,0.001822,0.104317,0.000000,0.065586,0.232934,0.116564,0.033377,-0.120900,0.043351
1024,-7.986182,1.633849,1.675157,0.335031,0.277801,1.000000,2.500000,0.650000,0.163254,0.122931,0.096047,0.004687,0.108295,0.004668,0.063011,0.239578,0.119979,0.029308,-0.131542,0.043550
1025,-9.984698,1.194646,1.530191,0.306038,1.373500,0.000000,2.500000,0.650000,0.166315,0.125295,0.098393,0.000752,0.112646,0.000724,0.068650,0.234548,0.118645,0.033653,-0.132072,0.044482
1026,-7.677420,1.109261,2.684428,0.536886,0.303152,1.000000,2.500000,0.650000,0.172885,0.130252,0.096254,0.001166,0.110807,0.000515,0.068875,0.239838,0.119836,0.029344,-0.133227,0.045310
1027,-7.641343,1.088937,2.782299,0.556460,0.294586,1.000000,2.500000,0.650000,0.177295,0.125828,0.100069,0.000004,0.102645,0.000337,0.063894,0.235699,0.118333,0.036403,-0.129027,0.045937
1028,-7.654194,1.075918,2.767882,0.553576,0.278126,1.000000,2.500000,0.650000,0.174845,0.120228,0.096029,0.000705,0.110346,0.000618,0.069917,0.237485,0.118953,0.033082,-0.136297,0.046738
1029,-7.880035,1.411052,2.016146,0.403229,0.283381,1.000000,2.500000,0.650000,0.175097,0.120655,0.096003,0.002088,0.101973,0.002334,0.060815,0.231022,0.119990,0.029244,-0.131297,0.049999
1030,-7.591012,0.971904,2.987216,0.597443,0.294506,1.000000,2.500000,0.650000,0.171737,0.120267,0.098879,0.000402,0.106306,0.001846,0.067876,0.235934,0.117650,0.034234,-0.133382,0.043689
1031,-8.964057,5.336753,0.549869,0.109974,0.297842,1.000000,2.500000,0.650000,0.177549,0.122996,0.096868,0.004324,0.104799,0.000258,0.069843,0.237098,0.119713,0.030146,-0.132678,0.044091
1032,-7.822982,1.434818,2.253223,0.450645,0.296377,1.000000,2.500000,0.650000,0.189637,0.127223,0.096646,0.000060,0.097569,0.002273,0.069579,0.239677,0.119422,0.035321,-0.127348,0.049655
1033,-7.762736,1.213224,2.358243,0.471649,0.291060,1.000000,2.500000,0.650000,0.175489,0.123198,0.101157,0.002287,0.096177,0.004970,0.063255,0.231084,0.119856,0.035033,-0.135544,0.047313
1034,-8.178037,2.149192,1.268499,0.253700,0.272489,1.000000,2.500000,0.650000,0.176462,0.120000,0.096196,0.007544,0.104689,0.005841,0.064906,0.223561,0.116339,0.029653,-0.129474,0.045478
1035,-7.710702,1.090046,2.534142,0.506828,0.288968,1.000000,2.500000,0.650000,0.167988,0.120128,0.098613,0.003867,0.103582,0.000035,0.067842,0.225634,0.117709,0.035449,-0.134918,0.041968
1036,-7.548891,0.964670,3.202080,0.640416,0.287359,1.000000,2.500000,0.650000,0.175648,0.120571,0.099937,0.000160,0.102655,0.002657,0.067180,0.236911,0.119550,0.032073,-0.136329,0.045559
1037,-7.653395,1.074134,2.748722,0.549744,0.293571,1.000000,2.500000,0.650000,0.176286,0.120321,0.098750,0.000000,0.106150,0.002218,0.066672,0.238856,0.119727,0.033697,-0.132500,0.044877
1038,-7.719517,1.155844,2.552964,0.510593,0.299038,1.000000,2.500000,0.650000,0.174434,0.125537,0.099013,0.000005,0.105394,0.005693,0.067134,0.223947,0.118536,0.035922,-0.128302,0.043568
1039,-8.092675,1.984286,1.409099,0.281820,0.350152,1.000000,2.500000,0.650000,0.167587,0.121704,0.098410,0.000281,0.107967,0.000015,0.069747,0.238421,0.118694,0.034995,-0.136814,0.041143
1040,-7.792270,1.295659,2.302213,0.460443,0.310080,1.000000,2.500000,0.650000,0.175467,0.122858,0.096455,0.000492,0.110625,0.000189,0.065589,0.239997,0.119812,0.031850,-0.137297,0.045137
1041,-7.710102,1.105002,2.544639,0.508928,0.284296,1.000000,2.500000,0.650000,0.167500,0.125019,0.099429,0.000492,0.106120,0.000217,0.067554,0.223340,0.117951,0.033273,-0.130003,0.048837
1042,-7.951529,1.634371,1.769719,0.353944,0.312164,1.000000,2.500000,0.650000,0.168387,0.123842,0.097415,0.001256,0.103915,0.004199,0.069213,0.235292,0.119068,0.034173,-0.131690,0.047819
1043,-7.895086,1.515772,1.960369,0.392074,0.304269,1.000000,2.500000,0.650000,0.174380,0.123407,0.098228,0.000105,0.108600,0.000724,0.069913,0.233955,0.119999,0.038811,-0.136499,0.045231
1044,-9.490433,,-0.216712,-0.043342,0.293306,1.000000,2.500000,0.650000,0.172099,0.120003,0.098750,0.000303,0.107183,0.000007,0.068435,0.239706,0.119927,0.033904,-0.136002,0.047544
1045,-7.599722,1.017767,2.937158,0.587432,0.284973,1.000000,2.500000,0.650000,0.167045,0.120222,0.099701,0.000024,0.106672,0.004351,0.065389,0.236877,0.118285,0.034241,-0.134320,0.043219
1046,-7.558863,0.954888,3.120242,0.624048,0.291669,1.000000,2.500000,0.650000,0.171473,0.121647,0.097791,0.002019,0.106510,0.000152,0.069171,0.239048,0.119865,0.033879,-0.128722,0.045427
1047,-7.971368,1.722478,1.779933,0.355987,0.304388,1.000000,2.500000,0.650000,0.180034,0.122517,0.104935,0.000337,0.099099,0.000233,0.065902,0.234659,0.119969,0.029680,-0.130689,0.047857
1048,-7.767563,1.214290,2.351687,0.470337,0.285920,1.000000,2.500000,0.650000,0.168050,0.121742,0.102747,0.000105,0.104069,0.000341,0.068194,0.232930,0.119988,0.035772,-0.129475,0.045859
1049,-7.702814,1.139343,2.599697,0.519939,0.285183,1.000000,2.500000,0.650000,0.173760,0.120166,0.103313,0.000324,0.099910,0.000678,0.064242,0.233028,0.118453,0.037006,-0.132832,0.047434
1050,-7.628637,1.032544,2.855092,0.571018,0.286842,1.000000,2.500000,0.650000,0.172119,0.120401,0.097705,0.001090,0.102687,0.002721,0.066740,0.239764,0.119716,0.031231,-0.134032,0.045786
1051,-10.442055,12.449331,0.252051,0.050410,0.312931,1.000000,2.500000,0.650000,0.179879,0.125128,0.096446,0.003195,0.103152,0.002936,0.066610,0.239559,0.117533,0.032497,-0.134137,0.044602
1052,-7.637618,1.039272,2.816701,0.563340,0.281482,1.000000,2.500000,0.650000,0.170406,0.120000,0.098341,0.000000,0.109536,0.000730,0.066641,0.234341,0.119002,0.033706,-0.132206,0.046549
1053,-7.578097,0.977903,3.057904,0.611581,0.290822,1.000000,2.500000,0.650000,0.174708,0.120348,0.099723,0.000501,0.104478,0.000113,0.067727,0.236810,0.119244,0.031051,-0.134858,0.044739
1054,-7.670237,1.077299,2.698196,0.539639,0.285401,1.000000,2.500000,0.650000,0.173263,0.120938,0.100542,0.000656,0.100290,0.000250,0.068033,0.238971,0.120000,0.037246,-0.131169,0.045087
1055,-8.138338,2.129508,1.366565,0.273313,0.372957,1.000000,2.500000,0.650000,0.172226,0.123497,0.100651,0.000192,0.109172,0.001602,0.065944,0.237394,0.119044,0.032585,-0.135683,0.043878
1056,-7.721764,1.181432,2.437383,0.487477,0.279916,1.000000,2.500000,0.650000,0.168378,0.120052,0.096154,0.000114,0.106976,0.001797,0.069913,0.238792,0.119993,0.035896,-0.137833,0.042284
1057,-7.653247,1.063956,2.767581,0.553516,0.287608,1.000000,2.500000,0.650000,0.174332,0.120002,0.098911,0.002446,0.103397,0.000481,0.067719,0.236448,0.119615,0.034248,-0.130664,0.043441
1058,-7.797824,1.294332,2.279000,0.455800,0.288215,1.000000,2.500000,0.650000,0.170603,0.120447,0.098751,0.000843,0.106131,0.000620,0.068267,0.236500,0.118239,0.032753,-0.136945,0.043187
1059,-7.710595,1.158707,2.552017,0.510403,0.295540,1.000000,2.500000,0.650000,0.172667,0.123417,0.097564,0.002225,0.102494,0.002689,0.067604,0.239299,0.119996,0.033838,-0.135003,0.044666
1060,-7.681124,1.124644,2.652027,0.530405,0.296712,1.000000,2.500000,0.650000,0.169243,0.121476,0.100581,0.000079,0.104954,0.000075,0.068281,0.238008,0.119070,0.032844,-0.131006,0.045518
1061,-7.645150,1.046669,2.813788,0.562758,0.279171,1.000000,2.500000,0.650000,0.174256,0.120254,0.098464,0.002226,0.104982,0.000270,0.063715,0.236300,0.119978,0.031234,-0.133953,0.047564
1062,-7.648898,1.044299,2.753075,0.550615,0.292091,1.000000,2.500000,0.650000,0.166922,0.121327,0.101339,0.000297,0.102888,0.003009,0.066268,0.235408,0.119807,0.033049,-0.133440,0.047666
1063,-7.739862,1.204686,2.484271,0.496854,0.288110,1.000000,2.500000,0.650000,0.171451,0.121002,0.098639,0.002089,0.104039,0.000043,0.068301,0.239648,0.119788,0.031526,-0.128068,0.042869
1064,-7.624882,1.030837,2.840332,0.568066,0.284282,1.000000,2.500000,0.650000,0.170484,0.121747,0.097001,0.001719,0.103029,0.001786,0.069960,0.237140,0.119506,0.036739,-0.130039,0.043464
1065,-7.706897,1.151822,2.584212,0.516842,0.288925,1.000000,2.500000,0.650000,0.169102,0.122969,0.100902,0.001793,0.103446,0.002802,0.068925,0.238684,0.118734,0.032979,-0.129530,0.045815
1066,-7.907478,1.633178,1.913426,0.382685,0.319412,1.000000,2.500000,0.650000,0.173621,0.125481,0.096307,0.000855,0.106333,0.002862,0.068170,0.239718,0.119797,0.032211,-0.136539,0.043606
1067,-7.573229,0.961008,3.082072,0.616414,0.290161,1.000000,2.500000,0.650000,0.170626,0.122259,0.097030,0.000084,0.102186,0.001214,0.066626,0.239520,0.119404,0.032969,-0.136088,0.045085
1068,-7.799379,1.258611,2.243562,0.448712,0.288266,1.000000,2.500000,0.650000,0.167987,0.123370,0.096285,0.003454,0.105485,0.000273,0.065082,0.237389,0.119999,0.032885,-0.133357,0.043216
1069,-7.727937,1.134812,2.514072,0.502814,0.274545,1.000000,2.500000,0.650000,0.178107,0.121389,0.098510,0.005259,0.104393,0.000997,0.065783,0.231959,0.118418,0.033424,-0.135095,0.045620
1070,-7.687711,1.109909,2.550787,0.510157,0.291865,1.000000,2.500000,0.650000,0.168054,0.120536,0.096684,0.000381,0.106850,0.001721,0.065155,0.233219,0.119108,0.035681,-0.135381,0.042831
1071,-7.684642,1.124052,2.589591,0.517918,0.283786,1.000000,2.500000,0.650000,0.170867,0.121543,0.098720,0.000084,0.099307,0.000052,0.066772,0.235235,0.119668,0.034535,-0.131121,0.048454
1072,-7.787846,1.276357,2.326416,0.465283,0.280264,1.000000,2.500000,0.650000,0.174209,0.120657,0.097031,0.002054,0.102691,0.000497,0.065737,0.238828,0.119677,0.031752,-0.132754,0.045693
1073,-7.752881,1.238677,2.335861,0.467172,0.301881,1.000000,2.500000,0.650000,0.168454,0.120621,0.098481,0.000006,0.103208,0.000187,0.065935,0.237134,0.119200,0.036686,-0.130881,0.044622
1074,-7.825036,1.345038,2.177297,0.435459,0.285880,1.000000,2.500000,0.650000,0.169974,0.120271,0.099040,0.001749,0.102313,0.002923,0.063879,0.238909,0.119910,0.034136,-0.132746,0.046945
1075,-7.745276,1.180740,2.457612,0.491522,0.275477,1.000000,2.500000,0.650000,0.173758,0.120121,0.096834,0.002424,0.106815,0.000338,0.067837,0.236302,0.119742,0.035000,-0.126754,0.046011
1076,-7.614406,0.988903,2.907290,0.581458,0.275931,1.000000,2.500000,0.650000,0.172534,0.120090,0.096871,0.003230,0.102079,0.000237,0.069317,0.239766,0.119108,0.031421,-0.132131,0.048777
1077,-7.639694,1.051395,2.801001,0.560200,0.288710,1.000000,2.500000,0.650000,0.170867,0.120576,0.096202,0.000938,0.103042,0.000017,0.068807,0.238632,0.119979,0.032166,-0.139651,0.044646
1078,-7.675703,1.077279,2.666596,0.533319,0.274388,1.000000,2.500000,0.650000,0.168517,0.120000,0.100905,0.002775,0.105366,0.000121,0.069032,0.236265,0.119962,0.034252,-0.133626,0.041986
1079,-7.587998,0.992482,3.019484,0.603897,0.292183,1.000000,2.500000,0.650000,0.170557,0.121646,0.096469,0.000552,0.104912,0.000008,0.064989,0.239047,0.119284,0.031469,-0.134994,0.044366
1080,-7.806050,1.308816,2.254491,0.450898,0.304267,1.000000,2.500000,0.650000,0.170267,0.120244,0.096217,0.000358,0.104841,0.000061,0.068537,0.239961,0.118631,0.031801,-0.135558,0.044849
1081,-8.336531,2.797746,0.969781,0.193956,0.397811,1.000000,2.500000,0.650000,0.172603,0.120157,0.098083,0.000071,0.102404,0.000026,0.069136,0.238067,0.116887,0.032898,-0.135330,0.043629
1082,-7.704277,1.125517,2.545504,0.509101,0.284306,1.000000,2.500000,0.650000,0.170697,0.121365,0.097548,0.001079,0.101056,0.000699,0.069052,0.236959,0.119989,0.034063,-0.136226,0.046293
1083,-7.713777,1.152915,2.542962,0.508592,0.289494,1.000000,2.500000,0.650000,0.170940,0.120903,0.101089,0.003668,0.102642,0.000299,0.066567,0.239996,0.118202,0.033157,-0.133130,0.047297
1084,-7.841973,1.402788,2.120429,0.424086,0.339459,1.000000,2.500000,0.650000,0.171435,0.120150,0.096002,0.000109,0.107066,0.000008,0.064122,0.239917,0.117372,0.029564,-0.134328,0.046727
1085,-8.145416,2.115560,1.362906,0.272581,0.295052,1.000000,2.500000,0.650000,0.174394,0.120366,0.097465,0.001708,0.103453,0.000465,0.068905,0.231616,0.118252,0.033144,-0.133227,0.045639
1086,-7.664031,1.114693,2.687945,0.537589,0.294430,1.000000,2.500000,0.650000,0.175315,0.121219,0.098363,0.000114,0.103529,0.000139,0.066224,0.239899,0.119999,0.031613,-0.133341,0.043316
1087,-10.685417,13.689841,0.219882,0.043976,0.332892,1.000000,2.500000,0.650000,0.169592,0.123260,0.096965,0.000018,0.103762,0.002820,0.067348,0.239134,0.115473,0.031844,-0.133186,0.045152
1088,-7.774083,1.241824,2.312016,0.462403,0.284614,1.000000,2.500000,0.650000,0.162552,0.120991,0.096000,0.000365,0.107028,0.001907,0.069899,0.237198,0.119986,0.030690,-0.132862,0.045326
1089,-7.615369,1.011290,2.857894,0.571579,0.263564,1.000000,2.500000,0.650000,0.176818,0.120003,0.096892,0.004106,0.096307,0.003091,0.068794,0.230487,0.119773,0.033418,-0.131512,0.045434
1090,-7.725642,1.145321,2.502257,0.500451,0.303764,1.000000,2.500000,0.650000,0.168557,0.120015,0.096124,0.000011,0.104175,0.000032,0.064699,0.233250,0.119355,0.029097,-0.138589,0.044446
1091,-7.610726,0.973001,2.902825,0.580565,0.279169,1.000000,2.500000,0.650000,0.167446,0.123387,0.096009,0.004576,0.099939,0.000009,0.069929,0.239847,0.119761,0.034630,-0.132249,0.044878
1092,-7.756646,1.180988,2.420679,0.484136,0.273611,1.000000,2.500000,0.650000,0.175332,0.121241,0.096089,0.002721,0.100989,0.006166,0.065660,0.229118,0.119944,0.029703,-0.136035,0.045462
1093,-7.637437,1.032990,2.828424,0.565685,0.300451,1.000000,2.500000,0.650000,0.170986,0.120366,0.096183,0.000006,0.103058,0.002297,0.062978,0.236880,0.119023,0.033240,-0.131308,0.043630
1094,-7.690438,1.095576,2.625094,0.525019,0.288017,1.000000,2.500000,0.650000,0.170617,0.122466,0.097532,0.001476,0.099301,0.000009,0.069958,0.235855,0.119974,0.030761,-0.134257,0.046291
1095,-7.780712,1.275964,2.251630,0.450326,0.293215,1.000000,2.500000,0.650000,0.175746,0.120345,0.097184,0.001248,0.107027,0.000441,0.067187,0.234117,0.119965,0.030399,-0.135866,0.043892
1096,-7.843751,1.329872,2.106202,0.421240,0.273827,1.000000,2.500000,0.650000,0.168187,0.122704,0.096300,0.003254,0.105164,0.000504,0.067990,0.230561,0.119999,0.032482,-0.134345,0.043524
1097,-7.632184,1.041196,2.796992,0.559398,0.283804,1.000000,2.500000,0.650000,0.167565,0.120103,0.096046,0.002557,0.106757,0.002472,0.067433,0.238994,0.120000,0.030864,-0.132353,0.042782
1098,-7.572080,0.976028,3.091420,0.618284,0.288297,1.000000,2.500000,0.650000,0.173526,0.121518,0.096111,0.001622,0.100156,0.002068,0.068238,0.239924,0.119991,0.030462,-0.137530,0.044562
1099,-7.744954,1.196002,2.470658,0.494132,0.283467,1.000000,2.500000,0.650000,0.174990,0.121481,0.096648,0.002409,0.096408,0.000286,0.066620,0.235309,0.119882,0.030909,-0.138918,0.045615
1100,-7.623816,1.073831,2.885334,0.577067,0.291126,1.000000,2.500000,0.650000,0.176544,0.121777,0.097685,0.000850,0.098235,0.000012,0.069396,0.239972,0.119108,0.035409,-0.130442,0.045155
1101,-7.703698,1.094617,2.542995,0.508599,0.274405,1.000000,2.500000,0.650000,0.170027,0.120481,0.097433,0.006035,0.099658,0.001428,0.068470,0.238968,0.119989,0.033043,-0.133321,0.043266
1102,-7.639420,1.078603,2.745965,0.549193,0.283743,1.000000,2.500000,0.650000,0.170102,0.120437,0.098974,0.000081,0.102281,0.002382,0.066464,0.239630,0.119805,0.034693,-0.132601,0.045825
1103,-7.671947,1.079869,2.720790,0.544158,0.301686,1.000000,2.500000,0.650000,0.174562,0.125059,0.097385,0.003090,0.104080,0.003853,0.068747,0.239993,0.119699,0.029343,-0.135599,0.043918
1104,-7.591974,1.010768,2.972963,0.594593,0.281115,1.000000,2.500000,0.650000,0.172473,0.123802,0.098156,0.000395,0.096029,0.002901,0.067900,0.233588,0.119922,0.033440,-0.132466,0.046576
1105,-7.724501,1.141344,2.467173,0.493435,0.289159,1.000000,2.500000,0.650000,0.170043,0.124374,0.096611,0.003649,0.104117,0.000036,0.068297,0.239064,0.119845,0.028890,-0.134409,0.045510
1106,-7.692958,1.142225,2.569014,0.513803,0.316538,1.000000,2.500000,0.650000,0.178844,0.120283,0.096001,0.000184,0.103335,0.000184,0.067041,0.236120,0.119800,0.031255,-0.138860,0.043310
1107,-7.542800,0.912689,3.185373,0.637075,0.274524,1.000000,2.500000,0.650000,0.171327,0.120184,0.096385,0.002510,0.102828,0.001184,0.069878,0.238996,0.119991,0.033762,-0.134438,0.044710
1108,-7.618118,1.006064,2.871413,0.574283,0.284615,1.000000,2.500000,0.650000,0.171146,0.120000,0.096770,0.002458,0.101172,0.000231,0.066303,0.239576,0.119551,0.031134,-0.136111,0.044546
1109,-7.656859,1.012245,2.717634,0.543527,0.268089,1.000000,2.500000,0.650000,0.167168,0.122484,0.096683,0.006421,0.098512,0.003722,0.068318,0.237839,0.119838,0.031950,-0.126753,0.045277
1110,-8.816612,4.757900,0.620879,0.124176,0.299691,1.000000,2.500000,0.650000,0.170205,0.121676,0.096771,0.000930,0.103965,0.000418,0.069972,0.239619,0.119983,0.032833,-0.135580,0.043507
1111,-7.652767,1.042380,2.718414,0.543683,0.277262,1.000000,2.500000,0.650000,0.168092,0.122349,0.096275,0.004732,0.101823,0.000595,0.069978,0.239429,0.119700,0.033624,-0.133473,0.042496
1112,-7.673334,1.054499,2.659442,0.531888,0.264036,1.000000,2.500000,0.650000,0.169194,0.121267,0.096114,0.004557,0.099513,0.001532,0.069921,0.235442,0.119668,0.034196,-0.131741,0.046335
1113,-7.624877,1.003328,2.856695,0.571339,0.270296,1.000000,2.500000,0.650000,0.167205,0.121841,0.096688,0.002826,0.104833,0.002623,0.067292,0.238601,0.119629,0.031614,-0.133628,0.043255
1114,-7.861239,1.469069,2.143616,0.428723,0.280525,1.000000,2.500000,0.650000,0.176547,0.122335,0.096103,0.000244,0.096734,0.004283,0.067822,0.240000,0.119970,0.032640,-0.133402,0.044791
1115,-7.913495,1.601554,1.880644,0.376129,0.300935,1.000000,2.500000,0.650000,0.171976,0.120488,0.096902,0.000146,0.101594,0.000012,0.069959,0.237037,0.119999,0.034470,-0.132824,0.047308
1116,-7.714038,1.131497,2.535609,0.507122,0.276490,1.000000,2.500000,0.650000,0.170041,0.122141,0.096180,0.002726,0.098515,0.000140,0.068473,0.239968,0.119967,0.032752,-0.132572,0.046162
1117,-7.765811,1.258494,2.392190,0.478438,0.281184,1.000000,2.500000,0.650000,0.168714,0.120166,0.099197,0.001518,0.101204,0.001573,0.069979,0.238664,0.119808,0.033878,-0.127246,0.044298
1118,-7.838557,1.309502,2.121844,0.424369,0.270961,1.000000,2.500000,0.650000,0.166792,0.120070,0.096630,0.004135,0.102467,0.003373,0.068825,0.232185,0.119700,0.031307,-0.135806,0.043993
1119,-7.637391,1.039576,2.829893,0.565979,0.280796,1.000000,2.500000,0.650000,0.172972,0.121797,0.096247,0.002648,0.102262,0.000905,0.067020,0.235136,0.119937,0.034600,-0.135442,0.042952
1120,-7.927167,1.484431,1.846601,0.369320,0.269977,1.000000,2.500000,0.650000,0.170038,0.120027,0.096268,0.003831,0.099455,0.004167,0.068879,0.226340,0.119660,0.033306,-0.137163,0.045852
1121,-7.861641,1.395160,2.061392,0.412278,0.285574,1.000000,2.500000,0.650000,0.166906,0.122225,0.096480,0.003517,0.101930,0.002763,0.069205,0.239994,0.119891,0.030680,-0.135235,0.042802
1122,-8.045688,1.866687,1.588260,0.317652,0.278762,1.000000,2.500000,0.650000,0.170495,0.123830,0.096842,0.001895,0.100029,0.000223,0.069265,0.239711,0.119812,0.031658,-0.131458,0.045865
1123,-7.595747,0.954125,2.959651,0.591930,0.275065,1.000000,2.500000,0.650000,0.170177,0.120006,0.096158,0.001771,0.103654,0.001656,0.063896,0.230309,0.119965,0.032564,-0.136740,0.045554
1124,-7.771706,1.213915,2.364770,0.472954,0.282756,1.000000,2.500000,0.650000,0.170128,0.123861,0.096028,0.004150,0.098466,0.002748,0.068530,0.237684,0.119999,0.033071,-0.135187,0.045036
1125,-8.094287,1.952408,1.488934,0.297787,0.275792,1.000000,2.500000,0.650000,0.173342,0.120249,0.096239,0.002381,0.097649,0.004446,0.067816,0.229678,0.119970,0.035533,-0.133239,0.044513
1126,-7.638225,1.039530,2.775703,0.555141,0.287006,1.000000,2.500000,0.650000,0.166792,0.120004,0.096000,0.001453,0.105292,0.002578,0.067522,0.236829,0.119665,0.032664,-0.130478,0.042491
1127,-7.655843,1.091696,2.786675,0.557335,0.283999,1.000000,2.500000,0.650000,0.176523,0.120179,0.096312,0.000908,0.101522,0.000010,0.068172,0.239824,0.119875,0.032151,-0.134283,0.043112
1128,-7.673994,1.071672,2.637454,0.527491,0.281548,1.000000,2.500000,0.650000,0.166962,0.120093,0.096241,0.003028,0.106378,0.000433,0.069974,0.239883,0.119888,0.033173,-0.128524,0.043620
1129,-7.709200,1.068487,2.510267,0.502053,0.307615,1.000000,2.500000,0.650000,0.170057,0.120137,0.096069,0.002606,0.104658,0.000868,0.066338,0.230113,0.119980,0.035500,-0.133308,0.044823
1130,-7.611927,1.009965,2.917690,0.583538,0.276171,1.000000,2.500000,0.650000,0.172563,0.121361,0.096300,0.001626,0.099709,0.001785,0.068057,0.233759,0.119256,0.033701,-0.135510,0.045456
1131,-7.749767,1.187314,2.426077,0.485215,0.275163,1.000000,2.500000,0.650000,0.168300,0.120942,0.096116,0.004674,0.100873,0.000983,0.069382,0.239814,0.119989,0.032738,-0.134188,0.042905
1132,-8.159677,2.181775,1.374107,0.274821,0.282631,1.000000,2.500000,0.650000,0.170705,0.120012,0.096103,0.001932,0.099873,0.002814,0.066602,0.239282,0.119826,0.032640,-0.136313,0.042110
1133,-7.659413,1.020934,2.700005,0.540001,0.269329,1.000000,2.500000,0.650000,0.167821,0.120257,0.096000,0.004782,0.102992,0.003143,0.069968,0.236384,0.119948,0.034387,-0.132167,0.045468
1134,-7.684653,1.103836,2.652950,0.530590,0.283643,1.000000,2.500000,0.650000,0.170906,0.121022,0.099101,0.000509,0.101666,0.001709,0.065890,0.229721,0.119879,0.034133,-0.130271,0.047714
1135,-8.004879,1.724108,1.709598,0.341920,0.286948,1.000000,2.500000,0.650000,0.175236,0.120408,0.096001,0.002350,0.097326,0.001464,0.064857,0.232791,0.119294,0.031842,-0.136263,0.044611
1136,-7.761023,1.215537,2.417263,0.483453,0.291541,1.000000,2.500000,0.650000,0.174176,0.120390,0.096001,0.001791,0.099909,0.000005,0.068301,0.237557,0.119992,0.032994,-0.139720,0.045385
1137,-7.616407,1.005898,2.869337,0.573867,0.290882,1.000000,2.500000,0.650000,0.168721,0.120609,0.097289,0.000507,0.103528,0.000001,0.066126,0.239321,0.119491,0.033375,-0.132783,0.044142
1138,-7.584080,0.914286,2.955710,0.591142,0.269282,1.000000,2.500000,0.650000,0.169187,0.120633,0.096440,0.006780,0.103724,0.001727,0.069595,0.228276,0.118598,0.033696,-0.133760,0.044411
1139,-8.184338,2.331199,1.241038,0.248208,0.326460,1.000000,2.500000,0.650000,0.170976,0.120062,0.097687,0.000014,0.103971,0.004328,0.065688,0.232837,0.119078,0.034231,-0.136129,0.044655
1140,-8.061930,1.851376,1.546362,0.309272,0.287307,1.000000,2.500000,0.650000,0.169708,0.120695,0.096096,0.002083,0.104505,0.002415,0.066740,0.231285,0.118975,0.030284,-0.136034,0.044691
1141,-7.644715,1.070539,2.773552,0.554710,0.281576,1.000000,2.500000,0.650000,0.172569,0.120039,0.097359,0.000227,0.102553,0.000106,0.068629,0.237163,0.119784,0.035182,-0.134859,0.045159
1142,-7.658114,1.070825,2.735557,0.547111,0.287438,1.000000,2.500000,0.650000,0.171836,0.120586,0.096957,0.000140,0.100828,0.001383,0.066620,0.234762,0.119634,0.035255,-0.135721,0.044569
1143,-8.054083,1.888354,1.586258,0.317252,0.281504,1.000000,2.500000,0.650000,0.170655,0.123041,0.096166,0.000791,0.102726,0.002989,0.067489,0.239057,0.119920,0.033851,-0.133264,0.044690
1144,-7.884498,1.469632,1.971557,0.394311,0.319737,1.000000,2.500000,0.650000,0.171287,0.120386,0.099891,0.000029,0.100709,0.001473,0.062606,0.227813,0.119970,0.033573,-0.133843,0.047049
1145,-7.629596,0.977440,2.815179,0.563036,0.274126,1.000000,2.500000,0.650000,0.172393,0.120910,0.097239,0.004340,0.107173,0.000262,0.068799,0.231766,0.120000,0.033610,-0.134892,0.044185
1146,-7.641335,1.008165,2.747335,0.549467,0.275233,1.000000,2.500000,0.650000,0.171266,0.123523,0.096357,0.004956,0.103266,0.000539,0.069077,0.236335,0.119931,0.033498,-0.133521,0.043383
1147,-7.630638,1.020836,2.819334,0.563867,0.276922,1.000000,2.500000,0.650000,0.167253,0.120310,0.097300,0.000820,0.101037,0.000071,0.067621,0.232154,0.119235,0.034714,-0.133790,0.043701
1148,-7.658332,1.085911,2.663844,0.532769,0.290148,1.000000,2.500000,0.650000,0.167484,0.121200,0.096133,0.001887,0.102507,0.000470,0.067632,0.239066,0.119979,0.034092,-0.138387,0.044335
1149,-7.884721,1.483938,1.926361,0.385272,0.308100,1.000000,2.500000,0.650000,0.170557,0.120456,0.096004,0.001558,0.101765,0.001167,0.067032,0.234140,0.119994,0.033396,-0.135380,0.044245
1150,-7.777608,1.195230,2.294605,0.458921,0.267458,1.000000,2.500000,0.650000,0.167203,0.120524,0.096012,0.003174,0.102721,0.001202,0.066645,0.232462,0.119949,0.032009,-0.135731,0.045283
1151,-7.686167,1.077762,2.622514,0.524503,0.279924,1.000000,2.500000,0.650000,0.170354,0.120868,0.096862,0.003648,0.101897,0.002062,0.068243,0.230476,0.119786,0.034569,-0.130408,0.043936
1152,-7.739994,1.129298,2.446753,0.489351,0.284384,1.000000,2.500000,0.650000,0.172137,0.122518,0.096630,0.004318,0.104094,0.000300,0.066900,0.229505,0.119895,0.032905,-0.130401,0.045934
1153,-7.680995,1.065624,2.662157,0.532431,0.276545,1.000000,2.500000,0.650000,0.168787,0.120547,0.096091,0.001115,0.103427,0.001956,0.067868,0.233216,0.119989,0.034354,-0.137893,0.044781
1154,-7.684315,1.059967,2.618109,0.523622,0.275750,1.000000,2.500000,0.650000,0.166199,0.120224,0.096001,0.004599,0.104703,0.000433,0.067702,0.239061,0.119927,0.033228,-0.135218,0.044445
1155,-7.773072,1.230309,2.361643,0.472329,0.278343,1.000000,2.500000,0.650000,0.172663,0.120172,0.097919,0.002652,0.098813,0.000561,0.068047,0.234992,0.119971,0.034210,-0.133715,0.044935
1156,-7.745630,1.134764,2.388676,0.477735,0.268280,1.000000,2.500000,0.650000,0.166519,0.121036,0.096026,0.003241,0.106207,0.000875,0.067392,0.231069,0.120000,0.033043,-0.134927,0.043784
1157,-7.865103,1.350566,2.040492,0.408098,0.275298,1.000000,2.500000,0.650000,0.167042,0.120450,0.096676,0.005212,0.105386,0.000962,0.068581,0.234703,0.119995,0.032899,-0.141203,0.044263
1158,-7.797630,1.215118,2.236240,0.447248,0.288394,1.000000,2.500000,0.650000,0.166248,0.124579,0.096508,0.005497,0.105763,0.000822,0.068790,0.230809,0.119787,0.034530,-0.132896,0.041128
1159,-7.727484,1.121778,2.488790,0.497758,0.286916,1.000000,2.500000,0.650000,0.170589,0.120763,0.096226,0.003546,0.105329,0.000002,0.067256,0.236536,0.119791,0.033502,-0.136425,0.044178
1160,-7.573976,0.937209,3.013952,0.602790,0.270534,1.000000,2.500000,0.650000,0.170976,0.120023,0.096329,0.003645,0.107047,0.000213,0.069429,0.236287,0.119781,0.033074,-0.137508,0.043478
1161,-7.777906,1.232567,2.272170,0.454434,0.285489,1.000000,2.500000,0.650000,0.169320,0.120046,0.096001,0.003627,0.101558,0.001171,0.068102,0.239933,0.119359,0.033483,-0.134729,0.043815
1162,-7.770090,1.197597,2.343889,0.468778,0.276822,1.000000,2.500000,0.650000,0.167829,0.120352,0.096850,0.002323,0.106810,0.000355,0.068698,0.232783,0.119855,0.032794,-0.134677,0.045766
1163,-7.896729,1.487659,1.952070,0.390414,0.276070,1.000000,2.500000,0.650000,0.166078,0.120153,0.096844,0.002434,0.108986,0.000252,0.069973,0.236572,0.119031,0.033599,-0.134235,0.044026
1164,-7.581931,0.941629,3.020368,0.604074,0.292708,1.000000,2.500000,0.650000,0.170251,0.120050,0.096075,0.000168,0.106988,0.000025,0.066242,0.237532,0.119913,0.031861,-0.132534,0.043377
1165,-7.635740,1.000498,2.818547,0.563709,0.284806,1.000000,2.500000,0.650000,0.172556,0.120371,0.097094,0.002977,0.103888,0.000752,0.069930,0.232260,0.119333,0.032723,-0.135732,0.044676
1166,-7.632974,0.977641,2.799378,0.559876,0.279559,1.000000,2.500000,0.650000,0.168283,0.121487,0.096087,0.002781,0.104670,0.000000,0.069798,0.227754,0.119664,0.034573,-0.135858,0.042922
1167,-7.653438,1.044484,2.737246,0.547449,0.271489,1.000000,2.500000,0.650000,0.171710,0.120520,0.096071,0.003460,0.107453,0.000433,0.068538,0.236574,0.119757,0.033726,-0.132778,0.042271
1168,-7.722642,1.180915,2.476302,0.495260,0.289108,1.000000,2.500000,0.650000,0.168983,0.121684,0.097606,0.001976,0.107493,0.000435,0.068793,0.234284,0.119792,0.032939,-0.137359,0.044025
1169,-7.604516,0.980372,2.905466,0.581093,0.300736,1.000000,2.500000,0.650000,0.167925,0.122801,0.096154,0.001115,0.107717,0.000127,0.067339,0.239633,0.119978,0.032194,-0.131528,0.045142
1170,-7.619976,1.027565,2.805563,0.561113,0.275575,1.000000,2.500000,0.650000,0.164271,0.120134,0.096012,0.001244,0.108253,0.000143,0.069309,0.238625,0.119769,0.033156,-0.137049,0.045732
1171,-7.838582,1.363093,2.154373,0.430875,0.288341,1.000000,2.500000,0.650000,0.169602,0.120919,0.096774,0.003048,0.105342,0.000758,0.069994,0.240000,0.119884,0.032807,-0.135556,0.042054
1172,-7.748450,1.148567,2.402140,0.480428,0.274688,1.000000,2.500000,0.650000,0.167969,0.120969,0.096011,0.004213,0.106885,0.001788,0.066178,0.232789,0.119999,0.035379,-0.134502,0.043088
1173,-8.200982,2.269249,1.256582,0.251316,0.291644,1.000000,2.500000,0.650000,0.168421,0.121851,0.096135,0.003307,0.106935,0.000083,0.069409,0.231446,0.118988,0.034124,-0.136167,0.041960
1174,-7.886126,1.481232,2.014671,0.402934,0.292566,1.000000,2.500000,0.650000,0.169582,0.120213,0.096266,0.000791,0.110233,0.002326,0.068965,0.239813,0.119934,0.031149,-0.139136,0.041238
1175,-7.891430,1.441311,1.944432,0.388886,0.271432,1.000000,2.500000,0.650000,0.166409,0.120026,0.096097,0.003116,0.105913,0.000201,0.069951,0.236782,0.119991,0.032674,-0.135304,0.042910
1176,-7.731600,1.141923,2.481946,0.496389,0.270967,1.000000,2.500000,0.650000,0.172080,0.120001,0.096105,0.004153,0.105353,0.003137,0.066282,0.231761,0.119944,0.030732,-0.134030,0.044145
1177,-7.728879,1.118271,2.476507,0.495301,0.277675,1.000000,2.500000,0.650000,0.168442,0.120418,0.096502,0.004173,0.107062,0.000287,0.069871,0.233082,0.119998,0.034029,-0.141165,0.042889
1178,-7.770682,1.214142,2.351813,0.470363,0.279426,1.000000,2.500000,0.650000,0.171039,0.120092,0.096028,0.002454,0.108738,0.000648,0.068828,0.234858,0.119956,0.034302,-0.136243,0.044034
1179,-8.058342,1.860192,1.552435,0.310487,0.290678,1.000000,2.500000,0.650000,0.166787,0.122947,0.096004,0.000278,0.109519,0.001251,0.067144,0.237646,0.119967,0.033987,-0.133675,0.044366
1180,-7.874228,1.468225,1.984081,0.396816,0.293034,1.000000,2.500000,0.650000,0.164888,0.121995,0.096062,0.000770,0.110027,0.000048,0.068564,0.237868,0.119972,0.032222,-0.131163,0.046246
1181,-7.669899,1.086726,2.642841,0.528568,0.289730,1.000000,2.500000,0.650000,0.172994,0.120342,0.096094,0.000019,0.105609,0.000002,0.069259,0.236080,0.119879,0.033914,-0.140246,0.043393
1182,-7.830818,1.369740,2.099890,0.419978,0.307980,1.000000,2.500000,0.650000,0.162011,0.124171,0.096238,0.001913,0.111590,0.000293,0.069643,0.239450,0.119783,0.033072,-0.132701,0.043883
1183,-7.612172,0.976177,2.884431,0.576886,0.278615,1.000000,2.500000,0.650000,0.165720,0.121349,0.096011,0.001304,0.109463,0.000457,0.067425,0.236092,0.119989,0.033927,-0.131492,0.044652
1184,-7.677045,1.120247,2.636919,0.527384,0.290790,1.000000,2.500000,0.650000,0.165649,0.120392,0.096219,0.001086,0.107057,0.000537,0.069555,0.239873,0.119823,0.033643,-0.135919,0.046165
1185,-7.698917,1.108343,2.596544,0.519309,0.292578,1.000000,2.500000,0.650000,0.167300,0.122005,0.096483,0.003350,0.105085,0.000867,0.068236,0.238508,0.118341,0.032134,-0.134981,0.044290
1186,-7.668861,1.073765,2.726301,0.545260,0.282210,1.000000,2.500000,0.650000,0.172283,0.122566,0.097467,0.001686,0.108808,0.001821,0.067324,0.236079,0.120000,0.031614,-0.134906,0.044619
1187,-7.731840,1.208241,2.380438,0.476088,0.282309,1.000000,2.500000,0.650000,0.170804,0.123586,0.096321,0.002535,0.109437,0.000499,0.068383,0.239227,0.119965,0.033056,-0.136799,0.046389
1188,-7.999065,1.780926,1.632229,0.326446,0.301183,1.000000,2.500000,0.650000,0.169006,0.120685,0.096011,0.000175,0.105648,0.001849,0.068480,0.239927,0.119818,0.031396,-0.138497,0.045107
1189,-7.628474,1.036988,2.861214,0.572243,0.287399,1.000000,2.500000,0.650000,0.171767,0.122368,0.097842,0.000642,0.109267,0.001545,0.067727,0.237919,0.119965,0.032040,-0.135190,0.043712
1190,-7.637329,0.989780,2.785167,0.557033,0.282797,1.000000,2.500000,0.650000,0.166835,0.121667,0.097469,0.002720,0.108341,0.002708,0.065178,0.229058,0.119803,0.031773,-0.138530,0.042204
1191,-7.749092,1.195554,2.416592,0.483318,0.280862,1.000000,2.500000,0.650000,0.169458,0.120766,0.098110,0.001232,0.108508,0.000274,0.069412,0.235523,0.119997,0.035580,-0.136651,0.042802
1192,-7.596822,0.973676,2.937408,0.587482,0.285869,1.000000,2.500000,0.650000,0.171599,0.122781,0.096044,0.000098,0.105358,0.000007,0.068694,0.234044,0.119748,0.032187,-0.135718,0.045665
1193,-8.201062,2.368423,1.210183,0.242037,0.346668,1.000000,2.500000,0.650000,0.169312,0.122809,0.096424,0.000692,0.108871,0.000290,0.067007,0.235755,0.119924,0.032697,-0.134352,0.045228
1194,-7.547498,0.917289,3.166742,0.633348,0.273067,1.000000,2.500000,0.650000,0.169197,0.121934,0.096011,0.001655,0.107769,0.000051,0.069011,0.236604,0.120000,0.035129,-0.130179,0.043679
1195,-7.764658,1.205611,2.287730,0.457546,0.329307,1.000000,2.500000,0.650000,0.167347,0.122324,0.096009,0.000946,0.110638,0.000000,0.067396,0.234878,0.119493,0.034015,-0.130393,0.044468
1196,-7.627534,1.024339,2.858925,0.571785,0.295711,1.000000,2.500000,0.650000,0.167516,0.125004,0.096000,0.000890,0.111603,0.000136,0.067675,0.235773,0.119981,0.030950,-0.131438,0.044501
1197,-9.984447,1.601274,1.555257,0.311051,0.718179,0.000000,2.500000,0.650000,0.170909,0.122694,0.096132,0.000002,0.107980,0.001797,0.069950,0.239927,0.119103,0.035572,-0.133710,0.045559
1198,-7.809868,1.286581,2.169078,0.433816,0.287118,1.000000,2.500000,0.650000,0.168773,0.126106,0.097454,0.002905,0.106729,0.000141,0.066307,0.232978,0.119570,0.035422,-0.132412,0.045224
1199,-7.655604,1.074128,2.648005,0.529601,0.284847,1.000000,2.500000,0.650000,0.166836,0.122798,0.096925,0.001842,0.112023,0.000802,0.068959,0.239642,0.119971,0.033502,-0.131185,0.045993
1200,-7.698132,1.163871,2.533550,0.506710,0.300000,1.000000,2.500000,0.650000,0.171960,0.122708,0.096000,0.000003,0.106337,0.000740,0.069210,0.239042,0.119926,0.031437,-0.132928,0.044944
1201,-7.729810,1.166001,2.500522,0.500104,0.286338,1.000000,2.500000,0.650000,0.170574,0.124106,0.096918,0.000661,0.107982,0.000188,0.069309,0.230791,0.119789,0.033838,-0.132339,0.045628
1202,-8.443022,3.185163,0.927611,0.185522,0.327142,1.000000,2.500000,0.650000,0.165677,0.125731,0.097305,0.000218,0.113520,0.000048,0.067147,0.235397,0.120000,0.032908,-0.136580,0.042993
1203,-7.650238,1.030907,2.752108,0.550422,0.292047,1.000000,2.500000,0.650000,0.169155,0.120879,0.096072,0.000773,0.107812,0.000003,0.067053,0.232797,0.119998,0.033354,-0.132443,0.042751
1204,-7.614374,0.993980,2.892718,0.578544,0.286162,1.000000,2.500000,0.650000,0.170728,0.120682,0.096124,0.000704,0.106710,0.000077,0.068505,0.237654,0.119989,0.033643,-0.131546,0.044796
1205,-7.690213,1.087379,2.613419,0.522684,0.326779,1.000000,2.500000,0.650000,0.170676,0.125722,0.096015,0.003048,0.108000,0.000658,0.069997,0.234983,0.119813,0.031427,-0.133277,0.045010
1206,-7.705575,1.151074,2.512383,0.502477,0.279061,1.000000,2.500000,0.650000,0.167597,0.122207,0.096061,0.001553,0.104662,0.000157,0.069992,0.238936,0.119994,0.036059,-0.131419,0.045067
1207,-7.590610,0.951162,2.937244,0.587449,0.288046,1.000000,2.500000,0.650000,0.168790,0.123956,0.096172,0.001174,0.106392,0.000338,0.066661,0.234772,0.119989,0.034484,-0.130072,0.045513
1208,-10.062141,10.561286,0.275234,0.055047,0.292442,1.000000,2.500000,0.650000,0.169899,0.122536,0.096447,0.001429,0.108062,0.000199,0.068673,0.239168,0.119996,0.033963,-0.135373,0.045779
1209,-7.580420,0.979111,3.021065,0.604213,0.289766,1.000000,2.500000,0.650000,0.169499,0.122560,0.096281,0.000060,0.109884,0.000042,0.069854,0.239463,0.119639,0.033747,-0.132145,0.042349
1210,-7.684740,1.112965,2.552203,0.510441,0.300430,1.000000,2.500000,0.650000,0.169187,0.123619,0.096042,0.001737,0.109175,0.000871,0.068380,0.234679,0.119999,0.033066,-0.134582,0.043403
1211,-7.675678,1.097572,2.596083,0.519217,0.292339,1.000000,2.500000,0.650000,0.173000,0.124432,0.096000,0.000003,0.109078,0.000045,0.067131,0.234937,0.119936,0.034435,-0.131797,0.044124
1212,-7.663677,1.028904,2.679286,0.535857,0.269536,1.000000,2.500000,0.650000,0.171455,0.123175,0.096009,0.004386,0.104993,0.000001,0.069928,0.227771,0.119998,0.036862,-0.133993,0.043424
1213,-7.675823,1.080073,2.603082,0.520616,0.285739,1.000000,2.500000,0.650000,0.167191,0.121924,0.096087,0.001744,0.108332,0.000000,0.069874,0.239559,0.119848,0.034634,-0.132056,0.042843
1214,-7.645432,1.080543,2.746110,0.549222,0.307503,1.000000,2.500000,0.650000,0.171213,0.124688,0.096002,0.000114,0.110592,0.000104,0.069231,0.239535,0.119999,0.033658,-0.129632,0.044072
1215,-8.289859,2.618200,1.130826,0.226165,0.294786,1.000000,2.500000,0.650000,0.170226,0.121707,0.096003,0.000251,0.107711,0.000025,0.069059,0.238672,0.119998,0.033450,-0.132336,0.042977
1216,-7.591341,0.971860,2.974931,0.594986,0.303996,1.000000,2.500000,0.650000,0.167121,0.124028,0.096855,0.001232,0.107913,0.002051,0.068774,0.236249,0.119933,0.034007,-0.133998,0.041891
1217,-7.698873,1.147404,2.589736,0.517947,0.282598,1.000000,2.500000,0.650000,0.170535,0.121272,0.096067,0.000044,0.103150,0.000498,0.069914,0.238583,0.119985,0.033210,-0.133131,0.043940
1218,-7.714642,1.156794,2.552114,0.510423,0.288207,1.000000,2.500000,0.650000,0.169616,0.123011,0.096044,0.000113,0.109607,0.000368,0.069914,0.239095,0.119953,0.032113,-0.131017,0.044530
1219,-7.707356,1.129603,2.502683,0.500537,0.291751,1.000000,2.500000,0.650000,0.170418,0.122823,0.096112,0.000268,0.109805,0.000188,0.069872,0.234289,0.120000,0.033921,-0.127848,0.044598
1220,-7.585625,0.962389,2.980890,0.596178,0.282138,1.000000,2.500000,0.650000,0.167980,0.123106,0.096091,0.000283,0.110426,0.000573,0.069952,0.237255,0.119902,0.036377,-0.131747,0.044224
1221,-8.098155,1.983493,1.493336,0.298667,0.292912,1.000000,2.500000,0.650000,0.169083,0.120440,0.096080,0.000111,0.109196,0.001528,0.069289,0.239962,0.119969,0.033997,-0.132724,0.044261
1222,-7.693382,1.109774,2.571289,0.514258,0.289778,1.000000,2.500000,0.650000,0.169391,0.120752,0.096501,0.001340,0.109534,0.000178,0.069686,0.233567,0.119677,0.032707,-0.133006,0.042440
1223,-7.893923,1.522975,1.954759,0.390952,0.303848,1.000000,2.500000,0.650000,0.169010,0.122425,0.098369,0.000076,0.113050,0.001980,0.069869,0.239728,0.119986,0.033762,-0.134265,0.041705
1224,-7.643596,1.043591,2.760199,0.552040,0.290544,1.000000,2.500000,0.650000,0.169566,0.124443,0.096530,0.000094,0.111087,0.000205,0.069862,0.233757,0.119783,0.033823,-0.131861,0.045783
1225,-7.698298,1.150218,2.546575,0.509315,0.281323,1.000000,2.500000,0.650000,0.167320,0.123047,0.096498,0.001037,0.111191,0.000114,0.069964,0.237776,0.119970,0.033660,-0.132217,0.042826
1226,-7.640354,1.024334,2.817023,0.563405,0.279183,1.000000,2.500000,0.650000,0.173508,0.124394,0.096040,0.002009,0.108187,0.000128,0.067659,0.232724,0.119723,0.032370,-0.132257,0.044411
1227,-7.895398,1.516986,1.955179,0.391036,0.351971,1.000000,2.500000,0.650000,0.168240,0.124471,0.096008,0.000245,0.111154,0.003115,0.069079,0.239366,0.119574,0.036355,-0.131161,0.043405
1228,-7.677557,1.102657,2.678377,0.535675,0.287252,1.000000,2.500000,0.650000,0.177523,0.121951,0.097097,0.002300,0.108530,0.001193,0.069485,0.235580,0.119739,0.033930,-0.135122,0.045041
1229,-7.654094,1.019068,2.712208,0.542442,0.280056,1.000000,2.500000,0.650000,0.167123,0.122753,0.096057,0.001658,0.110567,0.001096,0.069979,0.234848,0.119751,0.036362,-0.132333,0.042407
1230,-7.711654,1.134581,2.541434,0.508287,0.282336,1.000000,2.500000,0.650000,0.171512,0.122117,0.098769,0.003715,0.105577,0.001229,0.069884,0.232504,0.119606,0.033248,-0.135871,0.045250
1231,-7.553096,0.902925,3.087243,0.617449,0.282439,1.000000,2.500000,0.650000,0.165808,0.124780,0.096889,0.002403,0.110787,0.000338,0.069982,0.234735,0.119913,0.036676,-0.130706,0.044597
1232,-7.700851,1.110166,2.596008,0.519202,0.288300,1.000000,2.500000,0.650000,0.173188,0.123249,0.096559,0.001363,0.109563,0.000063,0.068509,0.230372,0.119883,0.036620,-0.130336,0.042278
1233,-7.643422,1.004439,2.712873,0.542575,0.287124,1.000000,2.500000,0.650000,0.166116,0.121700,0.096729,0.002182,0.107246,0.000323,0.069967,0.234266,0.119999,0.034622,-0.131760,0.045208
1234,-7.596514,0.945448,2.910668,0.582134,0.274137,1.000000,2.500000,0.650000,0.168328,0.125040,0.096447,0.002655,0.112832,0.000224,0.069809,0.230497,0.119979,0.036377,-0.131341,0.044929
1235,-7.712161,1.162731,2.503534,0.500707,0.292285,1.000000,2.500000,0.650000,0.174328,0.125239,0.096010,0.000097,0.106543,0.000067,0.069982,0.234076,0.119136,0.035108,-0.129080,0.046227
1236,-7.639978,1.015963,2.776448,0.555290,0.290246,1.000000,2.500000,0.650000,0.166969,0.126393,0.096020,0.002087,0.108499,0.000385,0.069216,0.237390,0.119134,0.036071,-0.130563,0.044765
1237,-7.754707,1.138018,2.299878,0.459976,0.357302,1.000000,2.500000,0.650000,0.167693,0.125055,0.096131,0.000220,0.111889,0.002258,0.069750,0.235440,0.119971,0.036729,-0.127533,0.046420
1238,-7.890251,1.465794,1.988249,0.397650,0.282147,1.000000,2.500000,0.650000,0.169315,0.122301,0.096112,0.001637,0.112645,0.000346,0.069879,0.236647,0.119967,0.034969,-0.128682,0.046108
1239,-7.709433,1.149011,2.518935,0.503787,0.299066,1.000000,2.500000,0.650000,0.168507,0.124475,0.096406,0.003042,0.110076,0.002596,0.069994,0.239914,0.119206,0.034773,-0.130867,0.043256
1240,-9.991481,2.788662,0.851923,0.170385,0.960051,0.000000,2.500000,0.650000,0.167294,0.125676,0.096294,0.000154,0.111791,0.000500,0.069279,0.239781,0.119984,0.034450,-0.131958,0.045882
1241,-8.065351,1.856595,1.521143,0.304229,0.303168,1.000000,2.500000,0.650000,0.169840,0.120912,0.097473,0.003235,0.109037,0.000168,0.068915,0.233512,0.119797,0.032690,-0.134112,0.043284
1242,-7.768041,1.209800,2.348564,0.469713,0.284591,1.000000,2.500000,0.650000,0.170303,0.128286,0.096937,0.001151,0.110400,0.000682,0.070000,0.231050,0.119970,0.036619,-0.131662,0.045899
1243,-7.658601,1.003333,2.707282,0.541456,0.278515,1.000000,2.500000,0.650000,0.165603,0.125231,0.098417,0.002886,0.112036,0.000045,0.068058,0.233939,0.119988,0.035577,-0.133511,0.046723
1244,-7.609455,0.947501,2.898142,0.579628,0.283753,1.000000,2.500000,0.650000,0.166361,0.123171,0.096086,0.002904,0.108503,0.000224,0.069748,0.230395,0.118913,0.036319,-0.131023,0.045170
1245,-7.684527,1.071845,2.620589,0.524118,0.279518,1.000000,2.500000,0.650000,0.167609,0.125277,0.096258,0.002257,0.105623,0.001633,0.067128,0.233483,0.119071,0.039647,-0.130163,0.043960
1246,-7.688139,1.045207,2.595198,0.519040,0.282701,1.000000,2.500000,0.650000,0.165848,0.126355,0.096589,0.003730,0.110634,0.001081,0.066996,0.230352,0.119977,0.034371,-0.130382,0.045727
1247,-7.573691,0.934248,2.996152,0.599230,0.286417,1.000000,2.500000,0.650000,0.163602,0.125683,0.096001,0.003193,0.109525,0.000052,0.069325,0.236353,0.119039,0.034906,-0.130320,0.045066
1248,-7.596434,0.953543,2.889344,0.577869,0.277722,1.000000,2.500000,0.650000,0.167730,0.123825,0.096264,0.003528,0.108099,0.000308,0.069730,0.235677,0.119976,0.038039,-0.129302,0.045295
1249,-8.295695,2.535120,1.091093,0.218219,0.291549,1.000000,2.500000,0.650000,0.170461,0.125335,0.097058,0.004335,0.108549,0.000006,0.069441,0.233567,0.119722,0.035823,-0.132640,0.046457
1250,-7.833277,1.360155,2.056933,0.411387,0.294748,1.000000,2.500000,0.650000,0.167267,0.124652,0.096006,0.002374,0.109453,0.000010,0.069089,0.235545,0.119939,0.033862,-0.133358,0.043871
1251,-7.588480,0.951861,2.982631,0.596526,0.266382,1.000000,2.500000,0.650000,0.167588,0.122104,0.096110,0.002882,0.109215,0.000327,0.069833,0.235718,0.119940,0.037219,-0.130555,0.044046
1252,-8.164480,2.155696,1.305433,0.261087,0.291257,1.000000,2.500000,0.650000,0.163973,0.126975,0.098757,0.002550,0.114642,0.000376,0.069436,0.237110,0.119867,0.036087,-0.127415,0.044628
1253,-7.679623,1.075984,2.547532,0.509506,0.284793,1.000000,2.500000,0.650000,0.168012,0.124424,0.096056,0.003144,0.111623,0.000404,0.068540,0.231222,0.119649,0.034530,-0.134101,0.045012
1254,-7.673684,1.057226,2.659637,0.531927,0.272728,1.000000,2.500000,0.650000,0.165552,0.124179,0.096410,0.002285,0.112512,0.000764,0.068882,0.235044,0.119895,0.035753,-0.133527,0.046167
1255,-7.578196,0.917653,2.942682,0.588536,0.267145,1.000000,2.500000,0.650000,0.162663,0.125904,0.096104,0.003446,0.109014,0.000652,0.069991,0.237911,0.119782,0.038414,-0.127841,0.046406
1256,-10.000000,,-0.017434,-0.003487,1.479407,0.000000,2.500000,0.650000,0.167823,0.123167,0.096931,0.004079,0.110513,0.000034,0.069710,0.239828,0.119455,0.034702,-0.130398,0.043050
1257,-7.666473,1.045404,2.675804,0.535161,0.284639,1.000000,2.500000,0.650000,0.166484,0.125613,0.096088,0.002283,0.110150,0.000036,0.069933,0.236484,0.119788,0.036817,-0.130371,0.044977
1258,-7.762854,1.158165,2.338952,0.467790,0.282182,1.000000,2.500000,0.650000,0.160080,0.126980,0.096409,0.004751,0.108673,0.001034,0.069509,0.237383,0.119778,0.037812,-0.132461,0.042498
1259,-7.683153,1.079656,2.599976,0.519995,0.284381,1.000000,2.500000,0.650000,0.165202,0.125885,0.096074,0.004210,0.107670,0.001652,0.068878,0.239714,0.119241,0.036329,-0.130454,0.046762
1260,-7.723452,1.121579,2.478451,0.495690,0.291319,1.000000,2.500000,0.650000,0.165795,0.125256,0.096024,0.002764,0.109728,0.000962,0.069919,0.234075,0.119864,0.038529,-0.131479,0.044065
1261,-7.729326,1.164867,2.389890,0.477978,0.284446,1.000000,2.500000,0.650000,0.164426,0.125845,0.096038,0.001339,0.113351,0.000104,0.069875,0.232846,0.119772,0.037907,-0.126583,0.044669
1262,-7.631603,1.026617,2.769948,0.553990,0.286203,1.000000,2.500000,0.650000,0.168692,0.124761,0.096278,0.001337,0.110062,0.000967,0.069748,0.238750,0.119999,0.036175,-0.128194,0.044900
1263,-7.714953,1.104222,2.504712,0.500942,0.277346,1.000000,2.500000,0.650000,0.166830,0.123457,0.096526,0.003566,0.106265,0.000651,0.068053,0.236367,0.119938,0.037612,-0.128841,0.044948
1264,-7.510092,0.911512,3.266776,0.653355,0.280261,1.000000,2.500000,0.650000,0.169459,0.123941,0.096008,0.000141,0.110708,0.000058,0.068846,0.234898,0.119894,0.034755,-0.132728,0.044594
1265,-7.811843,1.273333,2.198812,0.439762,0.280203,1.000000,2.500000,0.650000,0.164759,0.125051,0.096025,0.002866,0.110201,0.000223,0.068439,0.238984,0.119973,0.035710,-0.126965,0.047465
1266,-7.672467,1.059295,2.677331,0.535466,0.290185,1.000000,2.500000,0.650000,0.166186,0.125944,0.096001,0.001786,0.110990,0.001218,0.069516,0.237064,0.119996,0.037020,-0.128153,0.043584
1267,-7.795481,1.242951,2.266204,0.453241,0.282995,1.000000,2.500000,0.650000,0.167373,0.123983,0.096236,0.002890,0.112384,0.000100,0.069972,0.236835,0.119972,0.035763,-0.132523,0.044587
1268,-7.631800,1.001282,2.808702,0.561740,0.300835,1.000000,2.500000,0.650000,0.168483,0.127210,0.097416,0.000541,0.116367,0.000804,0.069618,0.235199,0.119717,0.033879,-0.132012,0.045452
1269,-7.998472,1.758696,1.628043,0.325609,0.293189,1.000000,2.500000,0.650000,0.162790,0.125355,0.096103,0.001084,0.109518,0.000939,0.069970,0.237582,0.119332,0.037327,-0.130212,0.045423
1270,-7.679214,1.047296,2.602034,0.520407,0.290380,1.000000,2.500000,0.650000,0.165314,0.125962,0.096059,0.003964,0.106366,0.000124,0.069994,0.239036,0.119343,0.036188,-0.129010,0.044806
1271,-7.625154,1.007354,2.827219,0.565444,0.282137,1.000000,2.500000,0.650000,0.165939,0.124770,0.096088,0.001691,0.108921,0.000717,0.069995,0.239974,0.119640,0.037221,-0.129704,0.045237
1272,-7.760707,1.226908,2.338185,0.467637,0.319695,1.000000,2.500000,0.650000,0.164859,0.124526,0.097773,0.001528,0.112740,0.001518,0.069835,0.239546,0.119974,0.033949,-0.129391,0.045298
1273,-7.747728,1.160627,2.411440,0.482288,0.280357,1.000000,2.500000,0.650000,0.165062,0.124136,0.096135,0.001651,0.111638,0.000995,0.069478,0.236271,0.119991,0.037221,-0.128334,0.046102
1274,-7.673313,1.073540,2.668751,0.533750,0.294387,1.000000,2.500000,0.650000,0.169487,0.123704,0.096221,0.001305,0.109026,0.000000,0.070000,0.237098,0.119997,0.035796,-0.127593,0.045352
1275,-7.636028,1.012487,2.778486,0.555697,0.297864,1.000000,2.500000,0.650000,0.168159,0.125374,0.096275,0.001640,0.107166,0.000071,0.069426,0.234514,0.119300,0.036380,-0.131753,0.045317
1276,-7.618861,1.005939,2.884710,0.576942,0.292436,1.000000,2.500000,0.650000,0.170945,0.124736,0.096303,0.000236,0.110261,0.000199,0.069997,0.238250,0.119659,0.034600,-0.131817,0.046800
1277,-7.516388,0.872277,3.271629,0.654326,0.285194,1.000000,2.500000,0.650000,0.167705,0.126130,0.096310,0.001842,0.110709,0.000468,0.069201,0.238523,0.119993,0.034713,-0.131230,0.045565
1278,-7.572454,0.911210,3.037497,0.607499,0.270748,1.000000,2.500000,0.650000,0.164724,0.125566,0.096811,0.002748,0.110821,0.000128,0.069993,0.237963,0.119955,0.035232,-0.131317,0.046876
1279,-8.805654,4.709705,0.614538,0.122908,0.300907,1.000000,2.500000,0.650000,0.168802,0.124635,0.097728,0.000252,0.112336,0.001913,0.069999,0.239962,0.119987,0.034073,-0.132437,0.046084
1280,-7.742295,1.143661,2.442850,0.488570,0.306016,1.000000,2.500000,0.650000,0.170767,0.127684,0.096308,0.000852,0.109734,0.000788,0.069505,0.235515,0.119694,0.036213,-0.130185,0.045851
1281,-7.661688,1.052539,2.692025,0.538405,0.288702,1.000000,2.500000,0.650000,0.168374,0.123894,0.097496,0.004256,0.111771,0.001160,0.069882,0.239156,0.119995,0.035304,-0.130773,0.044426
1282,-9.981145,1.144350,1.885538,0.377108,0.724345,0.000000,2.500000,0.650000,0.166917,0.124627,0.096543,0.000000,0.109262,0.000010,0.069423,0.239537,0.119879,0.035192,-0.132327,0.045313
1283,-7.659603,1.040447,2.549169,0.509834,0.296556,1.000000,2.500000,0.650000,0.168171,0.124341,0.096288,0.000160,0.111420,0.002041,0.069767,0.237519,0.119967,0.032994,-0.131819,0.046146
1284,-8.009054,1.684591,1.660744,0.332149,0.287393,1.000000,2.500000,0.650000,0.171979,0.125498,0.098060,0.000481,0.110273,0.000019,0.069146,0.230616,0.120000,0.032884,-0.134226,0.047124
1285,-7.543181,0.923574,3.180951,0.636190,0.284575,1.000000,2.500000,0.650000,0.168827,0.126561,0.096072,0.000786,0.111309,0.003409,0.069879,0.239942,0.119928,0.035285,-0.130198,0.045659
1286,-7.737349,1.179580,2.426054,0.485211,0.288879,1.000000,2.500000,0.650000,0.169807,0.125416,0.096086,0.000016,0.110917,0.001951,0.069933,0.238678,0.119985,0.036597,-0.132738,0.047351
1287,-7.725120,1.166616,2.472543,0.494509,0.290484,1.000000,2.500000,0.650000,0.168508,0.123756,0.098966,0.000326,0.111448,0.000410,0.069999,0.239992,0.119595,0.034424,-0.134661,0.047146
1288,-8.089408,1.933365,1.498074,0.299615,0.296910,1.000000,2.500000,0.650000,0.168825,0.125922,0.098981,0.002657,0.111518,0.000454,0.069994,0.239447,0.119999,0.031487,-0.128084,0.046497
1289,-8.545617,3.549176,0.805893,0.161179,0.288900,1.000000,2.500000,0.650000,0.164708,0.127183,0.096963,0.001153,0.113264,0.000691,0.069993,0.237366,0.119081,0.032850,-0.132709,0.047105
1290,-7.687470,1.099326,2.606966,0.521393,0.293431,1.000000,2.500000,0.650000,0.167247,0.127307,0.096897,0.001878,0.111027,0.000770,0.068844,0.239918,0.119287,0.036032,-0.129868,0.045958
1291,-7.641525,1.003587,2.769090,0.553818,0.286345,1.000000,2.500000,0.650000,0.167511,0.124757,0.096156,0.003229,0.109184,0.000108,0.069926,0.239313,0.119970,0.034776,-0.130906,0.045157
1292,-7.672526,1.061376,2.680264,0.536053,0.283939,1.000000,2.500000,0.650000,0.167419,0.125020,0.096800,0.002710,0.110948,0.000080,0.069161,0.238673,0.119964,0.034376,-0.129169,0.046021
1293,-7.695170,1.144789,2.543336,0.508667,0.300423,1.000000,2.500000,0.650000,0.169793,0.123588,0.096269,0.000021,0.109731,0.000473,0.069774,0.237113,0.119964,0.035060,-0.133407,0.046209
1294,-7.616353,1.008881,2.865505,0.573101,0.285079,1.000000,2.500000,0.650000,0.165089,0.127169,0.096556,0.002132,0.112088,0.001482,0.069986,0.239694,0.119875,0.034363,-0.130995,0.045188
1295,-7.649833,1.014389,2.766509,0.553302,0.276472,1.000000,2.500000,0.650000,0.166598,0.126347,0.096005,0.003576,0.110506,0.002720,0.069570,0.237361,0.119609,0.036479,-0.129394,0.046509
1296,-7.892493,1.455815,1.943500,0.388700,0.287662,1.000000,2.500000,0.650000,0.166491,0.124787,0.096505,0.002532,0.111449,0.002547,0.069827,0.239718,0.119812,0.035187,-0.132644,0.046438
1297,-7.722139,1.155704,2.438961,0.487792,0.287044,1.000000,2.500000,0.650000,0.167631,0.124221,0.096026,0.000819,0.108609,0.002425,0.069447,0.238899,0.119902,0.036823,-0.129675,0.046975
1298,-7.710291,1.119065,2.543205,0.508641,0.284878,1.000000,2.500000,0.650000,0.167044,0.126394,0.096178,0.001853,0.110927,0.001643,0.069999,0.238224,0.119935,0.036704,-0.128641,0.045869
1299,-7.986867,1.705555,1.668019,0.333604,0.331518,1.000000,2.500000,0.650000,0.166358,0.125771,0.096002,0.001805,0.109924,0.001197,0.069982,0.239982,0.119942,0.035511,-0.131944,0.044561
1300,-7.710721,1.123738,2.544688,0.508938,0.317247,1.000000,2.500000,0.650000,0.167204,0.126553,0.097915,0.002926,0.110102,0.002125,0.068481,0.239735,0.119959,0.036803,-0.130960,0.045091
1301,-7.679153,1.117135,2.552675,0.510535,0.285239,1.000000,2.500000,0.650000,0.165264,0.126608,0.096211,0.002798,0.111483,0.001943,0.069970,0.239737,0.119921,0.033591,-0.131392,0.045416
1302,-7.525069,0.878483,3.208975,0.641795,0.276875,1.000000,2.500000,0.650000,0.165849,0.127064,0.096934,0.002267,0.112402,0.000407,0.069953,0.238012,0.119719,0.033162,-0.132131,0.045960
1303,-9.996822,6.597003,0.317835,0.063567,1.255306,0.000000,2.500000,0.650000,0.165946,0.125840,0.096634,0.001923,0.111652,0.000804,0.069916,0.239917,0.119782,0.033713,-0.130889,0.045199
1304,-7.648661,1.010861,2.748502,0.549700,0.292171,1.000000,2.500000,0.650000,0.162120,0.128593,0.096114,0.003032,0.113295,0.000980,0.069992,0.239445,0.119989,0.035013,-0.131688,0.046056
1305,-7.587697,0.955147,2.972013,0.594403,0.281523,1.000000,2.500000,0.650000,0.164468,0.125944,0.096008,0.002631,0.108580,0.001863,0.069873,0.239927,0.119808,0.034826,-0.131120,0.045456
1306,-7.787306,1.219270,2.290714,0.458143,0.289608,1.000000,2.500000,0.650000,0.166176,0.126146,0.098376,0.004043,0.112091,0.001081,0.068995,0.238590,0.119924,0.036230,-0.131651,0.045633
1307,-7.625427,1.000123,2.820231,0.564046,0.298405,1.000000,2.500000,0.650000,0.164116,0.127179,0.096031,0.002008,0.112100,0.000053,0.068427,0.239320,0.119683,0.032772,-0.131041,0.044540
1308,-7.660379,1.051929,2.716647,0.543329,0.298132,1.000000,2.500000,0.650000,0.166244,0.127344,0.097337,0.001187,0.113960,0.001979,0.069969,0.239768,0.119949,0.034651,-0.130314,0.045727
1309,-7.623318,0.986790,2.823616,0.564723,0.279147,1.000000,2.500000,0.650000,0.163994,0.124991,0.096327,0.003257,0.110705,0.002545,0.069735,0.238783,0.119970,0.035205,-0.132004,0.045476
1310,-7.677413,1.079165,2.597098,0.519420,0.289125,1.000000,2.500000,0.650000,0.165437,0.125886,0.096001,0.003463,0.111950,0.000230,0.069869,0.238184,0.119893,0.035154,-0.131947,0.045677
1311,-7.905449,1.498613,1.944069,0.388814,0.303611,1.000000,2.500000,0.650000,0.166828,0.126929,0.096259,0.001084,0.113009,0.002455,0.069804,0.239999,0.119988,0.032860,-0.133474,0.045591
1312,-7.647642,1.055151,2.756558,0.551312,0.295443,1.000000,2.500000,0.650000,0.167040,0.126570,0.096001,0.001728,0.110709,0.001450,0.068793,0.239977,0.119933,0.033648,-0.130812,0.045560
1313,-7.869899,1.424671,2.035294,0.407059,0.303918,1.000000,2.500000,0.650000,0.166578,0.126782,0.096189,0.001166,0.111297,0.001090,0.069980,0.239340,0.119681,0.033924,-0.133303,0.045148
1314,-7.541365,0.911841,3.176152,0.635230,0.292429,1.000000,2.500000,0.650000,0.167209,0.127284,0.096010,0.001814,0.107302,0.000372,0.069700,0.239850,0.119661,0.033865,-0.131706,0.045661
1315,-7.806164,1.318114,2.195038,0.439008,0.288702,1.000000,2.500000,0.650000,0.164536,0.123663,0.096482,0.003556,0.110597,0.000059,0.069526,0.237189,0.119432,0.033038,-0.132301,0.044469
1316,-7.722962,1.142060,2.474261,0.494852,0.292024,1.000000,2.500000,0.650000,0.164093,0.127744,0.096990,0.002727,0.115168,0.000843,0.069860,0.238832,0.119864,0.034173,-0.130324,0.045961
1317,-8.067182,1.864737,1.513993,0.302799,0.296917,1.000000,2.500000,0.650000,0.166077,0.125317,0.096025,0.003888,0.109719,0.000024,0.068975,0.238331,0.119635,0.033396,-0.129205,0.045327
1318,-7.565517,0.916706,3.006427,0.601285,0.286002,1.000000,2.500000,0.650000,0.162412,0.125346,0.096250,0.003447,0.109962,0.000490,0.069971,0.239320,0.119890,0.034825,-0.133151,0.046453
1319,-7.660829,1.033878,2.717042,0.543408,0.278042,1.000000,2.500000,0.650000,0.163749,0.126713,0.096301,0.003109,0.111123,0.001389,0.069650,0.239958,0.119948,0.034424,-0.130703,0.046383
1320,-7.755221,1.184909,2.352515,0.470503,0.294493,1.000000,2.500000,0.650000,0.163285,0.127181,0.096916,0.002858,0.110548,0.001019,0.069469,0.239460,0.119879,0.035014,-0.131006,0.046652
1321,-9.989956,1.950640,1.004393,0.200879,1.384880,0.000000,2.500000,0.650000,0.164352,0.126266,0.096200,0.000417,0.108898,0.000430,0.069999,0.239954,0.119949,0.034027,-0.132230,0.045168
1322,-9.992350,2.905310,0.764993,0.152999,0.910989,0.000000,2.500000,0.650000,0.165228,0.125745,0.096215,0.001121,0.108323,0.000047,0.068969,0.239673,0.119992,0.033173,-0.132324,0.044639
1323,-7.902467,1.504164,1.903269,0.380654,0.285783,1.000000,2.500000,0.650000,0.166346,0.124988,0.096018,0.001872,0.109948,0.000010,0.069901,0.239995,0.119879,0.034675,-0.129697,0.046923
1324,-7.668333,1.060563,2.665870,0.533174,0.285606,1.000000,2.500000,0.650000,0.164961,0.130864,0.096485,0.003759,0.110590,0.000642,0.069976,0.239901,0.119724,0.034996,-0.128296,0.046072
1325,-7.837060,1.335302,2.122660,0.424532,0.284131,1.000000,2.500000,0.650000,0.163942,0.126785,0.096205,0.002053,0.109773,0.001287,0.069527,0.239957,0.119958,0.034479,-0.130021,0.045602
1326,-8.589031,3.704200,0.765522,0.153104,0.291131,1.000000,2.500000,0.650000,0.164908,0.125228,0.096366,0.003299,0.109495,0.001376,0.069682,0.239738,0.119786,0.034301,-0.133426,0.045800
1327,-7.555508,0.924303,3.073515,0.614703,0.283930,1.000000,2.500000,0.650000,0.169347,0.124867,0.096257,0.000345,0.107621,0.000091,0.069712,0.239932,0.119985,0.034052,-0.130747,0.045688
1328,-7.612209,0.979716,2.914560,0.582912,0.279123,1.000000,2.500000,0.650000,0.165825,0.126035,0.096336,0.002826,0.108360,0.000443,0.069932,0.239734,0.119999,0.034754,-0.130661,0.046641
1329,-7.618312,0.999508,2.823819,0.564764,0.291699,1.000000,2.500000,0.650000,0.166281,0.125589,0.096015,0.001878,0.108917,0.001743,0.069973,0.239943,0.119552,0.033445,-0.132952,0.045416
1330,-7.734364,1.154358,2.447332,0.489466,0.293144,1.000000,2.500000,0.650000,0.165654,0.126514,0.096065,0.002868,0.108046,0.001586,0.069760,0.239929,0.119932,0.034239,-0.133130,0.043888
1331,-7.628340,1.003940,2.798296,0.559659,0.274772,1.000000,2.500000,0.650000,0.164253,0.125315,0.096060,0.001463,0.110478,0.000548,0.069632,0.240000,0.119849,0.035149,-0.130083,0.046208
1332,-7.623021,1.011861,2.833363,0.566673,0.279953,1.000000,2.500000,0.650000,0.166847,0.123132,0.096163,0.001935,0.106498,0.000550,0.069826,0.239987,0.119990,0.035314,-0.128560,0.046228
1333,-7.635749,1.010606,2.809734,0.561947,0.295691,1.000000,2.500000,0.650000,0.168175,0.126653,0.096170,0.001260,0.111092,0.000001,0.069159,0.238385,0.119993,0.036088,-0.131602,0.045464
1334,-7.658617,1.028392,2.680712,0.536142,0.271732,1.000000,2.500000,0.650000,0.163319,0.125037,0.096506,0.004006,0.110928,0.001105,0.069835,0.239823,0.119948,0.034339,-0.129943,0.044424
1335,-7.782226,1.236724,2.300614,0.460123,0.296862,1.000000,2.500000,0.650000,0.167741,0.125709,0.096038,0.001426,0.109952,0.000870,0.069759,0.239938,0.119776,0.033009,-0.132343,0.045638
1336,-7.671073,1.083309,2.652754,0.530551,0.293115,1.000000,2.500000,0.650000,0.168105,0.124722,0.096104,0.000001,0.109246,0.001070,0.069948,0.238215,0.119968,0.034599,-0.131122,0.045984
1337,-7.661338,1.048626,2.668885,0.533777,0.286707,1.000000,2.500000,0.650000,0.167477,0.125020,0.096102,0.000980,0.108137,0.000689,0.069974,0.239752,0.119950,0.033971,-0.129351,0.046047
1338,-7.824711,1.364470,2.123917,0.424783,0.322664,1.000000,2.500000,0.650000,0.169578,0.126258,0.096173,0.000280,0.110244,0.000022,0.069967,0.239911,0.119940,0.033531,-0.131134,0.047021
1339,-7.770758,1.252227,2.352992,0.470598,0.298700,1.000000,2.500000,0.650000,0.169861,0.123819,0.096285,0.000114,0.107997,0.000027,0.069931,0.239508,0.119997,0.034455,-0.132370,0.046348
1340,-7.702003,1.132632,2.534690,0.506938,0.302359,1.000000,2.500000,0.650000,0.169413,0.124977,0.096087,0.000809,0.106793,0.001152,0.068866,0.239198,0.119998,0.034511,-0.132970,0.045880
1341,-7.582575,0.971937,2.958200,0.591640,0.288475,1.000000,2.500000,0.650000,0.168139,0.129058,0.096391,0.001719,0.106924,0.000016,0.069772,0.239856,0.119814,0.035017,-0.129288,0.045459
1342,-7.670303,1.090146,2.698525,0.539705,0.292192,1.000000,2.500000,0.650000,0.170882,0.123235,0.096396,0.000327,0.104159,0.000169,0.069850,0.239925,0.119870,0.034939,-0.130224,0.045623
1343,-7.633813,0.980831,2.793783,0.558757,0.278845,1.000000,2.500000,0.650000,0.163221,0.126804,0.096040,0.004697,0.108450,0.000056,0.069989,0.239827,0.119301,0.037217,-0.128962,0.044663
1344,-7.624712,0.976163,2.796454,0.559291,0.291526,1.000000,2.500000,0.650000,0.164902,0.125263,0.096104,0.003824,0.107387,0.001381,0.069980,0.239853,0.119699,0.036044,-0.129964,0.045727
1345,-7.562371,0.931955,3.100996,0.620199,0.290887,1.000000,2.500000,0.650000,0.168210,0.125925,0.096222,0.001523,0.107293,0.000015,0.069452,0.238994,0.119875,0.033409,-0.131954,0.044942
1346,-7.728918,1.206664,2.386706,0.477341,0.292379,1.000000,2.500000,0.650000,0.166109,0.127153,0.096067,0.001732,0.108414,0.000128,0.069983,0.239998,0.119880,0.034507,-0.127806,0.045483
1347,-7.965739,1.659791,1.696031,0.339206,0.331151,1.000000,2.500000,0.650000,0.168499,0.126945,0.096087,0.000617,0.107291,0.000441,0.067364,0.239998,0.119991,0.034718,-0.128273,0.046387
1348,-7.547704,0.918530,3.150834,0.630167,0.296067,1.000000,2.500000,0.650000,0.167074,0.128538,0.096059,0.000855,0.111153,0.000391,0.069985,0.239445,0.119531,0.033765,-0.129967,0.045971
1349,-7.714007,1.127513,2.526139,0.505228,0.284118,1.000000,2.500000,0.650000,0.167647,0.127461,0.096234,0.002004,0.108694,0.000079,0.069873,0.238398,0.119846,0.035018,-0.127071,0.046740
1350,-8.214610,2.438766,1.162095,0.232419,0.286729,1.000000,2.500000,0.650000,0.168128,0.126081,0.096300,0.003674,0.107036,0.000039,0.069655,0.239905,0.119854,0.035681,-0.128986,0.045256
1351,-7.598685,0.963146,2.948799,0.589760,0.289661,1.000000,2.500000,0.650000,0.168281,0.127148,0.096562,0.002397,0.105826,0.000646,0.069880,0.239029,0.119666,0.035279,-0.126513,0.046085
1352,-7.588181,0.961454,2.973786,0.594757,0.286066,1.000000,2.500000,0.650000,0.166364,0.126682,0.096398,0.001759,0.108322,0.000601,0.069953,0.239046,0.119454,0.034395,-0.130495,0.045375
1353,-7.801764,1.302207,2.143220,0.428644,0.330153,1.000000,2.500000,0.650000,0.166712,0.126046,0.096151,0.001105,0.108801,0.000025,0.069976,0.239759,0.119984,0.035450,-0.129021,0.045521
1354,-7.993927,1.733829,1.679336,0.335867,0.329540,1.000000,2.500000,0.650000,0.167840,0.129556,0.096589,0.000447,0.108154,0.000514,0.069292,0.238542,0.119862,0.032276,-0.128174,0.045147
1355,-7.650736,1.039433,2.730027,0.546005,0.290990,1.000000,2.500000,0.650000,0.167617,0.125580,0.096093,0.002276,0.109286,0.000162,0.069934,0.239562,0.120000,0.035285,-0.130546,0.045756
1356,-7.695008,1.096115,2.594714,0.518943,0.293216,1.000000,2.500000,0.650000,0.168411,0.127944,0.096007,0.002032,0.107917,0.000191,0.069993,0.239992,0.119892,0.035388,-0.132496,0.046917
1357,-9.981509,1.213662,1.849121,0.369824,0.810574,0.000000,2.500000,0.650000,0.166784,0.129499,0.096377,0.000577,0.109921,0.000648,0.069979,0.239736,0.119990,0.033986,-0.128925,0.046295
1358,-7.961022,1.624513,1.762386,0.352477,0.290992,1.000000,2.500000,0.650000,0.166632,0.127273,0.096972,0.000077,0.109336,0.000961,0.069901,0.239318,0.119942,0.034393,-0.129901,0.045750
1359,-9.540444,8.087817,0.330013,0.066003,0.305005,1.000000,2.500000,0.650000,0.166951,0.128119,0.096007,0.000216,0.109097,0.001182,0.069193,0.236735,0.119957,0.035171,-0.129533,0.046603
1360,-9.978017,1.195608,2.198261,0.439652,0.444347,0.000000,2.500000,0.650000,0.170056,0.126968,0.097028,0.000257,0.109055,0.000292,0.069536,0.238968,0.119940,0.033455,-0.128793,0.045877
1361,-8.003782,1.734271,1.697675,0.339535,0.310602,1.000000,2.500000,0.650000,0.168857,0.127650,0.096274,0.000024,0.109250,0.000031,0.069256,0.239457,0.119999,0.032899,-0.130017,0.045847
1362,-7.592429,0.951226,2.961351,0.592270,0.287186,1.000000,2.500000,0.650000,0.165113,0.125435,0.096168,0.002282,0.107445,0.000378,0.069952,0.239226,0.119976,0.033930,-0.127856,0.045672
1363,-7.697222,1.133228,2.508402,0.501680,0.303077,1.000000,2.500000,0.650000,0.165367,0.128708,0.096088,0.001863,0.107804,0.000014,0.069193,0.238931,0.119920,0.033995,-0.129650,0.046265
1364,-7.669763,1.083441,2.638025,0.527605,0.294658,1.000000,2.500000,0.650000,0.166482,0.126663,0.096002,0.000029,0.108325,0.000158,0.069916,0.238667,0.120000,0.034194,-0.131463,0.044671
1365,-8.196061,2.379619,1.231223,0.246245,0.303012,1.000000,2.500000,0.650000,0.166178,0.125523,0.097190,0.002854,0.104627,0.000068,0.069232,0.239932,0.119453,0.036146,-0.125705,0.045608
1366,-8.517678,3.465505,0.804962,0.160992,0.312136,1.000000,2.500000,0.650000,0.167505,0.125266,0.096564,0.001636,0.106907,0.000064,0.069970,0.239673,0.119907,0.034232,-0.130771,0.046773
1367,-7.707241,1.111500,2.543153,0.508631,0.295396,1.000000,2.500000,0.650000,0.164733,0.126546,0.096023,0.002242,0.109771,0.000989,0.069900,0.240000,0.119788,0.033701,-0.128982,0.045749
1368,-7.671502,1.086651,2.649982,0.529996,0.301059,1.000000,2.500000,0.650000,0.167448,0.126623,0.096055,0.000269,0.109754,0.000019,0.069423,0.238659,0.118831,0.031892,-0.129612,0.046884
1369,-7.680953,1.061664,2.608864,0.521773,0.285155,1.000000,2.500000,0.650000,0.165984,0.126319,0.096002,0.002651,0.110489,0.000339,0.069978,0.239979,0.119981,0.034295,-0.128933,0.047116
1370,-7.712873,1.125672,2.425597,0.485119,0.311049,1.000000,2.500000,0.650000,0.167798,0.124281,0.097955,0.001135,0.105264,0.000034,0.069718,0.237288,0.119995,0.032702,-0.127114,0.045673
1371,-8.364842,2.849839,1.014297,0.202859,0.302205,1.000000,2.500000,0.650000,0.168462,0.126825,0.096117,0.001162,0.108620,0.000172,0.069999,0.239486,0.119991,0.033389,-0.130562,0.045055
1372,-7.765053,1.242985,2.392061,0.478412,0.281505,1.000000,2.500000,0.650000,0.169425,0.121489,0.096067,0.001067,0.105848,0.000353,0.068991,0.239226,0.119846,0.033367,-0.130992,0.045285
1373,-8.322816,2.686865,1.054979,0.210996,0.293077,1.000000,2.500000,0.650000,0.164419,0.126219,0.096432,0.002219,0.106823,0.000688,0.069986,0.238386,0.119919,0.034258,-0.129042,0.045208
1374,-7.503522,0.829289,3.299616,0.659923,0.273029,1.000000,2.500000,0.650000,0.164843,0.125670,0.096356,0.002945,0.107653,0.000127,0.069514,0.239919,0.119975,0.034784,-0.129687,0.047495
1375,-7.627442,1.011922,2.837398,0.567480,0.276486,1.000000,2.500000,0.650000,0.163159,0.128012,0.097489,0.003054,0.107738,0.000167,0.069849,0.239406,0.119818,0.035150,-0.129310,0.046545
1376,-8.038532,1.772443,1.559293,0.311859,0.304485,1.000000,2.500000,0.650000,0.163446,0.126407,0.096071,0.002965,0.108911,0.000005,0.069955,0.239856,0.119603,0.035376,-0.131463,0.045963
1377,-7.582868,0.926037,2.981688,0.596338,0.272530,1.000000,2.500000,0.650000,0.164390,0.126127,0.096083,0.003386,0.108594,0.000000,0.070000,0.239471,0.119918,0.035839,-0.129537,0.046760
1378,-7.660807,1.041717,2.719316,0.543863,0.279108,1.000000,2.500000,0.650000,0.163622,0.127410,0.096480,0.001827,0.109981,0.000584,0.069976,0.239998,0.119982,0.033903,-0.130137,0.048024
1379,-7.790220,1.252226,2.266056,0.453211,0.286285,1.000000,2.500000,0.650000,0.166131,0.126341,0.096122,0.003817,0.108436,0.000538,0.069867,0.238567,0.120000,0.033530,-0.130317,0.046079
1380,-7.558918,0.914220,3.055115,0.611023,0.289895,1.000000,2.500000,0.650000,0.163757,0.125280,0.096301,0.001965,0.109514,0.000015,0.069999,0.239663,0.119704,0.033477,-0.130348,0.047138
1381,-7.786851,1.206652,2.286259,0.457252,0.283225,1.000000,2.500000,0.650000,0.164325,0.126935,0.096027,0.003988,0.108455,0.000000,0.069992,0.238301,0.119991,0.034377,-0.130088,0.046442
1382,-7.682218,1.058353,2.577866,0.515573,0.287194,1.000000,2.500000,0.650000,0.164333,0.124973,0.096231,0.002536,0.108246,0.000160,0.068911,0.238776,0.119906,0.033367,-0.128301,0.045852
1383,-7.535937,0.870056,3.178931,0.635786,0.274352,1.000000,2.500000,0.650000,0.164486,0.125968,0.096434,0.003206,0.108791,0.000260,0.069999,0.239999,0.119783,0.035714,-0.128691,0.047662
1384,-7.720145,1.103927,2.480139,0.496028,0.279341,1.000000,2.500000,0.650000,0.160621,0.126068,0.096644,0.004416,0.111730,0.000013,0.069112,0.239622,0.119739,0.034998,-0.129480,0.045885
1385,-7.566086,0.922123,3.053750,0.610750,0.277091,1.000000,2.500000,0.650000,0.163312,0.126603,0.097358,0.001391,0.107790,0.000022,0.069331,0.239835,0.119810,0.034960,-0.131847,0.046725
1386,-7.605182,0.963031,2.906613,0.581323,0.295939,1.000000,2.500000,0.650000,0.165060,0.125603,0.096653,0.001277,0.108981,0.001007,0.070000,0.239206,0.119909,0.033693,-0.131543,0.046432
1387,-7.644356,1.012235,2.752305,0.550461,0.287324,1.000000,2.500000,0.650000,0.166029,0.128342,0.096749,0.001707,0.110221,0.000000,0.069145,0.237829,0.119990,0.034520,-0.130353,0.046366
1388,-7.727090,1.164156,2.381748,0.476350,0.282789,1.000000,2.500000,0.650000,0.165624,0.126301,0.096166,0.001670,0.110139,0.000084,0.069867,0.239977,0.119516,0.035515,-0.130133,0.045995
1389,-7.812916,1.285426,2.197866,0.439573,0.289340,1.000000,2.500000,0.650000,0.166910,0.126279,0.096060,0.002155,0.106333,0.000553,0.069949,0.239975,0.120000,0.034546,-0.130067,0.046925
1390,-7.566508,0.922941,3.038199,0.607640,0.266925,1.000000,2.500000,0.650000,0.166399,0.125819,0.096209,0.002316,0.107605,0.001472,0.069694,0.238144,0.119955,0.034740,-0.129756,0.046261
1391,-7.762317,1.165439,2.343818,0.468764,0.281621,1.000000,2.500000,0.650000,0.162801,0.127624,0.096031,0.005040,0.108160,0.000580,0.069996,0.238823,0.119974,0.036304,-0.130339,0.047749
1392,-7.772109,1.252482,2.278731,0.455746,0.293208,1.000000,2.500000,0.650000,0.165778,0.126472,0.096002,0.000541,0.108995,0.000021,0.069346,0.238530,0.119328,0.034083,-0.129330,0.047130
1393,-7.562428,0.918220,3.044804,0.608961,0.286112,1.000000,2.500000,0.650000,0.164092,0.126599,0.096959,0.001109,0.109876,0.000036,0.069589,0.239115,0.119729,0.034737,-0.131671,0.046380
1394,-7.620352,0.987649,2.829695,0.565939,0.282799,1.000000,2.500000,0.650000,0.164311,0.126790,0.097404,0.001478,0.108370,0.000239,0.067545,0.236478,0.118586,0.034664,-0.128588,0.048981
1395,-7.609193,0.967120,2.880329,0.576066,0.279447,1.000000,2.500000,0.650000,0.166098,0.126009,0.097104,0.002435,0.109154,0.000339,0.069968,0.239844,0.119997,0.034565,-0.129974,0.047093
1396,-7.590889,0.949302,2.961539,0.592308,0.279842,1.000000,2.500000,0.650000,0.165036,0.126526,0.096904,0.002775,0.107961,0.000048,0.069829,0.239597,0.119741,0.034133,-0.130591,0.047239
1397,-7.788031,1.236826,2.274981,0.454996,0.275235,1.000000,2.500000,0.650000,0.166397,0.122171,0.096046,0.000975,0.105811,0.001225,0.069783,0.239979,0.119741,0.032526,-0.128825,0.048291
1398,-7.572114,0.930771,3.009901,0.601980,0.277113,1.000000,2.500000,0.650000,0.165005,0.127210,0.098342,0.002331,0.111233,0.001125,0.069631,0.239588,0.119376,0.033866,-0.131556,0.047294
1399,-7.751446,1.193305,2.361939,0.472388,0.287827,1.000000,2.500000,0.650000,0.161915,0.125636,0.097610,0.004001,0.108547,0.000198,0.069338,0.239979,0.119998,0.035421,-0.130991,0.045337
1400,-8.231917,2.377902,1.158914,0.231783,0.293508,1.000000,2.500000,0.650000,0.164542,0.126129,0.096429,0.002134,0.107695,0.000048,0.069983,0.239516,0.119983,0.034272,-0.131342,0.045311
1401,-7.689694,1.083905,2.610523,0.522105,0.287602,1.000000,2.500000,0.650000,0.165817,0.125630,0.096420,0.002383,0.109356,0.000002,0.069877,0.239997,0.119813,0.034414,-0.129178,0.046538
1402,-7.520410,0.876285,3.255783,0.651157,0.294011,1.000000,2.500000,0.650000,0.165687,0.129104,0.097730,0.002066,0.108382,0.000392,0.069357,0.239115,0.119939,0.033578,-0.130184,0.046753
1403,-7.925079,1.533361,1.857405,0.371481,0.298733,1.000000,2.500000,0.650000,0.168210,0.126885,0.096230,0.000504,0.109292,0.000325,0.068768,0.239276,0.119395,0.035594,-0.129341,0.047179
1404,-7.561456,0.913151,3.086530,0.617306,0.286679,1.000000,2.500000,0.650000,0.163388,0.127280,0.096192,0.001281,0.106674,0.000872,0.069855,0.239899,0.119955,0.035130,-0.132385,0.045962
1405,-8.467372,3.209276,0.879567,0.175913,0.306711,1.000000,2.500000,0.650000,0.161920,0.125255,0.098695,0.004052,0.108472,0.000026,0.069758,0.238395,0.119980,0.034458,-0.131120,0.044451
1406,-7.675649,1.053305,2.623679,0.524736,0.280256,1.000000,2.500000,0.650000,0.164379,0.122417,0.096000,0.001216,0.107267,0.000096,0.069989,0.239939,0.119898,0.035275,-0.128737,0.046506
1407,-7.702119,1.129557,2.479491,0.495898,0.323356,1.000000,2.500000,0.650000,0.168101,0.124652,0.096514,0.000334,0.108807,0.000327,0.069883,0.239965,0.119718,0.034596,-0.131230,0.047136
1408,-7.598845,0.960585,2.928619,0.585724,0.274829,1.000000,2.500000,0.650000,0.164670,0.124607,0.097469,0.004314,0.106773,0.000697,0.069706,0.239935,0.119988,0.034962,-0.131332,0.046677
1409,-7.655812,1.039137,2.694247,0.538849,0.297668,1.000000,2.500000,0.650000,0.161698,0.129309,0.097577,0.000326,0.112078,0.000024,0.069821,0.239106,0.120000,0.034150,-0.131372,0.046766
1410,-7.672250,1.071250,2.650818,0.530164,0.282627,1.000000,2.500000,0.650000,0.165399,0.125355,0.096782,0.002620,0.107399,0.000411,0.069028,0.239990,0.119996,0.035738,-0.130618,0.045735
1411,-7.662636,1.082063,2.646474,0.529295,0.302940,1.000000,2.500000,0.650000,0.164782,0.127793,0.098093,0.001780,0.108706,0.001128,0.069245,0.237783,0.119963,0.034328,-0.128522,0.044875
1412,-7.742250,1.202335,2.407404,0.481481,0.292501,1.000000,2.500000,0.650000,0.166512,0.127851,0.098767,0.002008,0.107338,0.000030,0.069127,0.239698,0.119074,0.034954,-0.130357,0.045058
1413,-9.976958,1.115757,2.304239,0.460848,0.432287,0.000000,2.500000,0.650000,0.164995,0.130685,0.097044,0.002549,0.107950,0.000513,0.068780,0.239580,0.119995,0.037069,-0.132909,0.045560
1414,-7.715169,1.119937,2.476709,0.495342,0.301880,1.000000,2.500000,0.650000,0.164828,0.127234,0.099905,0.003044,0.107462,0.000362,0.067728,0.235659,0.119991,0.033666,-0.132845,0.045894
1415,-8.183779,2.319609,1.231135,0.246227,0.275404,1.000000,2.500000,0.650000,0.162926,0.126894,0.097198,0.002457,0.107581,0.002154,0.069982,0.239019,0.119964,0.035128,-0.132760,0.047543
1416,-7.637646,1.020990,2.763304,0.552661,0.309158,1.000000,2.500000,0.650000,0.166149,0.130505,0.096287,0.002856,0.106918,0.001077,0.069814,0.239833,0.119578,0.035708,-0.131417,0.046130
1417,-7.816803,1.270153,2.194951,0.438990,0.285058,1.000000,2.500000,0.650000,0.164386,0.125318,0.096048,0.002971,0.107074,0.000102,0.069680,0.238716,0.119933,0.034869,-0.129758,0.045428
1418,-7.575452,0.938011,3.031506,0.606301,0.298390,1.000000,2.500000,0.650000,0.163982,0.129586,0.098381,0.001505,0.107678,0.000344,0.068833,0.239243,0.119737,0.033769,-0.132645,0.047189
1419,-7.609402,0.984959,2.865819,0.573164,0.288051,1.000000,2.500000,0.650000,0.164112,0.127834,0.096430,0.002572,0.110322,0.002483,0.069999,0.239502,0.119981,0.033216,-0.133106,0.045625
1420,-7.544119,0.900611,3.061776,0.612355,0.281946,1.000000,2.500000,0.650000,0.160793,0.128455,0.097116,0.000889,0.110379,0.001612,0.069226,0.239389,0.119987,0.033818,-0.133236,0.048012
1421,-7.586718,0.937023,2.971557,0.594311,0.293953,1.000000,2.500000,0.650000,0.162612,0.129383,0.096691,0.001258,0.108073,0.000876,0.069672,0.237531,0.119808,0.032482,-0.131289,0.045831
1422,-7.639195,1.003398,2.798942,0.559788,0.292649,1.000000,2.500000,0.650000,0.163227,0.129124,0.097549,0.001550,0.106709,0.000688,0.069596,0.234967,0.119994,0.033157,-0.132620,0.046312
1423,-7.738391,1.167756,2.436469,0.487294,0.283359,1.000000,2.500000,0.650000,0.164758,0.128768,0.096964,0.001287,0.109189,0.000868,0.068594,0.237104,0.119905,0.035197,-0.131513,0.046942
1424,-7.829660,1.328719,2.033189,0.406638,0.324146,1.000000,2.500000,0.650000,0.163708,0.127896,0.099701,0.000033,0.109337,0.002838,0.068567,0.239790,0.119635,0.033919,-0.136325,0.047019
1425,-7.626277,1.011901,2.786530,0.557306,0.288489,1.000000,2.500000,0.650000,0.164759,0.125480,0.096925,0.001763,0.103747,0.002689,0.069520,0.239757,0.119974,0.034291,-0.133427,0.046092
1426,-7.782611,1.264597,2.277481,0.455496,0.300122,1.000000,2.500000,0.650000,0.166008,0.131860,0.097617,0.000771,0.109563,0.000105,0.069139,0.238929,0.119993,0.033456,-0.134391,0.049031
1427,-7.624629,0.992708,2.806157,0.561231,0.287948,1.000000,2.500000,0.650000,0.161922,0.129599,0.097405,0.001532,0.112452,0.001951,0.069394,0.237735,0.119819,0.034227,-0.132954,0.046579
1428,-7.588573,0.961824,2.981268,0.596254,0.284910,1.000000,2.500000,0.650000,0.164042,0.125725,0.096058,0.002852,0.105052,0.001983,0.069104,0.239990,0.119987,0.034158,-0.130519,0.046966
1429,-7.689002,1.077762,2.539423,0.507885,0.295245,1.000000,2.500000,0.650000,0.162693,0.130365,0.097787,0.002220,0.110566,0.000761,0.069255,0.235252,0.119751,0.035099,-0.128442,0.046588
1430,-7.677557,1.082382,2.612387,0.522477,0.302118,1.000000,2.500000,0.650000,0.166351,0.127670,0.096785,0.000966,0.111943,0.000173,0.069999,0.239983,0.119968,0.034005,-0.130798,0.045921
1431,-7.660115,1.056042,2.704561,0.540912,0.286043,1.000000,2.500000,0.650000,0.162621,0.131962,0.097412,0.001604,0.110530,0.001654,0.069401,0.237052,0.119995,0.034752,-0.131712,0.046473
1432,-8.042611,1.807645,1.441758,0.288352,0.332353,1.000000,2.500000,0.650000,0.160170,0.128088,0.096167,0.001570,0.108405,0.000400,0.069818,0.239865,0.119506,0.034731,-0.134662,0.048165
1433,-7.938193,1.591674,1.767281,0.353456,0.305653,1.000000,2.500000,0.650000,0.165674,0.128660,0.096213,0.000582,0.105232,0.002299,0.066900,0.238408,0.119840,0.034373,-0.133126,0.046143
1434,-7.612952,0.964655,2.878471,0.575694,0.284159,1.000000,2.500000,0.650000,0.160804,0.129218,0.096345,0.001461,0.109958,0.003599,0.069975,0.238319,0.119993,0.032474,-0.131938,0.047053
1435,-7.596335,0.958553,2.891248,0.578250,0.291461,1.000000,2.500000,0.650000,0.167642,0.126033,0.097385,0.001836,0.106856,0.000708,0.069858,0.239689,0.119741,0.033621,-0.132438,0.047356
1436,-7.837009,1.355415,2.108304,0.421661,0.303970,1.000000,2.500000,0.650000,0.163919,0.127857,0.096522,0.000646,0.109542,0.000394,0.069647,0.239736,0.119950,0.031754,-0.137192,0.046590
1437,-7.563638,0.916128,3.058187,0.611637,0.290127,1.000000,2.500000,0.650000,0.160483,0.128474,0.097338,0.001221,0.110570,0.001415,0.068963,0.238096,0.119975,0.032822,-0.132106,0.046334
1438,-9.990495,1.838452,0.950479,0.190096,1.408921,0.000000,2.500000,0.650000,0.160616,0.131093,0.096537,0.000925,0.107354,0.004188,0.069005,0.239270,0.119951,0.033156,-0.134716,0.048441
1439,-9.982677,1.169726,1.732324,0.346465,0.798612,0.000000,2.500000,0.650000,0.160772,0.129990,0.096030,0.001753,0.111367,0.000054,0.069809,0.238950,0.119980,0.032644,-0.131269,0.046358
1440,-7.891278,1.464025,1.937045,0.387409,0.299907,1.000000,2.500000,0.650000,0.163759,0.128869,0.096128,0.000046,0.109200,0.002148,0.068511,0.238791,0.119920,0.032885,-0.133689,0.047327
1441,-7.721192,1.147333,2.466864,0.493373,0.287478,1.000000,2.500000,0.650000,0.160193,0.126520,0.097070,0.002524,0.106024,0.000991,0.069114,0.239475,0.119917,0.034698,-0.131860,0.046878
1442,-7.651228,1.024539,2.746797,0.549359,0.277210,1.000000,2.500000,0.650000,0.163139,0.127795,0.098238,0.001650,0.108477,0.000726,0.068837,0.238158,0.119867,0.032758,-0.133399,0.047539
1443,-7.624174,1.011668,2.809894,0.561979,0.279340,1.000000,2.500000,0.650000,0.162605,0.123899,0.096033,0.001404,0.104407,0.001367,0.069543,0.237053,0.119812,0.034876,-0.132143,0.046673
1444,-7.605896,0.962631,2.905342,0.581068,0.297495,1.000000,2.500000,0.650000,0.160781,0.129875,0.098365,0.001144,0.112062,0.001646,0.069600,0.234554,0.119583,0.032128,-0.131812,0.046578
1445,-7.664604,1.009854,2.696928,0.539386,0.286681,1.000000,2.500000,0.650000,0.160988,0.128502,0.096357,0.004918,0.106251,0.001885,0.069357,0.239137,0.119813,0.033111,-0.131541,0.047195
1446,-7.777735,1.180509,2.291199,0.458240,0.287674,1.000000,2.500000,0.650000,0.160061,0.129610,0.100297,0.004249,0.113675,0.001163,0.068797,0.238799,0.119993,0.033366,-0.134283,0.046784
1447,-7.531910,0.895239,3.193451,0.638690,0.288363,1.000000,2.500000,0.650000,0.163028,0.126696,0.097448,0.000697,0.107450,0.002817,0.068519,0.238127,0.119981,0.032930,-0.132731,0.046002
1448,-7.672611,1.075759,2.642408,0.528482,0.301469,1.000000,2.500000,0.650000,0.166253,0.127487,0.096523,0.001342,0.106492,0.001238,0.069812,0.238588,0.119483,0.032583,-0.130436,0.047452
1449,-9.982631,1.457570,1.736911,0.347382,0.570643,0.000000,2.500000,0.650000,0.162258,0.129703,0.096845,0.000873,0.110987,0.000513,0.069974,0.238699,0.119809,0.033565,-0.130443,0.047871
1450,-7.598057,0.949962,2.954826,0.590965,0.282398,1.000000,2.500000,0.650000,0.162802,0.128957,0.097406,0.001461,0.111609,0.001280,0.069258,0.237227,0.119986,0.032734,-0.133550,0.046184
1451,-7.590729,0.946900,2.949401,0.589880,0.296431,1.000000,2.500000,0.650000,0.161300,0.128048,0.096080,0.000275,0.111473,0.001411,0.068268,0.239000,0.119819,0.034105,-0.131366,0.046497
1452,-7.623852,0.967543,2.854813,0.570963,0.281071,1.000000,2.500000,0.650000,0.161860,0.128730,0.097654,0.003512,0.110112,0.000950,0.069996,0.236704,0.119597,0.032931,-0.131819,0.047099
1453,-7.723877,1.157317,2.514219,0.502844,0.296166,1.000000,2.500000,0.650000,0.165787,0.129299,0.096079,0.003210,0.104646,0.001615,0.069456,0.239079,0.119464,0.034365,-0.128537,0.045311
1454,-7.739997,1.158343,2.420491,0.484098,0.293212,1.000000,2.500000,0.650000,0.161076,0.127601,0.097779,0.001860,0.111359,0.000460,0.067537,0.237956,0.119851,0.035131,-0.131947,0.044888
1455,-7.988411,1.732229,1.667652,0.333530,0.309541,1.000000,2.500000,0.650000,0.160763,0.129106,0.097286,0.000291,0.111690,0.000872,0.069048,0.238030,0.119998,0.033564,-0.132697,0.047110
1456,-7.882983,1.515219,1.974040,0.394808,0.326793,1.000000,2.500000,0.650000,0.162466,0.127688,0.098036,0.000003,0.112427,0.003167,0.068796,0.238549,0.119952,0.032255,-0.133821,0.044688
1457,-7.669639,1.051599,2.605588,0.521118,0.306481,1.000000,2.500000,0.650000,0.161149,0.130243,0.097046,0.000981,0.112501,0.001993,0.068765,0.234835,0.119627,0.033357,-0.133079,0.046766
1458,-7.681353,1.060468,2.652296,0.530459,0.287312,1.000000,2.500000,0.650000,0.162363,0.126301,0.096838,0.001341,0.107975,0.003158,0.066687,0.232658,0.119995,0.032253,-0.130598,0.046380
1459,-7.894956,1.409926,1.834954,0.366991,0.334415,1.000000,2.500000,0.650000,0.161632,0.128556,0.096551,0.001778,0.110607,0.001850,0.068631,0.239549,0.119896,0.034059,-0.131021,0.046045
1460,-7.762898,1.220465,2.298558,0.459712,0.284287,1.000000,2.500000,0.650000,0.160268,0.127075,0.096285,0.000462,0.110221,0.001924,0.069154,0.238571,0.119801,0.034041,-0.133031,0.046482
1461,-7.616921,0.989403,2.895892,0.579178,0.273173,1.000000,2.500000,0.650000,0.164200,0.125447,0.096035,0.000202,0.107505,0.001606,0.068795,0.236369,0.120000,0.033877,-0.134567,0.046571
1462,-7.589146,0.926165,2.914364,0.582873,0.285822,1.000000,2.500000,0.650000,0.160445,0.127636,0.096798,0.000107,0.111845,0.003052,0.068821,0.234906,0.119982,0.030698,-0.133555,0.047183
1463,-7.583060,0.946362,2.982083,0.596417,0.295917,1.000000,2.500000,0.650000,0.161225,0.126795,0.097648,0.000393,0.111459,0.002669,0.068457,0.239913,0.119980,0.032675,-0.132743,0.046656
1464,-7.612581,0.978705,2.814124,0.562825,0.293590,1.000000,2.500000,0.650000,0.162290,0.129205,0.099194,0.001114,0.114100,0.003814,0.069315,0.239576,0.119966,0.030578,-0.132782,0.045745
1465,-7.601153,0.962463,2.913651,0.582730,0.289335,1.000000,2.500000,0.650000,0.162868,0.126484,0.096191,0.000807,0.110265,0.002735,0.069994,0.239657,0.119974,0.033647,-0.131245,0.046615
1466,-7.529767,0.890722,3.210640,0.642128,0.295438,1.000000,2.500000,0.650000,0.162409,0.128136,0.096052,0.001235,0.110691,0.002762,0.069546,0.238610,0.119797,0.031498,-0.133433,0.045814
1467,-7.674378,1.057875,2.615730,0.523146,0.298423,1.000000,2.500000,0.650000,0.162297,0.132485,0.096260,0.000007,0.113250,0.001546,0.067474,0.232432,0.119936,0.033779,-0.129867,0.045843
1468,-7.550836,0.910930,3.085965,0.617193,0.292399,1.000000,2.500000,0.650000,0.160472,0.126104,0.096633,0.000250,0.110368,0.001883,0.066842,0.239817,0.119829,0.034553,-0.130170,0.047080
1469,-7.697414,1.104361,2.596493,0.519299,0.284820,1.000000,2.500000,0.650000,0.162167,0.126360,0.098251,0.000749,0.110996,0.004664,0.067699,0.240000,0.119963,0.031645,-0.135523,0.047241
1470,-7.617916,0.973811,2.853315,0.570663,0.282169,1.000000,2.500000,0.650000,0.160034,0.126342,0.098136,0.000823,0.112023,0.003155,0.068009,0.236341,0.119954,0.033429,-0.133269,0.047282
1471,-7.950563,1.605757,1.764286,0.352857,0.287226,1.000000,2.500000,0.650000,0.162502,0.127464,0.097247,0.000480,0.110597,0.001020,0.066727,0.238643,0.119874,0.034724,-0.131720,0.046191
1472,-7.666281,1.038430,2.675582,0.535116,0.297547,1.000000,2.500000,0.650000,0.160579,0.126915,0.096458,0.000723,0.111650,0.002399,0.066749,0.236652,0.119772,0.034028,-0.133938,0.045955
1473,-7.627469,0.981723,2.801897,0.560379,0.282840,1.000000,2.500000,0.650000,0.160308,0.126902,0.096948,0.001217,0.111786,0.002881,0.068555,0.235126,0.119937,0.032402,-0.131011,0.047958
1474,-7.560259,0.894831,3.053127,0.610625,0.292944,1.000000,2.500000,0.650000,0.160129,0.127185,0.096102,0.002124,0.111347,0.001263,0.068396,0.238914,0.119853,0.034108,-0.130197,0.047334
1475,-7.612277,0.978819,2.810385,0.562077,0.299708,1.000000,2.500000,0.650000,0.161245,0.129484,0.096129,0.000012,0.110714,0.002006,0.068795,0.235402,0.119648,0.032486,-0.131668,0.045412
1476,-7.616946,0.982757,2.805483,0.561097,0.308653,1.000000,2.500000,0.650000,0.160250,0.125897,0.097015,0.000519,0.111479,0.000625,0.068451,0.238479,0.119923,0.032842,-0.129693,0.046280
1477,-7.796132,1.284142,2.151287,0.430257,0.316734,1.000000,2.500000,0.650000,0.160396,0.129277,0.096858,0.000041,0.111817,0.002191,0.069940,0.237893,0.119830,0.031383,-0.132159,0.045073
1478,-7.683361,1.061528,2.622272,0.524454,0.274341,1.000000,2.500000,0.650000,0.160330,0.125777,0.096028,0.001120,0.109492,0.001582,0.068113,0.239360,0.119853,0.034474,-0.130028,0.048324
1479,-7.758329,1.217343,2.327423,0.465485,0.329686,1.000000,2.500000,0.650000,0.165853,0.125605,0.096383,0.000065,0.111885,0.001976,0.068816,0.239951,0.118442,0.032003,-0.134432,0.046056
1480,-7.788464,1.288085,2.219107,0.443821,0.292721,1.000000,2.500000,0.650000,0.161933,0.128495,0.096853,0.000242,0.109784,0.002118,0.068572,0.235653,0.120000,0.033455,-0.130952,0.046590
1481,-7.579598,0.942172,2.993701,0.598740,0.295933,1.000000,2.500000,0.650000,0.160576,0.127195,0.096002,0.000558,0.109374,0.003167,0.069860,0.238789,0.119777,0.030135,-0.129536,0.046088
1482,-7.691599,1.119696,2.576749,0.515350,0.298363,1.000000,2.500000,0.650000,0.160110,0.126643,0.096248,0.000271,0.111927,0.001554,0.069572,0.238986,0.119853,0.030928,-0.135183,0.046783
1483,-7.778023,1.279198,2.220147,0.444029,0.290037,1.000000,2.500000,0.650000,0.160193,0.126877,0.097739,0.000817,0.107143,0.003868,0.068120,0.239979,0.119683,0.033039,-0.132676,0.047226
1484,-7.693979,1.089879,2.567355,0.513471,0.285472,1.000000,2.500000,0.650000,0.160165,0.126276,0.096255,0.000292,0.112427,0.002737,0.069699,0.239007,0.119644,0.033999,-0.130844,0.046321
1485,-7.607270,0.970550,2.895288,0.579058,0.303343,1.000000,2.500000,0.650000,0.160404,0.129048,0.096013,0.000094,0.111925,0.002340,0.065908,0.238439,0.119935,0.034888,-0.133640,0.046431
1486,-9.988102,1.834314,1.189790,0.237958,0.879842,0.000000,2.500000,0.650000,0.160371,0.128205,0.096921,0.000107,0.110404,0.000226,0.067000,0.239296,0.119268,0.033738,-0.131036,0.046231
1487,-7.957064,1.664093,1.715518,0.343104,0.309875,1.000000,2.500000,0.650000,0.160065,0.125246,0.096041,0.000150,0.109309,0.003540,0.069698,0.238889,0.119528,0.032375,-0.129096,0.046792
1488,-7.642853,0.997106,2.738318,0.547664,0.297787,1.000000,2.500000,0.650000,0.160665,0.127755,0.096504,0.000193,0.107481,0.000159,0.066274,0.236006,0.119877,0.033041,-0.131279,0.046055
1489,-7.639083,1.024135,2.757834,0.551567,0.297088,1.000000,2.500000,0.650000,0.160158,0.129367,0.096222,0.000277,0.115143,0.004165,0.068715,0.237508,0.119388,0.032835,-0.131864,0.046178
1490,-7.758775,1.126646,2.281402,0.456280,0.440069,1.000000,2.500000,0.650000,0.160603,0.130570,0.096818,0.000540,0.112980,0.002077,0.067963,0.239959,0.119783,0.033193,-0.129951,0.047195
1491,-7.615633,0.963321,2.785957,0.557191,0.299900,1.000000,2.500000,0.650000,0.160001,0.128506,0.096000,0.000944,0.110781,0.001238,0.067682,0.239986,0.119676,0.033074,-0.129721,0.046453
1492,-7.646124,1.023525,2.663469,0.532694,0.302518,1.000000,2.500000,0.650000,0.160090,0.128903,0.096389,0.000214,0.111269,0.003693,0.069901,0.236025,0.119998,0.031013,-0.130967,0.046577
1493,-7.497109,0.866139,3.312013,0.662403,0.293503,1.000000,2.500000,0.650000,0.160760,0.128597,0.096030,0.000278,0.107127,0.000889,0.069995,0.239566,0.119595,0.030679,-0.131690,0.046645
1494,-7.815627,1.305400,2.175820,0.435164,0.288538,1.000000,2.500000,0.650000,0.160322,0.127061,0.096060,0.000027,0.112202,0.003938,0.069735,0.236413,0.119956,0.030227,-0.130736,0.046588
1495,-9.982645,1.314996,1.735548,0.347110,0.764208,0.000000,2.500000,0.650000,0.163383,0.129048,0.096047,0.001495,0.113395,0.001058,0.069508,0.235415,0.119941,0.032245,-0.132171,0.045546
1496,-7.556426,0.923618,3.098227,0.619645,0.285049,1.000000,2.500000,0.650000,0.160487,0.127244,0.096164,0.000407,0.110170,0.003102,0.066961,0.237490,0.118736,0.032899,-0.129766,0.046583
1497,-7.741548,1.167608,2.396710,0.479342,0.287800,1.000000,2.500000,0.650000,0.160126,0.129468,0.096053,0.000395,0.110069,0.002502,0.069249,0.239982,0.119994,0.031742,-0.132047,0.047672
1498,-7.605793,0.977172,2.905273,0.581055,0.293459,1.000000,2.500000,0.650000,0.160524,0.126042,0.096119,0.000094,0.111216,0.003261,0.067820,0.239961,0.119923,0.032554,-0.131716,0.046026
1499,-7.618662,1.000928,2.849603,0.569921,0.291776,1.000000,2.500000,0.650000,0.163001,0.124151,0.096586,0.000096,0.110271,0.000073,0.069442,0.239386,0.119997,0.033015,-0.133246,0.045153
1500,-7.740414,1.237730,2.359376,0.471875,0.300025,1.000000,2.500000,0.650000,0.163507,0.125498,0.098461,0.000518,0.106224,0.001879,0.069954,0.239895,0.118859,0.034137,-0.131133,0.045530
1501,-7.916476,1.518193,1.805069,0.361014,0.312198,1.000000,2.500000,0.650000,0.161082,0.130186,0.096221,0.001065,0.108044,0.002435,0.069085,0.235781,0.119807,0.030856,-0.132449,0.046392
1502,-7.655783,1.039782,2.663896,0.532779,0.301710,1.000000,2.500000,0.650000,0.160496,0.130705,0.096156,0.000728,0.108057,0.000044,0.067927,0.238676,0.119623,0.032286,-0.130215,0.046131
1503,-7.680450,1.077508,2.650242,0.530048,0.303675,1.000000,2.500000,0.650000,0.160309,0.130218,0.098767,0.000864,0.111724,0.001549,0.069929,0.239714,0.118390,0.030263,-0.133436,0.045285
1504,-7.770074,1.212065,2.218660,0.443732,0.325188,1.000000,2.500000,0.650000,0.160916,0.128710,0.096181,0.000009,0.107531,0.003401,0.067577,0.235437,0.119223,0.033112,-0.131073,0.045385
1505,-7.663232,1.035242,2.683426,0.536685,0.296286,1.000000,2.500000,0.650000,0.161255,0.128822,0.096560,0.000650,0.111191,0.004944,0.065897,0.238006,0.119879,0.030759,-0.130696,0.047879
1506,-7.598307,0.964134,2.862614,0.572523,0.286970,1.000000,2.500000,0.650000,0.160030,0.127628,0.096094,0.000378,0.110982,0.003257,0.069987,0.238661,0.119454,0.033584,-0.129424,0.046586
1507,-7.700762,1.112582,2.475146,0.495029,0.293632,1.000000,2.500000,0.650000,0.160003,0.129823,0.096272,0.001871,0.112974,0.000496,0.068775,0.239913,0.119836,0.033877,-0.128500,0.045585
1508,-7.556922,0.912867,3.033861,0.606772,0.275168,1.000000,2.500000,0.650000,0.160745,0.122552,0.096502,0.000301,0.107463,0.001594,0.068511,0.239999,0.119743,0.031829,-0.131448,0.046966
1509,-7.704419,1.097092,2.533643,0.506729,0.301307,1.000000,2.500000,0.650000,0.160013,0.129072,0.096046,0.000651,0.110387,0.000050,0.067809,0.239784,0.119635,0.034892,-0.129057,0.045983
1510,-7.538955,0.877634,3.108705,0.621741,0.290330,1.000000,2.500000,0.650000,0.161232,0.127154,0.096231,0.000641,0.110698,0.000395,0.069971,0.237100,0.119988,0.035224,-0.130865,0.046451
1511,-7.572252,0.937303,2.960551,0.592110,0.293311,1.000000,2.500000,0.650000,0.160292,0.128684,0.096094,0.000618,0.109881,0.000218,0.069345,0.239958,0.118204,0.032154,-0.132533,0.045487
1512,-7.679190,1.078537,2.634514,0.526903,0.287387,1.000000,2.500000,0.650000,0.160934,0.124095,0.096908,0.000000,0.109999,0.002552,0.069980,0.238264,0.119733,0.033579,-0.133643,0.044747
1513,-7.670761,1.060824,2.643938,0.528788,0.315358,1.000000,2.500000,0.650000,0.160046,0.126013,0.096068,0.000208,0.115674,0.001764,0.067969,0.239937,0.119871,0.033404,-0.130419,0.044916
1514,-7.863222,1.422380,1.983159,0.396632,0.322265,1.000000,2.500000,0.650000,0.160361,0.126458,0.096066,0.000057,0.110420,0.001044,0.063934,0.236001,0.119531,0.031857,-0.131562,0.046146
1515,-7.865327,1.402812,1.999488,0.399898,0.326827,1.000000,2.500000,0.650000,0.162922,0.128615,0.097963,0.000273,0.108053,0.003082,0.069854,0.238913,0.119174,0.034051,-0.131033,0.045330
1516,-7.619736,0.989136,2.790240,0.558048,0.281984,1.000000,2.500000,0.650000,0.160875,0.123104,0.096059,0.003026,0.107824,0.001600,0.067827,0.236269,0.118873,0.034075,-0.128385,0.045386
1517,-7.657689,1.045117,2.659786,0.531957,0.296041,1.000000,2.500000,0.650000,0.160308,0.128974,0.096122,0.000009,0.112690,0.004608,0.068114,0.239709,0.118470,0.034895,-0.131375,0.046114
1518,-9.980675,1.357723,1.932474,0.386495,0.496653,0.000000,2.500000,0.650000,0.160116,0.132877,0.096618,0.000265,0.111326,0.001209,0.069875,0.239965,0.119683,0.033619,-0.130963,0.045870
1519,-7.930882,1.615431,1.766248,0.353250,0.287010,1.000000,2.500000,0.650000,0.161598,0.122797,0.096838,0.000007,0.111039,0.000069,0.068712,0.237903,0.120000,0.034305,-0.129901,0.044853
1520,-7.707929,1.141758,2.514399,0.502880,0.298520,1.000000,2.500000,0.650000,0.160371,0.126855,0.096040,0.000077,0.107727,0.000925,0.069892,0.239449,0.119980,0.031372,-0.132549,0.047094
1521,-7.853558,1.346860,2.057131,0.411426,0.297561,1.000000,2.500000,0.650000,0.160434,0.125225,0.096001,0.001490,0.110009,0.000075,0.068413,0.238568,0.119710,0.034505,-0.131436,0.045021
1522,-7.609803,0.958243,2.833383,0.566677,0.279773,1.000000,2.500000,0.650000,0.160149,0.128546,0.096820,0.001525,0.109851,0.001699,0.069103,0.239639,0.119705,0.034241,-0.132076,0.047509
1523,-7.640090,1.021485,2.755177,0.551035,0.296789,1.000000,2.500000,0.650000,0.161456,0.124324,0.096232,0.000075,0.110601,0.003101,0.069380,0.239644,0.119975,0.033258,-0.132405,0.046482
1524,-7.585208,0.932520,2.962758,0.592552,0.267715,1.000000,2.500000,0.650000,0.162882,0.121082,0.096150,0.000091,0.107292,0.000681,0.069379,0.234981,0.119904,0.034958,-0.131375,0.047237
1525,-7.617847,0.969050,2.841450,0.568290,0.290592,1.000000,2.500000,0.650000,0.160138,0.125909,0.096104,0.000594,0.109800,0.002605,0.069866,0.235485,0.119869,0.032020,-0.125715,0.046992
1526,-7.570043,0.921081,3.025578,0.605116,0.279840,1.000000,2.500000,0.650000,0.160406,0.121878,0.097380,0.002865,0.105156,0.000364,0.068236,0.239151,0.120000,0.034879,-0.127679,0.045753
1527,-7.678677,1.097912,2.546194,0.509239,0.275673,1.000000,2.500000,0.650000,0.160735,0.122855,0.096558,0.000562,0.108667,0.001823,0.069775,0.235223,0.119833,0.033849,-0.130194,0.046200
1528,-7.662037,1.017278,2.667048,0.533410,0.283410,1.000000,2.500000,0.650000,0.160108,0.125816,0.096274,0.000067,0.113791,0.002068,0.069824,0.238955,0.119974,0.035336,-0.130536,0.046991
1529,-7.667796,1.071333,2.618340,0.523668,0.299403,1.000000,2.500000,0.650000,0.162246,0.127110,0.096599,0.000692,0.109230,0.002696,0.069890,0.234704,0.117530,0.033343,-0.129742,0.045355
1530,-7.842604,1.326818,2.063287,0.412657,0.270571,1.000000,2.500000,0.650000,0.160544,0.121525,0.096217,0.001670,0.108907,0.000118,0.069988,0.236383,0.119016,0.035987,-0.129772,0.046655
1531,-7.672415,1.062277,2.662655,0.532531,0.275597,1.000000,2.500000,0.650000,0.162921,0.122319,0.096110,0.000239,0.106444,0.000116,0.069812,0.239635,0.119361,0.033031,-0.130058,0.047117
1532,-7.660033,1.061710,2.659535,0.531907,0.272945,1.000000,2.500000,0.650000,0.160381,0.120232,0.096033,0.000438,0.104550,0.002453,0.069524,0.239986,0.120000,0.034260,-0.129025,0.047554
1533,-7.652184,1.016722,2.714512,0.542902,0.270480,1.000000,2.500000,0.650000,0.160044,0.123382,0.096012,0.002378,0.108331,0.002326,0.069935,0.236104,0.119867,0.034941,-0.132199,0.046084
1534,-7.517790,0.886036,3.221303,0.644261,0.270591,1.000000,2.500000,0.650000,0.162289,0.120841,0.096072,0.000063,0.105586,0.001741,0.070000,0.239277,0.119048,0.032123,-0.129645,0.047849
1535,-7.700332,1.056729,2.532774,0.506555,0.277422,1.000000,2.500000,0.650000,0.160017,0.122356,0.096530,0.002173,0.109603,0.000536,0.069826,0.232394,0.119374,0.036247,-0.129785,0.046589
1536,-7.840413,1.302902,1.967523,0.393505,0.324343,1.000000,2.500000,0.650000,0.163611,0.124391,0.096061,0.001404,0.105424,0.001286,0.067353,0.236866,0.119615,0.033658,-0.129739,0.047893
1537,-7.552379,0.883298,3.073541,0.614708,0.268578,1.000000,2.500000,0.650000,0.160075,0.120336,0.096021,0.001282,0.111743,0.000492,0.069242,0.235815,0.119998,0.033759,-0.133752,0.047371
1538,-7.834876,1.368290,2.020408,0.404082,0.280909,1.000000,2.500000,0.650000,0.161041,0.125921,0.096000,0.000631,0.107220,0.000017,0.069997,0.239833,0.119983,0.032759,-0.130161,0.045242
1539,-7.608233,0.955819,2.891151,0.578230,0.272917,1.000000,2.500000,0.650000,0.160090,0.124816,0.096614,0.000733,0.110383,0.001044,0.069938,0.236431,0.119601,0.034638,-0.126717,0.048830
1540,-7.704242,1.092409,2.527083,0.505417,0.265446,1.000000,2.500000,0.650000,0.160263,0.121586,0.096022,0.000568,0.112410,0.003057,0.068998,0.234059,0.119997,0.036432,-0.130624,0.045421
1541,-7.729131,1.133520,2.450025,0.490005,0.277751,1.000000,2.500000,0.650000,0.162172,0.120060,0.096047,0.002243,0.105633,0.003208,0.069999,0.235940,0.119068,0.033863,-0.129697,0.048777
1542,-7.869177,1.445544,1.947735,0.389547,0.315727,1.000000,2.500000,0.650000,0.160665,0.121286,0.096443,0.000229,0.107740,0.001808,0.069843,0.237686,0.119872,0.032734,-0.130799,0.047072
1543,-7.596699,0.966131,2.873941,0.574788,0.274953,1.000000,2.500000,0.650000,0.160101,0.123086,0.096439,0.000254,0.112654,0.002473,0.068124,0.239902,0.119997,0.033907,-0.133208,0.045923
1544,-7.681962,1.046080,2.597323,0.519465,0.261855,1.000000,2.500000,0.650000,0.160906,0.120762,0.097538,0.001517,0.106651,0.002817,0.069506,0.232256,0.119985,0.035376,-0.128225,0.048628
1545,-7.694375,1.085255,2.580699,0.516140,0.262630,1.000000,2.500000,0.650000,0.160696,0.120842,0.097913,0.001285,0.105872,0.004519,0.069652,0.236939,0.119838,0.032488,-0.127984,0.048118
1546,-7.719689,1.105423,2.506398,0.501280,0.292586,1.000000,2.500000,0.650000,0.162518,0.121220,0.096010,0.001138,0.108990,0.000489,0.066760,0.239771,0.119446,0.033853,-0.135220,0.048379
1547,-7.931522,1.485268,1.852644,0.370529,0.292333,1.000000,2.500000,0.650000,0.162407,0.121725,0.096015,0.000015,0.106606,0.002333,0.069723,0.234922,0.118840,0.033490,-0.129687,0.047729
1548,-7.595283,0.952596,2.898696,0.579739,0.271283,1.000000,2.500000,0.650000,0.161043,0.120021,0.096810,0.001960,0.108432,0.003170,0.069951,0.235944,0.118055,0.030905,-0.131415,0.048891
1549,-7.620399,0.995150,2.842828,0.568566,0.289023,1.000000,2.500000,0.650000,0.160143,0.122151,0.097177,0.001053,0.108553,0.002484,0.069356,0.239994,0.118864,0.031627,-0.134219,0.047679
1550,-7.652028,1.017033,2.722398,0.544480,0.266987,1.000000,2.500000,0.650000,0.164617,0.120100,0.096689,0.000064,0.109133,0.000250,0.069522,0.233182,0.119857,0.033323,-0.133333,0.046824
1551,-7.793982,1.263008,2.241194,0.448239,0.285217,1.000000,2.500000,0.650000,0.162051,0.121541,0.096712,0.001211,0.107490,0.001924,0.069932,0.237662,0.119697,0.031275,-0.134937,0.048135
1552,-7.596668,0.946531,2.929083,0.585817,0.273157,1.000000,2.500000,0.650000,0.161975,0.120000,0.097939,0.000979,0.109665,0.002024,0.069810,0.235028,0.119935,0.033554,-0.129133,0.046375
1553,-7.708422,1.109370,2.519194,0.503839,0.263849,1.000000,2.500000,0.650000,0.162222,0.120344,0.096004,0.002733,0.110033,0.003038,0.069210,0.239886,0.118230,0.030829,-0.135670,0.048762
1554,-7.886892,1.464606,1.917744,0.383549,0.289641,1.000000,2.500000,0.650000,0.162490,0.122720,0.096111,0.000331,0.111122,0.000884,0.069746,0.235861,0.119998,0.032372,-0.132412,0.047290
1555,-7.702212,1.087896,2.431854,0.486371,0.314149,1.000000,2.500000,0.650000,0.160246,0.125584,0.096677,0.000051,0.114714,0.001494,0.069316,0.239894,0.118665,0.032582,-0.131542,0.047452
1556,-7.843274,1.370013,1.982284,0.396457,0.309654,1.000000,2.500000,0.650000,0.161431,0.121349,0.096409,0.001373,0.111714,0.001619,0.069997,0.239345,0.118041,0.030693,-0.134672,0.048264
1557,-7.687361,1.068994,2.597591,0.519518,0.278793,1.000000,2.500000,0.650000,0.160916,0.124141,0.096149,0.001740,0.114654,0.002543,0.069991,0.238233,0.119718,0.033576,-0.130888,0.046594
1558,-7.768659,1.231278,2.269271,0.453854,0.276139,1.000000,2.500000,0.650000,0.160452,0.120000,0.096020,0.001933,0.114334,0.000078,0.069982,0.238762,0.119465,0.034381,-0.132476,0.047938
1559,-7.742560,1.177952,2.421133,0.484227,0.296807,1.000000,2.500000,0.650000,0.161578,0.121459,0.099081,0.001720,0.113686,0.001043,0.069697,0.237753,0.117696,0.033877,-0.137727,0.047208
1560,-8.671984,4.172462,0.686162,0.137232,0.268672,1.000000,2.500000,0.650000,0.160002,0.120071,0.096168,0.002467,0.109373,0.000594,0.069414,0.239677,0.115942,0.030432,-0.130045,0.048512
1561,-7.790263,1.229530,2.268803,0.453761,0.272932,1.000000,2.500000,0.650000,0.160289,0.120024,0.096086,0.000047,0.112645,0.004138,0.068817,0.238412,0.119275,0.029813,-0.133743,0.049418
1562,-7.562378,0.940138,3.070001,0.614000,0.277981,1.000000,2.500000,0.650000,0.162372,0.120424,0.097822,0.000392,0.105727,0.001546,0.069709,0.239474,0.119011,0.033317,-0.129249,0.047707
1563,-7.583304,0.928778,2.974397,0.594879,0.265569,1.000000,2.500000,0.650000,0.163776,0.120085,0.096124,0.000070,0.104784,0.000287,0.069951,0.239472,0.119228,0.036046,-0.131942,0.048268
1564,-7.654697,1.046588,2.743485,0.548697,0.288093,1.000000,2.500000,0.650000,0.164712,0.124396,0.099197,0.002456,0.107787,0.002088,0.068200,0.239499,0.119602,0.034016,-0.127226,0.046183
1565,-7.721366,1.104585,2.492369,0.498474,0.273286,1.000000,2.500000,0.650000,0.160483,0.124685,0.097762,0.001726,0.110504,0.004657,0.067611,0.236360,0.119649,0.030301,-0.130910,0.048446
1566,-9.671844,8.709546,0.338827,0.067765,0.285613,1.000000,2.500000,0.650000,0.162833,0.120642,0.097969,0.000001,0.106663,0.004174,0.069467,0.239500,0.119955,0.031531,-0.134565,0.045443
1567,-7.727827,1.176369,2.429571,0.485914,0.276804,1.000000,2.500000,0.650000,0.164424,0.122616,0.097180,0.000214,0.108046,0.000004,0.069991,0.239970,0.119988,0.033596,-0.129989,0.046356
1568,-7.734648,1.163275,2.435646,0.487129,0.298125,1.000000,2.500000,0.650000,0.163889,0.123537,0.099198,0.002157,0.105367,0.000366,0.069269,0.238237,0.118345,0.031685,-0.132595,0.047208
1569,-7.764066,1.191268,2.334662,0.466932,0.266845,1.000000,2.500000,0.650000,0.165032,0.120435,0.096006,0.000185,0.110869,0.001338,0.069425,0.234843,0.119999,0.033778,-0.132119,0.047931
1570,-7.817642,1.347117,2.099046,0.419809,0.299206,1.000000,2.500000,0.650000,0.160858,0.121871,0.097753,0.000094,0.106764,0.005558,0.069255,0.239982,0.119548,0.031215,-0.130012,0.048453
1571,-7.633107,1.037778,2.715010,0.543002,0.288681,1.000000,2.500000,0.650000,0.164611,0.120060,0.099074,0.000245,0.105458,0.001195,0.069954,0.235128,0.119526,0.032316,-0.130454,0.047127
1572,-7.567645,0.927314,3.035584,0.607117,0.270906,1.000000,2.500000,0.650000,0.160038,0.120065,0.097193,0.000636,0.106968,0.002982,0.069953,0.238510,0.119988,0.034664,-0.132376,0.046630
1573,-7.753961,1.181046,2.375427,0.475085,0.270740,1.000000,2.500000,0.650000,0.163354,0.120223,0.096001,0.002099,0.113270,0.005673,0.068746,0.239257,0.118957,0.031761,-0.132442,0.046627
1574,-7.540580,0.917713,3.174549,0.634910,0.276690,1.000000,2.500000,0.650000,0.160587,0.122960,0.096029,0.000003,0.106833,0.002503,0.069631,0.239675,0.119984,0.032335,-0.128759,0.047185
1575,-7.730092,1.138665,2.437113,0.487423,0.270420,1.000000,2.500000,0.650000,0.160112,0.120172,0.096783,0.000580,0.109583,0.001009,0.069963,0.238335,0.119933,0.035302,-0.135674,0.047068
1576,-7.666639,1.033302,2.672010,0.534402,0.267615,1.000000,2.500000,0.650000,0.160027,0.120056,0.096188,0.000180,0.108172,0.003083,0.069999,0.232677,0.119944,0.034191,-0.132053,0.046352
1577,-7.626354,0.975902,2.787644,0.557529,0.261489,1.000000,2.500000,0.650000,0.160749,0.120005,0.096728,0.000855,0.108647,0.003154,0.069914,0.235822,0.119826,0.032964,-0.132861,0.045666
1578,-7.628999,1.002712,2.808569,0.561714,0.289889,1.000000,2.500000,0.650000,0.160356,0.123664,0.097452,0.000173,0.107748,0.002301,0.069587,0.239941,0.119840,0.032432,-0.132731,0.047649
1579,-7.629368,1.003060,2.811811,0.562362,0.283547,1.000000,2.500000,0.650000,0.161622,0.120003,0.100012,0.000066,0.105977,0.000164,0.069764,0.238130,0.119977,0.035652,-0.131964,0.046792
1580,-7.731271,1.186740,2.453764,0.490753,0.288564,1.000000,2.500000,0.650000,0.162068,0.120022,0.096372,0.000818,0.106548,0.002845,0.069997,0.237909,0.118504,0.030930,-0.132338,0.047216
1581,-9.981469,1.302520,1.853086,0.370617,0.531419,0.000000,2.500000,0.650000,0.161486,0.120965,0.097451,0.000013,0.107087,0.003320,0.069843,0.236159,0.119883,0.036318,-0.130951,0.046778
1582,-7.563691,0.951235,3.057293,0.611459,0.272945,1.000000,2.500000,0.650000,0.162617,0.120010,0.096000,0.000003,0.105634,0.004271,0.069479,0.239806,0.118045,0.033924,-0.132291,0.048636
1583,-7.644462,1.071707,2.680344,0.536069,0.275365,1.000000,2.500000,0.650000,0.164492,0.120937,0.096516,0.000255,0.105158,0.004538,0.070000,0.239919,0.119773,0.032660,-0.129198,0.046865
1584,-7.688249,1.080297,2.534647,0.506929,0.276816,1.000000,2.500000,0.650000,0.161247,0.120980,0.096366,0.000846,0.111396,0.000195,0.069638,0.235729,0.119763,0.036084,-0.130435,0.046450
1585,-7.662406,1.046974,2.685607,0.537121,0.268402,1.000000,2.500000,0.650000,0.160053,0.120285,0.097115,0.000020,0.105884,0.002702,0.069935,0.235906,0.119451,0.035158,-0.131707,0.047559
1586,-7.618030,1.011684,2.862230,0.572446,0.282604,1.000000,2.500000,0.650000,0.162849,0.121630,0.096011,0.000064,0.111559,0.003700,0.069816,0.236783,0.118948,0.032678,-0.129543,0.046257
1587,-7.618320,1.000454,2.809796,0.561959,0.287372,1.000000,2.500000,0.650000,0.162088,0.120300,0.096593,0.000041,0.108076,0.001684,0.069250,0.236463,0.119922,0.033691,-0.130192,0.045452
1588,-7.732978,1.194700,2.393664,0.478733,0.264324,1.000000,2.500000,0.650000,0.163464,0.120897,0.096233,0.000088,0.107958,0.004138,0.069756,0.239785,0.119365,0.032554,-0.133641,0.047676
1589,-7.987383,1.638057,1.685512,0.337102,0.273918,1.000000,2.500000,0.650000,0.160446,0.121471,0.096011,0.002473,0.103989,0.001898,0.069877,0.239087,0.119202,0.033670,-0.128881,0.045967
1590,-7.691462,1.114876,2.600052,0.520010,0.283405,1.000000,2.500000,0.650000,0.160163,0.121889,0.097406,0.000206,0.102243,0.002795,0.068716,0.239887,0.118273,0.032548,-0.130538,0.049737
1591,-7.593401,0.969436,2.977717,0.595543,0.268571,1.000000,2.500000,0.650000,0.164509,0.120346,0.096261,0.000414,0.103703,0.002113,0.069899,0.238661,0.119904,0.034538,-0.129797,0.048069
1592,-7.620789,0.983235,2.821835,0.564367,0.266981,1.000000,2.500000,0.650000,0.160387,0.120395,0.096504,0.000092,0.105552,0.002503,0.069999,0.236959,0.120000,0.033791,-0.132628,0.046963
1593,-7.716337,1.118483,2.503779,0.500756,0.269864,1.000000,2.500000,0.650000,0.161419,0.120189,0.096563,0.000518,0.103462,0.002848,0.069351,0.239563,0.119881,0.034569,-0.129598,0.047437
1594,-7.695575,1.082492,2.567194,0.513439,0.277360,1.000000,2.500000,0.650000,0.160210,0.120001,0.096552,0.000444,0.105041,0.001766,0.069791,0.236908,0.118868,0.033157,-0.129228,0.049709
1595,-7.680053,1.087110,2.590033,0.518007,0.273498,1.000000,2.500000,0.650000,0.160802,0.121044,0.097187,0.001187,0.108633,0.001710,0.069884,0.239108,0.119811,0.033321,-0.128824,0.046457
1596,-8.348613,2.811506,1.033927,0.206785,0.277558,1.000000,2.500000,0.650000,0.163753,0.120054,0.097635,0.000535,0.104488,0.003128,0.069995,0.238994,0.119945,0.034097,-0.128948,0.046380
1597,-7.625062,0.994781,2.853198,0.570640,0.271572,1.000000,2.500000,0.650000,0.161214,0.121582,0.098381,0.000780,0.104806,0.003632,0.068188,0.235848,0.120000,0.033644,-0.130119,0.047775
1598,-7.751754,1.211246,2.420075,0.484015,0.276999,1.000000,2.500000,0.650000,0.164971,0.120311,0.096185,0.000132,0.105073,0.003754,0.070000,0.237865,0.119592,0.033605,-0.130064,0.047537
1599,-7.829266,1.337596,2.149704,0.429941,0.278591,1.000000,2.500000,0.650000,0.160939,0.121247,0.096666,0.000253,0.110474,0.003611,0.069831,0.236201,0.120000,0.033607,-0.131742,0.046752
1600,-7.683543,1.083798,2.568591,0.513718,0.286405,1.000000,2.500000,0.650000,0.160703,0.121881,0.096329,0.000004,0.105973,0.001115,0.069571,0.239996,0.119796,0.033897,-0.129607,0.048008
1601,-7.735625,1.158501,2.439451,0.487890,0.277544,1.000000,2.500000,0.650000,0.163680,0.122087,0.096959,0.000965,0.108847,0.000629,0.069979,0.232862,0.119978,0.035308,-0.130081,0.047188
1602,-7.679269,1.063744,2.622652,0.524530,0.270639,1.000000,2.500000,0.650000,0.161117,0.120105,0.096030,0.000764,0.108839,0.005459,0.069966,0.237032,0.119250,0.033949,-0.129879,0.047567
1603,-7.845871,1.383784,2.088147,0.417629,0.291498,1.000000,2.500000,0.650000,0.161539,0.120003,0.096231,0.000158,0.106409,0.001874,0.069869,0.239375,0.119578,0.032721,-0.128430,0.047754
1604,-7.600983,0.982489,2.916062,0.583212,0.291102,1.000000,2.500000,0.650000,0.162986,0.120614,0.096898,0.000069,0.104076,0.002511,0.069996,0.239750,0.119952,0.035318,-0.125858,0.046722
1605,-7.779581,1.226920,2.291170,0.458234,0.273446,1.000000,2.500000,0.650000,0.163435,0.120882,0.097114,0.000124,0.106654,0.002503,0.069977,0.235906,0.119601,0.033896,-0.130678,0.047632
1606,-7.658050,1.044583,2.705268,0.541054,0.275373,1.000000,2.500000,0.650000,0.164136,0.120173,0.096821,0.001018,0.108763,0.002431,0.069984,0.236102,0.119571,0.033672,-0.128926,0.046282
1607,-7.959729,1.662374,1.665421,0.333084,0.308692,1.000000,2.500000,0.650000,0.160342,0.122856,0.097783,0.000022,0.106302,0.003823,0.069958,0.239988,0.119918,0.034129,-0.130498,0.047583
1608,-7.591924,0.972046,2.941491,0.588298,0.270711,1.000000,2.500000,0.650000,0.161420,0.120498,0.097684,0.000795,0.105820,0.004859,0.069657,0.238994,0.119994,0.032472,-0.128633,0.046973
1609,-7.661253,1.082860,2.650676,0.530135,0.292102,1.000000,2.500000,0.650000,0.162121,0.121790,0.098666,0.001012,0.105507,0.003121,0.069913,0.239953,0.119829,0.035463,-0.128025,0.045723
1610,-7.789402,1.253558,2.282944,0.456589,0.272784,1.000000,2.500000,0.650000,0.162011,0.120174,0.098168,0.000025,0.102722,0.002866,0.069957,0.239653,0.119993,0.033461,-0.130962,0.047234
1611,-7.601928,0.967941,2.907670,0.581534,0.265155,1.000000,2.500000,0.650000,0.163243,0.122683,0.096261,0.000045,0.102711,0.003819,0.069284,0.238274,0.119632,0.034264,-0.129625,0.049372
1612,-7.665269,1.038123,2.672141,0.534428,0.265669,1.000000,2.500000,0.650000,0.160268,0.120852,0.096191,0.000964,0.104450,0.002829,0.069931,0.233857,0.119977,0.036146,-0.126849,0.047711
1613,-7.811335,1.285561,2.174584,0.434917,0.272638,1.000000,2.500000,0.650000,0.160560,0.120400,0.096017,0.000135,0.107096,0.003459,0.069962,0.239923,0.119999,0.031867,-0.128119,0.046701
1614,-7.610715,1.002816,2.877311,0.575462,0.277623,1.000000,2.500000,0.650000,0.161195,0.120279,0.097385,0.000638,0.106265,0.002846,0.069452,0.239665,0.119847,0.033247,-0.129049,0.046109
1615,-7.880965,1.476828,1.928362,0.385672,0.279208,1.000000,2.500000,0.650000,0.161694,0.120051,0.098679,0.000015,0.101986,0.002927,0.069999,0.235267,0.119561,0.033844,-0.126807,0.047784
1616,-7.663547,1.039203,2.674922,0.534984,0.267581,1.000000,2.500000,0.650000,0.160078,0.120228,0.096226,0.000667,0.105084,0.003740,0.069841,0.239900,0.119728,0.034524,-0.129519,0.048187
1617,-7.518329,0.887564,3.242042,0.648408,0.263705,1.000000,2.500000,0.650000,0.160112,0.121744,0.098538,0.000306,0.103134,0.004971,0.070000,0.237784,0.119713,0.035477,-0.126207,0.047803
1618,-7.608987,0.997512,2.927748,0.585550,0.266200,1.000000,2.500000,0.650000,0.163386,0.121279,0.098886,0.000202,0.100067,0.005254,0.069977,0.239992,0.120000,0.033428,-0.125348,0.046788
1619,-7.761460,1.207221,2.358716,0.471743,0.272508,1.000000,2.500000,0.650000,0.160759,0.120345,0.098278,0.000584,0.100256,0.003895,0.069994,0.239992,0.119774,0.034587,-0.125761,0.048293
1620,-7.613000,0.980994,2.851323,0.570265,0.278353,1.000000,2.500000,0.650000,0.162623,0.120002,0.097447,0.001052,0.105927,0.003880,0.069897,0.239727,0.119995,0.036267,-0.127774,0.047383
1621,-7.600239,0.992408,2.960202,0.592040,0.279857,1.000000,2.500000,0.650000,0.163705,0.120042,0.096467,0.000331,0.106139,0.003559,0.069838,0.239380,0.119431,0.032605,-0.125862,0.047469
1622,-7.688202,1.095422,2.615123,0.523025,0.268038,1.000000,2.500000,0.650000,0.161728,0.120822,0.097157,0.000060,0.103634,0.004084,0.069835,0.238679,0.119277,0.034932,-0.128547,0.048144
1623,-7.573395,0.947563,3.027216,0.605443,0.266716,1.000000,2.500000,0.650000,0.160933,0.120377,0.097241,0.000044,0.103166,0.006538,0.070000,0.239739,0.119703,0.033275,-0.127346,0.047215
1624,-7.656891,1.064657,2.695854,0.539171,0.264698,1.000000,2.500000,0.650000,0.161042,0.120018,0.097902,0.001187,0.103637,0.005428,0.069893,0.239542,0.119981,0.033198,-0.128695,0.045883
1625,-7.600559,0.964933,2.909236,0.581847,0.273985,1.000000,2.500000,0.650000,0.160203,0.120271,0.098162,0.000412,0.106029,0.004312,0.068167,0.237705,0.119899,0.035868,-0.127314,0.047172
1626,-7.996041,1.759725,1.608894,0.321779,0.299463,1.000000,2.500000,0.650000,0.160836,0.120469,0.098709,0.000413,0.104663,0.002968,0.069994,0.235466,0.118574,0.034555,-0.125364,0.048821
1627,-7.743175,1.185667,2.410556,0.482111,0.276359,1.000000,2.500000,0.650000,0.160863,0.121538,0.096957,0.000047,0.105052,0.003540,0.069817,0.239775,0.119655,0.034687,-0.125618,0.045721
1628,-7.632373,1.007916,2.761693,0.552339,0.260168,1.000000,2.500000,0.650000,0.160149,0.120380,0.096687,0.000222,0.105731,0.004395,0.069611,0.235063,0.119384,0.034567,-0.127656,0.048205
1629,-7.663592,1.066778,2.703194,0.540639,0.272108,1.000000,2.500000,0.650000,0.165024,0.120729,0.096214,0.001297,0.106601,0.003965,0.067637,0.239502,0.119463,0.032874,-0.130741,0.046475
1630,-7.698499,1.086898,2.547134,0.509427,0.288900,1.000000,2.500000,0.650000,0.163169,0.120962,0.096397,0.000827,0.108832,0.003723,0.069091,0.235323,0.118988,0.035515,-0.126867,0.046839
1631,-7.837902,1.350321,2.122462,0.424492,0.316468,1.000000,2.500000,0.650000,0.166272,0.120043,0.098266,0.002248,0.105820,0.002710,0.070000,0.239952,0.117985,0.034664,-0.127507,0.048504
1632,-7.674447,1.091216,2.664907,0.532981,0.268709,1.000000,2.500000,0.650000,0.164398,0.120022,0.097536,0.000013,0.102380,0.003487,0.068934,0.234741,0.119740,0.035662,-0.127247,0.045364
1633,-7.650748,1.070784,2.664570,0.532914,0.271047,1.000000,2.500000,0.650000,0.163036,0.120000,0.098144,0.000903,0.103876,0.003269,0.069984,0.238859,0.118921,0.031446,-0.129698,0.048266
1634,-7.604049,0.976527,2.902961,0.580592,0.271677,1.000000,2.500000,0.650000,0.162852,0.120622,0.096506,0.000676,0.102923,0.005891,0.069215,0.239113,0.119929,0.034546,-0.125705,0.047996
1635,-7.611345,0.991309,2.874378,0.574876,0.263180,1.000000,2.500000,0.650000,0.161565,0.120095,0.097074,0.000798,0.104033,0.006109,0.069766,0.239959,0.119863,0.033670,-0.126852,0.048315
1636,-7.663498,1.064796,2.651584,0.530317,0.279164,1.000000,2.500000,0.650000,0.165524,0.120079,0.097944,0.000402,0.102318,0.002699,0.069973,0.238627,0.119971,0.034808,-0.125826,0.046053
1637,-7.577141,0.972584,3.012746,0.602549,0.282402,1.000000,2.500000,0.650000,0.162529,0.122154,0.098522,0.000296,0.100510,0.007301,0.069401,0.239949,0.119820,0.034022,-0.127457,0.046672
1638,-7.639747,1.023847,2.758829,0.551766,0.261613,1.000000,2.500000,0.650000,0.164956,0.120026,0.096488,0.002096,0.103733,0.005058,0.069469,0.239992,0.119835,0.033702,-0.127226,0.047432
1639,-7.856272,1.386176,2.084992,0.416998,0.287467,1.000000,2.500000,0.650000,0.164521,0.121187,0.097389,0.000083,0.108102,0.001568,0.069230,0.239967,0.119456,0.032864,-0.127816,0.047705
1640,-8.060966,1.881870,1.554937,0.310987,0.284450,1.000000,2.500000,0.650000,0.164070,0.120400,0.096837,0.000293,0.102093,0.003716,0.069998,0.239912,0.119226,0.035363,-0.126143,0.047469
1641,-7.760444,1.237403,2.406441,0.481288,0.275217,1.000000,2.500000,0.650000,0.166081,0.122044,0.100139,0.000430,0.100885,0.005601,0.069579,0.239379,0.119813,0.034021,-0.125300,0.048077
1642,-7.604267,0.978422,2.915768,0.583154,0.276848,1.000000,2.500000,0.650000,0.162353,0.122703,0.096683,0.001777,0.104126,0.005747,0.068160,0.238814,0.119020,0.031687,-0.127310,0.048549
1643,-7.693238,1.134192,2.615724,0.523145,0.274461,1.000000,2.500000,0.650000,0.166391,0.120559,0.096003,0.000413,0.101242,0.005577,0.068749,0.239244,0.119947,0.033784,-0.129191,0.047335
1644,-7.754441,1.197554,2.377985,0.475597,0.264827,1.000000,2.500000,0.650000,0.162184,0.120230,0.096744,0.001598,0.104207,0.006170,0.066790,0.239617,0.119928,0.036770,-0.126380,0.047631
1645,-7.691729,1.114380,2.561430,0.512286,0.278570,1.000000,2.500000,0.650000,0.164893,0.120505,0.097695,0.000007,0.102340,0.006940,0.069913,0.238705,0.119718,0.032474,-0.126434,0.048243
1646,-7.650996,1.070337,2.724192,0.544838,0.277636,1.000000,2.500000,0.650000,0.165737,0.121150,0.100848,0.000018,0.101772,0.006215,0.069059,0.234936,0.119983,0.034113,-0.124019,0.045306
1647,-7.635170,1.023569,2.801011,0.560202,0.279811,1.000000,2.500000,0.650000,0.161476,0.120282,0.097640,0.000765,0.104957,0.006249,0.068444,0.239860,0.119919,0.032103,-0.129276,0.045902
1648,-7.746644,1.184414,2.414377,0.482875,0.270602,1.000000,2.500000,0.650000,0.164816,0.122052,0.097840,0.002394,0.101327,0.004639,0.068628,0.237921,0.119395,0.032528,-0.129118,0.049024
1649,-7.806181,1.284470,2.212134,0.442427,0.278795,1.000000,2.500000,0.650000,0.162265,0.121322,0.097099,0.001157,0.102986,0.003775,0.067076,0.239991,0.119907,0.033397,-0.132595,0.047160
1650,-7.680888,1.107962,2.653315,0.530663,0.275782,1.000000,2.500000,0.650000,0.166020,0.120433,0.097444,0.000337,0.100830,0.006716,0.069277,0.237923,0.119963,0.030701,-0.127408,0.047562
1651,-8.134949,2.108877,1.434214,0.286843,0.291581,1.000000,2.500000,0.650000,0.166144,0.123292,0.100159,0.001386,0.101303,0.005431,0.068299,0.238811,0.119884,0.033747,-0.127921,0.045445
1652,-7.966319,1.637305,1.752362,0.350472,0.269019,1.000000,2.500000,0.650000,0.160725,0.120594,0.096068,0.000924,0.106023,0.007275,0.068771,0.238312,0.117410,0.030876,-0.125738,0.049122
1653,-7.600790,0.993319,2.929493,0.585899,0.283062,1.000000,2.500000,0.650000,0.163483,0.120320,0.101057,0.000180,0.102655,0.004454,0.069617,0.239997,0.119873,0.031483,-0.125152,0.047900
1654,-7.772685,1.241885,2.334658,0.466932,0.272065,1.000000,2.500000,0.650000,0.163661,0.120064,0.097990,0.002164,0.104005,0.005974,0.069588,0.239929,0.119903,0.032503,-0.126997,0.047525
1655,-7.938773,1.558013,1.851562,0.370312,0.274018,1.000000,2.500000,0.650000,0.160948,0.120002,0.098100,0.000165,0.104201,0.005729,0.068085,0.232992,0.119613,0.031083,-0.127183,0.047815
1656,-7.693844,1.101971,2.617834,0.523567,0.276017,1.000000,2.500000,0.650000,0.166138,0.125846,0.097353,0.002922,0.103308,0.005374,0.069016,0.239900,0.119212,0.031702,-0.131009,0.047027
1657,-10.184273,11.210872,0.260078,0.052016,0.283462,1.000000,2.500000,0.650000,0.162734,0.124349,0.098234,0.000010,0.100986,0.006950,0.069745,0.239789,0.119989,0.031995,-0.125342,0.046984
1658,-8.503277,3.488694,0.804766,0.160953,0.281241,1.000000,2.500000,0.650000,0.164493,0.121109,0.097594,0.001284,0.105233,0.005245,0.069141,0.240000,0.118251,0.032348,-0.128724,0.048154
1659,-7.652608,1.059415,2.742114,0.548423,0.285448,1.000000,2.500000,0.650000,0.163891,0.121518,0.098125,0.000257,0.104191,0.004575,0.067351,0.239994,0.119926,0.034353,-0.128577,0.045738
1660,-7.581842,0.977327,3.007529,0.601506,0.281092,1.000000,2.500000,0.650000,0.163204,0.121233,0.099290,0.000020,0.102298,0.005744,0.069955,0.239798,0.118966,0.032247,-0.125693,0.047100
1661,-8.001030,1.727923,1.707837,0.341567,0.273940,1.000000,2.500000,0.650000,0.164062,0.120016,0.099146,0.001822,0.104906,0.007076,0.068867,0.239698,0.119620,0.031196,-0.125046,0.047604
1662,-7.677433,1.113003,2.656869,0.531374,0.281997,1.000000,2.500000,0.650000,0.162464,0.122940,0.100403,0.000702,0.100842,0.006950,0.069996,0.239630,0.119682,0.031758,-0.126415,0.047954
1663,-7.625930,0.977057,2.817385,0.563477,0.267399,1.000000,2.500000,0.650000,0.161185,0.120342,0.096979,0.002479,0.107391,0.003986,0.068928,0.235202,0.119686,0.034107,-0.129008,0.047598
1664,-7.591862,0.964184,2.952779,0.590556,0.279971,1.000000,2.500000,0.650000,0.162910,0.120444,0.097457,0.000523,0.106235,0.003269,0.069737,0.239624,0.118478,0.032794,-0.129523,0.047482
1665,-9.999846,144.166362,0.015417,0.003083,1.259982,0.000000,2.500000,0.650000,0.166674,0.121566,0.099935,0.000118,0.101811,0.005983,0.069815,0.239993,0.118647,0.034671,-0.124369,0.047057
1666,-7.949092,1.606809,1.837767,0.367553,0.289447,1.000000,2.500000,0.650000,0.161531,0.121913,0.101052,0.001185,0.100118,0.006195,0.069765,0.239858,0.120000,0.034274,-0.122784,0.047355
1667,-8.214341,2.414003,1.217811,0.243562,0.323742,1.000000,2.500000,0.650000,0.166062,0.124171,0.100413,0.000449,0.097791,0.003665,0.069985,0.238900,0.119497,0.035251,-0.123850,0.045919
1668,-7.532123,0.915071,3.204391,0.640878,0.281025,1.000000,2.500000,0.650000,0.164944,0.120193,0.098072,0.000129,0.102849,0.005454,0.069999,0.239109,0.119911,0.033216,-0.126355,0.046764
1669,-7.885908,1.394516,1.987371,0.397474,0.273678,1.000000,2.500000,0.650000,0.161649,0.121167,0.097304,0.002505,0.105351,0.006437,0.068860,0.239931,0.118439,0.031808,-0.126393,0.047248
1670,-7.617018,1.023042,2.882906,0.576581,0.267455,1.000000,2.500000,0.650000,0.160216,0.122752,0.101028,0.000109,0.102571,0.008982,0.068929,0.238740,0.119472,0.032716,-0.124506,0.047572
1671,-7.919615,1.542366,1.908959,0.381792,0.300828,1.000000,2.500000,0.650000,0.164924,0.125898,0.099235,0.000220,0.100391,0.007304,0.069968,0.239861,0.117851,0.030899,-0.125705,0.048039
1672,-8.230202,2.492608,1.146002,0.229200,0.273729,1.000000,2.500000,0.650000,0.161524,0.122487,0.098754,0.001737,0.105301,0.004216,0.069701,0.236625,0.118970,0.032389,-0.128502,0.047774
1673,-7.547339,0.951373,3.143248,0.628650,0.277180,1.000000,2.500000,0.650000,0.163938,0.122324,0.098981,0.001019,0.102496,0.008199,0.068995,0.239799,0.118808,0.033171,-0.126334,0.047875
1674,-7.613281,1.004191,2.864077,0.572815,0.276149,1.000000,2.500000,0.650000,0.162875,0.120002,0.097273,0.000000,0.106156,0.005483,0.069702,0.239541,0.119860,0.033636,-0.127062,0.045985
1675,-7.662530,1.076833,2.701127,0.540225,0.280750,1.000000,2.500000,0.650000,0.165829,0.120254,0.096917,0.000023,0.106464,0.005691,0.068221,0.239705,0.119402,0.032081,-0.128795,0.047544
1676,-7.786686,1.269082,2.288960,0.457792,0.293644,1.000000,2.500000,0.650000,0.163159,0.120000,0.099173,0.000434,0.101950,0.004770,0.069938,0.239996,0.118690,0.032878,-0.128837,0.048169
1677,-8.532927,3.502473,0.832622,0.166524,0.285643,1.000000,2.500000,0.650000,0.162808,0.120119,0.098147,0.000687,0.104412,0.005723,0.069707,0.238870,0.119885,0.031783,-0.126915,0.046755
1678,-7.840884,1.414402,2.078976,0.415795,0.274758,1.000000,2.500000,0.650000,0.167034,0.120060,0.096110,0.000386,0.103671,0.005695,0.069989,0.238571,0.119181,0.030526,-0.126297,0.046971
1679,-7.693965,1.089898,2.575020,0.515004,0.266103,1.000000,2.500000,0.650000,0.160252,0.120634,0.098509,0.002294,0.107909,0.005688,0.070000,0.238528,0.119956,0.035355,-0.127359,0.046618
1680,-7.904043,1.532582,1.854131,0.370826,0.298959,1.000000,2.500000,0.650000,0.160715,0.120122,0.097206,0.000120,0.103357,0.002672,0.069951,0.239733,0.118884,0.033829,-0.126943,0.047236
1681,-7.884487,1.455900,1.982465,0.396493,0.265668,1.000000,2.500000,0.650000,0.164803,0.121117,0.097242,0.000689,0.100869,0.004515,0.069935,0.237636,0.119582,0.032322,-0.129012,0.046806
1682,-7.687607,1.103482,2.638977,0.527795,0.280390,1.000000,2.500000,0.650000,0.163465,0.120507,0.097985,0.000151,0.103051,0.005516,0.068286,0.237477,0.119310,0.030873,-0.125062,0.049024
1683,-7.858063,1.408785,1.923850,0.384770,0.305441,1.000000,2.500000,0.650000,0.161359,0.120152,0.097655,0.000324,0.105715,0.005938,0.070000,0.239877,0.119243,0.033602,-0.126681,0.047073
1684,-7.649696,1.056790,2.759758,0.551952,0.261042,1.000000,2.500000,0.650000,0.165799,0.120228,0.096773,0.000428,0.104964,0.007684,0.067981,0.236832,0.118824,0.032164,-0.125652,0.047928
1685,-7.648051,1.044088,2.746810,0.549362,0.260791,1.000000,2.500000,0.650000,0.160021,0.122772,0.098769,0.000737,0.101167,0.008462,0.067910,0.239995,0.119940,0.035992,-0.123729,0.048583
1686,-7.616853,1.018330,2.879567,0.575913,0.276036,1.000000,2.500000,0.650000,0.165327,0.120582,0.098609,0.000193,0.103773,0.005182,0.066372,0.235743,0.119132,0.032183,-0.125699,0.048555
1687,-7.793051,1.302472,2.294831,0.458966,0.266257,1.000000,2.500000,0.650000,0.166058,0.120216,0.096947,0.000061,0.102483,0.006803,0.068233,0.239878,0.119704,0.033269,-0.126315,0.047042
1688,-7.857152,1.402466,2.097905,0.419581,0.281787,1.000000,2.500000,0.650000,0.166289,0.123673,0.100550,0.000002,0.101647,0.006484,0.069906,0.237948,0.119297,0.033630,-0.125298,0.048284
1689,-7.732559,1.190726,2.509168,0.501834,0.274717,1.000000,2.500000,0.650000,0.165507,0.121317,0.096235,0.000148,0.102351,0.007584,0.067737,0.239890,0.119347,0.032044,-0.128593,0.047030
1690,-8.153699,2.293229,1.334674,0.266935,0.280815,1.000000,2.500000,0.650000,0.166594,0.120139,0.097652,0.000380,0.103096,0.005776,0.067526,0.238411,0.119924,0.033802,-0.128597,0.046194
1691,-8.098199,2.028231,1.425187,0.285037,0.282164,1.000000,2.500000,0.650000,0.165147,0.120412,0.096633,0.000008,0.103276,0.007896,0.069783,0.238453,0.119722,0.031740,-0.127286,0.046342
1692,-7.652628,1.042000,2.721442,0.544288,0.274070,1.000000,2.500000,0.650000,0.161626,0.123093,0.096998,0.001058,0.103900,0.007681,0.069015,0.239641,0.119969,0.034849,-0.127284,0.047249
1693,-16.288066,41.504552,0.070374,0.014075,0.292628,1.000000,2.500000,0.650000,0.163823,0.120000,0.098607,0.000738,0.106385,0.006133,0.068323,0.239940,0.119859,0.031451,-0.126284,0.045346
1694,-7.759386,1.237470,2.375814,0.475163,0.283085,1.000000,2.500000,0.650000,0.162357,0.120551,0.098872,0.000770,0.101158,0.007120,0.068311,0.239962,0.119332,0.035205,-0.124790,0.048227
1695,-7.927131,1.577263,1.875705,0.375141,0.295406,1.000000,2.500000,0.650000,0.165649,0.120003,0.097936,0.000205,0.103091,0.005810,0.069990,0.240000,0.119693,0.032709,-0.124630,0.047170
1696,-8.543276,3.556721,0.787298,0.157460,0.285086,1.000000,2.500000,0.650000,0.161866,0.120817,0.099993,0.000003,0.102995,0.007082,0.065977,0.235934,0.119772,0.035255,-0.124631,0.047725
1697,-7.640368,1.020610,2.759400,0.551880,0.268592,1.000000,2.500000,0.650000,0.160568,0.120033,0.097313,0.000128,0.105599,0.004573,0.066230,0.235028,0.119432,0.033295,-0.125979,0.049029
1698,-7.626568,1.009952,2.844701,0.568940,0.269299,1.000000,2.500000,0.650000,0.162872,0.120238,0.098241,0.000437,0.105396,0.004470,0.068207,0.239909,0.119530,0.034002,-0.126959,0.047605
1699,-7.639680,1.067904,2.776169,0.555234,0.279503,1.000000,2.500000,0.650000,0.166178,0.120497,0.099300,0.000492,0.102655,0.007371,0.066529,0.238156,0.119587,0.033372,-0.126025,0.049071
1700,-7.616292,0.993070,2.871708,0.574342,0.270994,1.000000,2.500000,0.650000,0.160918,0.121032,0.100125,0.000659,0.102090,0.007302,0.067093,0.239296,0.119988,0.032705,-0.124107,0.048545
1701,-7.620617,0.972071,2.839229,0.567846,0.271564,1.000000,2.500000,0.650000,0.161720,0.120628,0.096959,0.000490,0.106237,0.005339,0.068804,0.233868,0.118797,0.031979,-0.123050,0.049160
1702,-7.695032,1.112606,2.560324,0.512065,0.280495,1.000000,2.500000,0.650000,0.163646,0.122000,0.096176,0.000403,0.103696,0.001900,0.069533,0.239561,0.119848,0.034634,-0.127174,0.046572
1703,-7.717820,1.156120,2.530109,0.506022,0.275592,1.000000,2.500000,0.650000,0.163949,0.121093,0.099002,0.000336,0.102026,0.008431,0.068886,0.238780,0.119693,0.032810,-0.124741,0.048629
1704,-7.704639,1.132855,2.569537,0.513907,0.284363,1.000000,2.500000,0.650000,0.165710,0.121259,0.101176,0.000386,0.101517,0.007237,0.068205,0.239426,0.119889,0.035265,-0.125051,0.046363
1705,-7.644918,1.055422,2.748596,0.549719,0.277467,1.000000,2.500000,0.650000,0.163931,0.120129,0.100053,0.000126,0.103335,0.007686,0.066482,0.236571,0.119447,0.033825,-0.123172,0.047499
1706,-7.659507,1.072169,2.721988,0.544398,0.274876,1.000000,2.500000,0.650000,0.165188,0.120003,0.098779,0.000017,0.101120,0.006069,0.065179,0.234923,0.119649,0.032059,-0.126680,0.049833
1707,-7.620722,0.989494,2.817268,0.563454,0.272925,1.000000,2.500000,0.650000,0.162379,0.120010,0.099608,0.001752,0.104979,0.004785,0.068728,0.239153,0.119428,0.033390,-0.127064,0.048285
1708,-7.876291,1.424516,2.002460,0.400492,0.271794,1.000000,2.500000,0.650000,0.161725,0.120193,0.098567,0.000741,0.106450,0.006364,0.067255,0.239163,0.119505,0.031763,-0.126392,0.048671
1709,-7.625429,1.033724,2.843701,0.568740,0.298404,1.000000,2.500000,0.650000,0.160898,0.120113,0.099816,0.000614,0.103085,0.006383,0.068635,0.239994,0.119993,0.034914,-0.124857,0.047911
1710,-7.767959,1.217741,2.330831,0.466166,0.293324,1.000000,2.500000,0.650000,0.161719,0.120003,0.099376,0.001343,0.103945,0.005142,0.068985,0.236130,0.119327,0.031384,-0.126945,0.048441
1711,-7.562794,0.938617,3.073649,0.614730,0.289889,1.000000,2.500000,0.650000,0.162479,0.120139,0.098500,0.000288,0.103410,0.005111,0.067259,0.238314,0.119889,0.033370,-0.126803,0.048978
1712,-7.733650,1.148371,2.462089,0.492418,0.280399,1.000000,2.500000,0.650000,0.160832,0.125174,0.096558,0.000220,0.109794,0.003616,0.068160,0.235862,0.119819,0.033218,-0.125376,0.047151
1713,-7.710245,1.151609,2.532060,0.506412,0.277850,1.000000,2.500000,0.650000,0.163803,0.120413,0.098823,0.000603,0.105159,0.007912,0.066578,0.237458,0.119647,0.031747,-0.123389,0.048190
1714,-7.855121,1.349921,2.062492,0.412498,0.272818,1.000000,2.500000,0.650000,0.160017,0.120454,0.096000,0.000703,0.105091,0.008619,0.063397,0.233378,0.119931,0.034620,-0.124366,0.048534
1715,-7.834361,1.388193,2.057504,0.411501,0.300925,1.000000,2.500000,0.650000,0.162836,0.120622,0.099695,0.000568,0.105936,0.003881,0.069695,0.239955,0.119448,0.032850,-0.127241,0.048755
1716,-7.628526,1.007764,2.837414,0.567483,0.268456,1.000000,2.500000,0.650000,0.160382,0.123379,0.099683,0.001849,0.102162,0.007488,0.065214,0.235640,0.118339,0.032593,-0.125286,0.049764
1717,-7.816826,1.374140,2.093577,0.418715,0.263143,1.000000,2.500000,0.650000,0.164449,0.121502,0.096769,0.000004,0.104680,0.002698,0.068202,0.239981,0.119693,0.032686,-0.128769,0.047499
1718,-7.652304,1.070889,2.709955,0.541991,0.292541,1.000000,2.500000,0.650000,0.163539,0.120481,0.099531,0.000047,0.104223,0.005133,0.068589,0.239866,0.119307,0.033373,-0.126206,0.047553
1719,-7.616292,1.017190,2.907011,0.581402,0.276590,1.000000,2.500000,0.650000,0.162695,0.120083,0.102079,0.000038,0.101754,0.005713,0.066843,0.238695,0.119815,0.033410,-0.125941,0.049650
1720,-7.745146,1.190374,2.424968,0.484994,0.261913,1.000000,2.500000,0.650000,0.161131,0.120049,0.099056,0.000548,0.102925,0.006638,0.067475,0.239676,0.119830,0.033361,-0.125257,0.049330
1721,-7.794973,1.259286,2.260222,0.452044,0.277049,1.000000,2.500000,0.650000,0.160705,0.120008,0.099158,0.000077,0.103853,0.006225,0.067822,0.237012,0.119909,0.032413,-0.127304,0.048597
1722,-7.649213,1.065485,2.705677,0.541135,0.284571,1.000000,2.500000,0.650000,0.163415,0.120461,0.098479,0.000060,0.100285,0.006722,0.066414,0.239011,0.119999,0.033189,-0.124993,0.048073
1723,-7.568677,0.929512,3.043513,0.608703,0.271481,1.000000,2.500000,0.650000,0.160514,0.120192,0.098037,0.001011,0.103319,0.005987,0.065389,0.239723,0.119968,0.035250,-0.127591,0.048394
1724,-7.635372,1.012815,2.795583,0.559117,0.273856,1.000000,2.500000,0.650000,0.160975,0.120166,0.100211,0.000343,0.102319,0.003622,0.068465,0.239140,0.119780,0.034720,-0.126313,0.048050
1725,-7.682710,1.089058,2.625537,0.525107,0.259828,1.000000,2.500000,0.650000,0.161223,0.120031,0.099983,0.001122,0.102348,0.005389,0.068017,0.238359,0.119463,0.031528,-0.128657,0.048633
1726,-7.679868,1.093410,2.645137,0.529027,0.262464,1.000000,2.500000,0.650000,0.162558,0.120690,0.101568,0.000336,0.103600,0.005583,0.067291,0.239185,0.119886,0.034068,-0.121988,0.048778
1727,-7.745190,1.197932,2.395263,0.479053,0.267326,1.000000,2.500000,0.650000,0.160935,0.121732,0.098055,0.000000,0.106417,0.006306,0.067545,0.239628,0.119887,0.034852,-0.126815,0.049413
1728,-7.638704,1.004434,2.807536,0.561507,0.288758,1.000000,2.500000,0.650000,0.165306,0.120701,0.098964,0.000579,0.105810,0.005546,0.065382,0.239710,0.119900,0.031952,-0.129296,0.048551
1729,-7.717328,1.149616,2.518131,0.503626,0.265999,1.000000,2.500000,0.650000,0.161599,0.120120,0.099738,0.000389,0.102570,0.004421,0.065578,0.239984,0.119983,0.034951,-0.129798,0.049334
1730,-7.630905,1.005733,2.791324,0.558265,0.279470,1.000000,2.500000,0.650000,0.160001,0.120009,0.099193,0.000875,0.104736,0.003243,0.067955,0.239342,0.119942,0.034961,-0.126718,0.048964
1731,-8.065928,1.878415,1.524010,0.304802,0.271168,1.000000,2.500000,0.650000,0.160689,0.120031,0.100155,0.002111,0.102144,0.005764,0.066685,0.238757,0.119261,0.035640,-0.125562,0.048312
1732,-7.739343,1.198062,2.446712,0.489342,0.262178,1.000000,2.500000,0.650000,0.162993,0.121723,0.097446,0.000686,0.105823,0.006930,0.065568,0.239364,0.119528,0.031638,-0.130184,0.048730
1733,-7.649384,1.034098,2.752312,0.550462,0.275121,1.000000,2.500000,0.650000,0.160000,0.120416,0.099925,0.000258,0.105415,0.005662,0.065792,0.237535,0.119925,0.034862,-0.126190,0.049053
1734,-7.636196,1.009608,2.761117,0.552223,0.261651,1.000000,2.500000,0.650000,0.161080,0.120289,0.099671,0.002534,0.100488,0.006970,0.066261,0.235968,0.119996,0.033783,-0.122823,0.049459
1735,-7.579714,0.943417,3.008546,0.601709,0.267720,1.000000,2.500000,0.650000,0.160029,0.120250,0.099905,0.000499,0.103678,0.005666,0.066994,0.239181,0.119860,0.034161,-0.128392,0.049063
1736,-7.672916,1.087428,2.695126,0.539025,0.268074,1.000000,2.500000,0.650000,0.160538,0.120003,0.102575,0.000001,0.099867,0.004667,0.069579,0.239811,0.119907,0.036084,-0.125014,0.047967
1737,-7.616807,1.009636,2.888022,0.577604,0.272370,1.000000,2.500000,0.650000,0.162113,0.122110,0.101304,0.001405,0.102460,0.006095,0.066543,0.239662,0.119706,0.034487,-0.124889,0.048277
1738,-7.972870,1.644602,1.745177,0.349035,0.271890,1.000000,2.500000,0.650000,0.162778,0.120448,0.098180,0.000006,0.103324,0.005409,0.067266,0.238512,0.119911,0.033072,-0.129203,0.048502
1739,-7.718965,1.127269,2.504199,0.500840,0.282062,1.000000,2.500000,0.650000,0.160737,0.125009,0.097882,0.001844,0.107597,0.003768,0.065115,0.236414,0.119593,0.034854,-0.127343,0.048209
1740,-7.743935,1.154692,2.425672,0.485134,0.273549,1.000000,2.500000,0.650000,0.160017,0.124442,0.098118,0.001770,0.106964,0.006813,0.066262,0.234798,0.119989,0.032956,-0.126344,0.048556
1741,-7.655370,1.028509,2.696169,0.539234,0.271104,1.000000,2.500000,0.650000,0.160000,0.120052,0.097296,0.000724,0.105808,0.003452,0.067467,0.239438,0.119974,0.034389,-0.130374,0.047872
1742,-7.634175,1.001298,2.774353,0.554871,0.257356,1.000000,2.500000,0.650000,0.160682,0.122838,0.096541,0.002742,0.107162,0.005057,0.067379,0.239771,0.119704,0.034662,-0.128617,0.047190
1743,-7.659722,1.051939,2.710649,0.542130,0.269218,1.000000,2.500000,0.650000,0.160002,0.120233,0.099732,0.000754,0.100899,0.006714,0.066738,0.238207,0.119972,0.034258,-0.125958,0.049319
1744,-7.783588,1.250919,2.306590,0.461318,0.280123,1.000000,2.500000,0.650000,0.160910,0.125826,0.102514,0.001350,0.101121,0.004947,0.066799,0.238396,0.119708,0.033968,-0.125490,0.048938
1745,-7.753851,1.189705,2.398464,0.479693,0.269191,1.000000,2.500000,0.650000,0.160288,0.120303,0.100783,0.002623,0.106639,0.007940,0.067996,0.239961,0.119929,0.032164,-0.128946,0.048195
1746,-7.679083,1.091136,2.668969,0.533794,0.273898,1.000000,2.500000,0.650000,0.160136,0.121004,0.099442,0.000017,0.102017,0.006076,0.066179,0.238610,0.119974,0.033568,-0.125948,0.048884
1747,-7.527181,0.934758,3.216986,0.643397,0.273218,1.000000,2.500000,0.650000,0.161973,0.120170,0.099434,0.000125,0.104116,0.006066,0.065126,0.239112,0.119153,0.035898,-0.123817,0.047475
1748,-7.648256,1.034183,2.763224,0.552645,0.269239,1.000000,2.500000,0.650000,0.160070,0.120298,0.099421,0.000000,0.102858,0.004951,0.068552,0.238962,0.119871,0.031816,-0.130148,0.049056
1749,-7.835508,1.366115,2.142569,0.428514,0.268732,1.000000,2.500000,0.650000,0.160040,0.120647,0.102624,0.000099,0.102817,0.006758,0.066562,0.239974,0.119724,0.035397,-0.124930,0.049454
1750,-7.650856,1.030086,2.731468,0.546294,0.273533,1.000000,2.500000,0.650000,0.160902,0.122343,0.098722,0.000370,0.107407,0.003983,0.069300,0.238224,0.119889,0.035706,-0.125513,0.047957
1751,-7.627699,1.003626,2.817812,0.563562,0.263955,1.000000,2.500000,0.650000,0.160443,0.120723,0.098067,0.000000,0.107950,0.004612,0.065721,0.235281,0.119958,0.033979,-0.124684,0.047183
1752,-7.611640,0.987041,2.883684,0.576737,0.277002,1.000000,2.500000,0.650000,0.160227,0.120266,0.099033,0.000432,0.104690,0.004793,0.066394,0.238252,0.119983,0.034579,-0.126732,0.047008
1753,-7.738488,1.162641,2.436485,0.487297,0.267908,1.000000,2.500000,0.650000,0.161284,0.120075,0.099335,0.001600,0.104327,0.006774,0.065652,0.239012,0.119157,0.035486,-0.125923,0.048135
1754,-7.675602,1.059307,2.645656,0.529131,0.269020,1.000000,2.500000,0.650000,0.160399,0.120676,0.096114,0.001234,0.104604,0.005174,0.067784,0.239701,0.119953,0.033405,-0.127723,0.048547
1755,-7.737175,1.185869,2.474024,0.494805,0.288811,1.000000,2.500000,0.650000,0.161433,0.120794,0.101921,0.000013,0.103656,0.007767,0.065444,0.237254,0.118418,0.033755,-0.125060,0.048005
1756,-7.654368,1.074112,2.732175,0.546435,0.283825,1.000000,2.500000,0.650000,0.160000,0.122787,0.100733,0.000004,0.102923,0.008609,0.065647,0.238230,0.118190,0.035089,-0.125142,0.048202
1757,-7.780044,1.298527,2.261082,0.452216,0.281808,1.000000,2.500000,0.650000,0.164715,0.120086,0.099363,0.000996,0.102156,0.005822,0.067341,0.239290,0.119907,0.034406,-0.123139,0.048833
1758,-7.954721,1.605636,1.773550,0.354710,0.283078,1.000000,2.500000,0.650000,0.160487,0.121747,0.099212,0.002049,0.105720,0.003260,0.068090,0.237033,0.119996,0.032834,-0.127590,0.048449
1759,-7.609857,0.995504,2.908724,0.581745,0.269289,1.000000,2.500000,0.650000,0.161458,0.120173,0.100274,0.000063,0.098757,0.009452,0.064418,0.235546,0.118949,0.033515,-0.127500,0.048270
1760,-7.760462,1.168630,2.335908,0.467182,0.265908,1.000000,2.500000,0.650000,0.161501,0.120832,0.097456,0.002598,0.104506,0.005644,0.066967,0.233933,0.119221,0.034322,-0.126385,0.046825
1761,-7.705953,1.136398,2.554570,0.510914,0.285811,1.000000,2.500000,0.650000,0.162261,0.121993,0.099892,0.000679,0.102642,0.004986,0.066283,0.237315,0.119369,0.034159,-0.127804,0.046526
1762,-7.619577,0.987773,2.858748,0.571750,0.276338,1.000000,2.500000,0.650000,0.160861,0.120175,0.097964,0.001190,0.106996,0.006731,0.065101,0.239251,0.119739,0.033448,-0.127219,0.047358
1763,-7.701110,1.166454,2.511550,0.502310,0.277424,1.000000,2.500000,0.650000,0.160022,0.122406,0.102881,0.000324,0.101276,0.006321,0.067536,0.238436,0.118241,0.035451,-0.122757,0.047898
1764,-7.726681,1.180084,2.484006,0.496801,0.273163,1.000000,2.500000,0.650000,0.162883,0.122421,0.097628,0.000029,0.101778,0.009418,0.064641,0.238463,0.118772,0.033959,-0.127063,0.047412
1765,-7.704625,1.119635,2.563639,0.512728,0.264845,1.000000,2.500000,0.650000,0.161893,0.120000,0.098917,0.000532,0.100716,0.006595,0.064479,0.237045,0.119963,0.034005,-0.127153,0.048856
1766,-7.575627,0.975631,3.019117,0.603823,0.281518,1.000000,2.500000,0.650000,0.160006,0.121812,0.102391,0.000259,0.101529,0.008088,0.067841,0.238390,0.119342,0.034616,-0.124097,0.048334
1767,-8.035587,1.791654,1.598413,0.319683,0.272741,1.000000,2.500000,0.650000,0.162535,0.120029,0.098413,0.000003,0.102138,0.004981,0.065671,0.239861,0.119813,0.033604,-0.128873,0.046949
1768,-7.792328,1.273517,2.273620,0.454724,0.275890,1.000000,2.500000,0.650000,0.162764,0.120171,0.098166,0.000000,0.103930,0.005988,0.065135,0.237590,0.119845,0.034456,-0.126069,0.048199
1769,-8.062439,1.945703,1.458413,0.291683,0.281205,1.000000,2.500000,0.650000,0.160179,0.122338,0.097508,0.000006,0.104444,0.004677,0.066450,0.234448,0.119735,0.032840,-0.129595,0.047198
1770,-7.733233,1.178473,2.453189,0.490638,0.269117,1.000000,2.500000,0.650000,0.160728,0.120015,0.099357,0.000298,0.101930,0.005684,0.066815,0.239976,0.119462,0.034931,-0.123953,0.049356
1771,-7.646654,1.042233,2.776162,0.555232,0.276094,1.000000,2.500000,0.650000,0.161994,0.120047,0.100187,0.000180,0.103522,0.009339,0.065729,0.239883,0.119289,0.033835,-0.125026,0.048014
1772,-7.609685,0.998995,2.920869,0.584174,0.284038,1.000000,2.500000,0.650000,0.161078,0.124036,0.104373,0.001659,0.100762,0.007042,0.068422,0.239958,0.118883,0.034080,-0.125632,0.046655
1773,-7.707607,1.106537,2.558505,0.511701,0.278544,1.000000,2.500000,0.650000,0.161130,0.120415,0.102045,0.000871,0.105017,0.005734,0.068540,0.233300,0.119976,0.033299,-0.125624,0.047834
1774,-8.020233,1.729887,1.623257,0.324651,0.270396,1.000000,2.500000,0.650000,0.161941,0.120528,0.100355,0.001195,0.102141,0.008369,0.064204,0.232293,0.119251,0.031327,-0.124362,0.048027
1775,-7.672672,1.090283,2.686426,0.537285,0.267204,1.000000,2.500000,0.650000,0.161221,0.121104,0.099820,0.000271,0.103803,0.009227,0.067819,0.238170,0.119642,0.034124,-0.128458,0.047847
1776,-7.661559,1.066037,2.702933,0.540587,0.273829,1.000000,2.500000,0.650000,0.160027,0.120051,0.100766,0.000847,0.105168,0.007338,0.068964,0.239992,0.119127,0.035424,-0.125996,0.047113
1777,-7.767195,1.239532,2.334319,0.466864,0.284715,1.000000,2.500000,0.650000,0.163288,0.120797,0.101209,0.000272,0.103239,0.005265,0.068805,0.237920,0.119744,0.034394,-0.130067,0.047036
1778,-7.674854,1.081145,2.677698,0.535540,0.273290,1.000000,2.500000,0.650000,0.161352,0.120042,0.099441,0.000032,0.104082,0.005498,0.066835,0.239797,0.119364,0.035876,-0.123737,0.048021
1779,-7.616934,0.986308,2.848968,0.569794,0.273032,1.000000,2.500000,0.650000,0.160041,0.120869,0.099479,0.000061,0.104847,0.006508,0.067086,0.239765,0.119784,0.034755,-0.126860,0.048701
1780,-8.019527,1.754334,1.641557,0.328311,0.265213,1.000000,2.500000,0.650000,0.160015,0.120004,0.101083,0.001669,0.103743,0.009791,0.066513,0.236330,0.118995,0.033837,-0.123707,0.046874
1781,-7.754509,1.232164,2.415705,0.483141,0.282998,1.000000,2.500000,0.650000,0.160584,0.121388,0.100991,0.000041,0.100472,0.008446,0.065814,0.239565,0.118279,0.034600,-0.123047,0.048060
1782,-7.807429,1.279660,2.170065,0.434013,0.273185,1.000000,2.500000,0.650000,0.160008,0.120125,0.098748,0.000029,0.106802,0.009951,0.067960,0.235444,0.119850,0.034214,-0.126541,0.046449
1783,-7.900875,1.488873,1.952886,0.390577,0.273266,1.000000,2.500000,0.650000,0.160560,0.120408,0.100559,0.000245,0.104104,0.007867,0.069273,0.239875,0.119560,0.033896,-0.124119,0.048699
1784,-7.586559,0.954458,2.957142,0.591428,0.278776,1.000000,2.500000,0.650000,0.160171,0.120379,0.103324,0.002252,0.107254,0.003892,0.069562,0.239491,0.119137,0.036079,-0.122171,0.047450
1785,-7.871865,1.422558,2.032723,0.406545,0.271927,1.000000,2.500000,0.650000,0.163952,0.120201,0.100077,0.000296,0.105081,0.005520,0.069009,0.237952,0.119650,0.035672,-0.127263,0.048048
1786,-7.652203,1.087635,2.760354,0.552071,0.283504,1.000000,2.500000,0.650000,0.160063,0.120342,0.103483,0.000034,0.101281,0.008190,0.069964,0.239330,0.118142,0.034438,-0.125172,0.047838
1787,-7.604829,1.006307,2.916210,0.583242,0.279741,1.000000,2.500000,0.650000,0.160174,0.122465,0.103249,0.000563,0.103258,0.009737,0.068841,0.239813,0.119052,0.034572,-0.127230,0.047907
1788,-7.635049,1.025361,2.768877,0.553775,0.279513,1.000000,2.500000,0.650000,0.162495,0.121268,0.100958,0.001479,0.102851,0.004823,0.066197,0.239955,0.119960,0.034968,-0.127931,0.047962
1789,-7.608289,0.999665,2.923705,0.584741,0.270889,1.000000,2.500000,0.650000,0.160026,0.120000,0.100861,0.000001,0.100964,0.007148,0.066259,0.236708,0.118871,0.034666,-0.128293,0.049051
1790,-7.648999,1.039497,2.746510,0.549302,0.288733,1.000000,2.500000,0.650000,0.160388,0.120443,0.100356,0.000331,0.106048,0.005968,0.066455,0.239970,0.118912,0.034916,-0.124817,0.045906
1791,-7.749714,1.213397,2.390837,0.478167,0.275729,1.000000,2.500000,0.650000,0.160227,0.122470,0.100047,0.000127,0.103411,0.007590,0.067364,0.239196,0.119789,0.035085,-0.128272,0.047414
1792,-7.638878,1.061450,2.774065,0.554813,0.289741,1.000000,2.500000,0.650000,0.160801,0.122620,0.102744,0.000032,0.101095,0.008473,0.068758,0.237143,0.119630,0.035127,-0.126860,0.048294
1793,-7.683646,1.099485,2.609204,0.521841,0.284882,1.000000,2.500000,0.650000,0.160619,0.121020,0.105162,0.001137,0.105087,0.005667,0.069618,0.239900,0.118148,0.034580,-0.125335,0.046999
1794,-7.731421,1.148133,2.470659,0.494132,0.268914,1.000000,2.500000,0.650000,0.160343,0.120731,0.103417,0.003248,0.105657,0.005888,0.069989,0.239393,0.118710,0.033585,-0.121958,0.046339
1795,-7.669373,1.089438,2.691684,0.538337,0.280644,1.000000,2.500000,0.650000,0.160001,0.121724,0.106125,0.001702,0.102962,0.005782,0.069956,0.238629,0.119359,0.037406,-0.121715,0.046850
1796,-7.769775,1.237295,2.333383,0.466677,0.265135,1.000000,2.500000,0.650000,0.160171,0.120596,0.103205,0.000748,0.103386,0.006094,0.068668,0.239102,0.119984,0.033780,-0.124364,0.049665
1797,-7.711472,1.145385,2.522588,0.504518,0.282808,1.000000,2.500000,0.650000,0.160001,0.124426,0.104289,0.000013,0.100546,0.005663,0.069609,0.239516,0.118132,0.038139,-0.124784,0.047867
1798,-8.035612,1.811580,1.613375,0.322675,0.284737,1.000000,2.500000,0.650000,0.161539,0.121741,0.102403,0.000358,0.105371,0.006504,0.069523,0.239949,0.118271,0.036571,-0.124589,0.046342
1799,-7.803923,1.316199,2.254370,0.450874,0.280723,1.000000,2.500000,0.650000,0.161572,0.120036,0.102470,0.000029,0.103557,0.008224,0.069744,0.239791,0.119013,0.035965,-0.125359,0.048060
1800,-7.901772,1.530310,1.873292,0.374658,0.282137,1.000000,2.500000,0.650000,0.161294,0.121410,0.102167,0.002401,0.103143,0.005155,0.069225,0.239947,0.119508,0.033734,-0.124617,0.047965
1801,-7.756975,1.228641,2.391586,0.478317,0.278687,1.000000,2.500000,0.650000,0.160341,0.126634,0.104365,0.005308,0.103653,0.007574,0.069987,0.239693,0.119846,0.034653,-0.127066,0.046878
1802,-7.581532,0.969296,3.007157,0.601431,0.281011,1.000000,2.500000,0.650000,0.160639,0.122784,0.103409,0.000072,0.102996,0.007099,0.069996,0.239906,0.118917,0.034972,-0.124199,0.049064
1803,-7.709149,1.137838,2.517576,0.503515,0.276772,1.000000,2.500000,0.650000,0.160222,0.120332,0.101738,0.000432,0.107928,0.004116,0.069353,0.239680,0.119465,0.036635,-0.125809,0.046658
1804,-7.916023,1.549370,1.831937,0.366387,0.296885,1.000000,2.500000,0.650000,0.161466,0.127277,0.104549,0.001107,0.101461,0.006373,0.069907,0.239998,0.119977,0.034021,-0.122671,0.048348
1805,-7.648638,1.023571,2.750248,0.550050,0.270048,1.000000,2.500000,0.650000,0.160728,0.120214,0.102129,0.001260,0.105204,0.003998,0.069982,0.235988,0.118501,0.038229,-0.124682,0.048124
1806,-7.682733,1.148990,2.571761,0.514352,0.285535,1.000000,2.500000,0.650000,0.160882,0.121948,0.106344,0.000000,0.105680,0.005924,0.069584,0.237586,0.119120,0.035636,-0.120386,0.047547
1807,-7.689257,1.140367,2.534106,0.506821,0.275420,1.000000,2.500000,0.650000,0.160803,0.120273,0.104044,0.001760,0.101817,0.008366,0.069924,0.239687,0.118370,0.035969,-0.123899,0.046237
1808,-7.645194,1.028331,2.774133,0.554827,0.277278,1.000000,2.500000,0.650000,0.160003,0.120357,0.103848,0.004782,0.108255,0.004554,0.069620,0.239977,0.118977,0.036794,-0.124456,0.046294
1809,-7.618837,1.017528,2.857969,0.571594,0.274469,1.000000,2.500000,0.650000,0.160123,0.123580,0.103426,0.000800,0.099624,0.007324,0.069999,0.239385,0.118313,0.037956,-0.125809,0.047739
1810,-7.669503,1.108118,2.674485,0.534897,0.288604,1.000000,2.500000,0.650000,0.160022,0.122752,0.105019,0.000505,0.102963,0.007871,0.069976,0.238665,0.119736,0.035057,-0.118601,0.047652
1811,-7.674705,1.093756,2.644533,0.528907,0.293371,1.000000,2.500000,0.650000,0.160762,0.120167,0.104816,0.000644,0.105122,0.005196,0.068398,0.239993,0.119279,0.035428,-0.124009,0.047466
1812,-10.000000,,-0.454470,-0.090894,1.286702,0.000000,2.500000,0.650000,0.160008,0.121143,0.103838,0.000468,0.103404,0.004240,0.069956,0.239757,0.118459,0.038335,-0.121655,0.048149
1813,-7.624321,1.000752,2.819104,0.563821,0.264795,1.000000,2.500000,0.650000,0.160101,0.120003,0.103966,0.000263,0.102828,0.005969,0.068567,0.235869,0.119983,0.035771,-0.125310,0.047700
1814,-8.040566,1.805892,1.599315,0.319863,0.280204,1.000000,2.500000,0.650000,0.160028,0.121706,0.101380,0.002628,0.104758,0.006823,0.069267,0.239305,0.119835,0.035394,-0.126528,0.046288
1815,-8.103322,2.080202,1.424790,0.284958,0.283773,1.000000,2.500000,0.650000,0.160006,0.121426,0.105283,0.000186,0.099871,0.007270,0.069993,0.238769,0.116850,0.038379,-0.122462,0.046043
1816,-7.705349,1.139744,2.556104,0.511221,0.279965,1.000000,2.500000,0.650000,0.160015,0.120002,0.102898,0.000406,0.108621,0.008229,0.069960,0.239694,0.119955,0.035060,-0.125256,0.047178
1817,-7.653197,1.047648,2.685957,0.537191,0.275964,1.000000,2.500000,0.650000,0.160055,0.122508,0.102776,0.000254,0.105560,0.005882,0.069048,0.239370,0.119648,0.036332,-0.125727,0.047203
1818,-7.671241,1.085103,2.631069,0.526214,0.280758,1.000000,2.500000,0.650000,0.160392,0.123608,0.101273,0.000036,0.106160,0.006832,0.069780,0.235091,0.119028,0.038370,-0.125866,0.046110
1819,-7.576617,0.968729,2.991504,0.598301,0.258698,1.000000,2.500000,0.650000,0.160072,0.120453,0.100113,0.000002,0.103480,0.006890,0.069911,0.238994,0.119996,0.036553,-0.125661,0.047674
1820,-8.132104,2.189945,1.319328,0.263866,0.263256,1.000000,2.500000,0.650000,0.161242,0.121522,0.104096,0.001113,0.102747,0.007203,0.069454,0.239889,0.118255,0.038578,-0.125757,0.047300
1821,-7.654420,1.047191,2.709951,0.541990,0.286902,1.000000,2.500000,0.650000,0.160106,0.123224,0.101028,0.000541,0.105574,0.005363,0.067450,0.238323,0.119093,0.037004,-0.127093,0.048166
1822,-8.215674,2.342413,1.233474,0.246695,0.287511,1.000000,2.500000,0.650000,0.160634,0.122901,0.105073,0.002174,0.104013,0.007449,0.068606,0.239673,0.119875,0.036420,-0.123114,0.047012
1823,-8.132274,2.120278,1.354608,0.270922,0.311024,1.000000,2.500000,0.650000,0.160691,0.120905,0.104529,0.000595,0.104163,0.004993,0.069365,0.239894,0.119434,0.039230,-0.125169,0.046662
1824,-7.665166,1.100798,2.745592,0.549118,0.287647,1.000000,2.500000,0.650000,0.160001,0.121351,0.105354,0.000302,0.103357,0.007321,0.069610,0.238500,0.118188,0.035503,-0.124520,0.046804
1825,-7.767400,1.281191,2.312679,0.462536,0.294484,1.000000,2.500000,0.650000,0.160478,0.123243,0.101189,0.000048,0.103662,0.007281,0.069999,0.239880,0.119979,0.037276,-0.122566,0.048459
1826,-8.064318,1.889945,1.523447,0.304689,0.290037,1.000000,2.500000,0.650000,0.162746,0.120349,0.102955,0.001807,0.103689,0.008751,0.068663,0.236500,0.118261,0.036660,-0.124311,0.047635
1827,-7.652907,1.065894,2.767144,0.553429,0.267557,1.000000,2.500000,0.650000,0.162332,0.120889,0.101424,0.001290,0.104221,0.008965,0.069937,0.239474,0.119758,0.035650,-0.123128,0.048279
1828,-7.685490,1.111057,2.632297,0.526459,0.268191,1.000000,2.500000,0.650000,0.160007,0.120042,0.100407,0.000080,0.102049,0.008879,0.066746,0.238351,0.118950,0.035470,-0.125801,0.049265
1829,-9.986124,1.749302,1.387588,0.277518,0.746171,0.000000,2.500000,0.650000,0.161085,0.120164,0.102169,0.000013,0.107524,0.003977,0.069595,0.237756,0.119936,0.038258,-0.124715,0.047859
1830,-7.527539,0.890117,3.201095,0.640219,0.274962,1.000000,2.500000,0.650000,0.161299,0.120414,0.100538,0.000013,0.105981,0.005947,0.068063,0.239858,0.120000,0.038581,-0.125969,0.049300
1831,-7.666390,1.074865,2.685917,0.537183,0.273650,1.000000,2.500000,0.650000,0.160052,0.120529,0.102613,0.000441,0.104787,0.004474,0.069779,0.239249,0.119984,0.036871,-0.125068,0.047931
1832,-7.581626,0.943473,2.989311,0.597862,0.261589,1.000000,2.500000,0.650000,0.161791,0.122509,0.099413,0.001940,0.109572,0.005923,0.069843,0.239615,0.119983,0.036247,-0.125362,0.048174
1833,-7.714380,1.166176,2.524636,0.504927,0.273026,1.000000,2.500000,0.650000,0.161551,0.120180,0.100148,0.000083,0.103793,0.007418,0.068202,0.238626,0.119849,0.035432,-0.126980,0.047950
1834,-7.980258,1.699293,1.634502,0.326900,0.304220,1.000000,2.500000,0.650000,0.160237,0.120000,0.099704,0.000943,0.106176,0.007314,0.069148,0.239939,0.119448,0.037207,-0.127945,0.046834
1835,-7.642123,1.028803,2.796972,0.559394,0.274658,1.000000,2.500000,0.650000,0.160782,0.120900,0.099467,0.000393,0.104851,0.007230,0.068463,0.236354,0.119876,0.033953,-0.127423,0.046444
1836,-7.773465,1.237080,2.337083,0.467417,0.279046,1.000000,2.500000,0.650000,0.160008,0.120434,0.100267,0.000220,0.104756,0.007357,0.069043,0.235014,0.119997,0.034185,-0.125288,0.048043
1837,-7.708171,1.127380,2.538809,0.507762,0.268311,1.000000,2.500000,0.650000,0.160035,0.120819,0.103628,0.000174,0.102395,0.005775,0.069440,0.239858,0.119698,0.036440,-0.124763,0.048442
1838,-7.738617,1.228429,2.349423,0.469885,0.269784,1.000000,2.500000,0.650000,0.163152,0.122346,0.099904,0.000306,0.105824,0.006810,0.069395,0.239929,0.119946,0.039228,-0.124352,0.048600
1839,-7.610588,0.982913,2.890560,0.578112,0.259654,1.000000,2.500000,0.650000,0.161158,0.120000,0.099731,0.001686,0.108664,0.005372,0.069248,0.239934,0.119998,0.034208,-0.127745,0.049253
1840,-7.632059,1.022582,2.806633,0.561327,0.270587,1.000000,2.500000,0.650000,0.160715,0.121094,0.100683,0.000609,0.101792,0.005836,0.068097,0.237008,0.119971,0.037310,-0.121510,0.049282
1841,-7.687454,1.138647,2.618087,0.523617,0.285550,1.000000,2.500000,0.650000,0.165514,0.121033,0.103025,0.000000,0.102788,0.005891,0.069853,0.239408,0.119978,0.038153,-0.124665,0.048748
1842,-7.583235,0.978683,2.993657,0.598731,0.273667,1.000000,2.500000,0.650000,0.160439,0.120044,0.098038,0.000011,0.103511,0.006961,0.067747,0.239512,0.119168,0.036169,-0.125873,0.047434
1843,-7.576932,0.942652,3.000837,0.600167,0.268055,1.000000,2.500000,0.650000,0.161804,0.120797,0.099107,0.001809,0.106363,0.004558,0.068881,0.237332,0.119993,0.038553,-0.123774,0.047964
1844,-7.987424,1.772787,1.641521,0.328304,0.288324,1.000000,2.500000,0.650000,0.161200,0.120177,0.098183,0.000220,0.108314,0.005846,0.069860,0.239991,0.119876,0.035451,-0.125177,0.048543
1845,-7.630802,1.037222,2.840848,0.568170,0.257709,1.000000,2.500000,0.650000,0.163397,0.120170,0.099177,0.000284,0.107290,0.007603,0.069614,0.239985,0.119402,0.037452,-0.126282,0.049553
1846,-7.952413,1.681009,1.767970,0.353594,0.285822,1.000000,2.500000,0.650000,0.163104,0.122788,0.098836,0.000420,0.111168,0.005317,0.069737,0.239816,0.119117,0.037598,-0.128143,0.049785
1847,-7.781843,1.300211,2.277507,0.455501,0.282810,1.000000,2.500000,0.650000,0.162021,0.120877,0.100943,0.000000,0.108696,0.002336,0.069531,0.239880,0.118542,0.037872,-0.124247,0.047740
1848,-8.079724,1.932187,1.475625,0.295125,0.266386,1.000000,2.500000,0.650000,0.160017,0.121017,0.098812,0.000328,0.105681,0.007584,0.069969,0.239644,0.119999,0.035790,-0.125849,0.048072
1849,-7.626862,1.003027,2.830442,0.566088,0.271545,1.000000,2.500000,0.650000,0.162458,0.120026,0.097684,0.000518,0.103095,0.005633,0.067489,0.235653,0.119913,0.036877,-0.124412,0.047761
1850,-7.575484,0.938511,2.999848,0.599970,0.275764,1.000000,2.500000,0.650000,0.160245,0.120000,0.097062,0.000927,0.106288,0.006069,0.069344,0.239503,0.119675,0.036828,-0.124947,0.049654
1851,-7.643845,1.049069,2.752618,0.550524,0.277193,1.000000,2.500000,0.650000,0.160239,0.120003,0.100548,0.000120,0.106344,0.003904,0.069606,0.239561,0.119877,0.038277,-0.124836,0.047820
1852,-7.667313,1.044812,2.652899,0.530580,0.281148,1.000000,2.500000,0.650000,0.160768,0.120423,0.096000,0.000495,0.109999,0.004024,0.069590,0.236547,0.119208,0.037276,-0.124410,0.048094
1853,-7.801200,1.286859,2.187373,0.437475,0.276414,1.000000,2.500000,0.650000,0.160274,0.120037,0.099441,0.000259,0.106114,0.005019,0.069998,0.239993,0.119910,0.037439,-0.125424,0.047455
1854,-7.710880,1.110935,2.543870,0.508774,0.268001,1.000000,2.500000,0.650000,0.164164,0.120036,0.098380,0.001612,0.104562,0.007260,0.068047,0.234692,0.119801,0.037269,-0.125303,0.046962
1855,-7.630299,1.017652,2.763080,0.552616,0.267377,1.000000,2.500000,0.650000,0.160231,0.120093,0.100392,0.000192,0.104212,0.004393,0.069837,0.239948,0.119945,0.037758,-0.123161,0.048630
1856,-7.746238,1.186619,2.384772,0.476954,0.286645,1.000000,2.500000,0.650000,0.160046,0.120232,0.101467,0.000380,0.107513,0.006637,0.069511,0.237137,0.119918,0.036312,-0.124111,0.047664
1857,-7.731842,1.183967,2.471339,0.494268,0.273542,1.000000,2.500000,0.650000,0.161888,0.121579,0.098892,0.000886,0.104918,0.006285,0.069992,0.239952,0.119894,0.036589,-0.124819,0.047405
1858,-7.560910,0.924984,3.077892,0.615578,0.260414,1.000000,2.500000,0.650000,0.162834,0.120217,0.101576,0.000874,0.106043,0.006712,0.069645,0.236631,0.119811,0.036253,-0.120458,0.049203
1859,-7.676770,1.086706,2.661656,0.532331,0.279883,1.000000,2.500000,0.650000,0.161024,0.120270,0.101285,0.000901,0.108344,0.007146,0.066834,0.239200,0.119937,0.034879,-0.125912,0.048529
1860,-7.640478,1.044875,2.798908,0.559782,0.267436,1.000000,2.500000,0.650000,0.162927,0.120089,0.099412,0.000009,0.105630,0.007809,0.069866,0.237828,0.119977,0.037011,-0.119680,0.049818
1861,-7.739323,1.205544,2.464716,0.492943,0.288322,1.000000,2.500000,0.650000,0.162581,0.122520,0.102194,0.000309,0.103893,0.008253,0.069921,0.239997,0.119245,0.036754,-0.122960,0.047433
1862,-7.649151,1.048597,2.774061,0.554812,0.269821,1.000000,2.500000,0.650000,0.160007,0.120037,0.101874,0.000161,0.103853,0.008952,0.069542,0.235209,0.119872,0.037093,-0.122826,0.049587
1863,-7.659427,1.046140,2.694135,0.538827,0.258098,1.000000,2.500000,0.650000,0.160267,0.120006,0.097312,0.002332,0.104485,0.004388,0.069994,0.239982,0.119917,0.037761,-0.124299,0.049298
1864,-7.996634,1.725314,1.692141,0.338428,0.272638,1.000000,2.500000,0.650000,0.161129,0.121512,0.099174,0.000000,0.107757,0.008829,0.069980,0.239709,0.119899,0.035476,-0.124347,0.048969
1865,-7.674891,1.075422,2.649852,0.529970,0.272407,1.000000,2.500000,0.650000,0.160121,0.120030,0.098408,0.000105,0.104976,0.006945,0.069056,0.239937,0.119996,0.036787,-0.125521,0.048124
1866,-8.505980,3.359753,0.836922,0.167384,0.276268,1.000000,2.500000,0.650000,0.162987,0.121697,0.097482,0.001683,0.106288,0.007225,0.066829,0.234630,0.119889,0.034741,-0.121444,0.049608
1867,-7.771226,1.269028,2.364891,0.472978,0.269957,1.000000,2.500000,0.650000,0.164080,0.122454,0.102863,0.000022,0.102669,0.009123,0.069911,0.239817,0.119655,0.036675,-0.122090,0.048792
1868,-7.742506,1.168576,2.441832,0.488366,0.272399,1.000000,2.500000,0.650000,0.163486,0.122459,0.100085,0.000692,0.107787,0.005718,0.067897,0.232953,0.119787,0.034421,-0.122430,0.048978
1869,-7.773388,1.232736,2.331960,0.466392,0.266732,1.000000,2.500000,0.650000,0.160568,0.120089,0.100619,0.000519,0.102264,0.009516,0.069624,0.235354,0.119696,0.035517,-0.123074,0.049456
1870,-7.645125,1.026764,2.760699,0.552140,0.262472,1.000000,2.500000,0.650000,0.162791,0.122188,0.097299,0.002006,0.106712,0.008437,0.068590,0.234309,0.119976,0.035522,-0.123312,0.048954
1871,-7.755584,1.177529,2.395251,0.479050,0.273322,1.000000,2.500000,0.650000,0.163366,0.125092,0.096718,0.004651,0.107341,0.006960,0.069851,0.239955,0.119332,0.038312,-0.116304,0.049876
1872,-7.662958,1.033183,2.691573,0.538315,0.264002,1.000000,2.500000,0.650000,0.160024,0.122687,0.098764,0.001979,0.107540,0.005796,0.068589,0.234419,0.119873,0.034575,-0.123273,0.048329
1873,-7.726217,1.131289,2.473286,0.494657,0.266081,1.000000,2.500000,0.650000,0.162456,0.120294,0.099084,0.002562,0.107087,0.003503,0.068943,0.237508,0.119630,0.038544,-0.118614,0.049595
1874,-7.585421,0.967458,2.976688,0.595338,0.253134,1.000000,2.500000,0.650000,0.160012,0.120507,0.098302,0.001067,0.101972,0.007627,0.069318,0.239331,0.118760,0.035223,-0.124659,0.049900
1875,-7.636261,1.022179,2.795093,0.559019,0.261597,1.000000,2.500000,0.650000,0.160784,0.120156,0.100535,0.000030,0.102191,0.007907,0.069909,0.234151,0.119953,0.035378,-0.120578,0.049966
1876,-7.734089,1.180877,2.494167,0.498833,0.273099,1.000000,2.500000,0.650000,0.160781,0.120298,0.102625,0.000241,0.103193,0.008588,0.067651,0.239548,0.119544,0.036848,-0.121293,0.049696
1877,-9.984736,1.744770,1.526401,0.305280,0.488691,0.000000,2.500000,0.650000,0.162855,0.120000,0.102871,0.000338,0.104720,0.008620,0.069046,0.239940,0.118864,0.037757,-0.118955,0.049286
1878,-8.053207,1.857732,1.571523,0.314305,0.280536,1.000000,2.500000,0.650000,0.161910,0.120022,0.099993,0.000003,0.107705,0.009131,0.069280,0.236890,0.119958,0.035060,-0.121414,0.049219
1879,-7.638243,1.042173,2.792860,0.558572,0.261538,1.000000,2.500000,0.650000,0.162787,0.120075,0.099286,0.000316,0.105055,0.007966,0.069389,0.238836,0.119978,0.038045,-0.121514,0.049568
1880,-7.773217,1.240147,2.339942,0.467988,0.270407,1.000000,2.500000,0.650000,0.161062,0.121394,0.099872,0.000000,0.103763,0.007169,0.069330,0.237408,0.119941,0.035751,-0.125849,0.049131
1881,-7.576514,0.954818,3.020424,0.604085,0.256732,1.000000,2.500000,0.650000,0.162551,0.120980,0.096537,0.000165,0.110187,0.008905,0.067674,0.237506,0.119937,0.034960,-0.121261,0.049823
1882,-7.775826,1.222608,2.305909,0.461182,0.263676,1.000000,2.500000,0.650000,0.160075,0.120356,0.096963,0.000114,0.106422,0.009027,0.067484,0.237371,0.119990,0.035686,-0.122554,0.049664
1883,-7.606063,0.963699,2.893988,0.578798,0.268239,1.000000,2.500000,0.650000,0.162013,0.121814,0.098276,0.001518,0.104213,0.006787,0.067001,0.234653,0.119503,0.034579,-0.121794,0.049999
1884,-7.980479,1.600787,1.695155,0.339031,0.271834,1.000000,2.500000,0.650000,0.161445,0.120867,0.097304,0.002158,0.104449,0.008027,0.067737,0.231650,0.119995,0.036098,-0.124180,0.048560
1885,-7.678731,1.063905,2.615807,0.523161,0.256563,1.000000,2.500000,0.650000,0.160230,0.120000,0.098254,0.002497,0.101590,0.007278,0.067332,0.232827,0.118581,0.036257,-0.121859,0.049949
1886,-7.683743,1.097089,2.631512,0.526302,0.257605,1.000000,2.500000,0.650000,0.160094,0.121313,0.096741,0.000333,0.106681,0.010364,0.067581,0.236370,0.118519,0.033558,-0.123129,0.049320
1887,-7.744087,1.186789,2.426383,0.485277,0.264307,1.000000,2.500000,0.650000,0.163295,0.122258,0.096000,0.000253,0.108944,0.007981,0.067155,0.235356,0.118772,0.034388,-0.124969,0.049872
1888,-7.592830,0.962259,2.963284,0.592657,0.257110,1.000000,2.500000,0.650000,0.163913,0.120604,0.096862,0.001525,0.108702,0.007311,0.069146,0.236013,0.119982,0.036722,-0.119681,0.049995
1889,-7.570018,0.935359,3.042831,0.608566,0.255299,1.000000,2.500000,0.650000,0.161626,0.120000,0.096890,0.000149,0.105722,0.007795,0.069408,0.235540,0.119412,0.034728,-0.123565,0.049400
1890,-7.664022,1.072098,2.698055,0.539611,0.268887,1.000000,2.500000,0.650000,0.163309,0.121313,0.097922,0.000019,0.107232,0.005494,0.069911,0.239486,0.119999,0.036792,-0.123613,0.048978
1891,-7.788677,1.317343,2.281408,0.456282,0.293269,1.000000,2.500000,0.650000,0.162423,0.120002,0.104421,0.000554,0.102396,0.007532,0.069924,0.237389,0.119695,0.035457,-0.120612,0.049592
1892,-7.677943,1.079474,2.628365,0.525673,0.286663,1.000000,2.500000,0.650000,0.160930,0.120288,0.098388,0.000425,0.104691,0.007222,0.069994,0.238019,0.119497,0.037346,-0.119698,0.049762
1893,-7.749906,1.201967,2.372666,0.474533,0.272493,1.000000,2.500000,0.650000,0.161733,0.122603,0.098417,0.000037,0.106817,0.005601,0.069431,0.236113,0.119963,0.034099,-0.122998,0.049544
1894,-7.796449,1.267056,2.241455,0.448291,0.267657,1.000000,2.500000,0.650000,0.160069,0.120309,0.096306,0.000584,0.110757,0.005225,0.069996,0.239930,0.119407,0.036582,-0.122630,0.048404
1895,-7.694876,1.088836,2.575600,0.515120,0.267142,1.000000,2.500000,0.650000,0.160608,0.120000,0.096001,0.000715,0.109119,0.007050,0.068133,0.237828,0.119791,0.032592,-0.126645,0.049996
1896,-7.606022,0.964901,2.902162,0.580432,0.256855,1.000000,2.500000,0.650000,0.160857,0.120065,0.097887,0.000021,0.104331,0.010043,0.067296,0.233634,0.119984,0.035217,-0.122128,0.049994
1897,-7.620507,0.983674,2.823375,0.564675,0.276405,1.000000,2.500000,0.650000,0.164444,0.120288,0.099878,0.000429,0.107214,0.005960,0.066624,0.232793,0.119963,0.036733,-0.124013,0.049773
1898,-7.891844,1.510593,1.920514,0.384103,0.274249,1.000000,2.500000,0.650000,0.165218,0.122151,0.096476,0.002846,0.107254,0.007317,0.067252,0.237706,0.119365,0.036417,-0.121139,0.049803
1899,-7.561054,0.911997,3.091514,0.618303,0.257607,1.000000,2.500000,0.650000,0.163000,0.121150,0.098138,0.000346,0.106455,0.004863,0.069970,0.231400,0.119574,0.034785,-0.120473,0.049913
1900,-7.519231,0.855119,3.234067,0.646813,0.256860,1.000000,2.500000,0.650000,0.163252,0.120461,0.096363,0.000452,0.108371,0.007684,0.068870,0.230176,0.119992,0.036080,-0.121490,0.049664
1901,-7.577723,0.946390,3.006872,0.601374,0.264662,1.000000,2.500000,0.650000,0.160862,0.124111,0.099818,0.002761,0.101416,0.008723,0.069217,0.239490,0.119877,0.037840,-0.119343,0.049497
1902,-7.610470,0.961464,2.871228,0.574246,0.256581,1.000000,2.500000,0.650000,0.160633,0.121188,0.096304,0.002406,0.099965,0.007342,0.069845,0.237257,0.119804,0.036751,-0.123578,0.049937
1903,-7.650665,1.048624,2.745443,0.549089,0.264905,1.000000,2.500000,0.650000,0.165649,0.120339,0.098880,0.001602,0.107706,0.005009,0.067659,0.239655,0.119998,0.038390,-0.119661,0.049574
1904,-7.792527,1.210716,2.217420,0.443484,0.267334,1.000000,2.500000,0.650000,0.163710,0.120703,0.098377,0.001491,0.106790,0.004583,0.069908,0.226304,0.119970,0.035464,-0.123597,0.048972
1905,-7.949822,1.633366,1.670089,0.334018,0.273580,1.000000,2.500000,0.650000,0.164155,0.120002,0.097805,0.000095,0.106624,0.006052,0.069001,0.234926,0.119995,0.036319,-0.125148,0.049589
1906,-8.321275,2.654971,1.026736,0.205347,0.265194,1.000000,2.500000,0.650000,0.160056,0.120945,0.096229,0.000146,0.107856,0.009287,0.069323,0.227835,0.119008,0.033360,-0.117605,0.049567
1907,-7.586419,0.954680,2.987988,0.597598,0.266030,1.000000,2.500000,0.650000,0.163228,0.123401,0.098768,0.000640,0.101917,0.007790,0.066386,0.232560,0.119566,0.037968,-0.120895,0.049366
1908,-7.621645,1.005970,2.832101,0.566420,0.261157,1.000000,2.500000,0.650000,0.161522,0.122409,0.099797,0.000068,0.103423,0.006827,0.068960,0.232370,0.119542,0.036409,-0.123605,0.049978
1909,-7.655182,1.025579,2.739508,0.547902,0.280099,1.000000,2.500000,0.650000,0.165689,0.126995,0.096432,0.001799,0.109876,0.006154,0.069256,0.230315,0.119930,0.034408,-0.118697,0.049982
1910,-7.678264,1.083970,2.660212,0.532042,0.259474,1.000000,2.500000,0.650000,0.161057,0.120650,0.101130,0.000179,0.100100,0.007684,0.068921,0.235122,0.119982,0.035107,-0.123062,0.049495
1911,-7.643254,1.022751,2.710125,0.542025,0.269205,1.000000,2.500000,0.650000,0.162901,0.123352,0.098432,0.002809,0.102497,0.006392,0.069903,0.233785,0.119920,0.037151,-0.120270,0.050000
1912,-7.648672,1.070785,2.642491,0.528498,0.263625,1.000000,2.500000,0.650000,0.164254,0.120018,0.099007,0.000523,0.108306,0.006007,0.069954,0.232391,0.119893,0.036576,-0.121770,0.048991
1913,-7.653940,1.001619,2.699576,0.539915,0.260928,1.000000,2.500000,0.650000,0.160181,0.120510,0.096230,0.000638,0.106559,0.004958,0.069580,0.228529,0.119630,0.035406,-0.124305,0.049716
1914,-7.595053,0.965689,2.908736,0.581747,0.277051,1.000000,2.500000,0.650000,0.162239,0.123410,0.096591,0.000000,0.101138,0.007597,0.068335,0.231599,0.119334,0.034381,-0.124948,0.047444
1915,-7.596085,0.983652,2.892714,0.578543,0.263221,1.000000,2.500000,0.650000,0.166234,0.120316,0.099081,0.001444,0.105438,0.009371,0.067500,0.233327,0.119660,0.036419,-0.120035,0.049378
1916,-7.609022,0.972316,2.890512,0.578102,0.259879,1.000000,2.500000,0.650000,0.160003,0.123165,0.100687,0.001499,0.100147,0.007059,0.067725,0.233419,0.119994,0.037731,-0.125839,0.049645
1917,-7.749686,1.182651,2.421973,0.484395,0.268260,1.000000,2.500000,0.650000,0.165519,0.125701,0.098616,0.001898,0.101529,0.010894,0.066463,0.226704,0.119073,0.036404,-0.119025,0.049858
1918,-7.668287,1.058315,2.683323,0.536665,0.265190,1.000000,2.500000,0.650000,0.160019,0.121293,0.098358,0.000410,0.102986,0.007692,0.067310,0.230823,0.119817,0.036730,-0.121966,0.049568
1919,-7.647475,1.021671,2.759188,0.551838,0.273055,1.000000,2.500000,0.650000,0.160119,0.125430,0.097202,0.000666,0.101436,0.008513,0.067058,0.233664,0.119777,0.035666,-0.124732,0.049618
1920,-7.763602,1.216865,2.372746,0.474549,0.279047,1.000000,2.500000,0.650000,0.161013,0.129282,0.096890,0.001572,0.104126,0.009336,0.065594,0.239553,0.119942,0.036682,-0.121392,0.047523
1921,-9.318329,6.933512,0.369923,0.073985,0.275685,1.000000,2.500000,0.650000,0.160702,0.122362,0.096463,0.004858,0.101033,0.006256,0.064563,0.228129,0.119496,0.036336,-0.121801,0.049961
1922,-7.742238,1.177472,2.415418,0.483084,0.265204,1.000000,2.500000,0.650000,0.160789,0.122604,0.098837,0.000075,0.101920,0.007428,0.068321,0.232400,0.119202,0.035550,-0.125605,0.048208
1923,-7.767248,1.169155,2.324608,0.464922,0.272353,1.000000,2.500000,0.650000,0.165008,0.121406,0.099019,0.002620,0.101305,0.005883,0.066578,0.229917,0.119951,0.037790,-0.119055,0.049998
1924,-8.164736,2.123714,1.290067,0.258013,0.262850,1.000000,2.500000,0.650000,0.161892,0.120037,0.098344,0.000682,0.098217,0.007399,0.067277,0.226345,0.119996,0.036732,-0.122532,0.049854
1925,-7.796250,1.226085,2.241773,0.448355,0.269279,1.000000,2.500000,0.650000,0.161873,0.125090,0.099218,0.000508,0.099821,0.010218,0.068484,0.232909,0.119770,0.035043,-0.119223,0.049357
1926,-7.592217,0.903178,2.933791,0.586758,0.263088,1.000000,2.500000,0.650000,0.160066,0.120120,0.099613,0.003335,0.098301,0.004902,0.068795,0.227134,0.119989,0.035704,-0.119770,0.048807
1927,-7.643789,1.025897,2.754454,0.550891,0.264832,1.000000,2.500000,0.650000,0.160223,0.120419,0.098258,0.001455,0.104798,0.007088,0.067444,0.230719,0.119782,0.036859,-0.119117,0.048720
1928,-8.231437,2.368528,1.214168,0.242834,0.272541,1.000000,2.500000,0.650000,0.163516,0.124524,0.103336,0.005253,0.099785,0.009073,0.066972,0.233328,0.118689,0.038487,-0.123308,0.049199
1929,-7.600415,0.981338,2.914738,0.582948,0.256601,1.000000,2.500000,0.650000,0.161536,0.122370,0.101432,0.001518,0.101270,0.007178,0.069970,0.237922,0.119848,0.037288,-0.123573,0.049715
1930,-7.619340,0.985788,2.840586,0.568117,0.261744,1.000000,2.500000,0.650000,0.160041,0.120158,0.097711,0.000000,0.106459,0.007824,0.066639,0.233956,0.119899,0.034211,-0.125230,0.049290
1931,-7.909827,1.458745,1.893149,0.378630,0.263395,1.000000,2.500000,0.650000,0.160369,0.120391,0.096691,0.001562,0.106094,0.008998,0.066089,0.232887,0.119985,0.035989,-0.123859,0.049473
1932,-7.633887,1.017573,2.803014,0.560603,0.258394,1.000000,2.500000,0.650000,0.160791,0.120426,0.098870,0.000000,0.103388,0.007026,0.068531,0.234383,0.119503,0.036319,-0.126346,0.049801
1933,-7.649036,1.049099,2.745527,0.549105,0.285819,1.000000,2.500000,0.650000,0.160150,0.130873,0.101969,0.000653,0.097443,0.009141,0.068475,0.236356,0.119993,0.036635,-0.123140,0.049432
1934,-7.616871,0.978105,2.878327,0.575665,0.263728,1.000000,2.500000,0.650000,0.163068,0.120469,0.102036,0.000010,0.105165,0.008496,0.068499,0.228005,0.119734,0.036632,-0.123260,0.049372
1935,-7.830686,1.308166,2.167916,0.433583,0.270812,1.000000,2.500000,0.650000,0.162261,0.127914,0.099121,0.000005,0.100399,0.010544,0.069585,0.230620,0.119986,0.034744,-0.123055,0.049874
1936,-7.618882,0.976494,2.863741,0.572748,0.266402,1.000000,2.500000,0.650000,0.161396,0.124453,0.100323,0.001264,0.098525,0.005745,0.070000,0.232425,0.119801,0.038023,-0.120010,0.049574
1937,-7.815590,1.249014,2.167745,0.433549,0.269292,1.000000,2.500000,0.650000,0.160190,0.127091,0.101923,0.004680,0.098157,0.008155,0.069258,0.227621,0.120000,0.036781,-0.119740,0.049886
1938,-7.708143,1.062111,2.501007,0.500201,0.267165,1.000000,2.500000,0.650000,0.160460,0.123148,0.097419,0.003116,0.104585,0.005462,0.069438,0.226194,0.119580,0.035481,-0.120023,0.048041
1939,-7.669279,1.058342,2.629424,0.525885,0.252358,1.000000,2.500000,0.650000,0.160514,0.120118,0.101646,0.002651,0.097932,0.007211,0.069146,0.226501,0.119933,0.036095,-0.118727,0.049985
1940,-7.795674,1.232873,2.231748,0.446350,0.264778,1.000000,2.500000,0.650000,0.160000,0.123720,0.099484,0.004234,0.097023,0.005468,0.069994,0.233169,0.119997,0.037767,-0.121849,0.048726
1941,-7.614147,0.938110,2.838044,0.567609,0.261007,1.000000,2.500000,0.650000,0.162898,0.120058,0.097906,0.005243,0.103083,0.002747,0.069990,0.229181,0.119463,0.037447,-0.120894,0.049470
1942,-7.525826,0.863178,3.209610,0.641922,0.256767,1.000000,2.500000,0.650000,0.163350,0.121008,0.101267,0.000861,0.101273,0.005593,0.069182,0.222835,0.119811,0.037229,-0.119685,0.049929
1943,-7.724546,1.131754,2.466463,0.493293,0.262783,1.000000,2.500000,0.650000,0.161144,0.120022,0.098725,0.000008,0.103504,0.005148,0.067890,0.229587,0.118821,0.036440,-0.122410,0.049554
1944,-7.713384,1.119552,2.512988,0.502598,0.262867,1.000000,2.500000,0.650000,0.162469,0.120015,0.102879,0.002091,0.101901,0.006367,0.069972,0.231716,0.119999,0.036525,-0.119122,0.048758
1945,-7.594681,0.950219,2.931152,0.586230,0.255482,1.000000,2.500000,0.650000,0.160031,0.121703,0.102143,0.003759,0.099769,0.005484,0.068607,0.235489,0.119964,0.037521,-0.119246,0.049343
1946,-7.632994,0.992939,2.790175,0.558035,0.262979,1.000000,2.500000,0.650000,0.160149,0.120220,0.101404,0.001503,0.098837,0.006420,0.068289,0.230372,0.119312,0.036287,-0.123614,0.049606
1947,-7.616600,0.957477,2.835651,0.567130,0.260740,1.000000,2.500000,0.650000,0.160624,0.120713,0.102602,0.002282,0.103565,0.002463,0.069996,0.227862,0.119668,0.035664,-0.120591,0.047790
1948,-7.714867,1.096126,2.512699,0.502540,0.272042,1.000000,2.500000,0.650000,0.166021,0.122505,0.100278,0.004645,0.102075,0.006025,0.066844,0.227019,0.118440,0.037949,-0.118647,0.049916
1949,-7.598805,0.940385,2.924707,0.584941,0.258359,1.000000,2.500000,0.650000,0.163894,0.120701,0.099110,0.001789,0.103562,0.007794,0.068474,0.224103,0.119179,0.036380,-0.121930,0.049933
1950,-8.022930,1.703814,1.567092,0.313418,0.269340,1.000000,2.500000,0.650000,0.160628,0.120305,0.100855,0.002930,0.102038,0.005488,0.069845,0.224731,0.119580,0.036971,-0.120673,0.049800
1951,-7.574576,0.917068,2.991487,0.598297,0.259404,1.000000,2.500000,0.650000,0.160041,0.124452,0.101018,0.002456,0.099411,0.004655,0.069991,0.227820,0.119791,0.037472,-0.115872,0.049773
1952,-7.616834,1.002070,2.840271,0.568054,0.272701,1.000000,2.500000,0.650000,0.161260,0.122494,0.101080,0.000104,0.101225,0.005735,0.069708,0.228308,0.119902,0.037208,-0.118471,0.048453
1953,-7.661267,1.003594,2.661659,0.532332,0.253869,1.000000,2.500000,0.650000,0.160974,0.123159,0.099340,0.006677,0.097748,0.007516,0.069936,0.230873,0.119804,0.037845,-0.123782,0.049790
1954,-7.718227,1.114526,2.490875,0.498175,0.259975,1.000000,2.500000,0.650000,0.160765,0.121050,0.102109,0.002873,0.100808,0.007222,0.069590,0.228192,0.119934,0.034926,-0.116567,0.048813
1955,-7.560262,0.869568,3.069329,0.613866,0.263711,1.000000,2.500000,0.650000,0.160082,0.124429,0.099495,0.004202,0.099122,0.003988,0.069654,0.229175,0.119692,0.037174,-0.122314,0.048423
1956,-7.929617,1.428048,1.799426,0.359885,0.265448,1.000000,2.500000,0.650000,0.160729,0.120065,0.101006,0.005216,0.100104,0.000129,0.068394,0.219321,0.119032,0.037787,-0.119252,0.049994
1957,-7.650725,0.997545,2.721664,0.544333,0.262316,1.000000,2.500000,0.650000,0.165501,0.121408,0.101418,0.003462,0.101223,0.003800,0.068551,0.225946,0.119146,0.037343,-0.119574,0.049785
1958,-7.674003,1.022000,2.637431,0.527486,0.266194,1.000000,2.500000,0.650000,0.161992,0.123962,0.098233,0.001649,0.101492,0.003329,0.069889,0.226063,0.119956,0.034979,-0.123948,0.048643
1959,-7.570315,0.916407,3.024505,0.604901,0.267018,1.000000,2.500000,0.650000,0.163768,0.124918,0.100172,0.002853,0.099076,0.003968,0.069916,0.230481,0.119855,0.036272,-0.125098,0.047102
1960,-7.738664,1.122125,2.405451,0.481090,0.267403,1.000000,2.500000,0.650000,0.160213,0.122020,0.100046,0.000383,0.098993,0.006257,0.065991,0.221762,0.119703,0.034920,-0.124683,0.050000
1961,-7.670427,1.041276,2.634938,0.526988,0.255073,1.000000,2.500000,0.650000,0.162536,0.123929,0.099682,0.004230,0.099354,0.006152,0.069778,0.226996,0.119063,0.038449,-0.119238,0.048669
1962,-7.709634,1.067147,2.511748,0.502350,0.260924,1.000000,2.500000,0.650000,0.162871,0.121451,0.099738,0.004138,0.100701,0.004920,0.069933,0.224314,0.119728,0.037884,-0.119997,0.049739
1963,-7.675596,1.059852,2.663681,0.532736,0.267474,1.000000,2.500000,0.650000,0.165786,0.124753,0.101075,0.001047,0.099227,0.009439,0.068945,0.224530,0.119707,0.035942,-0.115956,0.050000
1964,-7.721519,1.086798,2.465378,0.493076,0.263834,1.000000,2.500000,0.650000,0.162226,0.123876,0.100429,0.002976,0.100347,0.000352,0.069997,0.222580,0.119298,0.038540,-0.118634,0.049909
1965,-7.653747,1.032380,2.730268,0.546054,0.266100,1.000000,2.500000,0.650000,0.163289,0.124260,0.099386,0.000729,0.102620,0.007065,0.069989,0.230518,0.119604,0.035365,-0.121218,0.049716
1966,-7.626756,1.015508,2.842923,0.568585,0.259539,1.000000,2.500000,0.650000,0.160377,0.126053,0.099580,0.000711,0.101084,0.006115,0.069775,0.233569,0.119533,0.035656,-0.123443,0.048119
1967,-7.619956,0.959157,2.854356,0.570871,0.267454,1.000000,2.500000,0.650000,0.161786,0.122556,0.101939,0.002595,0.101589,0.006199,0.068810,0.228009,0.119734,0.036168,-0.119017,0.049803
1968,-7.566730,0.911578,3.045690,0.609138,0.272483,1.000000,2.500000,0.650000,0.160267,0.125091,0.101375,0.000085,0.101580,0.003038,0.069481,0.227978,0.119950,0.036146,-0.115716,0.048943
1969,-7.621721,0.974485,2.797102,0.559420,0.256685,1.000000,2.500000,0.650000,0.160363,0.120672,0.100022,0.003556,0.100425,0.004487,0.069989,0.228863,0.119941,0.036124,-0.118433,0.049096
1970,-7.622012,0.925402,2.814071,0.562814,0.258092,1.000000,2.500000,0.650000,0.160030,0.123363,0.101887,0.004923,0.097293,0.003637,0.069280,0.218122,0.119795,0.036480,-0.114921,0.049538
1971,-7.657557,1.065651,2.679715,0.535943,0.275813,1.000000,2.500000,0.650000,0.160349,0.121871,0.105453,0.000183,0.101583,0.004079,0.069553,0.231456,0.119112,0.036610,-0.113232,0.048812
1972,-7.627348,0.981809,2.811089,0.562218,0.265093,1.000000,2.500000,0.650000,0.160024,0.120670,0.098936,0.000921,0.102123,0.003828,0.065937,0.230199,0.119825,0.033181,-0.121191,0.049730
1973,-7.934103,1.598461,1.850001,0.370000,0.290523,1.000000,2.500000,0.650000,0.163461,0.124818,0.105970,0.000592,0.101749,0.002683,0.069303,0.232729,0.119900,0.034536,-0.121548,0.047749
1974,-7.808170,1.262559,2.181185,0.436237,0.265370,1.000000,2.500000,0.650000,0.161315,0.121077,0.101179,0.000067,0.097291,0.004414,0.069670,0.222969,0.118984,0.035184,-0.117416,0.049080
1975,-7.556189,0.913189,3.088498,0.617700,0.261082,1.000000,2.500000,0.650000,0.160422,0.123358,0.101535,0.000763,0.101375,0.003239,0.068489,0.231462,0.119996,0.035827,-0.113671,0.049655
1976,-7.613953,0.969671,2.857743,0.571549,0.261169,1.000000,2.500000,0.650000,0.160201,0.124162,0.101627,0.002083,0.101108,0.001556,0.069901,0.231293,0.119195,0.037687,-0.117827,0.047659
1977,-7.690986,1.048796,2.583219,0.516644,0.272529,1.000000,2.500000,0.650000,0.160040,0.128520,0.101090,0.001921,0.101356,0.004559,0.069331,0.223763,0.119386,0.035173,-0.118996,0.048893
1978,-7.627065,0.978819,2.803531,0.560706,0.256139,1.000000,2.500000,0.650000,0.161008,0.120824,0.099507,0.004009,0.101496,0.003194,0.067964,0.234923,0.119905,0.038154,-0.122670,0.048546
1979,-7.623517,0.996702,2.881112,0.576222,0.272372,1.000000,2.500000,0.650000,0.161037,0.125079,0.101271,0.001499,0.104472,0.005380,0.069847,0.236291,0.119487,0.035747,-0.118474,0.049999
1980,-7.608581,0.982319,2.870237,0.574047,0.269186,1.000000,2.500000,0.650000,0.160261,0.126634,0.102170,0.000178,0.101249,0.003507,0.067189,0.229262,0.119042,0.033913,-0.118337,0.049820
1981,-7.592332,0.957282,2.961787,0.592357,0.276656,1.000000,2.500000,0.650000,0.160664,0.126824,0.101238,0.000208,0.103802,0.003432,0.068359,0.231042,0.119015,0.035499,-0.115254,0.048390
1982,-7.785682,1.281255,2.226523,0.445305,0.295081,1.000000,2.500000,0.650000,0.162817,0.124603,0.102916,0.000166,0.106426,0.004126,0.067856,0.229798,0.119772,0.036510,-0.116323,0.049977
1983,-7.609264,0.957434,2.845411,0.569082,0.261824,1.000000,2.500000,0.650000,0.160041,0.120026,0.100687,0.000232,0.106278,0.001088,0.068439,0.233362,0.119944,0.034669,-0.118278,0.049764
1984,-7.632947,1.023494,2.782866,0.556573,0.265768,1.000000,2.500000,0.650000,0.160076,0.126744,0.100740,0.001359,0.104039,0.004256,0.069950,0.232955,0.119322,0.037368,-0.121071,0.048670
1985,-7.732757,1.186833,2.472806,0.494561,0.286961,1.000000,2.500000,0.650000,0.160224,0.123834,0.106944,0.000035,0.100062,0.003851,0.065793,0.239885,0.119738,0.037644,-0.116841,0.049326
1986,-7.750797,1.192876,2.372949,0.474590,0.283472,1.000000,2.500000,0.650000,0.160859,0.125798,0.100425,0.000703,0.103034,0.004508,0.069499,0.225797,0.119255,0.034271,-0.112563,0.049962
1987,-7.627141,1.002629,2.801171,0.560234,0.264476,1.000000,2.500000,0.650000,0.160391,0.123844,0.101108,0.000075,0.106492,0.003327,0.066520,0.231667,0.119999,0.034006,-0.114583,0.048374
1988,-7.717688,1.168917,2.416345,0.483269,0.273134,1.000000,2.500000,0.650000,0.160396,0.120001,0.101760,0.000187,0.108421,0.001092,0.069411,0.231097,0.119876,0.034083,-0.114528,0.048184
1989,-7.645348,1.016898,2.757705,0.551541,0.266189,1.000000,2.500000,0.650000,0.161146,0.122645,0.101689,0.000862,0.104343,0.004233,0.069546,0.226343,0.119998,0.034004,-0.113866,0.048015
1990,-7.887998,1.477945,1.910526,0.382105,0.309291,1.000000,2.500000,0.650000,0.160098,0.129576,0.102223,0.000075,0.100030,0.005070,0.070000,0.232109,0.119721,0.035640,-0.115173,0.048334
1991,-7.698751,1.130029,2.584082,0.516816,0.277178,1.000000,2.500000,0.650000,0.167612,0.124631,0.103683,0.000262,0.102880,0.002180,0.066900,0.234156,0.120000,0.036018,-0.115437,0.049998
1992,-7.689841,1.054377,2.580307,0.516061,0.268776,1.000000,2.500000,0.650000,0.160127,0.122212,0.101503,0.000146,0.101197,0.000161,0.065427,0.220930,0.119605,0.036825,-0.118062,0.048175
1993,-7.586500,0.958728,3.005718,0.601144,0.273404,1.000000,2.500000,0.650000,0.160773,0.126051,0.100567,0.000238,0.103998,0.005087,0.069809,0.232002,0.119330,0.036899,-0.114098,0.049746
1994,-7.696587,1.095690,2.586088,0.517218,0.275018,1.000000,2.500000,0.650000,0.163029,0.120755,0.100404,0.002389,0.102720,0.000293,0.068773,0.234825,0.119963,0.032246,-0.118818,0.048547
1995,-7.594307,0.936534,2.923009,0.584602,0.263861,1.000000,2.500000,0.650000,0.160855,0.126137,0.101503,0.003570,0.098362,0.006542,0.069671,0.224323,0.119849,0.037258,-0.113785,0.049996
1996,-7.637878,1.026959,2.809977,0.561995,0.291119,1.000000,2.500000,0.650000,0.162354,0.128514,0.100279,0.000708,0.100665,0.001672,0.069534,0.235747,0.118500,0.033090,-0.117794,0.048362
1997,-7.604364,0.968261,2.922491,0.584498,0.275336,1.000000,2.500000,0.650000,0.160012,0.125792,0.101031,0.000457,0.105174,0.003959,0.069971,0.229127,0.118792,0.034062,-0.120695,0.047266
1998,-7.679404,1.053447,2.637908,0.527582,0.272803,1.000000,2.500000,0.650000,0.160805,0.121621,0.104216,0.001664,0.103016,0.001490,0.066830,0.230104,0.119147,0.034411,-0.113717,0.048241
1999,-7.672736,1.055511,2.668743,0.533749,0.283980,1.000000,2.500000,0.650000,0.160478,0.129236,0.101942,0.000593,0.103825,0.002603,0.069996,0.228364,0.119964,0.037077,-0.116132,0.047261
2000,-7.608183,0.940361,2.882007,0.576401,0.263613,1.000000,2.500000,0.650000,0.160558,0.123587,0.100548,0.000408,0.104821,0.002228,0.068191,0.222293,0.119996,0.033682,-0.116365,0.048338
2001,-7.703702,1.091865,2.542812,0.508562,0.276325,1.000000,2.500000,0.650000,0.161870,0.120637,0.101546,0.000640,0.110688,0.004054,0.069352,0.230831,0.119052,0.034458,-0.119000,0.047954
2002,-7.861431,1.379533,2.031574,0.406315,0.292143,1.000000,2.500000,0.650000,0.160765,0.120903,0.099760,0.000211,0.109613,0.006586,0.069572,0.232118,0.119968,0.034890,-0.115007,0.046428
2003,-7.694414,1.054517,2.561172,0.512234,0.264043,1.000000,2.500000,0.650000,0.160527,0.121642,0.102825,0.003104,0.100651,0.002756,0.069764,0.224761,0.119997,0.036200,-0.114886,0.049934
2004,-7.879958,1.391790,2.003249,0.400650,0.283950,1.000000,2.500000,0.650000,0.164158,0.131049,0.098695,0.003471,0.100986,0.008773,0.067613,0.228340,0.117293,0.033388,-0.115879,0.049007
2005,-7.831989,1.305205,2.077277,0.415455,0.302485,1.000000,2.500000,0.650000,0.160000,0.122825,0.097852,0.000073,0.104249,0.005766,0.069708,0.225204,0.117684,0.033567,-0.112952,0.049997
2006,-7.727580,1.119811,2.452918,0.490584,0.277487,1.000000,2.500000,0.650000,0.160101,0.121111,0.096416,0.000001,0.109259,0.005839,0.066314,0.228484,0.118996,0.033345,-0.123917,0.049897
2007,-7.676823,1.063493,2.626722,0.525344,0.280243,1.000000,2.500000,0.650000,0.160000,0.123264,0.099456,0.000035,0.106073,0.004141,0.068598,0.232301,0.118709,0.035887,-0.120256,0.047454
2008,-7.762898,1.200307,2.354717,0.470943,0.272266,1.000000,2.500000,0.650000,0.160955,0.126785,0.102229,0.001212,0.102483,0.003468,0.069057,0.228727,0.119428,0.037195,-0.112744,0.049562
2009,-7.627337,0.991614,2.824029,0.564806,0.263716,1.000000,2.500000,0.650000,0.160051,0.123537,0.102341,0.000085,0.099866,0.005455,0.069857,0.226827,0.119987,0.035161,-0.114918,0.048655
2010,-7.601025,0.997787,2.901543,0.580309,0.286610,1.000000,2.500000,0.650000,0.160559,0.132350,0.100360,0.000252,0.103044,0.008742,0.069778,0.233461,0.118178,0.035768,-0.116739,0.049892
2011,-7.834981,1.288278,2.102949,0.420590,0.276505,1.000000,2.500000,0.650000,0.160109,0.126142,0.099896,0.002493,0.105601,0.005252,0.067077,0.226082,0.119826,0.031855,-0.115629,0.048968
2012,-7.785983,1.239174,2.254278,0.450856,0.274759,1.000000,2.500000,0.650000,0.160298,0.122342,0.099343,0.000540,0.104359,0.004958,0.069360,0.226156,0.116961,0.034109,-0.112118,0.050000
2013,-7.771226,1.188950,2.277222,0.455444,0.260397,1.000000,2.500000,0.650000,0.162712,0.121339,0.096000,0.002917,0.105454,0.004573,0.069866,0.226336,0.119943,0.036555,-0.121678,0.049487
2014,-7.694981,1.111745,2.586876,0.517375,0.263571,1.000000,2.500000,0.650000,0.163913,0.120796,0.096383,0.000000,0.108316,0.006143,0.069713,0.234629,0.118753,0.035401,-0.118571,0.049183
2015,-7.699681,1.071854,2.537769,0.507554,0.266790,1.000000,2.500000,0.650000,0.161025,0.124328,0.099230,0.000069,0.105356,0.005199,0.067162,0.223926,0.119025,0.036146,-0.118589,0.049996
2016,-7.657104,1.075338,2.756047,0.551209,0.274804,1.000000,2.500000,0.650000,0.163478,0.125522,0.101642,0.000423,0.103089,0.009643,0.069747,0.229992,0.119711,0.037324,-0.114264,0.049898
2017,-7.719457,1.141236,2.524192,0.504838,0.275375,1.000000,2.500000,0.650000,0.160534,0.128400,0.102062,0.000185,0.101617,0.006598,0.069370,0.230228,0.119308,0.036590,-0.112487,0.049484
2018,-7.597919,0.965692,2.938402,0.587680,0.273571,1.000000,2.500000,0.650000,0.162737,0.126956,0.099330,0.000604,0.100965,0.007133,0.068094,0.234135,0.119680,0.036369,-0.119536,0.048760
2019,-7.612015,0.976550,2.908435,0.581687,0.276895,1.000000,2.500000,0.650000,0.160572,0.127896,0.102696,0.000319,0.103815,0.004142,0.069386,0.228265,0.119821,0.034955,-0.112720,0.048482
2020,-7.649781,1.052172,2.720311,0.544062,0.284565,1.000000,2.500000,0.650000,0.161635,0.126457,0.098323,0.000051,0.102102,0.007420,0.067811,0.228088,0.117801,0.035924,-0.118475,0.049070
2021,-7.709610,1.120143,2.517103,0.503421,0.291224,1.000000,2.500000,0.650000,0.161173,0.124959,0.100684,0.000938,0.107107,0.006519,0.068330,0.232043,0.118997,0.034444,-0.116332,0.049710
2022,-7.597192,0.945640,2.922960,0.584592,0.261378,1.000000,2.500000,0.650000,0.160295,0.123768,0.100213,0.001640,0.108083,0.003724,0.069531,0.230515,0.119824,0.034519,-0.116446,0.048261
2023,-7.598706,0.988614,2.960872,0.592174,0.275595,1.000000,2.500000,0.650000,0.162119,0.121192,0.100846,0.000079,0.109812,0.005861,0.068749,0.234155,0.119490,0.036516,-0.116813,0.047367
2024,-8.347056,2.664602,0.987197,0.197439,0.283336,1.000000,2.500000,0.650000,0.160738,0.120367,0.096000,0.001214,0.107095,0.007548,0.063836,0.228202,0.119392,0.034154,-0.120850,0.049730
2025,-7.630206,0.965863,2.794335,0.558867,0.268036,1.000000,2.500000,0.650000,0.160936,0.124437,0.101280,0.002097,0.107963,0.004584,0.068842,0.225875,0.119614,0.036342,-0.113078,0.048390
2026,-7.533324,0.881204,3.159925,0.631985,0.263495,1.000000,2.500000,0.650000,0.160182,0.120131,0.097799,0.000685,0.108500,0.003622,0.069930,0.231870,0.119846,0.034734,-0.119224,0.046317
2027,-7.667278,1.002268,2.652847,0.530569,0.269238,1.000000,2.500000,0.650000,0.160376,0.122994,0.099654,0.002724,0.106737,0.002921,0.068856,0.223894,0.119346,0.035563,-0.116317,0.048592
2028,-7.546803,0.900692,3.124741,0.624948,0.291139,1.000000,2.500000,0.650000,0.162740,0.127207,0.100048,0.000209,0.104553,0.003829,0.069996,0.234751,0.119098,0.034782,-0.114893,0.048115
2029,-8.032879,1.760470,1.555573,0.311115,0.281258,1.000000,2.500000,0.650000,0.160002,0.127055,0.099151,0.001650,0.105592,0.007074,0.069804,0.232677,0.119617,0.032683,-0.119744,0.048962
2030,-7.649460,1.025198,2.744154,0.548831,0.276411,1.000000,2.500000,0.650000,0.160947,0.120624,0.099087,0.000591,0.105521,0.006231,0.069320,0.235219,0.119986,0.036062,-0.118172,0.047609
2031,-7.684503,1.078327,2.618178,0.523636,0.278076,1.000000,2.500000,0.650000,0.160023,0.124330,0.099303,0.000028,0.103755,0.005926,0.069341,0.231873,0.119824,0.036475,-0.116994,0.047246
2032,-7.848014,1.359986,2.010732,0.402146,0.333852,1.000000,2.500000,0.650000,0.162107,0.125487,0.098819,0.000234,0.108807,0.008022,0.069530,0.230853,0.119362,0.035924,-0.117452,0.047770
2033,-7.644430,1.026327,2.765601,0.553120,0.273374,1.000000,2.500000,0.650000,0.160109,0.132336,0.099604,0.000759,0.104751,0.006506,0.069715,0.236055,0.118137,0.036076,-0.121068,0.049457
2034,-7.895042,1.450294,1.883372,0.376674,0.310962,1.000000,2.500000,0.650000,0.160560,0.124891,0.100199,0.000437,0.104911,0.004159,0.069746,0.228001,0.119235,0.037853,-0.117462,0.048404
2035,-7.819192,1.299046,2.188495,0.437699,0.279397,1.000000,2.500000,0.650000,0.161806,0.124748,0.101495,0.000000,0.101119,0.007723,0.068457,0.227457,0.119923,0.037029,-0.120768,0.047152
2036,-7.596434,0.953067,2.933084,0.586617,0.277121,1.000000,2.500000,0.650000,0.162521,0.122678,0.099094,0.000358,0.106285,0.002427,0.069688,0.232469,0.119787,0.034530,-0.117699,0.047207
2037,-7.673225,1.065487,2.621636,0.524327,0.294980,1.000000,2.500000,0.650000,0.160210,0.130708,0.097948,0.000672,0.103849,0.004447,0.069612,0.234718,0.118056,0.035269,-0.117776,0.047235
2038,-7.610850,0.968069,2.879329,0.575866,0.266422,1.000000,2.500000,0.650000,0.160137,0.123471,0.097241,0.000006,0.104201,0.007380,0.066032,0.229435,0.119819,0.034699,-0.117396,0.048347
2039,-7.548276,0.908230,3.141755,0.628351,0.261346,1.000000,2.500000,0.650000,0.160172,0.123212,0.100381,0.000018,0.104776,0.004104,0.069284,0.227384,0.119213,0.033481,-0.114366,0.048367
2040,-7.592539,0.942602,2.912908,0.582582,0.259768,1.000000,2.500000,0.650000,0.160513,0.121972,0.098050,0.001617,0.108908,0.005423,0.068968,0.230782,0.118861,0.034700,-0.115027,0.048803
2041,-7.691035,1.082887,2.557044,0.511409,0.281229,1.000000,2.500000,0.650000,0.160048,0.126385,0.102252,0.000051,0.104397,0.003483,0.069847,0.227038,0.120000,0.033673,-0.112543,0.046193
2042,-7.625412,0.965568,2.806603,0.561321,0.262717,1.000000,2.500000,0.650000,0.160273,0.121179,0.100193,0.000040,0.104518,0.003088,0.068221,0.223661,0.119983,0.035066,-0.113379,0.047454
2043,-7.796804,1.311708,2.135419,0.427084,0.259349,1.000000,2.500000,0.650000,0.160000,0.122825,0.097218,0.000027,0.105472,0.008215,0.067253,0.237962,0.119960,0.036290,-0.119932,0.047468
2044,-7.554718,0.918249,3.087590,0.617518,0.272368,1.000000,2.500000,0.650000,0.161892,0.120020,0.098280,0.000025,0.108847,0.003252,0.069562,0.230375,0.119988,0.036014,-0.118979,0.047352
2045,-7.508299,0.878154,3.276559,0.655312,0.260326,1.000000,2.500000,0.650000,0.160369,0.124049,0.098221,0.000116,0.105494,0.004630,0.069641,0.235062,0.119633,0.034939,-0.119571,0.048477
2046,-7.666412,1.042941,2.672985,0.534597,0.262587,1.000000,2.500000,0.650000,0.160135,0.122415,0.099899,0.000088,0.107510,0.004814,0.069827,0.228479,0.119365,0.033843,-0.115312,0.048733
2047,-7.635371,0.996406,2.800466,0.560093,0.276415,1.000000,2.500000,0.650000,0.162966,0.121421,0.096000,0.000079,0.107649,0.003217,0.069649,0.228573,0.118906,0.034172,-0.117628,0.049619
2048,-7.569138,0.936015,3.021114,0.604223,0.258880,1.000000,2.500000,0.650000,0.160034,0.123806,0.101626,0.000435,0.104250,0.003184,0.069996,0.229371,0.119775,0.034860,-0.114639,0.048716
2049,-7.562952,0.928866,3.056177,0.611235,0.285717,1.000000,2.500000,0.650000,0.160341,0.125953,0.097993,0.000623,0.104618,0.005964,0.069997,0.235467,0.118566,0.033420,-0.121679,0.048063
2050,-7.520573,0.869459,3.226315,0.645263,0.268494,1.000000,2.500000,0.650000,0.160021,0.123590,0.100222,0.000071,0.104990,0.002954,0.069611,0.234878,0.119410,0.035235,-0.117490,0.048458
2051,-7.575612,0.923646,3.004588,0.600918,0.286461,1.000000,2.500000,0.650000,0.160030,0.122611,0.099540,0.000084,0.103801,0.005082,0.069349,0.231693,0.119874,0.035534,-0.117832,0.048587
2052,-7.599366,0.961811,2.927467,0.585493,0.270221,1.000000,2.500000,0.650000,0.160004,0.124025,0.099403,0.001010,0.106801,0.004687,0.069939,0.230350,0.118971,0.035010,-0.115932,0.047904
2053,-7.633036,0.974466,2.783364,0.556673,0.266382,1.000000,2.500000,0.650000,0.160119,0.120155,0.098671,0.002195,0.110198,0.003152,0.069999,0.230297,0.119819,0.033494,-0.117990,0.048138
2054,-7.729859,1.176879,2.432233,0.486447,0.285279,1.000000,2.500000,0.650000,0.160054,0.121078,0.099397,0.000125,0.105287,0.005587,0.069888,0.237590,0.119513,0.035152,-0.123155,0.048126
2055,-7.948319,1.588744,1.714469,0.342894,0.330697,1.000000,2.500000,0.650000,0.160001,0.129360,0.100200,0.000021,0.101164,0.004633,0.069462,0.233638,0.118643,0.034759,-0.118023,0.049467
2056,-7.731078,1.170381,2.448162,0.489632,0.275412,1.000000,2.500000,0.650000,0.161028,0.123198,0.098397,0.000507,0.105647,0.004258,0.069840,0.232484,0.118886,0.033881,-0.117411,0.049303
2057,-9.984245,1.577323,1.575488,0.315098,0.658124,0.000000,2.500000,0.650000,0.163898,0.120862,0.096809,0.000063,0.108845,0.005470,0.069921,0.234689,0.119721,0.034775,-0.118635,0.048110
2058,-7.655507,1.035156,2.703380,0.540676,0.269208,1.000000,2.500000,0.650000,0.160694,0.124577,0.099633,0.000059,0.104742,0.005092,0.069904,0.233133,0.118241,0.034044,-0.116777,0.048840
2059,-7.561520,0.908936,3.059829,0.611966,0.265846,1.000000,2.500000,0.650000,0.160000,0.122535,0.098355,0.000026,0.107410,0.002791,0.069918,0.231870,0.119599,0.034270,-0.118616,0.047107
2060,-7.567705,0.936444,3.059001,0.611800,0.278248,1.000000,2.500000,0.650000,0.160478,0.123316,0.099658,0.000169,0.103778,0.003201,0.069958,0.232810,0.119329,0.033978,-0.116866,0.049448
2061,-8.140084,2.186290,1.333152,0.266630,0.303276,1.000000,2.500000,0.650000,0.161019,0.123081,0.101702,0.000211,0.108161,0.002860,0.067612,0.236692,0.119802,0.035441,-0.116436,0.047801
2062,-7.685705,1.068984,2.584140,0.516828,0.282764,1.000000,2.500000,0.650000,0.160241,0.121793,0.100340,0.001310,0.108083,0.002208,0.069838,0.234452,0.119855,0.033631,-0.118981,0.047744
2063,-7.604083,0.988530,2.936516,0.587303,0.282896,1.000000,2.500000,0.650000,0.160256,0.126841,0.099493,0.000008,0.105887,0.003823,0.067697,0.236888,0.118589,0.034991,-0.117064,0.048471
2064,-7.549962,0.920454,3.099537,0.619907,0.277330,1.000000,2.500000,0.650000,0.160610,0.124154,0.100252,0.000082,0.106299,0.004438,0.068542,0.236230,0.119680,0.034189,-0.114473,0.049214
2065,-7.836480,1.337458,2.108612,0.421722,0.284355,1.000000,2.500000,0.650000,0.160180,0.120808,0.100580,0.000245,0.104779,0.003077,0.069717,0.232094,0.119382,0.034215,-0.118735,0.047644
2066,-7.609145,0.983603,2.908964,0.581793,0.292907,1.000000,2.500000,0.650000,0.160049,0.125069,0.099830,0.000017,0.104236,0.005234,0.067914,0.234048,0.118904,0.033635,-0.114850,0.047598
2067,-7.580390,0.947743,3.027274,0.605455,0.276739,1.000000,2.500000,0.650000,0.160472,0.126122,0.100156,0.000094,0.102366,0.004151,0.069713,0.231331,0.118811,0.034871,-0.115630,0.049026
2068,-7.775303,1.226195,2.327375,0.465475,0.286812,1.000000,2.500000,0.650000,0.161166,0.124790,0.100195,0.000381,0.106958,0.006276,0.069961,0.239946,0.119994,0.035985,-0.120327,0.047807
2069,-7.625588,0.998933,2.841350,0.568270,0.270165,1.000000,2.500000,0.650000,0.161907,0.122899,0.096595,0.000318,0.106752,0.005342,0.069566,0.232964,0.118453,0.034375,-0.118469,0.049110
2070,-7.856360,1.386942,1.986178,0.397236,0.318289,1.000000,2.500000,0.650000,0.160317,0.122438,0.099883,0.000384,0.106815,0.001926,0.067334,0.234210,0.118988,0.034728,-0.114787,0.048828
2071,-7.700246,1.150632,2.503718,0.500744,0.277104,1.000000,2.500000,0.650000,0.160517,0.126575,0.099994,0.000960,0.103919,0.002951,0.069056,0.232652,0.118506,0.034749,-0.115002,0.047961
2072,-7.595693,0.963652,2.920615,0.584123,0.272970,1.000000,2.500000,0.650000,0.160132,0.123819,0.096705,0.000026,0.109719,0.003695,0.069963,0.232294,0.118614,0.032921,-0.116536,0.048320
2073,-7.734187,1.144116,2.424279,0.484856,0.270007,1.000000,2.500000,0.650000,0.161210,0.122110,0.098359,0.000007,0.105888,0.002985,0.069950,0.233249,0.119980,0.035355,-0.117572,0.048107
2074,-7.616277,0.987304,2.819939,0.563988,0.276593,1.000000,2.500000,0.650000,0.160384,0.121835,0.097363,0.001116,0.106164,0.001433,0.069848,0.237057,0.118838,0.035282,-0.118940,0.047497
2075,-7.710456,1.102741,2.498403,0.499681,0.274616,1.000000,2.500000,0.650000,0.160022,0.123214,0.096829,0.000246,0.105204,0.002242,0.069854,0.233063,0.117609,0.034886,-0.117390,0.048433
2076,-7.662798,1.070739,2.675089,0.535018,0.283468,1.000000,2.500000,0.650000,0.160734,0.123500,0.101149,0.000001,0.104707,0.003986,0.068918,0.233719,0.119957,0.034900,-0.114453,0.047774
2077,-7.696761,1.095275,2.589880,0.517976,0.288606,1.000000,2.500000,0.650000,0.160119,0.126296,0.100310,0.000122,0.101686,0.004814,0.069474,0.234726,0.119503,0.033551,-0.114459,0.049284
2078,-7.668110,1.050099,2.690812,0.538162,0.274070,1.000000,2.500000,0.650000,0.161634,0.123124,0.098027,0.000447,0.106644,0.002150,0.068575,0.238035,0.119728,0.035444,-0.116163,0.049687
2079,-8.419452,3.176023,0.912400,0.182480,0.307355,1.000000,2.500000,0.650000,0.160069,0.125292,0.100147,0.000223,0.106368,0.003108,0.068831,0.236850,0.119540,0.033702,-0.118459,0.049194
2080,-7.615322,0.971392,2.854766,0.570953,0.276951,1.000000,2.500000,0.650000,0.162669,0.121795,0.096018,0.000434,0.110667,0.003728,0.069679,0.238023,0.117895,0.035716,-0.117879,0.049427
2081,-7.705649,1.069213,2.509819,0.501964,0.267255,1.000000,2.500000,0.650000,0.160433,0.121207,0.097648,0.003195,0.107779,0.003137,0.069991,0.230163,0.119427,0.034624,-0.117610,0.047578
2082,-7.944965,1.614785,1.787542,0.357508,0.287068,1.000000,2.500000,0.650000,0.160239,0.124119,0.097192,0.002060,0.105667,0.002741,0.069019,0.235619,0.118754,0.034611,-0.116353,0.048346
2083,-7.721062,1.133338,2.495610,0.499122,0.279998,1.000000,2.500000,0.650000,0.160259,0.124023,0.097997,0.000062,0.107921,0.002506,0.069543,0.232141,0.118494,0.034688,-0.117824,0.047100
2084,-7.616974,0.961627,2.852880,0.570576,0.272372,1.000000,2.500000,0.650000,0.160170,0.120929,0.097686,0.002089,0.106026,0.002115,0.069692,0.238568,0.119011,0.035022,-0.117743,0.048789
2085,-7.572537,0.938301,3.033502,0.606700,0.286521,1.000000,2.500000,0.650000,0.162084,0.125529,0.098537,0.000784,0.105212,0.002954,0.069766,0.232599,0.119011,0.034484,-0.114907,0.049483
2086,-7.578854,0.942450,3.021755,0.604351,0.268600,1.000000,2.500000,0.650000,0.160165,0.121592,0.096496,0.000046,0.109510,0.003490,0.069422,0.234850,0.118673,0.034090,-0.116978,0.048287
2087,-7.633224,1.012011,2.800212,0.560042,0.286140,1.000000,2.500000,0.650000,0.160051,0.123820,0.098662,0.000001,0.105658,0.004018,0.069775,0.233190,0.119178,0.033966,-0.115712,0.047812
2088,-7.697113,1.085499,2.553948,0.510790,0.274228,1.000000,2.500000,0.650000,0.160016,0.121128,0.096716,0.000741,0.107539,0.001851,0.069424,0.236854,0.118794,0.034858,-0.120467,0.048812
2089,-7.632960,1.024102,2.797749,0.559550,0.288061,1.000000,2.500000,0.650000,0.160006,0.125162,0.097183,0.000705,0.108604,0.003860,0.069949,0.239965,0.119783,0.035505,-0.117819,0.046957
2090,-7.762557,1.174351,2.333486,0.466697,0.269141,1.000000,2.500000,0.650000,0.160954,0.121185,0.099412,0.000013,0.106924,0.002676,0.069989,0.230467,0.119987,0.035372,-0.116875,0.048112
2091,-7.647047,1.017309,2.766029,0.553206,0.280203,1.000000,2.500000,0.650000,0.160010,0.126571,0.098758,0.001372,0.103251,0.003053,0.068758,0.237000,0.118699,0.035127,-0.116078,0.049399
2092,-7.624586,1.009991,2.841041,0.568208,0.285817,1.000000,2.500000,0.650000,0.163384,0.123260,0.097400,0.000816,0.108877,0.002791,0.067944,0.237497,0.117744,0.036262,-0.114654,0.049518
2093,-7.551469,0.908178,3.119358,0.623872,0.267775,1.000000,2.500000,0.650000,0.163167,0.121619,0.096076,0.000147,0.111931,0.002778,0.069262,0.237975,0.118622,0.034882,-0.116896,0.048179
2094,-7.877524,1.424038,1.916069,0.383214,0.297736,1.000000,2.500000,0.650000,0.163691,0.121575,0.096232,0.003532,0.106842,0.003818,0.069997,0.229813,0.118954,0.034884,-0.115413,0.049656
2095,-7.602895,0.972854,2.927464,0.585493,0.274199,1.000000,2.500000,0.650000,0.160968,0.121411,0.098432,0.000348,0.108502,0.003376,0.069611,0.237101,0.119956,0.035581,-0.117548,0.047567
2096,-7.627162,1.016532,2.802844,0.560569,0.311325,1.000000,2.500000,0.650000,0.160009,0.127083,0.097846,0.000000,0.104354,0.004294,0.069993,0.237653,0.118049,0.033995,-0.118236,0.049181
2097,-7.695100,1.090047,2.586733,0.517347,0.276882,1.000000,2.500000,0.650000,0.160079,0.123936,0.097308,0.002135,0.107435,0.004642,0.069996,0.239116,0.118677,0.035946,-0.117373,0.048219
2098,-7.627033,1.022268,2.780454,0.556091,0.286478,1.000000,2.500000,0.650000,0.160601,0.125254,0.097632,0.000512,0.105503,0.003752,0.069380,0.238816,0.118585,0.034536,-0.118978,0.047990
2099,-7.652767,1.052185,2.680269,0.536054,0.280449,1.000000,2.500000,0.650000,0.160283,0.122596,0.096052,0.000401,0.110573,0.002065,0.068869,0.237522,0.117729,0.035271,-0.117908,0.048665
2100,-7.606405,0.975795,2.933302,0.586660,0.275877,1.000000,2.500000,0.650000,0.162805,0.122856,0.098870,0.000282,0.108434,0.003123,0.069154,0.239468,0.119985,0.034841,-0.114880,0.049095
2101,-7.904285,1.550021,1.881900,0.376380,0.275214,1.000000,2.500000,0.650000,0.161515,0.123153,0.096473,0.000514,0.107163,0.003545,0.069902,0.235860,0.118957,0.035608,-0.116783,0.049065
2102,-7.610249,0.972492,2.867059,0.573412,0.275662,1.000000,2.500000,0.650000,0.161175,0.121853,0.096152,0.001364,0.111005,0.002137,0.069982,0.238807,0.119585,0.035137,-0.117544,0.047825
2103,-7.626221,1.014319,2.777673,0.555535,0.282035,1.000000,2.500000,0.650000,0.161810,0.122108,0.096236,0.001113,0.109244,0.004849,0.069814,0.239386,0.119420,0.034471,-0.119240,0.048854
2104,-7.613111,0.990931,2.898694,0.579739,0.279168,1.000000,2.500000,0.650000,0.163789,0.121587,0.097887,0.000362,0.110600,0.002349,0.067792,0.238861,0.119938,0.034088,-0.115354,0.048369
2105,-7.682367,1.074947,2.569347,0.513869,0.267399,1.000000,2.500000,0.650000,0.160721,0.120120,0.097852,0.000106,0.110073,0.000786,0.069330,0.234500,0.119500,0.037565,-0.115748,0.047760
2106,-7.606729,1.000479,2.898291,0.579658,0.290497,1.000000,2.500000,0.650000,0.165078,0.126598,0.100586,0.000015,0.108836,0.005482,0.069636,0.238399,0.119619,0.035026,-0.112291,0.049710
2107,-7.722192,1.131298,2.494725,0.498945,0.289207,1.000000,2.500000,0.650000,0.160112,0.123154,0.096027,0.000006,0.109593,0.000850,0.067446,0.239338,0.119170,0.033511,-0.117891,0.047476
2108,-7.535812,0.872972,3.138004,0.627601,0.276689,1.000000,2.500000,0.650000,0.161990,0.121077,0.096007,0.001478,0.111133,0.000481,0.069318,0.238674,0.119906,0.036625,-0.117898,0.046970
2109,-7.676934,1.060852,2.642251,0.528450,0.276519,1.000000,2.500000,0.650000,0.160332,0.124280,0.096538,0.000218,0.109701,0.001861,0.069044,0.234593,0.118972,0.033978,-0.116462,0.048182
2110,-7.631025,1.011547,2.832996,0.566599,0.274374,1.000000,2.500000,0.650000,0.163659,0.125093,0.098899,0.000124,0.107569,0.004077,0.069848,0.231508,0.118247,0.035231,-0.114793,0.049483
2111,-7.580799,0.938959,3.004990,0.600998,0.272198,1.000000,2.500000,0.650000,0.161494,0.122446,0.096600,0.000837,0.108428,0.004094,0.069087,0.239383,0.119480,0.033926,-0.119725,0.047482
2112,-7.839118,1.363028,2.067518,0.413504,0.280037,1.000000,2.500000,0.650000,0.160157,0.124156,0.096164,0.000214,0.108152,0.003729,0.069777,0.238889,0.117940,0.035174,-0.116742,0.047929
2113,-7.737424,1.185386,2.389849,0.477970,0.285913,1.000000,2.500000,0.650000,0.161685,0.122064,0.096003,0.002349,0.109033,0.001569,0.068516,0.238762,0.119293,0.034944,-0.117811,0.047639
2114,-7.632089,1.003517,2.813307,0.562661,0.275628,1.000000,2.500000,0.650000,0.160003,0.122991,0.097170,0.000420,0.104191,0.002002,0.069828,0.233516,0.119537,0.035044,-0.119711,0.048414
2115,-7.587578,0.950825,2.985889,0.597178,0.272618,1.000000,2.500000,0.650000,0.163189,0.125487,0.097200,0.001247,0.105463,0.004939,0.069609,0.234882,0.118671,0.034531,-0.116241,0.049836
2116,-7.593443,0.925165,2.928735,0.585747,0.264940,1.000000,2.500000,0.650000,0.162154,0.121888,0.096001,0.003545,0.110046,0.000715,0.069364,0.239483,0.119365,0.037480,-0.116716,0.047805
2117,-7.692766,1.097768,2.575316,0.515063,0.284955,1.000000,2.500000,0.650000,0.161043,0.125700,0.097401,0.002135,0.108004,0.002908,0.069784,0.239844,0.119705,0.037640,-0.118074,0.048233
2118,-7.938010,1.607765,1.750764,0.350153,0.288755,1.000000,2.500000,0.650000,0.164939,0.123979,0.096000,0.000870,0.112151,0.004822,0.068813,0.239531,0.119439,0.036379,-0.119014,0.047415
2119,-7.595076,0.930983,2.950843,0.590169,0.274885,1.000000,2.500000,0.650000,0.162597,0.122906,0.096079,0.002729,0.109672,0.000909,0.068649,0.236820,0.119676,0.035860,-0.115200,0.048388
2120,-7.582695,0.925240,2.960551,0.592110,0.259912,1.000000,2.500000,0.650000,0.164214,0.120149,0.096262,0.002788,0.110485,0.000457,0.069154,0.236728,0.119740,0.034982,-0.114711,0.048328
2121,-7.612454,0.950937,2.867703,0.573541,0.277499,1.000000,2.500000,0.650000,0.160585,0.123614,0.096625,0.000003,0.108361,0.001404,0.069858,0.234125,0.119626,0.034940,-0.120009,0.047204
2122,-7.608018,0.971196,2.890454,0.578091,0.280053,1.000000,2.500000,0.650000,0.162942,0.122650,0.097856,0.001056,0.110535,0.002871,0.067047,0.238413,0.119989,0.035066,-0.117322,0.047248
2123,-7.776023,1.219044,2.294463,0.458893,0.281751,1.000000,2.500000,0.650000,0.164992,0.122858,0.097400,0.000663,0.110158,0.002886,0.069875,0.235424,0.119611,0.035460,-0.113829,0.049091
2124,-7.715365,1.076194,2.487605,0.497521,0.265551,1.000000,2.500000,0.650000,0.164272,0.121218,0.096718,0.004987,0.106898,0.003966,0.069919,0.234110,0.119987,0.034909,-0.112938,0.049373
2125,-7.625903,0.969473,2.788119,0.557624,0.263827,1.000000,2.500000,0.650000,0.161094,0.122287,0.096021,0.001997,0.111245,0.000512,0.069906,0.234848,0.119731,0.034554,-0.115659,0.048358
2126,-7.671441,1.083478,2.618323,0.523665,0.288006,1.000000,2.500000,0.650000,0.167489,0.121262,0.097692,0.002195,0.108775,0.001156,0.069303,0.239706,0.119950,0.036214,-0.113043,0.049281
2127,-7.579081,0.934948,2.967479,0.593496,0.260623,1.000000,2.500000,0.650000,0.161033,0.121861,0.096813,0.001542,0.109030,0.003126,0.069624,0.236881,0.119159,0.035031,-0.113353,0.048569
2128,-7.648960,0.994974,2.732089,0.546418,0.270775,1.000000,2.500000,0.650000,0.163796,0.120212,0.096279,0.004021,0.111440,0.000143,0.067594,0.236868,0.119519,0.035828,-0.114342,0.048902
2129,-7.604765,0.962257,2.885163,0.577033,0.279218,1.000000,2.500000,0.650000,0.164101,0.123130,0.096140,0.002774,0.110452,0.001458,0.069222,0.236702,0.118748,0.034961,-0.115437,0.049287
2130,-8.048974,1.896916,1.480750,0.296150,0.293345,1.000000,2.500000,0.650000,0.164742,0.120050,0.096551,0.001472,0.114219,0.000586,0.069987,0.238977,0.119198,0.034942,-0.116776,0.047994
2131,-7.569408,0.902157,3.003788,0.600758,0.267023,1.000000,2.500000,0.650000,0.160935,0.123285,0.097651,0.004723,0.104904,0.001238,0.069533,0.237095,0.118779,0.036497,-0.116752,0.048341
2132,-7.938130,1.539645,1.828155,0.365631,0.272333,1.000000,2.500000,0.650000,0.161756,0.123073,0.096824,0.002133,0.108416,0.001895,0.068048,0.239773,0.119614,0.035452,-0.117999,0.049485
2133,-7.605326,0.932808,2.880118,0.576024,0.263943,1.000000,2.500000,0.650000,0.162450,0.120139,0.099312,0.004904,0.106534,0.000277,0.066879,0.237881,0.119958,0.035522,-0.112984,0.049123
2134,-7.669819,1.054065,2.685946,0.537189,0.277210,1.000000,2.500000,0.650000,0.166581,0.124817,0.096107,0.001848,0.109143,0.004002,0.069471,0.233791,0.119180,0.035443,-0.114321,0.049750
2135,-7.561783,0.917587,3.066405,0.613281,0.289701,1.000000,2.500000,0.650000,0.160036,0.126654,0.096825,0.001314,0.106213,0.001159,0.069178,0.238657,0.118434,0.034241,-0.117651,0.046560
2136,-7.653318,1.009811,2.709870,0.541974,0.265743,1.000000,2.500000,0.650000,0.161360,0.120003,0.096889,0.002408,0.110163,0.000665,0.067534,0.238324,0.119144,0.034927,-0.113471,0.047622
2137,-7.669355,1.040133,2.684420,0.536884,0.285132,1.000000,2.500000,0.650000,0.160510,0.127070,0.097560,0.002488,0.103783,0.002030,0.069587,0.236667,0.118222,0.035306,-0.113195,0.049661
2138,-7.710369,1.097353,2.523462,0.504692,0.269442,1.000000,2.500000,0.650000,0.160675,0.124392,0.098796,0.003426,0.102081,0.001610,0.068415,0.235794,0.119800,0.036529,-0.113723,0.049014
2139,-7.564331,0.913459,3.063399,0.612680,0.276680,1.000000,2.500000,0.650000,0.160856,0.125807,0.097734,0.002037,0.103166,0.001537,0.068787,0.237244,0.118599,0.034656,-0.117360,0.048743
2140,-7.542944,0.870116,3.132757,0.626551,0.265869,1.000000,2.500000,0.650000,0.160405,0.126949,0.099495,0.005064,0.101990,0.003393,0.067564,0.237956,0.118536,0.036552,-0.115221,0.049537
2141,-7.579643,0.892289,2.987024,0.597405,0.259978,1.000000,2.500000,0.650000,0.163547,0.121627,0.096441,0.005809,0.106261,0.002971,0.069889,0.237691,0.119769,0.036548,-0.115325,0.049317
2142,-7.837706,1.313527,2.110913,0.422183,0.279878,1.000000,2.500000,0.650000,0.161810,0.125367,0.098850,0.005132,0.105755,0.001921,0.067188,0.239999,0.119999,0.037362,-0.116903,0.045805
2143,-7.674103,1.007947,2.622375,0.524475,0.262074,1.000000,2.500000,0.650000,0.162198,0.120208,0.096120,0.004096,0.107935,0.000397,0.069998,0.229858,0.119144,0.033925,-0.114589,0.048365
2144,-7.511418,0.832834,3.222971,0.644594,0.254877,1.000000,2.500000,0.650000,0.161006,0.120573,0.096289,0.002925,0.103533,0.002347,0.069353,0.234277,0.119417,0.034912,-0.117885,0.049554
2145,-7.619566,0.975254,2.822657,0.564531,0.273008,1.000000,2.500000,0.650000,0.160368,0.122782,0.096074,0.002123,0.110511,0.001071,0.069803,0.236217,0.118541,0.035455,-0.116343,0.047415
2146,-7.657149,1.026581,2.695410,0.539082,0.279423,1.000000,2.500000,0.650000,0.161116,0.124420,0.096750,0.003207,0.103905,0.003977,0.070000,0.234676,0.118718,0.035179,-0.116728,0.049723
2147,-8.105990,1.921684,1.396036,0.279207,0.268098,1.000000,2.500000,0.650000,0.161304,0.122685,0.099134,0.005430,0.101586,0.002435,0.068224,0.237843,0.119573,0.037604,-0.117483,0.048916
2148,-7.700782,1.085980,2.527696,0.505539,0.275416,1.000000,2.500000,0.650000,0.160069,0.124739,0.096521,0.002940,0.100978,0.003817,0.069981,0.236242,0.118208,0.036616,-0.118386,0.049774
2149,-7.671842,1.067614,2.659324,0.531865,0.277100,1.000000,2.500000,0.650000,0.161240,0.124229,0.097115,0.003087,0.102955,0.000742,0.069938,0.238144,0.118769,0.035154,-0.119258,0.047806
2150,-7.714425,1.068488,2.491984,0.498397,0.264617,1.000000,2.500000,0.650000,0.161661,0.121004,0.097013,0.003434,0.104998,0.003448,0.069970,0.230321,0.119127,0.033974,-0.114568,0.049466
2151,-7.646689,1.007060,2.721486,0.544297,0.282781,1.000000,2.500000,0.650000,0.160021,0.126015,0.096827,0.000322,0.104685,0.003599,0.069209,0.231042,0.119032,0.032971,-0.115908,0.048411
2152,-7.827177,1.296795,2.149137,0.429827,0.280007,1.000000,2.500000,0.650000,0.160183,0.125427,0.096297,0.002402,0.103841,0.003955,0.069266,0.239253,0.119140,0.035722,-0.121143,0.048916
2153,-7.620631,0.942000,2.838455,0.567691,0.272714,1.000000,2.500000,0.650000,0.160225,0.124561,0.097136,0.004939,0.103430,0.002176,0.068838,0.238997,0.119397,0.033300,-0.116354,0.049889
2154,-7.602310,0.948205,2.922930,0.584586,0.274732,1.000000,2.500000,0.650000,0.162198,0.124008,0.098761,0.002987,0.103742,0.003240,0.069518,0.235063,0.119716,0.035624,-0.114730,0.049473
2155,-7.602384,0.947499,2.901196,0.580239,0.272623,1.000000,2.500000,0.650000,0.160492,0.123212,0.096172,0.002942,0.106251,0.001435,0.069682,0.239455,0.118330,0.034502,-0.119454,0.047625
2156,-7.981189,1.626559,1.708470,0.341694,0.267915,1.000000,2.500000,0.650000,0.160001,0.123543,0.099760,0.002222,0.100981,0.003310,0.069647,0.236820,0.119681,0.036015,-0.117255,0.049206
2157,-7.647185,1.014946,2.740364,0.548073,0.268417,1.000000,2.500000,0.650000,0.162793,0.122984,0.096201,0.001482,0.105582,0.003865,0.069337,0.231457,0.118547,0.033804,-0.116010,0.049930
2158,-7.626718,0.980103,2.814808,0.562962,0.262307,1.000000,2.500000,0.650000,0.162582,0.125381,0.098625,0.002175,0.103786,0.003814,0.069969,0.233360,0.119684,0.034735,-0.116308,0.049875
2159,-7.608309,0.984459,2.904427,0.580885,0.260425,1.000000,2.500000,0.650000,0.160017,0.126741,0.098160,0.002481,0.100785,0.005771,0.069997,0.237637,0.119679,0.033451,-0.116632,0.049487
2160,-7.687779,1.093591,2.583446,0.516689,0.292737,1.000000,2.500000,0.650000,0.161641,0.126455,0.100411,0.001410,0.103963,0.005191,0.067625,0.240000,0.119534,0.035240,-0.117193,0.049541
2161,-7.664929,1.042673,2.677099,0.535420,0.287084,1.000000,2.500000,0.650000,0.162950,0.125809,0.096752,0.003078,0.103360,0.006949,0.068289,0.234232,0.118080,0.035322,-0.117827,0.049971
2162,-7.588532,0.899936,2.940783,0.588157,0.262080,1.000000,2.500000,0.650000,0.160740,0.122160,0.096093,0.006261,0.103199,0.002029,0.069937,0.237031,0.119456,0.035733,-0.116594,0.049531
2163,-7.656966,1.011005,2.696984,0.539397,0.268081,1.000000,2.500000,0.650000,0.161020,0.123800,0.098106,0.004001,0.100753,0.001758,0.069348,0.233604,0.119667,0.034092,-0.119517,0.047603
2164,-7.561483,0.907269,3.034075,0.606815,0.273385,1.000000,2.500000,0.650000,0.161276,0.125572,0.096994,0.003434,0.103096,0.001488,0.068521,0.236279,0.118767,0.034880,-0.114691,0.049722
2165,-7.615053,0.964686,2.842782,0.568556,0.281192,1.000000,2.500000,0.650000,0.160538,0.124962,0.096984,0.003832,0.105524,0.000353,0.069454,0.235644,0.119976,0.034724,-0.114911,0.047149
2166,-7.972651,1.718832,1.669413,0.333883,0.268764,1.000000,2.500000,0.650000,0.160056,0.125865,0.096810,0.003402,0.100608,0.003952,0.069879,0.236337,0.118638,0.033077,-0.115983,0.049996
2167,-7.635731,1.002353,2.798905,0.559781,0.279120,1.000000,2.500000,0.650000,0.162687,0.125580,0.096669,0.004092,0.103382,0.003276,0.069208,0.238019,0.118527,0.033448,-0.115029,0.049700
2168,-7.802320,1.250467,2.214360,0.442872,0.280176,1.000000,2.500000,0.650000,0.160060,0.126389,0.096035,0.004248,0.105244,0.001162,0.069976,0.237760,0.118054,0.035615,-0.116581,0.048895
2169,-7.837160,1.307251,2.101058,0.420212,0.276030,1.000000,2.500000,0.650000,0.160731,0.122795,0.097305,0.002173,0.102173,0.002017,0.069953,0.232263,0.118645,0.034198,-0.115868,0.049568
2170,-7.592195,0.914768,2.929802,0.585960,0.263379,1.000000,2.500000,0.650000,0.161117,0.124649,0.096356,0.005805,0.104223,0.002452,0.069127,0.234761,0.119773,0.034251,-0.114352,0.049249
2171,-7.638646,0.992203,2.776127,0.555225,0.281394,1.000000,2.500000,0.650000,0.160225,0.125925,0.096837,0.004824,0.103944,0.001346,0.067662,0.239615,0.119024,0.035314,-0.116023,0.048783
2172,-7.575903,0.881995,3.001175,0.600235,0.263021,1.000000,2.500000,0.650000,0.161509,0.123767,0.096132,0.006065,0.101792,0.001850,0.069301,0.236667,0.119011,0.034580,-0.115252,0.049999
2173,-7.546028,0.886469,3.124655,0.624931,0.262314,1.000000,2.500000,0.650000,0.160039,0.123949,0.097484,0.004156,0.099811,0.002497,0.069619,0.237536,0.119093,0.034492,-0.117408,0.049651
2174,-7.703391,1.078309,2.511829,0.502366,0.269145,1.000000,2.500000,0.650000,0.160073,0.124074,0.096528,0.005469,0.101794,0.002824,0.069978,0.238205,0.119690,0.035290,-0.117435,0.048770
2175,-7.603168,0.955217,2.895918,0.579184,0.270718,1.000000,2.500000,0.650000,0.160741,0.123776,0.098136,0.003511,0.102078,0.003904,0.068007,0.237880,0.119523,0.033665,-0.114950,0.049467
2176,-7.670604,1.027847,2.622985,0.524597,0.275796,1.000000,2.500000,0.650000,0.160000,0.122321,0.096618,0.003670,0.103791,0.002082,0.069996,0.233601,0.119418,0.033965,-0.117566,0.048625
2177,-7.649268,1.014636,2.742464,0.548493,0.279329,1.000000,2.500000,0.650000,0.160100,0.125317,0.096603,0.002052,0.105248,0.001583,0.069759,0.239057,0.118657,0.034242,-0.117995,0.048787
2178,-7.850272,1.339478,2.068420,0.413684,0.288288,1.000000,2.500000,0.650000,0.160590,0.124515,0.096312,0.003961,0.107841,0.001819,0.068062,0.239859,0.117423,0.036244,-0.114984,0.049723
2179,-7.623824,0.981147,2.819711,0.563942,0.255188,1.000000,2.500000,0.650000,0.160948,0.122121,0.097704,0.003615,0.103350,0.003469,0.069036,0.238151,0.119670,0.033508,-0.115238,0.049767
2180,-7.628292,0.968885,2.803848,0.560770,0.278090,1.000000,2.500000,0.650000,0.160530,0.126380,0.097479,0.006091,0.100070,0.001257,0.067231,0.239644,0.119109,0.034305,-0.116654,0.050000
2181,-7.633207,0.977051,2.776657,0.555331,0.270727,1.000000,2.500000,0.650000,0.162203,0.122921,0.096956,0.006407,0.102183,0.001210,0.067745,0.239077,0.118841,0.035372,-0.113020,0.049967
2182,-7.588464,0.913819,2.928013,0.585603,0.254830,1.000000,2.500000,0.650000,0.160133,0.123660,0.096002,0.007217,0.100458,0.001646,0.069174,0.236628,0.117351,0.034592,-0.115806,0.049990
2183,-8.029788,1.729422,1.555750,0.311150,0.266527,1.000000,2.500000,0.650000,0.164204,0.122475,0.096320,0.006027,0.103544,0.003317,0.069626,0.237380,0.119998,0.037378,-0.114630,0.049914
2184,-7.586052,0.923070,2.968750,0.593750,0.269808,1.000000,2.500000,0.650000,0.160724,0.125535,0.097313,0.004260,0.100827,0.003261,0.067766,0.238424,0.119531,0.035970,-0.114940,0.049797
2185,-7.706875,1.063973,2.524499,0.504900,0.274597,1.000000,2.500000,0.650000,0.160052,0.126743,0.097362,0.004641,0.099476,0.002394,0.067591,0.239991,0.119516,0.035203,-0.116845,0.049976
2186,-7.634534,0.967872,2.769496,0.553899,0.261063,1.000000,2.500000,0.650000,0.160053,0.125023,0.097621,0.004849,0.097489,0.003024,0.069635,0.234026,0.119648,0.034124,-0.117414,0.049928
2187,-7.685956,1.072011,2.597674,0.519535,0.288473,1.000000,2.500000,0.650000,0.160445,0.125063,0.097654,0.002363,0.102150,0.002691,0.069310,0.236351,0.118354,0.034586,-0.114684,0.049927
2188,-8.115331,1.940818,1.350701,0.270140,0.266271,1.000000,2.500000,0.650000,0.160515,0.122808,0.096294,0.006343,0.100195,0.001584,0.068438,0.235952,0.118966,0.034243,-0.118251,0.049813
2189,-7.637752,0.981071,2.763497,0.552699,0.272119,1.000000,2.500000,0.650000,0.160646,0.126543,0.097635,0.003706,0.099581,0.001678,0.068985,0.235321,0.119127,0.034327,-0.114483,0.049634
2190,-8.211680,2.241096,1.206863,0.241373,0.280381,1.000000,2.500000,0.650000,0.160668,0.127238,0.099728,0.005807,0.099720,0.000797,0.066616,0.237880,0.119396,0.035718,-0.112001,0.049756
2191,-7.682928,1.025230,2.575870,0.515174,0.261895,1.000000,2.500000,0.650000,0.163959,0.122397,0.096008,0.006136,0.102756,0.001281,0.068259,0.239849,0.119925,0.036155,-0.114087,0.049977
2192,-7.590574,0.941644,2.963710,0.592742,0.283569,1.000000,2.500000,0.650000,0.160135,0.124657,0.097149,0.002172,0.102307,0.002250,0.066562,0.238014,0.117858,0.033173,-0.115708,0.049845
2193,-8.218260,2.290529,1.194043,0.238809,0.272258,1.000000,2.500000,0.650000,0.161347,0.121342,0.096767,0.005209,0.103860,0.001834,0.067615,0.239671,0.119647,0.035463,-0.112565,0.049643
2194,-7.665700,1.037558,2.654870,0.530974,0.262677,1.000000,2.500000,0.650000,0.163808,0.120617,0.096030,0.008887,0.103276,0.003242,0.066518,0.239884,0.118518,0.035575,-0.113458,0.049652
2195,-7.576057,0.892122,3.028844,0.605769,0.281106,1.000000,2.500000,0.650000,0.160712,0.130065,0.096847,0.006328,0.097829,0.001816,0.066992,0.235141,0.118186,0.034678,-0.112031,0.049949
2196,-7.588118,0.906816,2.955341,0.591068,0.284674,1.000000,2.500000,0.650000,0.160278,0.126886,0.096560,0.006158,0.103008,0.000469,0.065884,0.237587,0.118225,0.035431,-0.113641,0.048387
2197,-7.618728,0.950526,2.832556,0.566511,0.270801,1.000000,2.500000,0.650000,0.160192,0.125444,0.097204,0.006040,0.099535,0.002001,0.068506,0.239656,0.118221,0.036012,-0.115595,0.049934
2198,-7.583071,0.887167,2.972227,0.594445,0.270353,1.000000,2.500000,0.650000,0.160674,0.125191,0.096663,0.007243,0.099631,0.001515,0.067796,0.234564,0.119681,0.035202,-0.114986,0.049987
2199,-7.622256,0.975797,2.850089,0.570018,0.275399,1.000000,2.500000,0.650000,0.161309,0.124940,0.098553,0.003908,0.097834,0.001217,0.067659,0.238043,0.118872,0.035709,-0.114731,0.049908
2200,-7.645881,1.001670,2.749400,0.549880,0.272402,1.000000,2.500000,0.650000,0.160086,0.128309,0.096425,0.006809,0.098785,0.002769,0.068096,0.239842,0.117969,0.034784,-0.113763,0.049712
2201,-7.634153,0.966840,2.790619,0.558124,0.284805,1.000000,2.500000,0.650000,0.160108,0.129723,0.098258,0.005634,0.099524,0.000088,0.066687,0.235563,0.118080,0.035523,-0.112032,0.049770
2202,-7.706396,1.061083,2.509083,0.501817,0.266228,1.000000,2.500000,0.650000,0.163361,0.120002,0.096012,0.002872,0.108062,0.000212,0.069684,0.230658,0.119759,0.034912,-0.114298,0.049875
2203,-7.596869,0.935002,2.930213,0.586043,0.265054,1.000000,2.500000,0.650000,0.161337,0.126620,0.099195,0.003879,0.099242,0.001099,0.068077,0.234890,0.119607,0.035092,-0.113299,0.049895
2204,-7.678786,1.063103,2.640331,0.528066,0.298758,1.000000,2.500000,0.650000,0.160693,0.128477,0.098805,0.001284,0.102016,0.001894,0.066375,0.237920,0.118401,0.034436,-0.114539,0.049241
2205,-7.751720,1.123979,2.380692,0.476138,0.280663,1.000000,2.500000,0.650000,0.160528,0.126578,0.097842,0.005540,0.100812,0.001072,0.064626,0.233925,0.118052,0.033712,-0.112272,0.049795
2206,-7.724974,1.090519,2.458919,0.491784,0.273398,1.000000,2.500000,0.650000,0.160144,0.129521,0.098997,0.007396,0.098451,0.002489,0.065270,0.233615,0.119357,0.036356,-0.112944,0.049062
2207,-7.625165,0.963530,2.823391,0.564678,0.268419,1.000000,2.500000,0.650000,0.160367,0.125007,0.097079,0.002526,0.102916,0.002381,0.067986,0.233462,0.119043,0.034124,-0.113799,0.049180
2208,-7.632697,0.964773,2.797594,0.559519,0.270319,1.000000,2.500000,0.650000,0.161677,0.128834,0.098781,0.007091,0.096489,0.002865,0.066472,0.235788,0.119947,0.035711,-0.113038,0.049975
2209,-7.575898,0.899111,2.999721,0.599944,0.258299,1.000000,2.500000,0.650000,0.160772,0.125506,0.097032,0.004831,0.099278,0.003691,0.069752,0.234188,0.119309,0.032735,-0.112526,0.049979
2210,-7.669486,1.008396,2.673179,0.534636,0.280903,1.000000,2.500000,0.650000,0.161016,0.127379,0.097067,0.006960,0.096433,0.002206,0.066105,0.236398,0.117320,0.035184,-0.116534,0.049445
2211,-7.619695,0.943561,2.842620,0.568524,0.268358,1.000000,2.500000,0.650000,0.160682,0.130880,0.099363,0.006629,0.096161,0.002971,0.067983,0.233502,0.118826,0.035578,-0.112235,0.049926
2212,-7.859890,1.351722,2.044421,0.408884,0.275496,1.000000,2.500000,0.650000,0.161170,0.123008,0.096536,0.003124,0.102028,0.001651,0.067858,0.236355,0.118748,0.033799,-0.115391,0.049736
2213,-7.817749,1.307663,2.150543,0.430109,0.297297,1.000000,2.500000,0.650000,0.161387,0.127604,0.096212,0.004448,0.101769,0.000977,0.068589,0.237949,0.118738,0.034506,-0.114124,0.049672
2214,-7.621828,0.959748,2.825101,0.565020,0.266272,1.000000,2.500000,0.650000,0.160510,0.128706,0.098096,0.006602,0.097120,0.002496,0.067182,0.235898,0.119010,0.035136,-0.113619,0.049684
2215,-7.802457,1.255537,2.211844,0.442369,0.267661,1.000000,2.500000,0.650000,0.160290,0.124962,0.099801,0.001452,0.100920,0.003759,0.069596,0.232641,0.119880,0.034586,-0.114016,0.049205
2216,-8.113271,2.090531,1.364279,0.272856,0.288199,1.000000,2.500000,0.650000,0.160591,0.129295,0.099444,0.005136,0.096002,0.000568,0.066450,0.237040,0.118942,0.031974,-0.113210,0.049795
2217,-8.205776,2.179990,1.185431,0.237086,0.274342,1.000000,2.500000,0.650000,0.161112,0.121705,0.096197,0.006443,0.104431,0.000183,0.068186,0.236078,0.119997,0.035766,-0.113353,0.049404
2218,-7.759925,1.156507,2.353678,0.470736,0.268789,1.000000,2.500000,0.650000,0.160566,0.122440,0.096337,0.004805,0.099359,0.004119,0.068899,0.234074,0.118516,0.033647,-0.117157,0.049989
2219,-7.703624,1.084906,2.569217,0.513843,0.272791,1.000000,2.500000,0.650000,0.163039,0.125061,0.096438,0.004072,0.100648,0.004861,0.069088,0.236811,0.118770,0.033278,-0.116234,0.049999
2220,-7.597491,0.946520,2.942014,0.588403,0.270914,1.000000,2.500000,0.650000,0.161076,0.127487,0.100560,0.003183,0.098887,0.004727,0.068575,0.232476,0.119470,0.034026,-0.113063,0.048947
2221,-7.714949,1.070868,2.475878,0.495176,0.267245,1.000000,2.500000,0.650000,0.160395,0.129051,0.097965,0.006447,0.097059,0.001301,0.069634,0.230211,0.119357,0.033910,-0.113427,0.049351
2222,-7.582702,0.902458,2.976299,0.595260,0.263346,1.000000,2.500000,0.650000,0.161590,0.125922,0.099095,0.005428,0.097891,0.003281,0.069583,0.231270,0.119057,0.033567,-0.112052,0.049939
2223,-7.854563,1.335790,2.076136,0.415227,0.280230,1.000000,2.500000,0.650000,0.160181,0.129282,0.098082,0.005253,0.098534,0.008003,0.069418,0.233619,0.116952,0.032748,-0.115247,0.049835
2224,-7.604760,0.934901,2.891293,0.578259,0.269719,1.000000,2.500000,0.650000,0.163638,0.126509,0.097600,0.005867,0.101606,0.002462,0.069998,0.232282,0.119997,0.033528,-0.112559,0.049531
2225,-7.627925,1.004111,2.826998,0.565400,0.278333,1.000000,2.500000,0.650000,0.164503,0.131116,0.099817,0.002904,0.098313,0.005261,0.068620,0.231099,0.118890,0.033676,-0.115129,0.049428
2226,-7.609921,0.924269,2.868038,0.573608,0.261419,1.000000,2.500000,0.650000,0.161512,0.125963,0.096436,0.006292,0.101332,0.004553,0.069005,0.233178,0.118805,0.033134,-0.112120,0.049914
2227,-7.765325,1.156907,2.339817,0.467963,0.279361,1.000000,2.500000,0.650000,0.160260,0.126071,0.099160,0.006051,0.097516,0.001149,0.065489,0.235773,0.119173,0.033745,-0.112004,0.049685
2228,-7.868643,1.382383,2.005943,0.401189,0.285092,1.000000,2.500000,0.650000,0.164154,0.124690,0.097085,0.003387,0.100927,0.003266,0.069335,0.231022,0.119056,0.033517,-0.114607,0.049998
2229,-7.828525,1.263252,2.141586,0.428317,0.271700,1.000000,2.500000,0.650000,0.165500,0.127071,0.097988,0.008694,0.097644,0.003582,0.067223,0.232199,0.118616,0.034184,-0.113858,0.049357
2230,-7.754656,1.140442,2.351276,0.470255,0.269997,1.000000,2.500000,0.650000,0.163263,0.127710,0.100203,0.004168,0.097414,0.003567,0.069996,0.230080,0.119551,0.033828,-0.112069,0.049974
2231,-7.634811,1.002962,2.817933,0.563587,0.273663,1.000000,2.500000,0.650000,0.160025,0.128603,0.100867,0.004943,0.096261,0.005918,0.069263,0.234817,0.119703,0.032778,-0.114010,0.049951
2232,-7.743445,1.115218,2.403295,0.480659,0.278140,1.000000,2.500000,0.650000,0.160841,0.125505,0.097450,0.005798,0.101033,0.000053,0.064873,0.234142,0.118287,0.034394,-0.112077,0.049639
2233,-7.666527,1.008108,2.660782,0.532156,0.267229,1.000000,2.500000,0.650000,0.160047,0.128427,0.098901,0.003558,0.096581,0.002521,0.069807,0.230289,0.119251,0.032418,-0.113362,0.049520
2234,-7.565336,0.915575,3.059945,0.611989,0.266237,1.000000,2.500000,0.650000,0.163041,0.132028,0.100413,0.003144,0.096589,0.006310,0.069980,0.228871,0.119853,0.033208,-0.112014,0.049909
2235,-7.704031,1.064344,2.550147,0.510029,0.261394,1.000000,2.500000,0.650000,0.164110,0.125737,0.096041,0.005987,0.102101,0.003001,0.069965,0.233942,0.119833,0.032932,-0.113800,0.049897
2236,-7.578914,0.937907,2.991255,0.598251,0.278451,1.000000,2.500000,0.650000,0.162504,0.129189,0.098683,0.002656,0.101246,0.004362,0.068181,0.233415,0.118675,0.034137,-0.112131,0.049877
2237,-7.631793,0.971832,2.799343,0.559869,0.266338,1.000000,2.500000,0.650000,0.163801,0.130069,0.097528,0.006303,0.100477,0.004814,0.069971,0.230959,0.119554,0.034188,-0.112104,0.049961
2238,-7.896776,1.405657,1.918359,0.383672,0.270938,1.000000,2.500000,0.650000,0.163362,0.129843,0.099241,0.008041,0.096061,0.005121,0.069978,0.232061,0.119781,0.034267,-0.112522,0.049999
2239,-7.754197,1.106606,2.358760,0.471752,0.270819,1.000000,2.500000,0.650000,0.161884,0.128522,0.096436,0.007556,0.099887,0.002428,0.069490,0.231289,0.118533,0.033571,-0.112001,0.049935
2240,-7.733565,1.102261,2.452270,0.490454,0.275012,1.000000,2.500000,0.650000,0.164044,0.127952,0.097034,0.004341,0.102147,0.006927,0.069929,0.227883,0.119131,0.033500,-0.112227,0.049963
2241,-8.020353,1.680920,1.574965,0.314993,0.267934,1.000000,2.500000,0.650000,0.161615,0.129785,0.098556,0.008023,0.096003,0.003929,0.069983,0.228628,0.119707,0.034083,-0.112076,0.049418
2242,-7.706064,1.063284,2.505935,0.501187,0.269163,1.000000,2.500000,0.650000,0.160107,0.127564,0.096037,0.004869,0.099884,0.004689,0.069711,0.230472,0.119125,0.032668,-0.116264,0.049432
2243,-7.598263,0.911612,2.927162,0.585432,0.269128,1.000000,2.500000,0.650000,0.160346,0.131053,0.100298,0.005021,0.096149,0.002650,0.068995,0.228450,0.119937,0.034167,-0.112000,0.049995
2244,-7.768132,1.243744,2.307887,0.461577,0.286686,1.000000,2.500000,0.650000,0.161965,0.129062,0.099162,0.003581,0.098129,0.003762,0.069821,0.230249,0.119136,0.034201,-0.112451,0.049689
2245,-8.254271,2.395055,1.137256,0.227451,0.278078,1.000000,2.500000,0.650000,0.166117,0.124665,0.097119,0.003275,0.103733,0.006013,0.069822,0.230373,0.119992,0.032273,-0.112520,0.049964
2246,-7.636267,0.964163,2.772427,0.554485,0.265336,1.000000,2.500000,0.650000,0.160748,0.128423,0.097475,0.004003,0.097785,0.004453,0.069378,0.229107,0.119089,0.033180,-0.113757,0.049987
2247,-7.948798,1.650802,1.778840,0.355768,0.280789,1.000000,2.500000,0.650000,0.164044,0.128858,0.098527,0.001239,0.103403,0.005570,0.069673,0.235171,0.119897,0.034547,-0.112036,0.049731
2248,-7.668391,1.011465,2.658167,0.531633,0.267177,1.000000,2.500000,0.650000,0.164133,0.128772,0.098519,0.005403,0.098065,0.002004,0.069979,0.229744,0.119676,0.035227,-0.112020,0.049900
2249,-7.675889,1.006850,2.652773,0.530555,0.272856,1.000000,2.500000,0.650000,0.164366,0.128358,0.099127,0.006089,0.097767,0.002787,0.069468,0.227893,0.119492,0.033105,-0.112678,0.049864
2250,-7.708249,1.088820,2.509524,0.501905,0.267357,1.000000,2.500000,0.650000,0.163825,0.128906,0.096177,0.006319,0.099025,0.005005,0.069461,0.229154,0.118611,0.034255,-0.112479,0.049952
2251,-7.619245,0.969494,2.854795,0.570959,0.270557,1.000000,2.500000,0.650000,0.160216,0.133339,0.103325,0.002272,0.097527,0.006643,0.069838,0.227189,0.119990,0.032158,-0.112468,0.049776
2252,-8.239575,2.418540,1.192772,0.238554,0.294452,1.000000,2.500000,0.650000,0.160575,0.129563,0.097442,0.002527,0.099828,0.006352,0.069809,0.235448,0.118681,0.034440,-0.113818,0.049659
2253,-7.575174,0.922483,3.019250,0.603850,0.273646,1.000000,2.500000,0.650000,0.164555,0.129537,0.100345,0.004390,0.100610,0.004821,0.069497,0.233569,0.119941,0.034570,-0.112008,0.049950
2254,-7.613962,0.977992,2.879574,0.575915,0.267484,1.000000,2.500000,0.650000,0.163846,0.128588,0.096638,0.002170,0.101620,0.005702,0.069574,0.233437,0.119725,0.031029,-0.112852,0.049828
2255,-7.736793,1.141190,2.461536,0.492307,0.275946,1.000000,2.500000,0.650000,0.163381,0.130937,0.099362,0.006038,0.096013,0.005125,0.067877,0.233190,0.119352,0.034383,-0.112046,0.049770
2256,-7.683543,1.078540,2.650647,0.530129,0.285049,1.000000,2.500000,0.650000,0.164550,0.128732,0.098983,0.000238,0.103810,0.004444,0.066539,0.230395,0.119201,0.031928,-0.112268,0.049979
2257,-7.617185,0.997483,2.847983,0.569597,0.286442,1.000000,2.500000,0.650000,0.160002,0.132980,0.099773,0.002686,0.097283,0.004740,0.069339,0.234034,0.118584,0.032205,-0.112776,0.049996
2258,-7.668810,1.033812,2.674803,0.534961,0.265875,1.000000,2.500000,0.650000,0.161287,0.129060,0.098545,0.002646,0.101512,0.003964,0.069837,0.230874,0.119991,0.033010,-0.112021,0.049721
2259,-7.605711,0.951507,2.914343,0.582869,0.269427,1.000000,2.500000,0.650000,0.166381,0.129474,0.100840,0.004427,0.099587,0.006056,0.069128,0.230668,0.119735,0.033837,-0.112564,0.049949
2260,-7.664098,1.021145,2.690521,0.538104,0.271156,1.000000,2.500000,0.650000,0.162045,0.130110,0.096113,0.003895,0.099896,0.004221,0.068204,0.234658,0.119426,0.033569,-0.112976,0.049891
2261,-7.781429,1.211541,2.312269,0.462454,0.280251,1.000000,2.500000,0.650000,0.163196,0.130126,0.099716,0.002953,0.100997,0.005488,0.069425,0.237822,0.119867,0.033646,-0.114134,0.050000
2262,-8.113597,1.939559,1.376703,0.275341,0.269048,1.000000,2.500000,0.650000,0.163569,0.126028,0.098020,0.005913,0.098254,0.003128,0.069938,0.230855,0.119677,0.033914,-0.113487,0.049107
2263,-7.588469,0.942947,2.986285,0.597257,0.262764,1.000000,2.500000,0.650000,0.163342,0.128794,0.097068,0.002063,0.100923,0.004821,0.069997,0.231970,0.119943,0.031370,-0.114184,0.049947
2264,-7.605670,0.989696,2.830397,0.566079,0.273452,1.000000,2.500000,0.650000,0.160944,0.129617,0.099912,0.001496,0.102864,0.003740,0.065926,0.235695,0.119134,0.033813,-0.112036,0.048708
2265,-7.774325,1.241285,2.334490,0.466898,0.295573,1.000000,2.500000,0.650000,0.162574,0.129069,0.099906,0.001784,0.101258,0.003089,0.067340,0.236716,0.119618,0.032541,-0.112032,0.049654
2266,-7.617580,0.949408,2.839301,0.567860,0.268131,1.000000,2.500000,0.650000,0.160020,0.128971,0.099922,0.002624,0.098037,0.004075,0.069452,0.230648,0.119025,0.033619,-0.112210,0.049950
2267,-7.939959,1.512310,1.827066,0.365413,0.274362,1.000000,2.500000,0.650000,0.166488,0.126203,0.096017,0.004816,0.104245,0.002586,0.069637,0.232581,0.119142,0.033688,-0.112060,0.049959
2268,-7.724569,1.141494,2.480726,0.496145,0.285004,1.000000,2.500000,0.650000,0.160092,0.127169,0.096598,0.002272,0.100699,0.004661,0.066916,0.239023,0.118144,0.033134,-0.115259,0.049976
2269,-7.779692,1.227324,2.212173,0.442435,0.273825,1.000000,2.500000,0.650000,0.163651,0.127189,0.098495,0.004600,0.100351,0.004453,0.068072,0.232824,0.119475,0.033267,-0.112043,0.049973
2270,-7.615089,0.933455,2.850589,0.570118,0.273614,1.000000,2.500000,0.650000,0.160809,0.129722,0.096837,0.004618,0.097062,0.003440,0.069987,0.233132,0.119857,0.032295,-0.112645,0.049961
2271,-7.934473,1.518656,1.821880,0.364376,0.282465,1.000000,2.500000,0.650000,0.161480,0.127173,0.096307,0.004614,0.101151,0.004582,0.069936,0.235223,0.118555,0.031773,-0.116944,0.049981
2272,-7.637644,1.006995,2.810736,0.562147,0.278135,1.000000,2.500000,0.650000,0.163330,0.126312,0.098002,0.001056,0.101081,0.004511,0.069076,0.231458,0.119688,0.031435,-0.112253,0.049801
2273,-7.755018,1.161203,2.375650,0.475130,0.283119,1.000000,2.500000,0.650000,0.164510,0.128464,0.096666,0.003018,0.103313,0.004147,0.068228,0.234794,0.119752,0.032681,-0.112048,0.049907
2274,-7.757458,1.197604,2.360184,0.472037,0.273782,1.000000,2.500000,0.650000,0.161595,0.128430,0.098709,0.002994,0.099504,0.003838,0.068606,0.235773,0.119870,0.032321,-0.113220,0.049990
2275,-7.593610,0.933286,2.909025,0.581805,0.275546,1.000000,2.500000,0.650000,0.160094,0.125693,0.097758,0.002903,0.103224,0.000930,0.065839,0.235679,0.118895,0.033260,-0.112082,0.049502
2276,-7.563238,0.924898,3.098681,0.619736,0.276029,1.000000,2.500000,0.650000,0.162470,0.125604,0.097167,0.000044,0.103876,0.005011,0.069999,0.233696,0.119989,0.031937,-0.115940,0.049871
2277,-7.644541,0.973745,2.736875,0.547375,0.267354,1.000000,2.500000,0.650000,0.160049,0.128338,0.097794,0.005403,0.097695,0.001207,0.068865,0.231838,0.118909,0.034895,-0.112318,0.049992
2278,-7.687889,1.055270,2.600527,0.520105,0.276304,1.000000,2.500000,0.650000,0.160042,0.128414,0.098154,0.003448,0.098657,0.002668,0.067422,0.234256,0.119110,0.032705,-0.114988,0.049465
2279,-7.687753,1.097141,2.609924,0.521985,0.282520,1.000000,2.500000,0.650000,0.163182,0.124659,0.097835,0.000055,0.107254,0.004777,0.066239,0.236705,0.119376,0.032598,-0.113957,0.049873
2280,-7.661836,1.035457,2.660569,0.532114,0.299588,1.000000,2.500000,0.650000,0.161560,0.123768,0.096735,0.000526,0.106441,0.001806,0.066143,0.234921,0.119073,0.033772,-0.115147,0.048312
2281,-7.977467,1.644410,1.727965,0.345593,0.292373,1.000000,2.500000,0.650000,0.162913,0.129914,0.096199,0.001122,0.102355,0.004614,0.067211,0.233856,0.118723,0.033509,-0.112060,0.049885
2282,-7.836620,1.326936,2.133163,0.426633,0.285109,1.000000,2.500000,0.650000,0.162021,0.125184,0.096219,0.000168,0.103945,0.004680,0.069878,0.230153,0.119526,0.031149,-0.115049,0.049958
2283,-7.915207,1.468152,1.891042,0.378208,0.277632,1.000000,2.500000,0.650000,0.160648,0.127657,0.096843,0.001406,0.100687,0.005719,0.069517,0.235076,0.119949,0.032202,-0.113897,0.049864
2284,-7.632807,1.025068,2.801648,0.560330,0.267492,1.000000,2.500000,0.650000,0.164434,0.121889,0.097085,0.000979,0.108098,0.004141,0.069914,0.234683,0.119996,0.032207,-0.114543,0.049768
2285,-7.668416,1.042185,2.674504,0.534901,0.267769,1.000000,2.500000,0.650000,0.160100,0.128210,0.097334,0.002501,0.096001,0.006146,0.068352,0.233299,0.119568,0.032054,-0.117970,0.049953
2286,-7.574219,0.925509,2.986118,0.597224,0.284674,1.000000,2.500000,0.650000,0.160186,0.121891,0.096785,0.002832,0.101857,0.002787,0.069818,0.234921,0.119558,0.033020,-0.117512,0.048804
2287,-7.615772,0.962609,2.861771,0.572354,0.272074,1.000000,2.500000,0.650000,0.160047,0.125550,0.099374,0.002213,0.102388,0.000982,0.067797,0.236659,0.119468,0.035036,-0.112659,0.049949
2288,-7.597401,0.961330,2.951508,0.590302,0.276076,1.000000,2.500000,0.650000,0.165709,0.125173,0.098415,0.002005,0.105041,0.001704,0.069453,0.233481,0.119991,0.032878,-0.112521,0.049823
2289,-7.689931,1.108726,2.529884,0.505977,0.290627,1.000000,2.500000,0.650000,0.160554,0.120706,0.097577,0.000322,0.108351,0.000463,0.066955,0.236511,0.119680,0.034397,-0.114654,0.048081
2290,-7.600336,0.974207,2.955390,0.591078,0.268627,1.000000,2.500000,0.650000,0.160979,0.126513,0.098549,0.000380,0.102173,0.002727,0.068450,0.233800,0.119902,0.032751,-0.113808,0.049558
2291,-7.633480,0.938044,2.755751,0.551150,0.268586,1.000000,2.500000,0.650000,0.160092,0.121711,0.096330,0.004454,0.103179,0.000767,0.068524,0.232470,0.119981,0.032580,-0.112255,0.049686
2292,-7.643412,0.986076,2.756451,0.551290,0.280158,1.000000,2.500000,0.650000,0.160019,0.131178,0.098855,0.001052,0.097983,0.003793,0.069374,0.229798,0.119894,0.031629,-0.114380,0.049669
2293,-7.568451,0.907710,3.031093,0.606219,0.273133,1.000000,2.500000,0.650000,0.162300,0.122358,0.096176,0.003917,0.105970,0.001419,0.066289,0.239670,0.119396,0.034397,-0.116556,0.049970
2294,-7.547516,0.887302,3.136105,0.627221,0.272025,1.000000,2.500000,0.650000,0.160937,0.128823,0.098624,0.002476,0.100458,0.003157,0.068568,0.235970,0.119697,0.034382,-0.113275,0.049870
2295,-7.813588,1.242889,2.159534,0.431907,0.265572,1.000000,2.500000,0.650000,0.163176,0.123826,0.098826,0.004105,0.098942,0.003223,0.069997,0.230509,0.119989,0.034348,-0.113042,0.049998
2296,-7.687064,1.100497,2.534495,0.506899,0.287225,1.000000,2.500000,0.650000,0.161168,0.126559,0.096279,0.000543,0.106500,0.002666,0.068882,0.237062,0.118977,0.034151,-0.113704,0.049439
2297,-9.981286,1.329171,1.871411,0.374282,0.694106,0.000000,2.500000,0.650000,0.162969,0.125773,0.100683,0.000118,0.103849,0.002739,0.066846,0.234347,0.119983,0.032754,-0.113233,0.049096
2298,-7.611729,0.974083,2.874897,0.574979,0.279869,1.000000,2.500000,0.650000,0.160280,0.126300,0.097157,0.000368,0.103059,0.001927,0.069836,0.236528,0.119459,0.034015,-0.119042,0.048486
2299,-7.499451,0.821850,3.290280,0.658056,0.264083,1.000000,2.500000,0.650000,0.161520,0.123360,0.097473,0.003142,0.100274,0.001183,0.069887,0.234488,0.119615,0.033793,-0.114352,0.049885
2300,-8.284576,2.580280,1.010247,0.202049,0.288583,1.000000,2.500000,0.650000,0.164366,0.124753,0.096062,0.005573,0.105984,0.000729,0.066219,0.239999,0.119998,0.034860,-0.112718,0.049754
2301,-7.770001,1.230735,2.196295,0.439259,0.272860,1.000000,2.500000,0.650000,0.160085,0.121811,0.097355,0.000442,0.103734,0.003280,0.069950,0.238410,0.118965,0.033596,-0.116753,0.049992
2302,-7.516571,0.854590,3.258924,0.651785,0.258466,1.000000,2.500000,0.650000,0.167180,0.125703,0.096280,0.004916,0.100497,0.005077,0.069985,0.234068,0.119721,0.033494,-0.113090,0.049430
2303,-9.981517,1.248602,1.848271,0.369654,0.841848,0.000000,2.500000,0.650000,0.162611,0.122870,0.098151,0.000966,0.105521,0.000782,0.069981,0.236076,0.119986,0.034558,-0.115966,0.049213
2304,-7.512855,0.880356,3.259706,0.651941,0.276684,1.000000,2.500000,0.650000,0.163734,0.122353,0.098896,0.000442,0.101488,0.003106,0.069951,0.231638,0.119666,0.033910,-0.117470,0.049959
2305,-7.584076,0.880783,2.965824,0.593165,0.265937,1.000000,2.500000,0.650000,0.160231,0.123340,0.097666,0.005736,0.098741,0.000497,0.068608,0.235081,0.119670,0.033826,-0.113767,0.049877
2306,-7.529795,0.855074,3.149634,0.629927,0.275942,1.000000,2.500000,0.650000,0.160019,0.129611,0.098810,0.002334,0.100472,0.000722,0.066768,0.235639,0.119504,0.033118,-0.112014,0.049716
2307,-7.586742,0.950174,2.970240,0.594048,0.262558,1.000000,2.500000,0.650000,0.163848,0.127613,0.096419,0.003337,0.103325,0.002056,0.069323,0.238759,0.119927,0.034772,-0.113668,0.049670
2308,-7.699066,1.068311,2.557967,0.511593,0.281579,1.000000,2.500000,0.650000,0.161836,0.128253,0.098789,0.002646,0.096615,0.001839,0.068943,0.234750,0.119606,0.034903,-0.115547,0.049885
2309,-7.655670,0.987800,2.664161,0.532832,0.263406,1.000000,2.500000,0.650000,0.160346,0.120997,0.096017,0.005751,0.103224,0.000232,0.067769,0.239857,0.119507,0.034708,-0.114687,0.049876
2310,-7.714752,1.112881,2.511732,0.502346,0.269135,1.000000,2.500000,0.650000,0.162096,0.121860,0.096638,0.001627,0.104818,0.001800,0.069848,0.234664,0.119238,0.033509,-0.113037,0.049912
2311,-8.009450,1.796739,1.610901,0.322180,0.318937,1.000000,2.500000,0.650000,0.164023,0.127431,0.099976,0.000164,0.101777,0.003022,0.068658,0.234544,0.119966,0.032901,-0.114422,0.049889
2312,-7.584790,0.930387,2.959988,0.591998,0.258738,1.000000,2.500000,0.650000,0.165101,0.123073,0.096684,0.004465,0.102079,0.002693,0.069090,0.238436,0.119806,0.035659,-0.114365,0.049984
2313,-7.673638,1.062188,2.682182,0.536436,0.278967,1.000000,2.500000,0.650000,0.163961,0.128648,0.097991,0.001403,0.101252,0.003528,0.069427,0.234746,0.118949,0.033901,-0.113323,0.049952
2314,-7.681577,1.049801,2.619888,0.523978,0.267559,1.000000,2.500000,0.650000,0.164147,0.125999,0.096566,0.004120,0.102035,0.002725,0.069939,0.232944,0.119612,0.034030,-0.114981,0.049970
2315,-7.716279,1.131869,2.542847,0.508569,0.273839,1.000000,2.500000,0.650000,0.163929,0.128298,0.098966,0.000180,0.099017,0.003566,0.069774,0.230898,0.119778,0.033365,-0.116513,0.048941
2316,-7.588602,0.917430,2.946236,0.589247,0.258535,1.000000,2.500000,0.650000,0.163372,0.120100,0.096379,0.002307,0.104562,0.002043,0.069998,0.232562,0.119425,0.034499,-0.114930,0.049957
2317,-7.613393,0.978840,2.876720,0.575344,0.268857,1.000000,2.500000,0.650000,0.164384,0.123448,0.096054,0.003064,0.104034,0.004724,0.069826,0.238399,0.119624,0.034038,-0.115870,0.049862
2318,-7.600518,0.946583,2.932548,0.586510,0.274097,1.000000,2.500000,0.650000,0.162555,0.124829,0.096625,0.000936,0.101560,0.003688,0.068789,0.233126,0.119843,0.031772,-0.117117,0.049985
2319,-7.657835,1.053203,2.752972,0.550594,0.263010,1.000000,2.500000,0.650000,0.162974,0.127642,0.100984,0.004047,0.096000,0.005579,0.070000,0.234047,0.119658,0.034445,-0.112634,0.048592
2320,-7.623230,0.983958,2.859540,0.571908,0.265853,1.000000,2.500000,0.650000,0.164976,0.125291,0.096734,0.001265,0.102799,0.005004,0.069763,0.230716,0.119222,0.033341,-0.114609,0.049444
2321,-7.617031,0.959992,2.857570,0.571514,0.263157,1.000000,2.500000,0.650000,0.163678,0.126287,0.096943,0.004697,0.100198,0.003867,0.069419,0.233553,0.119279,0.033603,-0.112253,0.049961
2322,-7.677329,1.018259,2.619757,0.523951,0.266332,1.000000,2.500000,0.650000,0.163757,0.120464,0.096044,0.003870,0.103642,0.001975,0.069692,0.238467,0.119897,0.035599,-0.120587,0.049999
2323,-7.672762,1.037652,2.643028,0.528606,0.263827,1.000000,2.500000,0.650000,0.163091,0.122735,0.096054,0.002955,0.101812,0.003807,0.069756,0.231817,0.118366,0.033267,-0.114889,0.049886
2324,-7.752471,1.159976,2.379340,0.475868,0.263289,1.000000,2.500000,0.650000,0.164715,0.123772,0.096946,0.004910,0.100161,0.005531,0.069780,0.235776,0.119614,0.034444,-0.116043,0.049612
2325,-7.623809,0.950550,2.804700,0.560940,0.266354,1.000000,2.500000,0.650000,0.165403,0.125608,0.096167,0.004610,0.099652,0.001160,0.069911,0.233819,0.119755,0.033556,-0.113957,0.049985
2326,-7.556466,0.892872,3.074780,0.614956,0.260631,1.000000,2.500000,0.650000,0.161867,0.123279,0.096409,0.003173,0.101687,0.003971,0.069753,0.236009,0.119976,0.033450,-0.113790,0.049763
2327,-7.823383,1.406856,2.118965,0.423793,0.265188,1.000000,2.500000,0.650000,0.166640,0.127508,0.096924,0.003554,0.101046,0.003284,0.069119,0.238266,0.119730,0.035120,-0.113915,0.048925
2328,-7.606783,0.983208,2.899230,0.579846,0.280135,1.000000,2.500000,0.650000,0.164749,0.125665,0.096063,0.001002,0.103900,0.004331,0.070000,0.236934,0.119634,0.034041,-0.114904,0.049874
2329,-7.895223,1.462609,1.892180,0.378436,0.281103,1.000000,2.500000,0.650000,0.163148,0.122688,0.096055,0.003549,0.103598,0.004815,0.069965,0.230842,0.118288,0.032654,-0.112709,0.049747
2330,-7.640310,0.992874,2.798700,0.559740,0.271700,1.000000,2.500000,0.650000,0.165238,0.120006,0.096179,0.002788,0.107246,0.000875,0.069952,0.236271,0.119374,0.033804,-0.115074,0.049973
2331,-7.611054,0.974115,2.863979,0.572796,0.276599,1.000000,2.500000,0.650000,0.163774,0.122253,0.096163,0.002432,0.105188,0.001630,0.068327,0.239328,0.118430,0.034583,-0.114393,0.049939
2332,-8.167303,2.114618,1.281118,0.256224,0.268641,1.000000,2.500000,0.650000,0.167805,0.121502,0.096199,0.006623,0.105822,0.001162,0.069989,0.235211,0.119941,0.036081,-0.114642,0.049984
2333,-7.654511,1.060259,2.744040,0.548808,0.279920,1.000000,2.500000,0.650000,0.164079,0.129992,0.098324,0.000690,0.099254,0.006384,0.069370,0.230548,0.119786,0.031560,-0.112071,0.049117
2334,-7.633376,0.980675,2.767090,0.553418,0.258420,1.000000,2.500000,0.650000,0.163707,0.120478,0.096157,0.005646,0.102714,0.001989,0.069952,0.239479,0.119966,0.035264,-0.115630,0.049459
2335,-7.686405,1.053026,2.608041,0.521608,0.270209,1.000000,2.500000,0.650000,0.164458,0.122028,0.096925,0.002949,0.106740,0.003925,0.069627,0.235059,0.119948,0.033336,-0.113359,0.049999
2336,-8.177801,2.150931,1.252535,0.250507,0.262102,1.000000,2.500000,0.650000,0.161314,0.121268,0.097874,0.004612,0.100215,0.003181,0.069959,0.234073,0.119884,0.034374,-0.112769,0.049839
2337,-7.586349,0.935728,2.980399,0.596080,0.269812,1.000000,2.500000,0.650000,0.165799,0.122967,0.096084,0.003363,0.105263,0.001604,0.069079,0.239933,0.119693,0.034097,-0.114371,0.049829
2338,-7.734979,1.139546,2.415328,0.483066,0.267922,1.000000,2.500000,0.650000,0.161364,0.122753,0.096112,0.003200,0.102638,0.002280,0.069950,0.238812,0.119983,0.033337,-0.116186,0.049830
2339,-7.872977,1.390681,1.999560,0.399912,0.263610,1.000000,2.500000,0.650000,0.161029,0.120206,0.096017,0.001730,0.105100,0.003595,0.069286,0.235436,0.119994,0.032631,-0.115179,0.049923
2340,-7.713682,1.112813,2.556741,0.511348,0.279537,1.000000,2.500000,0.650000,0.164442,0.125763,0.097200,0.002295,0.101086,0.002948,0.069742,0.235131,0.119592,0.035074,-0.112908,0.049366
2341,-7.671274,1.076031,2.665181,0.533036,0.262379,1.000000,2.500000,0.650000,0.164596,0.123454,0.096397,0.001390,0.101799,0.005130,0.069948,0.233909,0.119999,0.033727,-0.114728,0.049480
2342,-7.729760,1.134369,2.415706,0.483141,0.279046,1.000000,2.500000,0.650000,0.164255,0.121835,0.096147,0.003648,0.105206,0.000161,0.069510,0.235426,0.119535,0.035016,-0.114487,0.049922
2343,-7.544228,0.902188,3.141032,0.628206,0.274556,1.000000,2.500000,0.650000,0.167087,0.124237,0.096029,0.003288,0.101788,0.003229,0.069915,0.238900,0.120000,0.033790,-0.114681,0.048642
2344,-7.764988,1.223813,2.329531,0.465906,0.297422,1.000000,2.500000,0.650000,0.162756,0.124475,0.096285,0.000918,0.102584,0.003517,0.069903,0.237183,0.119804,0.033360,-0.114577,0.049294
2345,-7.619748,1.017735,2.881841,0.576368,0.269038,1.000000,2.500000,0.650000,0.166226,0.121430,0.096218,0.002654,0.101332,0.004549,0.069968,0.239594,0.119962,0.032552,-0.117756,0.048836
2346,-7.647923,1.025286,2.769895,0.553979,0.264254,1.000000,2.500000,0.650000,0.169016,0.121477,0.098260,0.006451,0.103620,0.003788,0.069642,0.239921,0.119615,0.034583,-0.113380,0.047516
2347,-7.573560,0.910423,3.037297,0.607459,0.269397,1.000000,2.500000,0.650000,0.165444,0.122988,0.096278,0.002963,0.104645,0.002578,0.068668,0.239498,0.119999,0.033096,-0.117220,0.049538
2348,-7.797764,1.247140,2.239207,0.447841,0.262289,1.000000,2.500000,0.650000,0.167416,0.123043,0.096373,0.005110,0.101322,0.005174,0.069897,0.236233,0.119991,0.034630,-0.113148,0.048909
2349,-7.547167,0.905324,3.133063,0.626613,0.262122,1.000000,2.500000,0.650000,0.168718,0.123308,0.096010,0.003536,0.102357,0.002883,0.069461,0.238668,0.119968,0.032461,-0.113382,0.049197
2350,-8.288054,2.515792,1.103442,0.220688,0.283433,1.000000,2.500000,0.650000,0.166561,0.122783,0.096143,0.003944,0.103799,0.001523,0.069998,0.237990,0.119957,0.033983,-0.113092,0.048874
2351,-7.540365,0.900286,3.187842,0.637568,0.272698,1.000000,2.500000,0.650000,0.167066,0.125093,0.096997,0.002585,0.103929,0.002697,0.069820,0.238436,0.119872,0.035398,-0.115145,0.049989
2352,-7.698098,1.085994,2.557689,0.511538,0.304353,1.000000,2.500000,0.650000,0.166409,0.126588,0.096068,0.003811,0.103180,0.003096,0.068012,0.235168,0.119214,0.035612,-0.112451,0.049838
2353,-7.581271,0.916000,2.961670,0.592334,0.255867,1.000000,2.500000,0.650000,0.162273,0.121526,0.096356,0.004912,0.099067,0.002256,0.068973,0.234224,0.119307,0.032797,-0.114748,0.048503
2354,-7.573270,0.949945,3.057703,0.611541,0.281533,1.000000,2.500000,0.650000,0.169824,0.121345,0.096027,0.002780,0.103281,0.003291,0.067951,0.237164,0.119987,0.032190,-0.112015,0.047383
2355,-7.687792,1.082394,2.605010,0.521002,0.281642,1.000000,2.500000,0.650000,0.167129,0.124116,0.096075,0.003009,0.103076,0.002145,0.069929,0.237520,0.119737,0.033620,-0.112908,0.049258
2356,-7.626643,0.975416,2.838042,0.567608,0.280589,1.000000,2.500000,0.650000,0.165045,0.126438,0.096954,0.003504,0.103565,0.003335,0.068188,0.239755,0.119944,0.032757,-0.114941,0.049857
2357,-7.895169,1.437512,1.986633,0.397327,0.281226,1.000000,2.500000,0.650000,0.167335,0.127393,0.097659,0.002792,0.101054,0.003698,0.069292,0.236452,0.119933,0.033844,-0.112067,0.049349
2358,-7.636130,1.002752,2.816813,0.563363,0.270827,1.000000,2.500000,0.650000,0.169904,0.120010,0.096256,0.003388,0.106018,0.000187,0.069632,0.239887,0.119881,0.035008,-0.115139,0.049405
2359,-7.790364,1.258818,2.274669,0.454934,0.299780,1.000000,2.500000,0.650000,0.166913,0.122861,0.097362,0.001639,0.107467,0.002750,0.069935,0.239988,0.119932,0.033404,-0.115553,0.049995
2360,-7.624590,0.995601,2.808315,0.561663,0.261645,1.000000,2.500000,0.650000,0.166595,0.120636,0.096000,0.003608,0.103332,0.001785,0.069841,0.238300,0.119976,0.032164,-0.115507,0.049619
2361,-7.654593,1.038026,2.761169,0.552234,0.275184,1.000000,2.500000,0.650000,0.171805,0.120377,0.096202,0.003517,0.103986,0.003196,0.067737,0.239982,0.119828,0.033111,-0.115491,0.048726
2362,-7.628870,1.040837,2.855930,0.571186,0.278382,1.000000,2.500000,0.650000,0.167942,0.126224,0.098780,0.002142,0.097073,0.006315,0.068414,0.232201,0.118977,0.032786,-0.112918,0.049172
2363,-7.564583,0.904512,3.050995,0.610199,0.270396,1.000000,2.500000,0.650000,0.165767,0.128338,0.096215,0.004906,0.102238,0.001607,0.068104,0.239650,0.119970,0.034608,-0.112467,0.049805
2364,-7.993851,1.649719,1.712703,0.342541,0.280782,1.000000,2.500000,0.650000,0.164106,0.125169,0.097677,0.002983,0.101062,0.000340,0.069058,0.237808,0.119973,0.033020,-0.113727,0.050000
2365,-7.593415,0.974653,2.977336,0.595467,0.270185,1.000000,2.500000,0.650000,0.166931,0.124423,0.098170,0.001939,0.100889,0.002949,0.069687,0.239454,0.119986,0.033470,-0.114045,0.049257
2366,-7.689769,1.094091,2.598921,0.519784,0.283224,1.000000,2.500000,0.650000,0.167440,0.125129,0.097078,0.001334,0.105883,0.002211,0.069888,0.238714,0.119891,0.034466,-0.115593,0.049984
2367,-7.755472,1.214946,2.340552,0.468110,0.296526,1.000000,2.500000,0.650000,0.165995,0.123737,0.096000,0.003423,0.104406,0.001685,0.069080,0.237388,0.119620,0.032922,-0.112810,0.049618
2368,-7.720122,1.100370,2.496222,0.499244,0.272595,1.000000,2.500000,0.650000,0.165268,0.125697,0.097735,0.005553,0.099755,0.001025,0.066989,0.239998,0.119900,0.034943,-0.112709,0.049931
2369,-7.615567,0.977348,2.844006,0.568801,0.294086,1.000000,2.500000,0.650000,0.166356,0.125039,0.096147,0.005658,0.097792,0.002523,0.070000,0.239893,0.119937,0.033894,-0.116323,0.048504
2370,-7.483047,0.799204,3.355267,0.671053,0.256585,1.000000,2.500000,0.650000,0.165567,0.120233,0.097054,0.006823,0.102227,0.000019,0.069979,0.239132,0.119997,0.035220,-0.114963,0.049505
2371,-7.670144,1.040718,2.671492,0.534298,0.267295,1.000000,2.500000,0.650000,0.163174,0.123707,0.097114,0.003230,0.102894,0.001360,0.069918,0.239096,0.119919,0.034462,-0.114741,0.049876
2372,-7.698081,1.068194,2.587963,0.517593,0.279937,1.000000,2.500000,0.650000,0.165027,0.126232,0.097004,0.004850,0.098698,0.003344,0.069255,0.239910,0.119941,0.034193,-0.117629,0.049998
2373,-7.682906,1.096429,2.635407,0.527081,0.306748,1.000000,2.500000,0.650000,0.168969,0.127186,0.097420,0.004292,0.104002,0.004797,0.068855,0.238879,0.118443,0.033968,-0.112766,0.049758
2374,-7.644161,0.999744,2.784433,0.556887,0.278716,1.000000,2.500000,0.650000,0.163541,0.127386,0.096686,0.005237,0.101867,0.002119,0.067335,0.239842,0.119988,0.034186,-0.112034,0.049542
2375,-7.561961,0.911366,3.089803,0.617961,0.269208,1.000000,2.500000,0.650000,0.167607,0.126694,0.096100,0.003731,0.103032,0.001665,0.068559,0.236667,0.119969,0.034435,-0.112053,0.049313
2376,-7.638154,0.977706,2.766747,0.553349,0.265506,1.000000,2.500000,0.650000,0.165145,0.125396,0.098225,0.006617,0.101349,0.001046,0.068797,0.237499,0.119999,0.034333,-0.112023,0.050000
2377,-7.618643,0.940093,2.809518,0.561904,0.262089,1.000000,2.500000,0.650000,0.161711,0.120838,0.096066,0.005153,0.102267,0.000198,0.069237,0.239276,0.119998,0.035169,-0.117187,0.049652
2378,-7.620015,0.954525,2.830260,0.566052,0.265668,1.000000,2.500000,0.650000,0.167375,0.125506,0.096141,0.006034,0.099332,0.000930,0.069800,0.235543,0.119997,0.035610,-0.114196,0.048449
2379,-7.596939,0.960256,2.939769,0.587954,0.263918,1.000000,2.500000,0.650000,0.170249,0.123357,0.096006,0.005015,0.103538,0.002277,0.067758,0.239962,0.119856,0.034561,-0.112741,0.049320
2380,-7.730845,1.121863,2.459341,0.491868,0.275162,1.000000,2.500000,0.650000,0.167729,0.124254,0.096004,0.004999,0.102193,0.000188,0.069426,0.239711,0.120000,0.034914,-0.112481,0.049894
2381,-7.694149,1.086820,2.586229,0.517246,0.270517,1.000000,2.500000,0.650000,0.171226,0.127988,0.096002,0.006725,0.101920,0.002152,0.069854,0.237338,0.119516,0.035202,-0.112058,0.048283
2382,-7.692809,1.046676,2.568259,0.513652,0.262607,1.000000,2.500000,0.650000,0.165818,0.123031,0.096374,0.007104,0.100206,0.001526,0.069977,0.239263,0.119859,0.034044,-0.114372,0.048787
2383,-7.643697,0.991970,2.736495,0.547299,0.263668,1.000000,2.500000,0.650000,0.164213,0.125506,0.096177,0.006484,0.100971,0.000885,0.069474,0.239920,0.119674,0.037956,-0.115341,0.049890
2384,-7.620763,0.977633,2.847803,0.569561,0.262495,1.000000,2.500000,0.650000,0.170494,0.122312,0.096020,0.005465,0.104582,0.000408,0.068216,0.239798,0.119998,0.034649,-0.113362,0.049058
2385,-7.757896,1.157175,2.368029,0.473606,0.270173,1.000000,2.500000,0.650000,0.165850,0.123647,0.096196,0.005573,0.104178,0.001492,0.069158,0.239942,0.119593,0.036157,-0.115086,0.049631
2386,-7.657163,0.999210,2.691285,0.538257,0.260403,1.000000,2.500000,0.650000,0.164626,0.121958,0.096316,0.008494,0.100409,0.000444,0.068563,0.239999,0.119998,0.037378,-0.114362,0.049467
2387,-7.662452,1.015241,2.666120,0.533224,0.261485,1.000000,2.500000,0.650000,0.163081,0.121720,0.096291,0.005081,0.102077,0.001119,0.068385,0.236941,0.119986,0.035375,-0.119599,0.049985
2388,-7.602565,0.957595,2.916878,0.583376,0.261730,1.000000,2.500000,0.650000,0.166257,0.123217,0.096017,0.006096,0.100075,0.000585,0.067470,0.240000,0.119879,0.035314,-0.112942,0.049435
2389,-7.629782,0.953169,2.778664,0.555733,0.266333,1.000000,2.500000,0.650000,0.164260,0.126646,0.096199,0.007818,0.101382,0.000385,0.068269,0.239922,0.119995,0.035583,-0.112871,0.049962
2390,-7.530537,0.880505,3.207746,0.641549,0.269840,1.000000,2.500000,0.650000,0.170466,0.122814,0.096012,0.005215,0.102972,0.001991,0.067977,0.239843,0.119998,0.035606,-0.116325,0.049614
2391,-7.741929,1.189871,2.372365,0.474473,0.280453,1.000000,2.500000,0.650000,0.167981,0.120041,0.096354,0.006943,0.104808,0.000047,0.065580,0.236318,0.119642,0.037526,-0.116103,0.049815
2392,-7.621449,0.976672,2.843374,0.568675,0.266514,1.000000,2.500000,0.650000,0.169286,0.124122,0.096023,0.005273,0.101652,0.001253,0.067992,0.238881,0.119852,0.036387,-0.116023,0.049093
2393,-7.620345,1.005381,2.878216,0.575643,0.274519,1.000000,2.500000,0.650000,0.167410,0.124818,0.096088,0.003266,0.102237,0.002815,0.069511,0.239888,0.119883,0.034354,-0.113817,0.048795
2394,-7.602630,0.963548,2.935384,0.587077,0.272133,1.000000,2.500000,0.650000,0.169546,0.123484,0.096031,0.003872,0.106059,0.000952,0.068656,0.239972,0.119951,0.035376,-0.114258,0.049795
2395,-7.559051,0.910457,3.100320,0.620064,0.267680,1.000000,2.500000,0.650000,0.170924,0.124505,0.096243,0.004380,0.105728,0.001968,0.067021,0.239987,0.119998,0.034442,-0.113149,0.050000
2396,-7.887959,1.399166,1.927536,0.385507,0.290575,1.000000,2.500000,0.650000,0.162271,0.128186,0.096350,0.005049,0.100729,0.001858,0.069386,0.237841,0.118633,0.035085,-0.114938,0.049765
2397,-7.647941,1.002178,2.744518,0.548904,0.269396,1.000000,2.500000,0.650000,0.167564,0.124214,0.096350,0.006835,0.105699,0.002417,0.068151,0.239975,0.119567,0.034386,-0.113840,0.049999
2398,-7.866615,1.365869,2.034801,0.406960,0.270304,1.000000,2.500000,0.650000,0.165201,0.124304,0.096703,0.003737,0.102111,0.002369,0.069961,0.236415,0.119908,0.035672,-0.115811,0.049932
2399,-7.582759,0.941202,2.998503,0.599701,0.264762,1.000000,2.500000,0.650000,0.170924,0.125669,0.096056,0.005334,0.103004,0.004127,0.069241,0.239755,0.119972,0.035669,-0.113613,0.049802
2400,-7.580415,0.939492,3.007186,0.601437,0.257702,1.000000,2.500000,0.650000,0.173408,0.120327,0.096012,0.006070,0.105020,0.000463,0.067890,0.239999,0.119931,0.036232,-0.115129,0.049924
2401,-7.579590,0.949946,3.073057,0.614611,0.275267,1.000000,2.500000,0.650000,0.176621,0.123092,0.096578,0.005086,0.104601,0.002699,0.067165,0.239969,0.119988,0.034317,-0.112093,0.048506
2402,-7.581309,0.953602,3.021925,0.604385,0.260023,1.000000,2.500000,0.650000,0.168476,0.123689,0.096009,0.003265,0.102846,0.001718,0.069850,0.239597,0.119999,0.034154,-0.115184,0.049725
2403,-7.660633,1.042827,2.731851,0.546370,0.277506,1.000000,2.500000,0.650000,0.168233,0.127223,0.096208,0.003805,0.100201,0.001471,0.067641,0.239854,0.119625,0.034017,-0.114196,0.049763
2404,-7.655425,1.030639,2.710528,0.542106,0.257933,1.000000,2.500000,0.650000,0.168162,0.121045,0.096000,0.003587,0.102366,0.000685,0.069579,0.239136,0.119955,0.035375,-0.116285,0.049922
2405,-7.598853,0.945340,2.941807,0.588361,0.275634,1.000000,2.500000,0.650000,0.170723,0.122759,0.096636,0.003990,0.106635,0.001073,0.065206,0.237890,0.119987,0.036326,-0.115057,0.049764
2406,-7.611076,0.965737,2.880382,0.576076,0.262083,1.000000,2.500000,0.650000,0.170378,0.121720,0.096124,0.005668,0.104127,0.001301,0.068329,0.239997,0.119921,0.034282,-0.114431,0.049327
2407,-7.575015,0.935135,3.014115,0.602823,0.277888,1.000000,2.500000,0.650000,0.164542,0.123485,0.096025,0.003228,0.103653,0.000692,0.068078,0.239782,0.119867,0.034423,-0.114953,0.049962
2408,-7.624933,0.990446,2.812102,0.562420,0.262428,1.000000,2.500000,0.650000,0.170004,0.122366,0.096002,0.004622,0.106296,0.002564,0.066505,0.239975,0.119879,0.035141,-0.115659,0.049928
2409,-7.670640,1.056242,2.711859,0.542372,0.283830,1.000000,2.500000,0.650000,0.170623,0.125119,0.097919,0.004642,0.104226,0.001949,0.065111,0.239998,0.119930,0.036113,-0.112141,0.049595
2410,-7.731065,1.190079,2.492370,0.498474,0.283831,1.000000,2.500000,0.650000,0.171303,0.124579,0.096092,0.003049,0.106130,0.003796,0.067824,0.239851,0.119996,0.034037,-0.114753,0.049995
2411,-7.622518,1.027185,2.804191,0.560838,0.266763,1.000000,2.500000,0.650000,0.173027,0.120822,0.096033,0.004296,0.104893,0.001020,0.067853,0.239826,0.119982,0.036109,-0.113460,0.049970
2412,-7.571582,0.923924,3.046907,0.609381,0.265990,1.000000,2.500000,0.650000,0.168921,0.121222,0.096090,0.004249,0.105006,0.000776,0.069944,0.238717,0.119831,0.033397,-0.113104,0.049937
2413,-7.724495,1.125324,2.492623,0.498525,0.269725,1.000000,2.500000,0.650000,0.169652,0.121549,0.096084,0.003938,0.104852,0.001346,0.067724,0.237810,0.119876,0.035010,-0.112066,0.049712
2414,-7.749631,1.149324,2.412493,0.482499,0.275401,1.000000,2.500000,0.650000,0.167725,0.123347,0.096138,0.003866,0.104862,0.000064,0.065823,0.239865,0.119998,0.034753,-0.112404,0.049935
2415,-7.602749,0.972812,2.964619,0.592924,0.274948,1.000000,2.500000,0.650000,0.167077,0.125070,0.098785,0.003294,0.101315,0.002173,0.067313,0.239996,0.119974,0.032708,-0.112979,0.049879
2416,-7.632092,0.991322,2.832626,0.566525,0.271794,1.000000,2.500000,0.650000,0.167950,0.122187,0.096143,0.002938,0.106156,0.000254,0.066498,0.239434,0.119950,0.033303,-0.112637,0.049865
2417,-7.647902,1.026086,2.753617,0.550723,0.277370,1.000000,2.500000,0.650000,0.168658,0.125187,0.096998,0.002534,0.101365,0.002683,0.069036,0.233754,0.119832,0.034278,-0.112709,0.049580
2418,-7.644605,1.020850,2.755869,0.551174,0.266201,1.000000,2.500000,0.650000,0.172813,0.120527,0.096005,0.006130,0.104443,0.001472,0.066257,0.236920,0.119902,0.035609,-0.113812,0.048919
2419,-7.615813,0.961447,2.879936,0.575987,0.274958,1.000000,2.500000,0.650000,0.169394,0.124498,0.096005,0.006243,0.103349,0.001540,0.066560,0.239770,0.120000,0.033960,-0.112771,0.049300
2420,-7.560325,0.893378,3.059690,0.611938,0.261354,1.000000,2.500000,0.650000,0.171509,0.120548,0.096000,0.005208,0.106229,0.000036,0.066690,0.239065,0.119978,0.035502,-0.114107,0.049994
2421,-7.527326,0.909618,3.233145,0.646629,0.265423,1.000000,2.500000,0.650000,0.171270,0.122964,0.096584,0.003217,0.101668,0.003548,0.069612,0.239994,0.119350,0.033205,-0.114913,0.049935
2422,-7.537275,0.862298,3.156889,0.631378,0.262720,1.000000,2.500000,0.650000,0.168283,0.120002,0.097301,0.006515,0.103778,0.000053,0.068434,0.239584,0.119687,0.036430,-0.112378,0.049941
2423,-7.568059,0.904029,3.038087,0.607617,0.255810,1.000000,2.500000,0.650000,0.169069,0.120203,0.096104,0.006113,0.106294,0.000008,0.069585,0.239374,0.119851,0.035292,-0.113512,0.049815
2424,-7.658393,1.049846,2.737486,0.547497,0.274606,1.000000,2.500000,0.650000,0.169101,0.124800,0.097501,0.005409,0.101338,0.000706,0.068159,0.239538,0.119622,0.035738,-0.112304,0.049924
2425,-7.607441,0.950475,2.913843,0.582769,0.266804,1.000000,2.500000,0.650000,0.173017,0.124945,0.097028,0.007742,0.103963,0.000026,0.065937,0.239382,0.119940,0.036129,-0.112755,0.049999
2426,-7.930308,1.528342,1.874977,0.374995,0.275661,1.000000,2.500000,0.650000,0.169269,0.121548,0.097323,0.003454,0.102810,0.001454,0.068208,0.239489,0.119956,0.034945,-0.113851,0.049945
2427,-7.631804,1.005021,2.827989,0.565598,0.278066,1.000000,2.500000,0.650000,0.171310,0.123945,0.096001,0.003939,0.104857,0.001184,0.067942,0.239876,0.120000,0.034943,-0.112270,0.048992
2428,-7.638625,1.055035,2.717540,0.543508,0.282736,1.000000,2.500000,0.650000,0.170211,0.123799,0.096341,0.003161,0.106946,0.001843,0.067789,0.238644,0.119849,0.034356,-0.117051,0.049927
2429,-7.592542,0.937839,2.940760,0.588152,0.261709,1.000000,2.500000,0.650000,0.168928,0.123008,0.096007,0.005583,0.105089,0.000484,0.069932,0.239673,0.119912,0.034466,-0.113181,0.049977
2430,-7.601808,0.942370,2.929134,0.585827,0.270252,1.000000,2.500000,0.650000,0.166816,0.120386,0.096363,0.005366,0.106678,0.000180,0.068883,0.239921,0.119985,0.033824,-0.113931,0.049846
2431,-7.898752,1.456865,1.975313,0.395063,0.278528,1.000000,2.500000,0.650000,0.171039,0.120598,0.096243,0.001615,0.107482,0.001038,0.068075,0.239277,0.119781,0.033073,-0.113501,0.049931
2432,-7.646076,1.018714,2.771315,0.554263,0.265452,1.000000,2.500000,0.650000,0.170693,0.120654,0.096239,0.004532,0.105249,0.002176,0.068800,0.239898,0.119806,0.034184,-0.114226,0.049801
2433,-8.295513,2.559143,1.094286,0.218857,0.276162,1.000000,2.500000,0.650000,0.165941,0.123624,0.097868,0.006092,0.101135,0.001699,0.068844,0.239528,0.119864,0.035288,-0.112824,0.049535
2434,-7.653803,1.046390,2.740358,0.548072,0.269413,1.000000,2.500000,0.650000,0.168647,0.122891,0.097264,0.003343,0.105120,0.001606,0.069725,0.237441,0.119965,0.034891,-0.113480,0.049278
2435,-7.648883,0.996524,2.754522,0.550904,0.265817,1.000000,2.500000,0.650000,0.168787,0.123581,0.098553,0.006926,0.099882,0.000613,0.069090,0.238507,0.119141,0.034325,-0.112036,0.049979
2436,-7.575532,0.931848,3.030054,0.606011,0.260489,1.000000,2.500000,0.650000,0.170038,0.120506,0.096100,0.003585,0.107438,0.000077,0.069718,0.239833,0.119536,0.034678,-0.113590,0.049781
2437,-7.514821,0.841163,3.245369,0.649074,0.260003,1.000000,2.500000,0.650000,0.169283,0.120038,0.096013,0.005564,0.106001,0.000518,0.067585,0.239979,0.119992,0.034371,-0.112413,0.049998
2438,-7.573100,0.917550,3.029328,0.605866,0.257073,1.000000,2.500000,0.650000,0.166882,0.120616,0.096056,0.004621,0.104216,0.000443,0.069290,0.240000,0.119190,0.034866,-0.114571,0.049689
2439,-7.523446,0.868297,3.199078,0.639816,0.261325,1.000000,2.500000,0.650000,0.168857,0.124108,0.096018,0.005580,0.103006,0.000875,0.066703,0.239016,0.120000,0.033881,-0.112892,0.049994
2440,-7.767178,1.193200,2.334625,0.466925,0.262819,1.000000,2.500000,0.650000,0.167462,0.120015,0.096183,0.005321,0.103184,0.001042,0.069833,0.238814,0.119321,0.032978,-0.112950,0.049997
2441,-7.922057,1.468708,1.841717,0.368343,0.263580,1.000000,2.500000,0.650000,0.169922,0.120121,0.096824,0.006476,0.103482,0.000988,0.069939,0.238569,0.119861,0.035613,-0.118512,0.049977
2442,-7.599791,0.947471,2.919008,0.583802,0.263091,1.000000,2.500000,0.650000,0.168723,0.120830,0.096599,0.004568,0.103588,0.000293,0.069320,0.239458,0.119933,0.033997,-0.114081,0.050000
2443,-7.828182,1.287594,2.140166,0.428033,0.269647,1.000000,2.500000,0.650000,0.171735,0.120503,0.096409,0.005117,0.108917,0.000025,0.067852,0.237313,0.119989,0.035689,-0.114234,0.049974
2444,-7.716926,1.067610,2.501170,0.500234,0.271040,1.000000,2.500000,0.650000,0.167350,0.120127,0.096603,0.006133,0.105497,0.000242,0.067634,0.235607,0.120000,0.033667,-0.114738,0.050000
2445,-7.640866,0.984153,2.748877,0.549775,0.261166,1.000000,2.500000,0.650000,0.164768,0.120985,0.096234,0.006172,0.102042,0.000615,0.068072,0.239990,0.119956,0.033440,-0.113395,0.049980
2446,-7.612186,0.951093,2.850046,0.570009,0.257871,1.000000,2.500000,0.650000,0.167581,0.120776,0.096030,0.006192,0.105385,0.000081,0.066169,0.238645,0.119966,0.035190,-0.113258,0.049994
2447,-7.668547,1.020428,2.675524,0.535105,0.270580,1.000000,2.500000,0.650000,0.171823,0.122044,0.096024,0.007699,0.102471,0.000302,0.068919,0.239897,0.119955,0.035592,-0.112030,0.049300
2448,-8.048423,1.771391,1.546989,0.309398,0.270796,1.000000,2.500000,0.650000,0.169749,0.120749,0.096151,0.005299,0.105383,0.001321,0.069297,0.239802,0.119711,0.034550,-0.114563,0.049990
2449,-7.603810,0.971678,2.903249,0.580650,0.261411,1.000000,2.500000,0.650000,0.169633,0.120238,0.097890,0.004687,0.104113,0.001773,0.068412,0.239847,0.118424,0.033270,-0.112548,0.049713
2450,-7.613465,0.960946,2.859303,0.571861,0.258287,1.000000,2.500000,0.650000,0.168455,0.121653,0.096243,0.006482,0.107012,0.000320,0.066973,0.239801,0.119978,0.035475,-0.113466,0.049383
2451,-7.609044,0.966469,2.891973,0.578395,0.271713,1.000000,2.500000,0.650000,0.169262,0.121203,0.096001,0.003622,0.106516,0.000928,0.068453,0.238334,0.119669,0.034580,-0.114149,0.049655
2452,-7.654355,1.032094,2.748478,0.549696,0.281574,1.000000,2.500000,0.650000,0.169171,0.121856,0.096056,0.003826,0.104325,0.001293,0.066389,0.239717,0.119922,0.033394,-0.112364,0.049951
2453,-7.923939,1.453609,1.820676,0.364135,0.265861,1.000000,2.500000,0.650000,0.164489,0.120037,0.096001,0.007004,0.102433,0.000515,0.067013,0.239974,0.119996,0.034937,-0.112559,0.049971
2454,-7.871885,1.398495,2.050533,0.410107,0.276724,1.000000,2.500000,0.650000,0.171830,0.120010,0.097993,0.004170,0.107750,0.001882,0.067501,0.239972,0.119575,0.035691,-0.112979,0.049808
2455,-7.649435,1.033313,2.748429,0.549686,0.272562,1.000000,2.500000,0.650000,0.171441,0.121092,0.096485,0.002941,0.108013,0.000444,0.065899,0.235074,0.119253,0.034245,-0.113211,0.049556
2456,-8.053662,1.927295,1.520826,0.304165,0.270112,1.000000,2.500000,0.650000,0.164124,0.123401,0.096183,0.003113,0.102922,0.002310,0.069984,0.239944,0.119285,0.032327,-0.117029,0.049750
2457,-7.588221,0.928787,2.946635,0.589327,0.256801,1.000000,2.500000,0.650000,0.168689,0.121821,0.096119,0.006752,0.102578,0.001845,0.068151,0.239670,0.119817,0.034796,-0.112807,0.049938
2458,-7.583645,0.894502,2.963691,0.592738,0.267164,1.000000,2.500000,0.650000,0.166996,0.120418,0.096478,0.006158,0.105782,0.000211,0.065231,0.234927,0.119706,0.034749,-0.112624,0.049173
2459,-7.551942,0.902179,3.128195,0.625639,0.275592,1.000000,2.500000,0.650000,0.168030,0.123249,0.098371,0.004035,0.105126,0.001593,0.067287,0.239930,0.119202,0.034159,-0.112026,0.048905
2460,-7.664513,1.034763,2.694968,0.538994,0.273279,1.000000,2.500000,0.650000,0.168195,0.120382,0.096367,0.004847,0.104609,0.001524,0.067863,0.236308,0.118704,0.035106,-0.114576,0.049741
2461,-7.642780,1.011835,2.717712,0.543542,0.283046,1.000000,2.500000,0.650000,0.165013,0.122779,0.096560,0.004206,0.103817,0.001410,0.069707,0.239891,0.119539,0.034056,-0.112697,0.049290
2462,-7.568608,0.904516,3.042172,0.608434,0.261348,1.000000,2.500000,0.650000,0.167971,0.120267,0.096029,0.004720,0.104970,0.001090,0.069189,0.239230,0.119105,0.033232,-0.112831,0.049863
2463,-8.183127,2.230402,1.318731,0.263746,0.288629,1.000000,2.500000,0.650000,0.169907,0.120493,0.097072,0.002219,0.108328,0.001867,0.068502,0.239439,0.118705,0.032008,-0.114275,0.047791
2464,-7.601332,0.945068,2.900277,0.580055,0.257908,1.000000,2.500000,0.650000,0.166110,0.120536,0.096010,0.006330,0.104408,0.000153,0.067758,0.239217,0.119501,0.035754,-0.113495,0.049653
2465,-7.559477,0.921612,3.101854,0.620371,0.267024,1.000000,2.500000,0.650000,0.167952,0.122149,0.096021,0.002645,0.106474,0.002484,0.069845,0.239429,0.119834,0.034085,-0.114269,0.049383
2466,-7.935716,1.538159,1.864320,0.372864,0.273298,1.000000,2.500000,0.650000,0.169045,0.123056,0.097426,0.003845,0.101156,0.003707,0.067247,0.239294,0.119214,0.032934,-0.112311,0.050000
2467,-8.125640,2.010753,1.382278,0.276456,0.294604,1.000000,2.500000,0.650000,0.164661,0.125144,0.096908,0.005037,0.104309,0.000926,0.067724,0.238960,0.119824,0.034805,-0.114172,0.048128
2468,-7.660950,1.063452,2.694770,0.538954,0.276469,1.000000,2.500000,0.650000,0.166135,0.123659,0.097666,0.006402,0.101439,0.001852,0.067899,0.239716,0.119316,0.033875,-0.112716,0.049121
2469,-7.681111,1.058666,2.615687,0.523137,0.266647,1.000000,2.500000,0.650000,0.167079,0.121842,0.096465,0.004910,0.103736,0.000036,0.066642,0.239811,0.119931,0.033493,-0.112045,0.049864
2470,-7.608076,0.954293,2.861623,0.572325,0.260511,1.000000,2.500000,0.650000,0.166044,0.122546,0.096365,0.006169,0.103017,0.000238,0.069242,0.240000,0.119709,0.034733,-0.112022,0.049925
2471,-7.550292,0.895964,3.105519,0.621104,0.274661,1.000000,2.500000,0.650000,0.168826,0.120000,0.096647,0.003789,0.108750,0.000299,0.067617,0.238325,0.118415,0.034465,-0.112921,0.048374
2472,-7.622906,0.984105,2.831722,0.566344,0.266147,1.000000,2.500000,0.650000,0.165801,0.122432,0.096495,0.004791,0.104935,0.000371,0.067816,0.239752,0.119820,0.033192,-0.112032,0.049181
2473,-9.867054,9.726374,0.265321,0.053064,0.290725,1.000000,2.500000,0.650000,0.165132,0.124091,0.096657,0.003314,0.104464,0.002261,0.069313,0.239694,0.119301,0.035453,-0.112048,0.048715
2474,-7.576954,0.902753,2.997655,0.599531,0.271676,1.000000,2.500000,0.650000,0.165722,0.121534,0.096544,0.004823,0.105829,0.000094,0.066828,0.239025,0.119907,0.032905,-0.114114,0.049001
2475,-7.656574,0.998957,2.712440,0.542488,0.280207,1.000000,2.500000,0.650000,0.162683,0.124681,0.097506,0.005229,0.102942,0.000321,0.066341,0.237726,0.119850,0.034761,-0.112235,0.049083
2476,-7.694308,1.078547,2.618674,0.523735,0.280371,1.000000,2.500000,0.650000,0.171101,0.120183,0.096956,0.003764,0.108864,0.000031,0.066765,0.237562,0.119569,0.033924,-0.113052,0.049632
2477,-7.519250,0.873954,3.239892,0.647978,0.271332,1.000000,2.500000,0.650000,0.171793,0.121834,0.096062,0.003529,0.107202,0.001124,0.067760,0.239345,0.119476,0.034480,-0.112025,0.049958
2478,-7.600023,0.954349,2.930096,0.586019,0.261914,1.000000,2.500000,0.650000,0.167108,0.120028,0.096087,0.003129,0.107287,0.000149,0.069551,0.237873,0.119244,0.035104,-0.113374,0.049079
2479,-7.614973,0.984941,2.868200,0.573640,0.292679,1.000000,2.500000,0.650000,0.168822,0.123092,0.097949,0.002869,0.105782,0.000985,0.066886,0.239509,0.118736,0.034509,-0.112400,0.048914
2480,-7.739832,1.199344,2.491111,0.498222,0.283261,1.000000,2.500000,0.650000,0.170107,0.123389,0.098102,0.001107,0.102406,0.003785,0.069753,0.239797,0.119550,0.034365,-0.112745,0.049999
2481,-7.596471,0.939377,2.936063,0.587213,0.280322,1.000000,2.500000,0.650000,0.165014,0.120557,0.097688,0.004536,0.106496,0.000379,0.068009,0.238797,0.119070,0.033657,-0.113010,0.047816
2482,-7.577616,0.949677,3.011703,0.602341,0.273775,1.000000,2.500000,0.650000,0.166625,0.121879,0.097028,0.002939,0.105254,0.001184,0.067139,0.239771,0.118599,0.033708,-0.112501,0.048745
2483,-7.601567,0.939656,2.908209,0.581642,0.268693,1.000000,2.500000,0.650000,0.166543,0.121815,0.096021,0.005071,0.107122,0.000195,0.067032,0.239218,0.119709,0.035954,-0.112369,0.048730
2484,-7.797354,1.248661,2.240949,0.448190,0.291538,1.000000,2.500000,0.650000,0.167903,0.120066,0.097217,0.004303,0.105915,0.000561,0.068538,0.239455,0.118316,0.033908,-0.114339,0.048551
2485,-7.626423,0.996509,2.831440,0.566288,0.261810,1.000000,2.500000,0.650000,0.167778,0.120155,0.097422,0.004068,0.106084,0.000115,0.068151,0.239935,0.119765,0.032960,-0.112593,0.049398
2486,-7.678141,1.081991,2.580418,0.516084,0.272433,1.000000,2.500000,0.650000,0.164936,0.120290,0.096053,0.005330,0.107325,0.000072,0.068401,0.237783,0.119245,0.034757,-0.115753,0.048546
2487,-7.654862,1.024297,2.722017,0.544403,0.269219,1.000000,2.500000,0.650000,0.167332,0.120231,0.096445,0.004345,0.107038,0.000155,0.068757,0.239888,0.118858,0.034745,-0.114109,0.048574
2488,-7.602354,0.964740,2.910614,0.582123,0.257868,1.000000,2.500000,0.650000,0.168102,0.121166,0.096335,0.004263,0.104072,0.002157,0.070000,0.237981,0.118625,0.034516,-0.112015,0.049467
2489,-7.635929,1.007955,2.815696,0.563139,0.275656,1.000000,2.500000,0.650000,0.166206,0.123724,0.097347,0.003203,0.105033,0.000367,0.066560,0.239746,0.119033,0.033358,-0.112250,0.049130
2490,-7.529207,0.875614,3.214380,0.642876,0.271631,1.000000,2.500000,0.650000,0.169791,0.122487,0.096400,0.003971,0.108474,0.000962,0.066661,0.239174,0.119201,0.034559,-0.112018,0.048539
2491,-7.791333,1.233126,2.278168,0.455634,0.275248,1.000000,2.500000,0.650000,0.168620,0.120611,0.096149,0.003475,0.108805,0.000261,0.066210,0.238444,0.119569,0.034331,-0.112633,0.048935
2492,-7.659250,1.046389,2.721377,0.544275,0.281529,1.000000,2.500000,0.650000,0.171329,0.121474,0.096071,0.003071,0.108007,0.001789,0.068513,0.239742,0.119201,0.034305,-0.113266,0.049894
2493,-7.644910,1.024741,2.769651,0.553930,0.269299,1.000000,2.500000,0.650000,0.166689,0.121051,0.096257,0.001357,0.107166,0.000970,0.068831,0.239949,0.119794,0.033627,-0.113756,0.049373
2494,-7.719914,1.138861,2.538767,0.507753,0.277097,1.000000,2.500000,0.650000,0.171829,0.120660,0.096039,0.002838,0.107210,0.001798,0.067216,0.238800,0.118124,0.034448,-0.112108,0.049979
2495,-7.566335,0.890023,3.036794,0.607359,0.270454,1.000000,2.500000,0.650000,0.168049,0.120465,0.096031,0.005662,0.105162,0.000019,0.067955,0.239688,0.119691,0.036302,-0.112033,0.049924
2496,-8.194383,2.252482,1.285943,0.257189,0.291868,1.000000,2.500000,0.650000,0.170829,0.121314,0.096850,0.004610,0.105191,0.001141,0.068662,0.239887,0.118795,0.034324,-0.113229,0.049704
2497,-8.123849,1.972954,1.387890,0.277578,0.283283,1.000000,2.500000,0.650000,0.169180,0.120309,0.096124,0.004140,0.108733,0.000014,0.066448,0.237092,0.119291,0.034518,-0.112115,0.048903
2498,-7.638613,1.019665,2.815415,0.563083,0.269665,1.000000,2.500000,0.650000,0.170225,0.126970,0.096823,0.004506,0.106098,0.002494,0.068469,0.239461,0.119575,0.035409,-0.112210,0.049201
2499,-7.574313,0.939779,3.042598,0.608520,0.277328,1.000000,2.500000,0.650000,0.170448,0.120517,0.096013,0.002347,0.110222,0.001636,0.067965,0.236429,0.118593,0.034385,-0.114276,0.048290
2500,-7.685993,1.056899,2.615786,0.523157,0.271986,1.000000,2.500000,0.650000,0.171088,0.122989,0.096900,0.006259,0.105494,0.000169,0.067994,0.237819,0.119477,0.035544,-0.113734,0.049997
2501,-7.746161,1.143836,2.422574,0.484515,0.274800,1.000000,2.500000,0.650000,0.170250,0.120547,0.096768,0.005512,0.109143,0.000753,0.065784,0.235503,0.119368,0.036167,-0.112026,0.048027
2502,-7.609255,0.947183,2.878143,0.575629,0.262591,1.000000,2.500000,0.650000,0.169966,0.123464,0.096181,0.006274,0.103281,0.002444,0.067284,0.238845,0.119323,0.033841,-0.112019,0.049930
2503,-7.695163,1.100370,2.591493,0.518299,0.272647,1.000000,2.500000,0.650000,0.166561,0.120803,0.096838,0.004977,0.103317,0.001709,0.067686,0.239774,0.118436,0.033686,-0.112125,0.049453
2504,-7.493582,0.839225,3.326443,0.665289,0.268773,1.000000,2.500000,0.650000,0.166645,0.122622,0.096018,0.003226,0.107257,0.001466,0.068062,0.239813,0.119868,0.033579,-0.112067,0.048744
2505,-7.623994,0.958680,2.829073,0.565815,0.263282,1.000000,2.500000,0.650000,0.168461,0.120065,0.096010,0.006745,0.107480,0.000708,0.066737,0.239742,0.119321,0.035569,-0.112000,0.048704
2506,-7.643758,1.019185,2.779038,0.555808,0.280400,1.000000,2.500000,0.650000,0.168252,0.121174,0.096032,0.003783,0.108409,0.000546,0.068289,0.239330,0.118644,0.034327,-0.112860,0.047652
2507,-7.602631,0.938560,2.922370,0.584474,0.266665,1.000000,2.500000,0.650000,0.168873,0.123723,0.096042,0.004937,0.106309,0.001423,0.066265,0.238568,0.119973,0.035000,-0.112036,0.049884
2508,-7.631486,0.990547,2.834239,0.566848,0.274102,1.000000,2.500000,0.650000,0.171164,0.122518,0.096663,0.003543,0.105286,0.001827,0.068802,0.239920,0.119119,0.035140,-0.112209,0.049861
2509,-7.664313,1.036449,2.695955,0.539191,0.273175,1.000000,2.500000,0.650000,0.167834,0.120975,0.096186,0.004113,0.109068,0.000042,0.067532,0.238194,0.119357,0.036543,-0.112235,0.048481
2510,-7.558275,0.913406,3.114434,0.622887,0.283737,1.000000,2.500000,0.650000,0.166776,0.122749,0.096084,0.003141,0.107550,0.001691,0.066093,0.237890,0.119963,0.033785,-0.112535,0.048455
2511,-7.648905,1.027781,2.767267,0.553453,0.279669,1.000000,2.500000,0.650000,0.167518,0.124849,0.096954,0.003772,0.104214,0.002405,0.067536,0.239970,0.119319,0.034690,-0.112018,0.049424
2512,-8.046719,1.758905,1.534965,0.306993,0.273448,1.000000,2.500000,0.650000,0.169478,0.122760,0.096482,0.006643,0.105878,0.000072,0.067977,0.237070,0.119150,0.036190,-0.112121,0.049576
2513,-7.560365,0.893159,3.082377,0.616475,0.262709,1.000000,2.500000,0.650000,0.171175,0.120001,0.096017,0.005167,0.107802,0.000055,0.067318,0.239419,0.119477,0.034937,-0.112004,0.049140
2514,-7.648229,1.016258,2.733011,0.546602,0.266914,1.000000,2.500000,0.650000,0.168117,0.120564,0.096107,0.003651,0.108579,0.000086,0.066495,0.235383,0.119367,0.035195,-0.112350,0.048891
2515,-7.788243,1.237968,2.272543,0.454509,0.287971,1.000000,2.500000,0.650000,0.167473,0.123377,0.096375,0.002590,0.106361,0.001549,0.068542,0.239847,0.118827,0.033826,-0.112117,0.049548
2516,-7.546668,0.911348,3.164846,0.632969,0.266229,1.000000,2.500000,0.650000,0.170391,0.120418,0.096039,0.002686,0.109326,0.003054,0.067952,0.238266,0.119500,0.034141,-0.112790,0.049297
2517,-7.852588,1.375428,2.091471,0.418294,0.266782,1.000000,2.500000,0.650000,0.167746,0.120668,0.096010,0.001721,0.108677,0.002465,0.069409,0.239534,0.119973,0.032951,-0.112857,0.049638
2518,-7.571333,0.927405,3.042614,0.608523,0.280396,1.000000,2.500000,0.650000,0.165792,0.122128,0.096496,0.002983,0.105848,0.000699,0.067406,0.238516,0.119559,0.034441,-0.113757,0.047946
2519,-7.595197,0.956238,2.975106,0.595021,0.273620,1.000000,2.500000,0.650000,0.169905,0.125759,0.097445,0.004787,0.105713,0.003959,0.067616,0.239266,0.119429,0.034693,-0.112001,0.048965
2520,-7.776468,1.171879,2.302468,0.460494,0.276037,1.000000,2.500000,0.650000,0.168404,0.121748,0.096005,0.005835,0.105631,0.000189,0.066850,0.239432,0.119868,0.035731,-0.112571,0.049344
2521,-7.587193,0.963421,2.968957,0.593791,0.269810,1.000000,2.500000,0.650000,0.169283,0.121922,0.096049,0.002192,0.107548,0.002099,0.066630,0.238889,0.119491,0.034099,-0.114016,0.048717
2522,-7.623571,0.967777,2.852505,0.570501,0.271291,1.000000,2.500000,0.650000,0.169093,0.121376,0.096073,0.005678,0.107771,0.000365,0.066577,0.237329,0.119786,0.035205,-0.112481,0.049425
2523,-7.692932,1.079946,2.579431,0.515886,0.265038,1.000000,2.500000,0.650000,0.167983,0.121930,0.096002,0.005880,0.104931,0.000686,0.064270,0.237718,0.119780,0.034223,-0.112125,0.048704
2524,-7.736709,1.181372,2.473090,0.494618,0.278189,1.000000,2.500000,0.650000,0.172235,0.122611,0.096756,0.002290,0.107284,0.003864,0.066727,0.238778,0.119404,0.032888,-0.113731,0.049052
2525,-7.684229,1.085133,2.624559,0.524912,0.263071,1.000000,2.500000,0.650000,0.169095,0.120247,0.096218,0.002131,0.106949,0.003100,0.069465,0.237291,0.119668,0.033493,-0.116484,0.048809
2526,-7.745303,1.157535,2.419603,0.483921,0.277723,1.000000,2.500000,0.650000,0.167988,0.120043,0.097489,0.004802,0.108461,0.000275,0.066906,0.239987,0.119875,0.033942,-0.112003,0.049613
2527,-7.590678,0.946677,2.967438,0.593488,0.271232,1.000000,2.500000,0.650000,0.169042,0.120668,0.096034,0.003118,0.107168,0.001116,0.066817,0.236163,0.118923,0.033818,-0.113056,0.048851
2528,-7.589426,0.938978,3.003994,0.600799,0.274106,1.000000,2.500000,0.650000,0.170170,0.120603,0.096162,0.004186,0.108137,0.001928,0.067699,0.238707,0.119419,0.034507,-0.113098,0.048842
2529,-7.722963,1.083288,2.477485,0.495497,0.272750,1.000000,2.500000,0.650000,0.166854,0.122007,0.096109,0.004676,0.107417,0.001804,0.066469,0.235047,0.119808,0.034475,-0.115009,0.048267
2530,-7.955669,1.587828,1.795495,0.359099,0.269386,1.000000,2.500000,0.650000,0.170996,0.121154,0.096128,0.004431,0.106356,0.003522,0.067449,0.236601,0.119538,0.035004,-0.113147,0.049205
2531,-7.570281,0.928247,3.022725,0.604545,0.257448,1.000000,2.500000,0.650000,0.167240,0.120226,0.096002,0.005081,0.103834,0.001362,0.069993,0.239997,0.118236,0.034196,-0.114686,0.048817
2532,-8.237711,2.382066,1.208160,0.241632,0.275033,1.000000,2.500000,0.650000,0.171796,0.120222,0.096132,0.003121,0.106652,0.002694,0.067841,0.239830,0.119479,0.034480,-0.114344,0.049818
2533,-7.653383,1.018964,2.750337,0.550067,0.281620,1.000000,2.500000,0.650000,0.169397,0.122235,0.096102,0.003945,0.104619,0.001345,0.067320,0.239748,0.119733,0.033103,-0.113229,0.049858
2534,-7.719048,1.136628,2.526702,0.505340,0.275988,1.000000,2.500000,0.650000,0.169076,0.121132,0.096093,0.003624,0.106977,0.002432,0.068607,0.238603,0.119451,0.033733,-0.114496,0.048087
2535,-7.689443,1.085350,2.630014,0.526003,0.282256,1.000000,2.500000,0.650000,0.167727,0.124148,0.096135,0.003254,0.107228,0.001485,0.065529,0.239481,0.119657,0.033499,-0.112199,0.048951
2536,-7.693671,1.073802,2.586141,0.517228,0.271442,1.000000,2.500000,0.650000,0.166437,0.120201,0.096244,0.001898,0.109538,0.000182,0.066522,0.236721,0.119655,0.034582,-0.115579,0.047358
2537,-7.570333,0.922164,3.079322,0.615864,0.271009,1.000000,2.500000,0.650000,0.172396,0.122292,0.096078,0.002558,0.109349,0.002598,0.066135,0.234579,0.119203,0.034024,-0.114850,0.049734
2538,-7.582124,0.984341,2.992446,0.598489,0.282171,1.000000,2.500000,0.650000,0.170669,0.122050,0.096292,0.002176,0.105900,0.002749,0.066370,0.237630,0.119181,0.034532,-0.115304,0.049293
2539,-7.598201,0.954517,2.940356,0.588071,0.264037,1.000000,2.500000,0.650000,0.169803,0.121312,0.096671,0.005262,0.104455,0.002118,0.068537,0.238941,0.119655,0.036049,-0.112447,0.049540
2540,-8.368880,2.968802,0.972785,0.194557,0.330211,1.000000,2.500000,0.650000,0.170724,0.120876,0.096467,0.002680,0.109263,0.002192,0.066330,0.239324,0.119795,0.033769,-0.112956,0.049263
2541,-7.670343,1.054947,2.697238,0.539448,0.269094,1.000000,2.500000,0.650000,0.171926,0.120055,0.096000,0.004210,0.107900,0.000947,0.066688,0.239110,0.119448,0.035512,-0.114804,0.049544
2542,-7.689581,1.125403,2.629579,0.525916,0.273579,1.000000,2.500000,0.650000,0.170575,0.120696,0.096037,0.003045,0.105377,0.003364,0.069915,0.239600,0.118728,0.034326,-0.115751,0.049618
2543,-7.804314,1.285030,2.203369,0.440674,0.281766,1.000000,2.500000,0.650000,0.171581,0.120759,0.096030,0.003881,0.107203,0.001975,0.068320,0.236878,0.117994,0.034844,-0.113301,0.049769
2544,-7.773891,1.167751,2.267888,0.453578,0.262983,1.000000,2.500000,0.650000,0.166623,0.120329,0.096159,0.006792,0.102522,0.001089,0.067648,0.236810,0.119387,0.034990,-0.114596,0.049900
2545,-7.697335,1.136879,2.527932,0.505586,0.297434,1.000000,2.500000,0.650000,0.170338,0.122349,0.096960,0.002244,0.105513,0.002164,0.066428,0.235776,0.119158,0.034430,-0.116240,0.049829
2546,-7.631724,0.989945,2.813409,0.562682,0.267240,1.000000,2.500000,0.650000,0.168916,0.120138,0.096000,0.002741,0.106952,0.001805,0.069484,0.239178,0.119623,0.033687,-0.114543,0.049632
2547,-7.624234,1.013349,2.854423,0.570885,0.276408,1.000000,2.500000,0.650000,0.169052,0.123912,0.096645,0.003162,0.103021,0.002945,0.068020,0.239717,0.118143,0.033895,-0.112472,0.049971
2548,-7.627669,0.994346,2.825755,0.565151,0.277673,1.000000,2.500000,0.650000,0.170340,0.120059,0.096035,0.005822,0.106331,0.001478,0.067359,0.239582,0.118311,0.034875,-0.113823,0.049962
2549,-7.611872,1.008753,2.869215,0.573843,0.287928,1.000000,2.500000,0.650000,0.170624,0.120679,0.096451,0.003042,0.107065,0.002191,0.068222,0.238731,0.118404,0.033975,-0.116940,0.049542
2550,-7.734337,1.148331,2.456116,0.491223,0.265946,1.000000,2.500000,0.650000,0.168857,0.121184,0.096234,0.005467,0.105976,0.001685,0.068298,0.239702,0.119684,0.034272,-0.113802,0.049895
2551,-7.618497,0.952097,2.857132,0.571426,0.266219,1.000000,2.500000,0.650000,0.167966,0.120241,0.096019,0.005344,0.104071,0.001433,0.068253,0.239230,0.119319,0.034094,-0.117048,0.049680
2552,-7.620752,1.020488,2.857623,0.571525,0.271837,1.000000,2.500000,0.650000,0.171663,0.120552,0.096272,0.004812,0.105801,0.002474,0.067479,0.238705,0.117636,0.033925,-0.113873,0.048294
2553,-7.612304,0.985022,2.894391,0.578878,0.261610,1.000000,2.500000,0.650000,0.171301,0.120075,0.096678,0.004944,0.109099,0.000202,0.068758,0.239444,0.118816,0.035523,-0.115243,0.049008
2554,-7.692167,1.049719,2.556767,0.511353,0.278728,1.000000,2.500000,0.650000,0.167876,0.120120,0.096980,0.004374,0.107597,0.000045,0.068412,0.239749,0.118696,0.035425,-0.117141,0.049278
2555,-7.784365,1.249632,2.264154,0.452831,0.281372,1.000000,2.500000,0.650000,0.170383,0.121030,0.096179,0.003292,0.107713,0.003124,0.069988,0.239872,0.118594,0.034325,-0.118124,0.049403
2556,-7.644523,1.029828,2.749509,0.549902,0.261290,1.000000,2.500000,0.650000,0.168753,0.121394,0.096147,0.004580,0.105466,0.002069,0.068090,0.240000,0.118775,0.034305,-0.114934,0.049310
2557,-7.835122,1.350148,2.125043,0.425009,0.291167,1.000000,2.500000,0.650000,0.169533,0.122076,0.097571,0.004524,0.107885,0.002366,0.069185,0.238058,0.117894,0.033527,-0.120889,0.049051
2558,-7.794739,1.262890,2.258298,0.451660,0.283787,1.000000,2.500000,0.650000,0.168011,0.121203,0.096295,0.002359,0.104773,0.002371,0.068767,0.239932,0.118701,0.033505,-0.115918,0.049695
2559,-7.586656,0.969173,3.008964,0.601793,0.267181,1.000000,2.500000,0.650000,0.171992,0.120162,0.096445,0.002392,0.107837,0.002441,0.068713,0.239558,0.118102,0.033841,-0.116536,0.049745
2560,-7.986353,1.656844,1.708034,0.341607,0.274061,1.000000,2.500000,0.650000,0.169886,0.121973,0.096016,0.004296,0.103905,0.002649,0.067955,0.239542,0.118997,0.033699,-0.113915,0.049842
2561,-7.987475,1.652196,1.699047,0.339809,0.267302,1.000000,2.500000,0.650000,0.168701,0.121251,0.096245,0.005969,0.104327,0.001753,0.067138,0.239942,0.118868,0.034489,-0.114817,0.049845
2562,-7.625598,0.995337,2.846485,0.569297,0.271948,1.000000,2.500000,0.650000,0.171065,0.123412,0.096005,0.004267,0.105342,0.001971,0.065679,0.238838,0.119102,0.033385,-0.113021,0.049228
2563,-7.622141,0.989858,2.859433,0.571887,0.272374,1.000000,2.500000,0.650000,0.168496,0.122914,0.096079,0.004066,0.104703,0.001692,0.066207,0.237075,0.118047,0.034614,-0.115958,0.049476
2564,-7.598486,0.980797,2.932601,0.586520,0.275239,1.000000,2.500000,0.650000,0.172890,0.120355,0.096204,0.003842,0.106649,0.002623,0.067825,0.239817,0.117838,0.034083,-0.112410,0.049687
2565,-7.695234,1.105118,2.591204,0.518241,0.280688,1.000000,2.500000,0.650000,0.166279,0.121376,0.096481,0.002832,0.108187,0.002075,0.065942,0.236777,0.119715,0.033442,-0.117412,0.048649
2566,-7.635748,1.019769,2.821821,0.564364,0.273409,1.000000,2.500000,0.650000,0.171104,0.120040,0.096875,0.003013,0.109284,0.000841,0.067831,0.238040,0.118780,0.034556,-0.116516,0.049371
2567,-8.091563,1.915570,1.472708,0.294542,0.283168,1.000000,2.500000,0.650000,0.170589,0.121886,0.096483,0.003867,0.108850,0.001193,0.067961,0.237667,0.118238,0.033631,-0.118058,0.048022
2568,-7.632687,1.023185,2.771615,0.554323,0.280267,1.000000,2.500000,0.650000,0.169252,0.121796,0.096001,0.002300,0.106612,0.002867,0.069299,0.239799,0.118749,0.033765,-0.115779,0.049049
2569,-7.581385,0.966120,2.992581,0.598516,0.293432,1.000000,2.500000,0.650000,0.171850,0.121942,0.097570,0.003774,0.108952,0.000520,0.069230,0.239604,0.117331,0.035441,-0.117824,0.048959
2570,-7.865950,1.424838,2.061629,0.412326,0.265224,1.000000,2.500000,0.650000,0.170012,0.120047,0.096153,0.003368,0.105900,0.002032,0.069747,0.239995,0.118907,0.034607,-0.116174,0.049891
2571,-8.127451,2.078431,1.422480,0.284496,0.281151,1.000000,2.500000,0.650000,0.169407,0.120049,0.096252,0.003192,0.107040,0.000905,0.067204,0.239852,0.117686,0.033921,-0.112437,0.048096
2572,-7.741366,1.201670,2.439275,0.487855,0.315189,1.000000,2.500000,0.650000,0.170996,0.120151,0.096236,0.001150,0.107919,0.002248,0.069610,0.239280,0.118556,0.034407,-0.118223,0.049718
2573,-7.664317,1.068409,2.706172,0.541234,0.296140,1.000000,2.500000,0.650000,0.174304,0.120328,0.098349,0.002433,0.111433,0.001303,0.066630,0.235781,0.118792,0.034444,-0.117219,0.049754
2574,-8.736538,4.260039,0.650050,0.130010,0.285060,1.000000,2.500000,0.650000,0.172130,0.120197,0.096397,0.006188,0.107091,0.001390,0.067626,0.238127,0.118193,0.035189,-0.115717,0.048634
2575,-7.846014,1.417949,2.046004,0.409201,0.294680,1.000000,2.500000,0.650000,0.171623,0.120744,0.097289,0.002751,0.110505,0.001459,0.068448,0.238862,0.118232,0.033927,-0.116293,0.049798
2576,-8.088402,1.928012,1.450612,0.290122,0.279602,1.000000,2.500000,0.650000,0.170384,0.120681,0.096354,0.005869,0.103577,0.000567,0.068227,0.239993,0.119146,0.034385,-0.113269,0.049939
2577,-7.613857,0.989263,2.876215,0.575243,0.260748,1.000000,2.500000,0.650000,0.171307,0.120143,0.096075,0.003845,0.105786,0.001345,0.069485,0.239753,0.117764,0.034206,-0.114190,0.049915
2578,-7.543150,0.910070,3.167169,0.633434,0.275343,1.000000,2.500000,0.650000,0.170834,0.120909,0.096416,0.002307,0.109817,0.002787,0.069672,0.238572,0.119092,0.034169,-0.115122,0.048868
2579,-7.542888,0.928124,3.161702,0.632340,0.277730,1.000000,2.500000,0.650000,0.170433,0.120636,0.096191,0.001949,0.106908,0.002853,0.069979,0.239806,0.117350,0.034067,-0.116720,0.049747
2580,-7.679253,1.090629,2.667162,0.533432,0.296609,1.000000,2.500000,0.650000,0.176001,0.121296,0.097636,0.004561,0.110730,0.000743,0.067622,0.239388,0.117949,0.034358,-0.114644,0.049566
2581,-7.705441,1.123598,2.526326,0.505265,0.284224,1.000000,2.500000,0.650000,0.170669,0.120590,0.096702,0.004165,0.106909,0.000082,0.069998,0.239933,0.118316,0.034969,-0.120566,0.048957
2582,-7.764478,1.211683,2.383655,0.476731,0.273968,1.000000,2.500000,0.650000,0.173818,0.120225,0.096769,0.003479,0.103814,0.001694,0.067548,0.240000,0.118643,0.036018,-0.114646,0.049986
2583,-7.635949,1.062183,2.795858,0.559172,0.276662,1.000000,2.500000,0.650000,0.172203,0.120010,0.098493,0.001915,0.108342,0.002895,0.069919,0.239714,0.118708,0.033467,-0.118763,0.049656
2584,-7.579755,0.943611,3.001098,0.600220,0.267448,1.000000,2.500000,0.650000,0.168176,0.120123,0.096180,0.002905,0.107157,0.001092,0.067991,0.239979,0.118682,0.035485,-0.116000,0.048930
2585,-7.611358,0.978064,2.865402,0.573080,0.283815,1.000000,2.500000,0.650000,0.169587,0.120145,0.096070,0.004207,0.106857,0.000570,0.068199,0.239781,0.117513,0.035172,-0.119008,0.049006
2586,-7.661198,1.072127,2.734962,0.546992,0.272732,1.000000,2.500000,0.650000,0.171729,0.120207,0.096212,0.002714,0.107241,0.003926,0.068703,0.238799,0.117954,0.035070,-0.116114,0.049957
2587,-7.694367,1.096719,2.620056,0.524011,0.274801,1.000000,2.500000,0.650000,0.171197,0.120534,0.097541,0.002505,0.109742,0.001149,0.069782,0.238344,0.119141,0.035473,-0.117955,0.048919
2588,-7.594697,0.949961,2.935190,0.587038,0.273134,1.000000,2.500000,0.650000,0.168402,0.120000,0.096181,0.003837,0.105309,0.001121,0.069270,0.239652,0.117192,0.035446,-0.117820,0.049054
2589,-7.702697,1.138966,2.548508,0.509702,0.288891,1.000000,2.500000,0.650000,0.170479,0.120953,0.096392,0.003026,0.108887,0.002564,0.069990,0.238799,0.117029,0.034099,-0.118297,0.049280
2590,-7.646898,1.042184,2.776882,0.555376,0.273661,1.000000,2.500000,0.650000,0.169937,0.120176,0.096082,0.001637,0.109363,0.002600,0.067450,0.237256,0.117792,0.033471,-0.115378,0.047760
2591,-8.316714,2.806218,1.093337,0.218667,0.321930,1.000000,2.500000,0.650000,0.172178,0.120034,0.096124,0.000828,0.106930,0.004342,0.069770,0.239997,0.117538,0.032585,-0.117699,0.049910
2592,-7.590774,0.949447,2.978663,0.595733,0.269144,1.000000,2.500000,0.650000,0.167025,0.120290,0.096008,0.003518,0.107438,0.001927,0.069449,0.239273,0.118624,0.034538,-0.115869,0.048727
2593,-7.849296,1.389440,2.111107,0.422221,0.282675,1.000000,2.500000,0.650000,0.170202,0.120051,0.096210,0.002781,0.108839,0.000742,0.069635,0.239950,0.117898,0.033915,-0.116004,0.049022
2594,-7.562822,0.914746,3.069038,0.613808,0.259482,1.000000,2.500000,0.650000,0.166364,0.120265,0.096198,0.002609,0.104275,0.002847,0.069730,0.239258,0.118443,0.032175,-0.118749,0.049734
2595,-7.533809,0.888008,3.176457,0.635291,0.261781,1.000000,2.500000,0.650000,0.166412,0.121600,0.096138,0.003104,0.105694,0.002893,0.069672,0.239714,0.119024,0.034011,-0.116407,0.049362
2596,-7.693638,1.117621,2.540640,0.508128,0.282638,1.000000,2.500000,0.650000,0.173169,0.120053,0.096585,0.004125,0.105213,0.002971,0.069244,0.239537,0.117709,0.035418,-0.113895,0.050000
2597,-8.041544,1.836427,1.563307,0.312661,0.294732,1.000000,2.500000,0.650000,0.168596,0.120017,0.096002,0.002956,0.104812,0.003167,0.069999,0.239437,0.117535,0.033574,-0.116364,0.049608
2598,-7.814768,1.270064,2.196294,0.439259,0.273464,1.000000,2.500000,0.650000,0.167672,0.120006,0.096671,0.003809,0.105607,0.001141,0.068544,0.237090,0.118157,0.033800,-0.118526,0.049430
2599,-7.763543,1.240056,2.340826,0.468165,0.278667,1.000000,2.500000,0.650000,0.166322,0.121831,0.096007,0.002909,0.105450,0.002949,0.068609,0.239932,0.119147,0.033158,-0.115207,0.049025
2600,-7.624621,1.018214,2.842199,0.568440,0.269230,1.000000,2.500000,0.650000,0.165577,0.121761,0.096103,0.003108,0.104194,0.003807,0.069655,0.239736,0.117713,0.032757,-0.117675,0.048630
2601,-8.000447,1.778419,1.676033,0.335207,0.290829,1.000000,2.500000,0.650000,0.166787,0.121976,0.096000,0.001727,0.104738,0.003628,0.069703,0.239922,0.118376,0.032904,-0.116770,0.049292
2602,-7.644093,1.028621,2.766745,0.553349,0.278437,1.000000,2.500000,0.650000,0.164530,0.123577,0.096000,0.001544,0.105731,0.003775,0.068203,0.239626,0.119808,0.033434,-0.114478,0.049588
2603,-7.653744,1.037153,2.753002,0.550600,0.279955,1.000000,2.500000,0.650000,0.171091,0.120890,0.096007,0.004568,0.104536,0.002365,0.066524,0.238935,0.117797,0.034664,-0.114789,0.049794
2604,-7.829600,1.323101,2.140515,0.428103,0.292672,1.000000,2.500000,0.650000,0.165980,0.120341,0.096110,0.003549,0.106859,0.001146,0.069207,0.239368,0.119055,0.034474,-0.115756,0.047918
2605,-7.872930,1.482818,2.026401,0.405280,0.289739,1.000000,2.500000,0.650000,0.168326,0.120182,0.096004,0.001744,0.108832,0.002615,0.069256,0.238056,0.116702,0.033524,-0.116581,0.047946
2606,-7.630013,1.016824,2.802713,0.560543,0.281428,1.000000,2.500000,0.650000,0.167644,0.120115,0.096748,0.001423,0.109423,0.001659,0.069435,0.235994,0.118271,0.033123,-0.119010,0.047809
2607,-7.585371,0.961504,2.990421,0.598084,0.280641,1.000000,2.500000,0.650000,0.166529,0.120270,0.096833,0.003043,0.106921,0.002303,0.068783,0.238628,0.118587,0.031808,-0.117455,0.048237
2608,-7.865459,1.371384,2.037991,0.407598,0.292705,1.000000,2.500000,0.650000,0.168182,0.120020,0.096267,0.001966,0.107621,0.002772,0.068771,0.238128,0.118293,0.033003,-0.119798,0.048822
2609,-7.574556,0.929184,2.998712,0.599742,0.272592,1.000000,2.500000,0.650000,0.167035,0.121108,0.096052,0.002990,0.106376,0.004386,0.068746,0.239362,0.117556,0.031234,-0.116134,0.047425
2610,-8.284564,2.546934,1.123791,0.224758,0.279782,1.000000,2.500000,0.650000,0.168827,0.122483,0.096033,0.002283,0.103473,0.003517,0.068447,0.239919,0.118574,0.031437,-0.113993,0.049800
2611,-7.626440,1.007568,2.847566,0.569513,0.271089,1.000000,2.500000,0.650000,0.165150,0.120679,0.096128,0.001177,0.107341,0.003010,0.067921,0.239569,0.118429,0.033063,-0.116302,0.049080
2612,-9.028282,5.659869,0.515082,0.103016,0.292955,1.000000,2.500000,0.650000,0.165458,0.122891,0.096213,0.001913,0.104909,0.003290,0.069223,0.238576,0.117647,0.031913,-0.117066,0.047507
2613,-7.551605,0.920725,3.095777,0.619155,0.280812,1.000000,2.500000,0.650000,0.167823,0.120624,0.096505,0.003269,0.106774,0.002848,0.068956,0.239984,0.118655,0.033177,-0.117162,0.048665
2614,-7.719243,1.118975,2.515158,0.503032,0.276493,1.000000,2.500000,0.650000,0.166982,0.120215,0.096378,0.002708,0.107768,0.002149,0.068794,0.238149,0.119063,0.033137,-0.117175,0.048563
2615,-7.623955,1.003943,2.848223,0.569645,0.277360,1.000000,2.500000,0.650000,0.166225,0.120084,0.096232,0.001662,0.108980,0.001481,0.068678,0.238836,0.118388,0.032455,-0.117572,0.048121
2616,-7.770774,1.236708,2.348238,0.469648,0.280612,1.000000,2.500000,0.650000,0.165662,0.120948,0.096452,0.001251,0.108715,0.003553,0.069530,0.238906,0.117848,0.031649,-0.116950,0.047422
2617,-9.985254,1.767697,1.474617,0.294923,0.614124,0.000000,2.500000,0.650000,0.168478,0.120009,0.097983,0.003356,0.107884,0.002630,0.069627,0.236214,0.117837,0.032448,-0.119118,0.048960
2618,-8.016383,1.739248,1.620527,0.324105,0.284509,1.000000,2.500000,0.650000,0.167155,0.120021,0.096806,0.002748,0.105409,0.003305,0.069774,0.238745,0.117654,0.031091,-0.120437,0.049089
2619,-7.914240,1.570900,1.895315,0.379063,0.291024,1.000000,2.500000,0.650000,0.172438,0.124169,0.096001,0.002058,0.106556,0.005441,0.067915,0.239700,0.117749,0.032149,-0.114696,0.049032
2620,-7.811815,1.314501,2.223470,0.444694,0.275608,1.000000,2.500000,0.650000,0.165679,0.125087,0.096267,0.001457,0.104706,0.005420,0.068193,0.236750,0.118736,0.032638,-0.115982,0.048628
2621,-7.571358,0.934099,3.037183,0.607437,0.264987,1.000000,2.500000,0.650000,0.165999,0.120148,0.097002,0.004133,0.108188,0.002602,0.068798,0.239649,0.118489,0.033044,-0.117529,0.048673
2622,-7.654151,1.052337,2.729628,0.545926,0.271744,1.000000,2.500000,0.650000,0.165357,0.120023,0.097713,0.002081,0.109552,0.002294,0.068997,0.236408,0.118628,0.030578,-0.119490,0.047421
2623,-7.562734,0.938268,3.040726,0.608145,0.274418,1.000000,2.500000,0.650000,0.169276,0.120004,0.096021,0.001573,0.110095,0.004129,0.068386,0.239920,0.118113,0.033943,-0.117846,0.047863
2624,-8.548540,3.557933,0.807664,0.161533,0.288054,1.000000,2.500000,0.650000,0.169958,0.120762,0.097305,0.003300,0.108027,0.001890,0.067459,0.236928,0.117896,0.033492,-0.118029,0.047780
2625,-7.636863,1.015754,2.800619,0.560124,0.271177,1.000000,2.500000,0.650000,0.165615,0.120455,0.096093,0.002886,0.104355,0.003139,0.069952,0.240000,0.119027,0.031903,-0.118605,0.049064
2626,-7.671144,1.050503,2.699558,0.539912,0.278294,1.000000,2.500000,0.650000,0.167195,0.123360,0.097387,0.002997,0.106580,0.003783,0.068202,0.239636,0.119106,0.032188,-0.115768,0.049379
2627,-7.836951,1.333458,2.097961,0.419592,0.283409,1.000000,2.500000,0.650000,0.162006,0.120171,0.098134,0.002903,0.106910,0.002280,0.069060,0.237674,0.118317,0.032564,-0.119809,0.048263
2628,-7.817328,1.307421,2.212205,0.442441,0.284638,1.000000,2.500000,0.650000,0.167359,0.121045,0.096623,0.003664,0.107326,0.002577,0.066969,0.239099,0.118037,0.034081,-0.116629,0.048218
2629,-7.782045,1.225979,2.274906,0.454981,0.267083,1.000000,2.500000,0.650000,0.161082,0.120117,0.096711,0.002570,0.108182,0.002152,0.069809,0.239845,0.119396,0.031017,-0.117536,0.046890
2630,-7.619249,1.007184,2.830535,0.566107,0.273684,1.000000,2.500000,0.650000,0.165278,0.120398,0.096211,0.001966,0.106356,0.004414,0.069293,0.239635,0.118799,0.033128,-0.121748,0.048271
2631,-7.745560,1.177053,2.420402,0.484080,0.274826,1.000000,2.500000,0.650000,0.161720,0.122207,0.096001,0.003389,0.104601,0.005210,0.068754,0.239920,0.118017,0.030313,-0.116737,0.046767
2632,-8.214928,2.309765,1.226145,0.245229,0.287617,1.000000,2.500000,0.650000,0.170368,0.120173,0.096127,0.004054,0.108571,0.003115,0.067040,0.236869,0.117388,0.033256,-0.116884,0.047824
2633,-10.000000,,-0.129624,-0.025925,1.655778,0.000000,2.500000,0.650000,0.164979,0.120062,0.096316,0.002854,0.106617,0.002306,0.068475,0.239718,0.118263,0.033080,-0.119087,0.049116
2634,-7.595119,0.983539,2.926787,0.585357,0.278380,1.000000,2.500000,0.650000,0.166882,0.120906,0.096030,0.000956,0.107479,0.003442,0.069747,0.239931,0.117591,0.033219,-0.116391,0.048850
2635,-7.752848,1.193752,2.420589,0.484118,0.279850,1.000000,2.500000,0.650000,0.169389,0.120069,0.096222,0.003830,0.107743,0.003336,0.067918,0.238498,0.117955,0.033819,-0.117411,0.048292
2636,-7.658251,1.057467,2.691729,0.538346,0.292787,1.000000,2.500000,0.650000,0.167502,0.120335,0.097910,0.004375,0.106387,0.004248,0.068719,0.238642,0.116743,0.033161,-0.118317,0.047440
2637,-7.722866,1.114709,2.488081,0.497616,0.273375,1.000000,2.500000,0.650000,0.165740,0.120109,0.096641,0.004623,0.109615,0.000336,0.067920,0.239587,0.118905,0.033259,-0.115741,0.047898
2638,-7.746759,1.159649,2.421917,0.484383,0.273923,1.000000,2.500000,0.650000,0.170243,0.123056,0.097144,0.005565,0.108577,0.000798,0.068548,0.238182,0.117144,0.035569,-0.119069,0.048806
2639,-7.809127,1.309282,2.235304,0.447061,0.278749,1.000000,2.500000,0.650000,0.167100,0.120498,0.096012,0.002517,0.108136,0.005030,0.069677,0.239971,0.118185,0.032161,-0.120357,0.047562
2640,-7.736065,1.204028,2.390846,0.478169,0.301550,1.000000,2.500000,0.650000,0.168178,0.121043,0.096062,0.002836,0.110108,0.002259,0.067499,0.239439,0.118023,0.033750,-0.117391,0.047977
2641,-7.680122,1.091368,2.622731,0.524546,0.272244,1.000000,2.500000,0.650000,0.163999,0.121965,0.096004,0.000791,0.105577,0.004001,0.069899,0.239477,0.118243,0.032869,-0.119546,0.049711
2642,-7.668881,1.079797,2.684318,0.536864,0.269223,1.000000,2.500000,0.650000,0.166575,0.122392,0.096105,0.002026,0.106105,0.004120,0.069958,0.239983,0.117669,0.031802,-0.116699,0.048864
2643,-7.735445,1.156353,2.404067,0.480813,0.293325,1.000000,2.500000,0.650000,0.168079,0.120041,0.096815,0.001712,0.107604,0.002727,0.069861,0.239830,0.118166,0.033574,-0.118729,0.049364
2644,-7.594413,0.966235,2.946648,0.589330,0.284765,1.000000,2.500000,0.650000,0.166740,0.122106,0.096712,0.002361,0.106342,0.003414,0.069365,0.239527,0.118243,0.033329,-0.117820,0.048041
2645,-7.618838,0.975608,2.839387,0.567877,0.282248,1.000000,2.500000,0.650000,0.171023,0.120001,0.096747,0.004904,0.108097,0.002123,0.066697,0.239948,0.118203,0.034495,-0.114360,0.049014
2646,-7.800698,1.305821,2.250480,0.450096,0.285127,1.000000,2.500000,0.650000,0.166530,0.121840,0.096121,0.002532,0.106602,0.003306,0.068414,0.239456,0.117317,0.033393,-0.118023,0.048473
2647,-7.518342,0.925644,3.236755,0.647351,0.270673,1.000000,2.500000,0.650000,0.165528,0.120903,0.096010,0.000778,0.107716,0.003431,0.069646,0.239913,0.117626,0.032317,-0.118222,0.048060
2648,-8.209911,2.311855,1.246589,0.249318,0.290218,1.000000,2.500000,0.650000,0.163783,0.122861,0.096219,0.003328,0.105153,0.003171,0.068893,0.239974,0.117436,0.033946,-0.116464,0.048189
2649,-7.838371,1.397633,2.169642,0.433928,0.283758,1.000000,2.500000,0.650000,0.169976,0.120449,0.096972,0.001553,0.111541,0.002681,0.069942,0.239999,0.117083,0.033005,-0.117812,0.047922
2650,-7.587818,0.970261,2.979845,0.595969,0.286121,1.000000,2.500000,0.650000,0.164570,0.120181,0.097357,0.001637,0.107605,0.004442,0.069913,0.239738,0.118317,0.033068,-0.120476,0.047891
2651,-7.574856,0.965137,3.036595,0.607319,0.285594,1.000000,2.500000,0.650000,0.168622,0.120621,0.096302,0.001776,0.108966,0.003746,0.067977,0.239816,0.117695,0.032746,-0.117856,0.048189
2652,-8.073384,1.925395,1.520790,0.304158,0.286764,1.000000,2.500000,0.650000,0.165432,0.121854,0.096260,0.001999,0.106409,0.004935,0.069378,0.239844,0.117631,0.032418,-0.118637,0.047661
2653,-7.912621,1.536183,1.948876,0.389775,0.294765,1.000000,2.500000,0.650000,0.168411,0.120822,0.097190,0.000745,0.110209,0.004271,0.068569,0.239935,0.117545,0.033344,-0.120075,0.048000
2654,-7.606479,1.022263,2.934500,0.586900,0.304967,1.000000,2.500000,0.650000,0.168560,0.123305,0.096367,0.000847,0.106845,0.004722,0.068517,0.239991,0.116834,0.032435,-0.114724,0.048493
2655,-7.734372,1.209450,2.458877,0.491775,0.305244,1.000000,2.500000,0.650000,0.167858,0.121834,0.096022,0.000012,0.109343,0.005927,0.069998,0.239999,0.116822,0.031509,-0.118232,0.047672
2656,-7.664903,1.062261,2.695094,0.539019,0.273088,1.000000,2.500000,0.650000,0.165241,0.120006,0.096685,0.001686,0.108976,0.002280,0.069887,0.239933,0.117921,0.032810,-0.118854,0.047372
2657,-10.856985,14.462224,0.199328,0.039866,0.286121,1.000000,2.500000,0.650000,0.166287,0.122673,0.096000,0.001491,0.106218,0.006168,0.069141,0.239321,0.117407,0.031632,-0.118252,0.047892
2658,-7.589710,0.961911,2.995078,0.599016,0.290134,1.000000,2.500000,0.650000,0.164499,0.122004,0.096220,0.000956,0.107031,0.002266,0.067493,0.239377,0.117968,0.032958,-0.116892,0.048082
2659,-7.798624,1.327460,2.170003,0.434001,0.288609,1.000000,2.500000,0.650000,0.165647,0.120002,0.096270,0.000790,0.109262,0.003333,0.069627,0.239744,0.117926,0.033148,-0.118999,0.047941
2660,-7.894803,1.493453,1.986894,0.397379,0.279221,1.000000,2.500000,0.650000,0.164291,0.122022,0.096011,0.000445,0.107227,0.004110,0.067007,0.239661,0.117693,0.031812,-0.120118,0.047608
2661,-10.000000,,-0.031584,-0.006317,1.566556,0.000000,2.500000,0.650000,0.168454,0.120090,0.096618,0.002428,0.109575,0.000805,0.067216,0.237953,0.117858,0.033347,-0.120212,0.047541
2662,-7.610408,1.007308,2.876372,0.575274,0.282006,1.000000,2.500000,0.650000,0.165762,0.120847,0.096014,0.001739,0.107963,0.003357,0.069668,0.239349,0.117485,0.032582,-0.117246,0.047343
2663,-7.705642,1.157777,2.586653,0.517331,0.289318,1.000000,2.500000,0.650000,0.165154,0.123534,0.097439,0.000233,0.105960,0.003042,0.069232,0.239580,0.117259,0.033020,-0.116920,0.048096
2664,-7.570630,0.940975,3.023242,0.604648,0.276148,1.000000,2.500000,0.650000,0.164078,0.121306,0.096124,0.001494,0.107471,0.004217,0.068894,0.239881,0.118391,0.032577,-0.119847,0.047897
2665,-7.688665,1.094619,2.599585,0.519917,0.283797,1.000000,2.500000,0.650000,0.165402,0.121884,0.096037,0.002146,0.106619,0.004083,0.069624,0.238272,0.116382,0.032253,-0.117444,0.047535
2666,-7.711017,1.145392,2.493404,0.498681,0.284936,1.000000,2.500000,0.650000,0.164510,0.122025,0.096424,0.002788,0.103524,0.002707,0.067437,0.239982,0.117969,0.030996,-0.116370,0.049371
2667,-7.612893,1.012877,2.924854,0.584971,0.299933,1.000000,2.500000,0.650000,0.166662,0.124407,0.097746,0.001217,0.105724,0.003217,0.067209,0.239966,0.117681,0.032248,-0.114304,0.047657
2668,-7.677725,1.090627,2.654641,0.530928,0.286562,1.000000,2.500000,0.650000,0.164642,0.121923,0.096700,0.001097,0.107530,0.003087,0.068793,0.239824,0.116799,0.033370,-0.117874,0.047604
2669,-7.821577,1.375153,2.204656,0.440931,0.303657,1.000000,2.500000,0.650000,0.170880,0.120790,0.096007,0.000171,0.109725,0.003182,0.066852,0.239551,0.116769,0.032047,-0.115919,0.048136
2670,-7.855360,1.466398,2.035813,0.407163,0.314262,1.000000,2.500000,0.650000,0.167172,0.122456,0.097920,0.000017,0.107972,0.004659,0.069753,0.239780,0.116774,0.031342,-0.116669,0.047927
2671,-7.772568,1.257177,2.375380,0.475076,0.298167,1.000000,2.500000,0.650000,0.168468,0.120914,0.096000,0.000776,0.109476,0.004116,0.068523,0.239360,0.117235,0.032416,-0.116131,0.047935
2672,-7.613343,0.996666,2.916375,0.583275,0.272850,1.000000,2.500000,0.650000,0.168445,0.120854,0.096000,0.000978,0.108002,0.003445,0.069438,0.239716,0.118686,0.031659,-0.117761,0.049405
2673,-7.650583,1.041430,2.746647,0.549329,0.289613,1.000000,2.500000,0.650000,0.162355,0.123943,0.097575,0.001559,0.105614,0.003348,0.068088,0.238794,0.117113,0.034099,-0.117301,0.046940
2674,-7.805591,1.353602,2.189353,0.437871,0.297776,1.000000,2.500000,0.650000,0.166824,0.121887,0.096478,0.000660,0.107601,0.003463,0.067646,0.239608,0.118099,0.033798,-0.117218,0.048294
2675,-7.631353,1.009280,2.810597,0.562119,0.279047,1.000000,2.500000,0.650000,0.166070,0.120671,0.096189,0.003497,0.106935,0.002705,0.068571,0.239989,0.117707,0.034312,-0.119053,0.047571
2676,-7.558562,0.950883,3.090269,0.618054,0.273940,1.000000,2.500000,0.650000,0.167229,0.121883,0.096122,0.000219,0.111152,0.005865,0.068279,0.239248,0.119114,0.030581,-0.120167,0.047826
2677,-7.729801,1.161909,2.474340,0.494868,0.282621,1.000000,2.500000,0.650000,0.164109,0.120904,0.096147,0.002063,0.105449,0.003182,0.069335,0.239966,0.117594,0.033214,-0.119020,0.047734
2678,-7.579416,0.936180,3.019347,0.603869,0.271518,1.000000,2.500000,0.650000,0.165001,0.120202,0.096037,0.002812,0.106894,0.002381,0.069081,0.239937,0.118745,0.034487,-0.117955,0.047596
2679,-7.651578,1.048794,2.729345,0.545869,0.279671,1.000000,2.500000,0.650000,0.160757,0.122495,0.096208,0.000770,0.106039,0.003360,0.069037,0.239203,0.118933,0.030780,-0.118326,0.046928
2680,-8.914381,5.166770,0.565060,0.113012,0.287193,1.000000,2.500000,0.650000,0.163390,0.123111,0.096924,0.001427,0.108098,0.004131,0.068980,0.239960,0.117707,0.032805,-0.115954,0.046769
2681,-7.665565,1.075044,2.696741,0.539348,0.283560,1.000000,2.500000,0.650000,0.166166,0.122303,0.096095,0.002093,0.106773,0.003721,0.069176,0.239999,0.117998,0.032180,-0.119458,0.048871
2682,-7.831596,1.430560,2.092038,0.418408,0.290683,1.000000,2.500000,0.650000,0.164971,0.124224,0.096349,0.000312,0.105924,0.005206,0.069192,0.239999,0.118566,0.033459,-0.119733,0.047647
2683,-7.537401,0.911699,3.169196,0.633839,0.284580,1.000000,2.500000,0.650000,0.162894,0.121713,0.096125,0.000230,0.110706,0.003268,0.067281,0.239603,0.119174,0.032275,-0.117888,0.046611
2684,-7.698348,1.103549,2.553125,0.510625,0.283060,1.000000,2.500000,0.650000,0.165760,0.122003,0.097013,0.001582,0.107467,0.002625,0.068997,0.239795,0.118319,0.033332,-0.117214,0.047752
2685,-7.647121,1.043471,2.761108,0.552222,0.278178,1.000000,2.500000,0.650000,0.161935,0.120758,0.096201,0.000055,0.108834,0.004243,0.069248,0.239881,0.119659,0.032930,-0.119841,0.047641
2686,-7.656829,1.099527,2.654540,0.530908,0.292863,1.000000,2.500000,0.650000,0.165005,0.122537,0.096123,0.000033,0.110293,0.004692,0.067555,0.239986,0.119774,0.032342,-0.115444,0.047764
2687,-7.626398,1.006661,2.820505,0.564101,0.285581,1.000000,2.500000,0.650000,0.165698,0.120328,0.096394,0.000296,0.111324,0.004096,0.067860,0.236714,0.118525,0.033301,-0.121501,0.047178
2688,-7.767555,1.289032,2.300315,0.460063,0.285420,1.000000,2.500000,0.650000,0.165511,0.121252,0.096703,0.000054,0.110663,0.004581,0.068604,0.239993,0.118594,0.031565,-0.120049,0.047135
2689,-7.627710,1.001493,2.731143,0.546229,0.273469,1.000000,2.500000,0.650000,0.163654,0.120136,0.096949,0.001145,0.110820,0.002705,0.067176,0.238493,0.119146,0.033230,-0.120681,0.047804
2690,-7.616706,1.004191,2.881922,0.576384,0.267459,1.000000,2.500000,0.650000,0.164056,0.120581,0.096212,0.000969,0.109571,0.003400,0.066420,0.237609,0.119179,0.031916,-0.119406,0.047467
2691,-7.584649,0.980094,2.979909,0.595982,0.281848,1.000000,2.500000,0.650000,0.166444,0.120729,0.096055,0.000156,0.111089,0.004828,0.068893,0.239813,0.118236,0.032421,-0.121749,0.046693
2692,-7.845305,1.440696,2.028330,0.405666,0.270932,1.000000,2.500000,0.650000,0.165576,0.120856,0.096006,0.000414,0.109691,0.003577,0.066671,0.238588,0.119071,0.031941,-0.118496,0.047380
2693,-9.981000,1.311882,1.899981,0.379996,0.543231,0.000000,2.500000,0.650000,0.162328,0.120036,0.096150,0.002034,0.109066,0.003311,0.069061,0.239914,0.118326,0.032534,-0.119493,0.046614
2694,-7.674270,1.086727,2.649409,0.529882,0.308451,1.000000,2.500000,0.650000,0.164593,0.120382,0.096171,0.000268,0.112365,0.002494,0.067709,0.237381,0.117894,0.030996,-0.120011,0.046378
2695,-7.776898,1.281378,2.260189,0.452038,0.280624,1.000000,2.500000,0.650000,0.166173,0.122423,0.096325,0.000013,0.109377,0.006390,0.068680,0.239794,0.119507,0.031971,-0.119411,0.047310
2696,-7.646577,1.053150,2.768569,0.553714,0.280196,1.000000,2.500000,0.650000,0.165842,0.120053,0.097356,0.001280,0.109576,0.002552,0.069785,0.239843,0.118996,0.033620,-0.122373,0.047821
2697,-7.727597,1.195052,2.393277,0.478655,0.284513,1.000000,2.500000,0.650000,0.162320,0.120849,0.096606,0.000023,0.112195,0.005807,0.067512,0.239680,0.118616,0.032038,-0.122769,0.046691
2698,-7.605443,1.006260,2.908912,0.581782,0.276626,1.000000,2.500000,0.650000,0.165639,0.121445,0.096695,0.000582,0.107584,0.004140,0.066000,0.238470,0.118127,0.031862,-0.121149,0.047430
2699,-7.869003,1.431768,2.044458,0.408892,0.287345,1.000000,2.500000,0.650000,0.165086,0.120270,0.096405,0.001081,0.111061,0.004127,0.065620,0.238159,0.118365,0.032099,-0.118909,0.046787
2700,-7.594733,0.976690,2.966277,0.593255,0.281986,1.000000,2.500000,0.650000,0.164100,0.121686,0.096688,0.000035,0.108938,0.005355,0.066428,0.238521,0.119318,0.031895,-0.124049,0.047603
2701,-7.877696,1.435639,2.033662,0.406732,0.282664,1.000000,2.500000,0.650000,0.167777,0.121220,0.096042,0.000694,0.112282,0.003880,0.067558,0.238288,0.119327,0.032948,-0.118091,0.047602
2702,-7.735622,1.175677,2.360596,0.472119,0.334534,1.000000,2.500000,0.650000,0.166335,0.120434,0.096332,0.000400,0.112059,0.004634,0.067930,0.238731,0.118152,0.032784,-0.121979,0.047111
2703,-9.968391,0.841256,3.160891,0.632178,0.590834,0.000000,2.500000,0.650000,0.167476,0.120131,0.096336,0.000048,0.112692,0.004210,0.068330,0.239793,0.118227,0.032151,-0.119051,0.045846
2704,-7.722659,1.153067,2.476107,0.495221,0.292575,1.000000,2.500000,0.650000,0.164229,0.121962,0.096181,0.000033,0.110197,0.004631,0.065699,0.238987,0.118886,0.032452,-0.121608,0.047283
2705,-7.865192,1.412663,2.050582,0.410116,0.280391,1.000000,2.500000,0.650000,0.163512,0.123065,0.096395,0.000000,0.109653,0.004941,0.068940,0.239236,0.119054,0.031187,-0.121434,0.047834
2706,-7.750857,1.201273,2.410549,0.482110,0.278629,1.000000,2.500000,0.650000,0.166174,0.120004,0.098702,0.000546,0.113137,0.003808,0.068779,0.239998,0.119137,0.032902,-0.121103,0.047817
2707,-7.732667,1.184154,2.453379,0.490676,0.272490,1.000000,2.500000,0.650000,0.166732,0.121350,0.096380,0.001753,0.107349,0.004447,0.068544,0.238890,0.118175,0.032198,-0.122858,0.047636
2708,-8.122780,2.061416,1.401720,0.280344,0.285480,1.000000,2.500000,0.650000,0.162028,0.120455,0.097328,0.000078,0.109057,0.004287,0.068927,0.239107,0.118998,0.033028,-0.123844,0.047161
2709,-7.922746,1.513830,1.883133,0.376627,0.296242,1.000000,2.500000,0.650000,0.165497,0.121816,0.096960,0.002367,0.108484,0.004197,0.066297,0.239239,0.119114,0.032096,-0.119523,0.048099
2710,-10.569037,13.056915,0.224500,0.044900,0.296788,1.000000,2.500000,0.650000,0.168116,0.122324,0.096901,0.000028,0.110347,0.005764,0.066914,0.237981,0.119442,0.032811,-0.123642,0.048436
2711,-7.644012,1.031270,2.758895,0.551779,0.273692,1.000000,2.500000,0.650000,0.164437,0.120332,0.097353,0.000041,0.111043,0.004533,0.064652,0.233957,0.119541,0.032872,-0.125526,0.046927
2712,-7.633306,1.030699,2.723308,0.544662,0.266378,1.000000,2.500000,0.650000,0.160472,0.123586,0.096074,0.000031,0.107076,0.005410,0.066240,0.239589,0.119786,0.032008,-0.124904,0.047537
2713,-7.602780,0.974029,2.927950,0.585590,0.284259,1.000000,2.500000,0.650000,0.164300,0.120123,0.097222,0.000048,0.114015,0.003562,0.067775,0.239060,0.118768,0.033038,-0.122938,0.046790
2714,-7.844010,1.381395,2.056219,0.411244,0.314088,1.000000,2.500000,0.650000,0.164746,0.120660,0.096114,0.000019,0.108903,0.003993,0.067260,0.238919,0.119212,0.032075,-0.122042,0.047704
2715,-7.554315,0.913381,3.058680,0.611736,0.291617,1.000000,2.500000,0.650000,0.165059,0.125383,0.096195,0.001009,0.108287,0.004442,0.065310,0.239800,0.119457,0.033396,-0.118198,0.047878
2716,-7.705321,1.094211,2.565423,0.513085,0.277730,1.000000,2.500000,0.650000,0.167695,0.120000,0.096378,0.002814,0.109226,0.002882,0.067367,0.236566,0.118454,0.033241,-0.121539,0.048321
2717,-7.627574,1.031802,2.837298,0.567460,0.281019,1.000000,2.500000,0.650000,0.166154,0.124080,0.096001,0.001009,0.109209,0.005472,0.066808,0.238425,0.119540,0.031637,-0.120024,0.047551
2718,-7.731497,1.168228,2.471975,0.494395,0.275794,1.000000,2.500000,0.650000,0.169143,0.121488,0.096553,0.001198,0.112463,0.005318,0.067963,0.239583,0.119197,0.031858,-0.120366,0.048231
2719,-7.606592,0.986086,2.879585,0.575917,0.277680,1.000000,2.500000,0.650000,0.165419,0.122187,0.096258,0.000392,0.111264,0.004349,0.066550,0.239923,0.119361,0.032854,-0.121449,0.047220
2720,-7.711508,1.098964,2.522561,0.504512,0.278908,1.000000,2.500000,0.650000,0.163188,0.121009,0.096088,0.002658,0.108881,0.001713,0.066432,0.239719,0.119122,0.034188,-0.121030,0.047528
2721,-7.573738,0.946076,3.019476,0.603895,0.299496,1.000000,2.500000,0.650000,0.163089,0.124675,0.096498,0.000062,0.111770,0.004624,0.063139,0.237476,0.119216,0.033262,-0.120907,0.046693
2722,-7.696444,1.117313,2.563530,0.512706,0.292750,1.000000,2.500000,0.650000,0.162662,0.120799,0.097370,0.001118,0.111164,0.002803,0.065231,0.238891,0.118592,0.033770,-0.122199,0.046024
2723,-7.742056,1.198807,2.370245,0.474049,0.289872,1.000000,2.500000,0.650000,0.164992,0.120564,0.096554,0.000084,0.112937,0.003142,0.064445,0.237601,0.119134,0.032382,-0.121045,0.046291
2724,-7.651911,1.027758,2.724803,0.544961,0.283151,1.000000,2.500000,0.650000,0.162340,0.124577,0.096354,0.000327,0.107889,0.004358,0.063578,0.235438,0.120000,0.032627,-0.120653,0.048487
2725,-8.265496,2.498601,1.160677,0.232135,0.288622,1.000000,2.500000,0.650000,0.163913,0.122755,0.096196,0.001177,0.109900,0.004238,0.067062,0.237339,0.119152,0.033197,-0.120676,0.046570
2726,-7.619004,0.982664,2.835782,0.567156,0.287221,1.000000,2.500000,0.650000,0.162209,0.122320,0.096200,0.000329,0.112067,0.002540,0.063415,0.237984,0.119928,0.034355,-0.120905,0.046850
2727,-7.751953,1.199867,2.369346,0.473869,0.291791,1.000000,2.500000,0.650000,0.164307,0.123761,0.096435,0.001035,0.110072,0.003549,0.065068,0.238139,0.119101,0.032210,-0.118814,0.047513
2728,-7.831816,1.346723,2.178012,0.435602,0.291559,1.000000,2.500000,0.650000,0.163554,0.124055,0.096602,0.000345,0.109890,0.004311,0.065760,0.238027,0.119791,0.032149,-0.121739,0.047610
2729,-7.690492,1.094835,2.578788,0.515758,0.299583,1.000000,2.500000,0.650000,0.163268,0.124642,0.096000,0.001107,0.112631,0.002384,0.061733,0.236891,0.119946,0.034171,-0.123348,0.046542
2730,-7.726104,1.160839,2.467396,0.493479,0.283885,1.000000,2.500000,0.650000,0.163778,0.122856,0.096006,0.000035,0.112113,0.005597,0.063325,0.233914,0.119136,0.033612,-0.121806,0.046103
2731,-7.679457,1.076494,2.604900,0.520980,0.289826,1.000000,2.500000,0.650000,0.163271,0.122374,0.096427,0.001134,0.109481,0.002701,0.063187,0.239078,0.119729,0.033720,-0.124884,0.048080
2732,-7.602690,0.962651,2.907474,0.581495,0.302634,1.000000,2.500000,0.650000,0.164283,0.124452,0.096095,0.001201,0.112950,0.003953,0.063697,0.236367,0.117945,0.032912,-0.117992,0.046100
2733,-7.584395,0.958321,2.999439,0.599888,0.303821,1.000000,2.500000,0.650000,0.164428,0.123313,0.096312,0.000069,0.110002,0.003864,0.063549,0.238326,0.118765,0.033518,-0.119918,0.047224
2734,-7.529764,0.886901,3.196456,0.639291,0.290397,1.000000,2.500000,0.650000,0.162214,0.121445,0.096070,0.000002,0.113638,0.003519,0.065341,0.238565,0.119368,0.034228,-0.120800,0.045966
2735,-7.750166,1.180778,2.367583,0.473517,0.294161,1.000000,2.500000,0.650000,0.161778,0.123522,0.096145,0.000016,0.111190,0.006098,0.063963,0.238042,0.119395,0.032505,-0.122673,0.046888
2736,-7.717749,1.162078,2.520517,0.504103,0.295752,1.000000,2.500000,0.650000,0.164453,0.122890,0.096223,0.000132,0.111311,0.004234,0.063725,0.239235,0.118623,0.032823,-0.119269,0.046772
2737,-7.553923,0.908798,3.089122,0.617824,0.288874,1.000000,2.500000,0.650000,0.165794,0.122682,0.096863,0.001795,0.113271,0.003033,0.064835,0.239202,0.119469,0.033641,-0.121160,0.046878
2738,-7.662419,1.036788,2.688099,0.537620,0.294644,1.000000,2.500000,0.650000,0.164444,0.123419,0.096029,0.000356,0.115986,0.003633,0.060977,0.233634,0.119999,0.033316,-0.120313,0.046215
2739,-7.652383,1.079990,2.707479,0.541496,0.280249,1.000000,2.500000,0.650000,0.167828,0.125645,0.096468,0.000240,0.113031,0.005371,0.064038,0.237289,0.119984,0.033708,-0.118121,0.049098
2740,-7.636791,1.011995,2.793901,0.558780,0.288741,1.000000,2.500000,0.650000,0.160782,0.121117,0.097223,0.000004,0.115641,0.001525,0.065422,0.239515,0.119778,0.032661,-0.118863,0.045419
2741,-7.582985,0.949741,2.982069,0.596414,0.288925,1.000000,2.500000,0.650000,0.164287,0.126245,0.096300,0.000197,0.114605,0.006715,0.064593,0.236244,0.119731,0.032836,-0.122213,0.046679
2742,-7.678125,1.082428,2.654747,0.530949,0.287097,1.000000,2.500000,0.650000,0.166272,0.120093,0.096461,0.001256,0.111158,0.001474,0.067774,0.239426,0.117557,0.035135,-0.122039,0.047484
2743,-7.621390,0.985680,2.828535,0.565707,0.299660,1.000000,2.500000,0.650000,0.162211,0.126088,0.096187,0.000000,0.113000,0.003332,0.062594,0.239610,0.119720,0.033346,-0.117990,0.046480
2744,-7.739800,1.152685,2.417554,0.483511,0.289202,1.000000,2.500000,0.650000,0.161906,0.121893,0.096773,0.001745,0.112785,0.001728,0.063809,0.239075,0.119692,0.034551,-0.119176,0.046601
2745,-7.582424,0.951487,2.944102,0.588820,0.295881,1.000000,2.500000,0.650000,0.161710,0.122404,0.096011,0.000014,0.114384,0.002660,0.064815,0.236845,0.119090,0.032605,-0.120697,0.045666
2746,-9.984449,1.686028,1.555070,0.311014,0.485413,0.000000,2.500000,0.650000,0.162983,0.123006,0.096132,0.000804,0.112766,0.003052,0.064910,0.239978,0.119999,0.033864,-0.118030,0.047171
2747,-7.675169,1.046419,2.638685,0.527737,0.284569,1.000000,2.500000,0.650000,0.162583,0.121606,0.097088,0.000864,0.113620,0.001444,0.064910,0.239544,0.119383,0.034237,-0.121126,0.046428
2748,-8.124127,2.102455,1.321227,0.264245,0.330306,1.000000,2.500000,0.650000,0.169873,0.120002,0.096001,0.002744,0.111169,0.001855,0.068389,0.239998,0.117067,0.033906,-0.114990,0.047090
2749,-7.694042,1.100519,2.515697,0.503139,0.301193,1.000000,2.500000,0.650000,0.161458,0.120289,0.096059,0.000000,0.115048,0.002789,0.063210,0.238901,0.119141,0.034176,-0.120495,0.045644
2750,-7.608190,0.961211,2.886779,0.577356,0.282854,1.000000,2.500000,0.650000,0.161732,0.122306,0.096008,0.000037,0.113712,0.003434,0.063172,0.235577,0.119995,0.033935,-0.121958,0.046837
2751,-7.569683,0.922602,3.021605,0.604321,0.287418,1.000000,2.500000,0.650000,0.164006,0.123466,0.096424,0.000735,0.114952,0.002288,0.064123,0.236996,0.119738,0.035653,-0.120271,0.046777
2752,-8.108392,2.050663,1.398291,0.279658,0.394278,1.000000,2.500000,0.650000,0.167008,0.122500,0.096500,0.001401,0.112401,0.003440,0.064081,0.238192,0.119313,0.033755,-0.117057,0.048489
2753,-7.593760,0.973432,2.941555,0.588311,0.292506,1.000000,2.500000,0.650000,0.163114,0.123514,0.096846,0.000054,0.112098,0.005469,0.067421,0.239329,0.119587,0.032144,-0.121357,0.046331
2754,-7.668712,1.046704,2.649654,0.529931,0.293873,1.000000,2.500000,0.650000,0.163153,0.120060,0.096058,0.000410,0.116450,0.003019,0.063010,0.234322,0.119523,0.034338,-0.120521,0.045564
2755,-7.639590,1.026193,2.733241,0.546648,0.286460,1.000000,2.500000,0.650000,0.160557,0.122395,0.096562,0.000507,0.116672,0.004441,0.067456,0.238094,0.119999,0.032421,-0.122910,0.046207
2756,-7.673429,1.066104,2.612118,0.522424,0.300962,1.000000,2.500000,0.650000,0.160236,0.122626,0.098866,0.000006,0.115307,0.004065,0.065286,0.234963,0.119989,0.032613,-0.122529,0.045670
2757,-7.630361,1.029783,2.824132,0.564826,0.293050,1.000000,2.500000,0.650000,0.162146,0.126799,0.096365,0.001282,0.114586,0.005716,0.065095,0.237770,0.118535,0.033260,-0.120217,0.045043
2758,-7.890041,1.460567,1.987629,0.397526,0.287033,1.000000,2.500000,0.650000,0.160790,0.123615,0.097182,0.000377,0.107231,0.003789,0.065349,0.239491,0.118947,0.031893,-0.116445,0.047634
2759,-9.986257,1.598332,1.374336,0.274867,0.836748,0.000000,2.500000,0.650000,0.161347,0.123221,0.096000,0.000051,0.111793,0.005112,0.066915,0.239621,0.119052,0.032399,-0.123705,0.045408
2760,-7.640681,1.050460,2.690664,0.538133,0.292735,1.000000,2.500000,0.650000,0.163837,0.121165,0.097454,0.000739,0.113374,0.002267,0.067185,0.238955,0.119589,0.034487,-0.118771,0.047901
2761,-7.516981,0.885863,3.244126,0.648825,0.275631,1.000000,2.500000,0.650000,0.162861,0.123300,0.096041,0.000423,0.116628,0.005464,0.063481,0.235769,0.119760,0.030993,-0.121477,0.046252
2762,-7.479287,0.855728,3.375417,0.675083,0.277303,1.000000,2.500000,0.650000,0.163408,0.122967,0.096013,0.000365,0.115122,0.004357,0.065191,0.239789,0.119889,0.032132,-0.120698,0.045704
2763,-7.668594,1.072689,2.704992,0.540998,0.300945,1.000000,2.500000,0.650000,0.164263,0.123683,0.096088,0.000043,0.114745,0.003638,0.067715,0.239907,0.118334,0.033333,-0.119652,0.045836
2764,-7.652193,1.034126,2.756870,0.551374,0.301296,1.000000,2.500000,0.650000,0.164788,0.125016,0.096010,0.000003,0.116196,0.005907,0.062448,0.237639,0.119848,0.033505,-0.119853,0.047211
2765,-7.747822,1.175874,2.405502,0.481100,0.285662,1.000000,2.500000,0.650000,0.162306,0.122805,0.096111,0.000283,0.115016,0.003222,0.063722,0.237604,0.119794,0.032883,-0.121139,0.046348
2766,-7.755399,1.222819,2.302882,0.460576,0.270805,1.000000,2.500000,0.650000,0.162388,0.125096,0.096974,0.000225,0.112633,0.005826,0.066846,0.239895,0.119719,0.031195,-0.122918,0.046729
2767,-7.712396,1.122263,2.523845,0.504769,0.293505,1.000000,2.500000,0.650000,0.161425,0.129008,0.096012,0.002666,0.115578,0.007286,0.065403,0.238257,0.119636,0.031921,-0.120755,0.045242
2768,-7.643784,1.008255,2.708511,0.541702,0.285356,1.000000,2.500000,0.650000,0.160053,0.121003,0.097734,0.000896,0.114280,0.001813,0.066987,0.236919,0.119891,0.032169,-0.120109,0.046165
2769,-7.659922,1.081510,2.639509,0.527902,0.295632,1.000000,2.500000,0.650000,0.160054,0.130750,0.097246,0.000372,0.109310,0.006448,0.065420,0.239356,0.119874,0.031948,-0.118795,0.046858
2770,-7.637769,1.001921,2.782857,0.556571,0.294427,1.000000,2.500000,0.650000,0.162065,0.122124,0.096634,0.000208,0.115132,0.002953,0.065126,0.235664,0.119816,0.033751,-0.119334,0.045973
2771,-7.737298,1.180611,2.439549,0.487910,0.284188,1.000000,2.500000,0.650000,0.161493,0.121890,0.096350,0.000070,0.114984,0.004933,0.067572,0.238449,0.119916,0.033148,-0.122001,0.046860
2772,-7.821828,1.301811,2.172729,0.434546,0.286119,1.000000,2.500000,0.650000,0.167563,0.121168,0.096446,0.000021,0.118067,0.003127,0.064303,0.234624,0.119985,0.034845,-0.120197,0.046858
2773,-7.651783,1.048921,2.659170,0.531834,0.279018,1.000000,2.500000,0.650000,0.161461,0.122620,0.096159,0.000193,0.115510,0.002956,0.066192,0.239438,0.119564,0.031719,-0.119024,0.044433
2774,-7.629269,1.012805,2.806097,0.561219,0.280374,1.000000,2.500000,0.650000,0.161484,0.122815,0.096208,0.000799,0.113782,0.003596,0.065768,0.239331,0.119629,0.032280,-0.121054,0.046346
2775,-7.804974,1.276121,2.214101,0.442820,0.275727,1.000000,2.500000,0.650000,0.160391,0.120312,0.096195,0.000014,0.114393,0.003333,0.066234,0.237364,0.119989,0.034402,-0.121020,0.045627
2776,-7.669485,1.047272,2.656355,0.531271,0.302270,1.000000,2.500000,0.650000,0.160873,0.123494,0.096019,0.000192,0.116394,0.002455,0.062960,0.236881,0.119944,0.032310,-0.117855,0.045629
2777,-7.599112,0.971481,2.934183,0.586837,0.293373,1.000000,2.500000,0.650000,0.162141,0.121358,0.096065,0.000167,0.114530,0.003206,0.065761,0.236811,0.119823,0.032894,-0.118559,0.045982
2778,-7.633243,1.013204,2.763869,0.552774,0.287796,1.000000,2.500000,0.650000,0.161118,0.123917,0.096423,0.000702,0.113234,0.004469,0.067021,0.239654,0.119606,0.032675,-0.123199,0.045663
2779,-7.742388,1.179412,2.432966,0.486593,0.286440,1.000000,2.500000,0.650000,0.163621,0.120283,0.096409,0.000011,0.115925,0.004000,0.067443,0.239940,0.119995,0.032428,-0.120975,0.045776
2780,-7.665193,1.074304,2.645423,0.529085,0.304443,1.000000,2.500000,0.650000,0.164369,0.120438,0.096246,0.000634,0.113219,0.002557,0.066020,0.236702,0.119174,0.033603,-0.123014,0.046451
2781,-7.576911,0.946331,3.035896,0.607179,0.290425,1.000000,2.500000,0.650000,0.164107,0.123640,0.096019,0.000798,0.110773,0.003857,0.067507,0.238905,0.118878,0.031470,-0.116865,0.046939
2782,-7.552492,0.907862,3.110322,0.622064,0.288624,1.000000,2.500000,0.650000,0.161561,0.121136,0.097152,0.000009,0.112814,0.002954,0.066820,0.236941,0.119988,0.032021,-0.120447,0.046210
2783,-7.710834,1.131828,2.431483,0.486297,0.294964,1.000000,2.500000,0.650000,0.160383,0.124178,0.096025,0.000729,0.114925,0.004615,0.064904,0.239999,0.119943,0.033677,-0.120984,0.046096
2784,-7.645166,1.036334,2.707419,0.541484,0.276812,1.000000,2.500000,0.650000,0.160145,0.122832,0.096570,0.000374,0.114708,0.003645,0.068017,0.239589,0.120000,0.031527,-0.121135,0.046018
2785,-7.616024,0.980957,2.824713,0.564943,0.285045,1.000000,2.500000,0.650000,0.162755,0.122198,0.096016,0.000445,0.111927,0.003694,0.066332,0.236909,0.119923,0.033247,-0.117420,0.047584
2786,-7.905434,1.518697,1.806168,0.361234,0.318118,1.000000,2.500000,0.650000,0.160423,0.124151,0.096008,0.000023,0.111083,0.002607,0.066359,0.238792,0.119749,0.030786,-0.116020,0.045559
2787,-7.731249,1.168869,2.397907,0.479581,0.291201,1.000000,2.500000,0.650000,0.161137,0.123231,0.096040,0.000168,0.114554,0.002074,0.065929,0.236528,0.119986,0.032522,-0.118422,0.045595
2788,-7.615669,1.002816,2.882724,0.576545,0.297389,1.000000,2.500000,0.650000,0.162840,0.122169,0.096542,0.000007,0.115900,0.003725,0.067447,0.236759,0.119395,0.031636,-0.118888,0.045052
2789,-7.577184,0.966744,3.004064,0.600813,0.284661,1.000000,2.500000,0.650000,0.162269,0.122920,0.096440,0.000035,0.113069,0.003164,0.066444,0.238852,0.119996,0.032446,-0.117366,0.046027
2790,-7.789013,1.256691,2.279377,0.455875,0.266353,1.000000,2.500000,0.650000,0.160559,0.120547,0.096204,0.000255,0.111384,0.003611,0.068303,0.238675,0.119777,0.031130,-0.122166,0.046742
2791,-7.602280,0.993481,2.924219,0.584844,0.300596,1.000000,2.500000,0.650000,0.163093,0.125543,0.096017,0.000021,0.115433,0.005054,0.064188,0.238136,0.119748,0.030656,-0.117415,0.044710
2792,-7.601802,0.965915,2.902972,0.580594,0.284559,1.000000,2.500000,0.650000,0.161676,0.121001,0.098026,0.000237,0.114973,0.001733,0.064744,0.238122,0.119890,0.033222,-0.121555,0.045668
2793,-7.634828,1.002555,2.795611,0.559122,0.291655,1.000000,2.500000,0.650000,0.161690,0.122817,0.098948,0.000884,0.114619,0.003631,0.064535,0.232658,0.119870,0.032231,-0.118760,0.046238
2794,-7.627217,1.006104,2.840234,0.568047,0.270561,1.000000,2.500000,0.650000,0.164264,0.121772,0.097739,0.001010,0.110067,0.002511,0.068413,0.237854,0.119580,0.031915,-0.121153,0.047264
2795,-7.635985,1.018351,2.734821,0.546964,0.299059,1.000000,2.500000,0.650000,0.164250,0.121356,0.096003,0.000022,0.113885,0.003325,0.067160,0.239136,0.118776,0.033702,-0.119430,0.044951
2796,-7.659342,1.027176,2.657469,0.531494,0.292353,1.000000,2.500000,0.650000,0.161075,0.124628,0.096618,0.000000,0.111565,0.002900,0.063633,0.232737,0.119733,0.031775,-0.120211,0.045935
2797,-7.868263,1.365509,1.910349,0.382070,0.320179,1.000000,2.500000,0.650000,0.165408,0.126315,0.096004,0.000762,0.110218,0.004174,0.065061,0.239768,0.119942,0.033806,-0.115958,0.046743
2798,-7.719067,1.130177,2.474188,0.494838,0.285300,1.000000,2.500000,0.650000,0.160686,0.121800,0.097944,0.000971,0.119098,0.003826,0.064214,0.236533,0.119998,0.031344,-0.120588,0.043806
2799,-7.781793,1.239932,2.288214,0.457643,0.281193,1.000000,2.500000,0.650000,0.163425,0.120405,0.096573,0.000204,0.112085,0.002522,0.067574,0.237617,0.118861,0.031480,-0.120751,0.045957
2800,-8.079980,1.913719,1.522559,0.304512,0.315164,1.000000,2.500000,0.650000,0.165246,0.124189,0.096226,0.000667,0.109938,0.004468,0.065383,0.237376,0.118994,0.031870,-0.118215,0.047147
2801,-7.656507,1.061707,2.756733,0.551347,0.292003,1.000000,2.500000,0.650000,0.164993,0.120184,0.099019,0.000529,0.116710,0.003529,0.064922,0.236565,0.119684,0.033557,-0.122480,0.045646
2802,-7.743405,1.189149,2.421819,0.484364,0.293592,1.000000,2.500000,0.650000,0.163404,0.124141,0.096118,0.000175,0.113278,0.003357,0.065352,0.235905,0.118686,0.031725,-0.116647,0.045545
2803,-7.607608,1.002722,2.896750,0.579350,0.293368,1.000000,2.500000,0.650000,0.165167,0.120418,0.098921,0.000043,0.115848,0.003461,0.066167,0.237320,0.119383,0.032513,-0.123367,0.045838
2804,-7.805631,1.314205,2.110137,0.422027,0.310733,1.000000,2.500000,0.650000,0.162116,0.122555,0.097557,0.000039,0.113768,0.004587,0.065416,0.236698,0.119999,0.031848,-0.118986,0.046148
2805,-7.579163,0.942002,3.025137,0.605027,0.291023,1.000000,2.500000,0.650000,0.164826,0.120442,0.097386,0.000343,0.114077,0.002069,0.066976,0.237132,0.119515,0.033607,-0.119699,0.046638
2806,-7.630425,1.021047,2.811110,0.562222,0.299133,1.000000,2.500000,0.650000,0.164686,0.121341,0.097756,0.000000,0.114720,0.003723,0.068143,0.238152,0.119528,0.031584,-0.121654,0.045919
2807,-7.777530,1.248430,2.276749,0.455350,0.301197,1.000000,2.500000,0.650000,0.165635,0.123120,0.096017,0.000000,0.113728,0.003242,0.063675,0.238469,0.119750,0.033492,-0.118933,0.046259
2808,-7.644203,1.039340,2.768802,0.553760,0.289095,1.000000,2.500000,0.650000,0.165135,0.122469,0.097520,0.000095,0.113984,0.005173,0.066096,0.238629,0.119908,0.032830,-0.123203,0.045954
2809,-7.574887,0.952450,3.033611,0.606722,0.284702,1.000000,2.500000,0.650000,0.166027,0.120014,0.096956,0.000167,0.118833,0.002889,0.065057,0.238357,0.118869,0.034071,-0.120173,0.045503
2810,-7.600706,0.996461,2.871049,0.574210,0.297285,1.000000,2.500000,0.650000,0.167386,0.120046,0.098272,0.000297,0.114279,0.002659,0.067906,0.239238,0.119192,0.034190,-0.120479,0.046912
2811,-7.926590,1.505767,1.873009,0.374602,0.294955,1.000000,2.500000,0.650000,0.164885,0.120074,0.096865,0.000536,0.114577,0.003166,0.065404,0.238067,0.118704,0.033593,-0.122051,0.045858
2812,-7.630189,1.029860,2.829821,0.565964,0.276261,1.000000,2.500000,0.650000,0.161856,0.120001,0.097315,0.000053,0.115215,0.002316,0.069285,0.239978,0.119535,0.033288,-0.122336,0.044656
2813,-7.743741,1.174502,2.438437,0.487687,0.294807,1.000000,2.500000,0.650000,0.163221,0.120249,0.098970,0.000070,0.115305,0.003889,0.066773,0.235858,0.119776,0.033074,-0.124072,0.045563
2814,-7.763267,1.243326,2.311314,0.462263,0.275747,1.000000,2.500000,0.650000,0.164019,0.120796,0.096203,0.000046,0.112339,0.003532,0.067239,0.238678,0.117960,0.032260,-0.120590,0.045199
2815,-7.755792,1.234816,2.304478,0.460896,0.269891,1.000000,2.500000,0.650000,0.164512,0.120217,0.096584,0.000003,0.114636,0.003215,0.067235,0.236889,0.119568,0.032902,-0.120837,0.045446
2816,-7.699172,1.108426,2.573802,0.514760,0.273865,1.000000,2.500000,0.650000,0.161053,0.122570,0.096699,0.000022,0.113704,0.004755,0.066177,0.236452,0.119974,0.032810,-0.123810,0.045831
2817,-7.688562,1.124151,2.599950,0.519990,0.299628,1.000000,2.500000,0.650000,0.164931,0.120286,0.096255,0.000091,0.115092,0.002481,0.066992,0.239802,0.118004,0.033644,-0.121041,0.045683
2818,-7.635108,1.028318,2.713709,0.542742,0.284094,1.000000,2.500000,0.650000,0.163665,0.120229,0.096375,0.000454,0.113874,0.001767,0.067078,0.239642,0.119904,0.034692,-0.118979,0.046485
2819,-8.047016,1.824497,1.575992,0.315198,0.290675,1.000000,2.500000,0.650000,0.162963,0.120659,0.096363,0.000606,0.114400,0.003894,0.066513,0.239035,0.119411,0.032224,-0.122060,0.045584
2820,-7.630984,1.036793,2.774564,0.554913,0.284661,1.000000,2.500000,0.650000,0.165795,0.120704,0.097979,0.000000,0.117994,0.002410,0.066479,0.236857,0.119124,0.034334,-0.122363,0.045231
2821,-7.598289,0.998395,2.948109,0.589622,0.285293,1.000000,2.500000,0.650000,0.168111,0.120026,0.098274,0.000014,0.117947,0.002577,0.066745,0.237577,0.119720,0.035101,-0.119333,0.046580
2822,-7.639302,1.032964,2.783923,0.556785,0.279865,1.000000,2.500000,0.650000,0.165979,0.121713,0.096034,0.001409,0.109541,0.003689,0.066894,0.239638,0.119227,0.033450,-0.120169,0.047846
2823,-7.612770,1.004787,2.859053,0.571811,0.288806,1.000000,2.500000,0.650000,0.165012,0.120149,0.099530,0.001152,0.119661,0.004991,0.067259,0.234576,0.119727,0.033116,-0.123867,0.045187
2824,-7.778232,1.271681,2.258489,0.451698,0.289231,1.000000,2.500000,0.650000,0.163672,0.120505,0.097559,0.000204,0.115215,0.001310,0.069021,0.239825,0.118230,0.034172,-0.122628,0.044269
2825,-7.655830,1.047568,2.723573,0.544715,0.287297,1.000000,2.500000,0.650000,0.163310,0.122146,0.096999,0.000006,0.114421,0.003391,0.067597,0.238785,0.119291,0.032672,-0.118912,0.046855
2826,-7.609253,1.016967,2.905904,0.581181,0.284283,1.000000,2.500000,0.650000,0.167379,0.120698,0.096160,0.000509,0.112808,0.004156,0.067620,0.239997,0.117797,0.034776,-0.119126,0.046462
2827,-7.694148,1.107829,2.518749,0.503750,0.278080,1.000000,2.500000,0.650000,0.165191,0.120351,0.097238,0.000677,0.116354,0.003891,0.065540,0.238339,0.119569,0.032905,-0.123700,0.045736
2828,-7.589060,0.973193,2.987312,0.597462,0.287310,1.000000,2.500000,0.650000,0.167463,0.121154,0.097918,0.000976,0.115362,0.002506,0.068613,0.238288,0.119077,0.033919,-0.119070,0.046060
2829,-7.644965,1.052863,2.799004,0.559801,0.283130,1.000000,2.500000,0.650000,0.169084,0.120463,0.099205,0.000217,0.117280,0.003634,0.066505,0.237161,0.119603,0.035017,-0.120381,0.047286
2830,-7.673464,1.089179,2.638189,0.527638,0.285913,1.000000,2.500000,0.650000,0.168908,0.120503,0.097384,0.001251,0.114856,0.002651,0.067034,0.239305,0.119507,0.036821,-0.117061,0.047633
2831,-7.679186,1.081354,2.594890,0.518978,0.287473,1.000000,2.500000,0.650000,0.165449,0.121045,0.097322,0.000665,0.120045,0.004262,0.062342,0.234971,0.119982,0.034565,-0.119358,0.045797
2832,-8.004808,1.738749,1.682209,0.336442,0.289651,1.000000,2.500000,0.650000,0.166256,0.120001,0.096867,0.000571,0.118199,0.003078,0.065109,0.237288,0.118403,0.035051,-0.120264,0.045205
2833,-7.848654,1.389212,2.116886,0.423377,0.303532,1.000000,2.500000,0.650000,0.168307,0.120584,0.098100,0.000093,0.120913,0.003538,0.067801,0.238050,0.119681,0.035178,-0.121705,0.044512
2834,-7.657413,1.062131,2.672020,0.534404,0.304866,1.000000,2.500000,0.650000,0.165589,0.120069,0.098052,0.000187,0.114540,0.001951,0.066932,0.238571,0.119664,0.035211,-0.122577,0.045755
2835,-7.707110,1.147308,2.548136,0.509627,0.294739,1.000000,2.500000,0.650000,0.168347,0.120823,0.096154,0.000315,0.115184,0.003942,0.065228,0.238703,0.119142,0.033808,-0.117589,0.046412
2836,-8.059273,1.912423,1.561155,0.312231,0.313087,1.000000,2.500000,0.650000,0.168673,0.120439,0.096418,0.000042,0.118320,0.001696,0.065631,0.238759,0.117252,0.035309,-0.119355,0.044982
2837,-7.656591,1.034128,2.681365,0.536273,0.320071,1.000000,2.500000,0.650000,0.168674,0.120815,0.098545,0.000008,0.118723,0.004355,0.068482,0.238285,0.119317,0.034804,-0.120614,0.045986
2838,-7.685629,1.101348,2.627122,0.525424,0.285158,1.000000,2.500000,0.650000,0.168331,0.120005,0.099671,0.000048,0.117897,0.004509,0.067056,0.237691,0.119978,0.033356,-0.121716,0.046575
2839,-10.000000,,-0.110799,-0.022160,1.323223,0.000000,2.500000,0.650000,0.169430,0.125803,0.099856,0.000028,0.119467,0.002107,0.067876,0.236988,0.118615,0.033674,-0.123555,0.045418
2840,-7.715511,1.147099,2.494368,0.498874,0.288689,1.000000,2.500000,0.650000,0.169221,0.120009,0.098252,0.000355,0.117453,0.002524,0.065897,0.237227,0.119636,0.036216,-0.120099,0.046531
2841,-9.976284,1.041371,2.371554,0.474311,0.557327,0.000000,2.500000,0.650000,0.168971,0.122432,0.100030,0.001322,0.115917,0.002285,0.069436,0.239499,0.118722,0.034725,-0.121319,0.046435
2842,-7.666762,1.088984,2.655110,0.531022,0.305239,1.000000,2.500000,0.650000,0.165268,0.120918,0.097079,0.000034,0.117258,0.003101,0.066264,0.238933,0.119532,0.033615,-0.119207,0.045634
2843,-7.843017,1.469286,2.100829,0.420166,0.326560,1.000000,2.500000,0.650000,0.172235,0.122070,0.101534,0.001187,0.117246,0.002899,0.070000,0.238891,0.117749,0.035062,-0.120924,0.046285
2844,-7.600734,0.984390,2.915275,0.583055,0.276755,1.000000,2.500000,0.650000,0.168312,0.120020,0.097456,0.001308,0.113760,0.002777,0.069134,0.239871,0.119337,0.034704,-0.117761,0.047171
2845,-7.835852,1.366274,2.024049,0.404810,0.314711,1.000000,2.500000,0.650000,0.168666,0.120225,0.098364,0.000528,0.116035,0.002854,0.068574,0.238290,0.118142,0.035539,-0.119576,0.046882
2846,-7.694724,1.124973,2.585852,0.517170,0.284009,1.000000,2.500000,0.650000,0.167367,0.121141,0.099126,0.000114,0.118088,0.002323,0.069474,0.237139,0.119730,0.035506,-0.119152,0.046857
2847,-7.715681,1.142362,2.495404,0.499081,0.291298,1.000000,2.500000,0.650000,0.165629,0.121454,0.096912,0.000384,0.116433,0.004392,0.065591,0.237463,0.119955,0.034172,-0.120373,0.046370
2848,-9.980705,1.243989,1.929454,0.385891,0.587511,0.000000,2.500000,0.650000,0.170329,0.120731,0.099131,0.000366,0.118566,0.003168,0.065441,0.235224,0.119827,0.035025,-0.119296,0.047250
2849,-7.752665,1.248590,2.390410,0.478082,0.295961,1.000000,2.500000,0.650000,0.168445,0.121059,0.098389,0.001146,0.115722,0.004035,0.068472,0.239879,0.119471,0.034383,-0.118714,0.047309
2850,-7.714874,1.149590,2.511438,0.502288,0.286631,1.000000,2.500000,0.650000,0.170543,0.121817,0.098154,0.002353,0.115458,0.002489,0.069430,0.239621,0.117705,0.036274,-0.120879,0.047208
2851,-7.747740,1.178825,2.273430,0.454686,0.307205,1.000000,2.500000,0.650000,0.166913,0.120002,0.098427,0.000678,0.114600,0.002143,0.069605,0.238839,0.117750,0.035713,-0.119895,0.046990
2852,-7.685999,1.103696,2.613919,0.522784,0.287978,1.000000,2.500000,0.650000,0.167412,0.120404,0.096639,0.000273,0.115741,0.002980,0.066421,0.237974,0.118975,0.035447,-0.119135,0.046458
2853,-7.649798,1.058174,2.716964,0.543393,0.302154,1.000000,2.500000,0.650000,0.171051,0.120912,0.097491,0.000955,0.116644,0.003067,0.065497,0.238620,0.119502,0.034779,-0.116459,0.046889
2854,-7.674270,1.113908,2.617774,0.523555,0.295530,1.000000,2.500000,0.650000,0.168196,0.120013,0.097498,0.000091,0.118350,0.002602,0.067497,0.238032,0.119338,0.035827,-0.118814,0.045654
2855,-7.606860,1.016070,2.937085,0.587417,0.279100,1.000000,2.500000,0.650000,0.167438,0.120784,0.096145,0.000238,0.112114,0.004231,0.070000,0.239998,0.118320,0.033878,-0.117347,0.046823
2856,-7.826706,1.269751,2.062671,0.412534,0.388443,1.000000,2.500000,0.650000,0.166343,0.120458,0.099728,0.000086,0.118775,0.001645,0.067312,0.237623,0.119902,0.034454,-0.119821,0.045287
2857,-9.490212,,-0.106140,-0.021228,0.310963,1.000000,2.500000,0.650000,0.168070,0.120899,0.098193,0.000448,0.115110,0.001886,0.068725,0.237362,0.119254,0.035442,-0.119657,0.047010
2858,-7.577636,0.962022,3.009786,0.601957,0.280603,1.000000,2.500000,0.650000,0.166625,0.120506,0.096432,0.000617,0.114591,0.003158,0.067754,0.239247,0.118963,0.033882,-0.118539,0.045708
2859,-8.223238,2.451128,1.198546,0.239709,0.401006,1.000000,2.500000,0.650000,0.166583,0.120000,0.100274,0.000231,0.118996,0.003255,0.067857,0.237946,0.119990,0.035000,-0.120059,0.046247
2860,-7.733083,1.163761,2.479981,0.495996,0.271162,1.000000,2.500000,0.650000,0.167637,0.121593,0.096776,0.001656,0.113656,0.003498,0.068567,0.240000,0.119772,0.035416,-0.115865,0.046852
2861,-7.703325,1.138073,2.517558,0.503512,0.299013,1.000000,2.500000,0.650000,0.165833,0.121159,0.097494,0.000033,0.117587,0.004043,0.068229,0.239567,0.119504,0.033381,-0.120770,0.045769
2862,-7.925050,1.546534,1.766661,0.353332,0.333090,1.000000,2.500000,0.650000,0.168166,0.120031,0.096701,0.001864,0.116805,0.001270,0.067572,0.239801,0.119497,0.035544,-0.114554,0.046601
2863,-7.617186,1.019984,2.820857,0.564171,0.302077,1.000000,2.500000,0.650000,0.165228,0.120101,0.097390,0.000146,0.117194,0.003200,0.067761,0.238858,0.118701,0.034905,-0.121942,0.045262
2864,-7.669666,1.103174,2.615363,0.523073,0.305730,1.000000,2.500000,0.650000,0.168079,0.120023,0.097690,0.001546,0.116780,0.002605,0.067910,0.237244,0.118380,0.034603,-0.117026,0.046338
2865,-7.587473,0.995471,2.959650,0.591930,0.294304,1.000000,2.500000,0.650000,0.167559,0.120767,0.096784,0.000275,0.112308,0.003424,0.069649,0.239924,0.118594,0.033666,-0.117589,0.046664
2866,-7.574256,0.969267,2.995718,0.599144,0.274764,1.000000,2.500000,0.650000,0.167100,0.122116,0.096083,0.001396,0.111084,0.003477,0.067736,0.239025,0.119591,0.034635,-0.115967,0.047098
2867,-9.982851,1.417076,1.714895,0.342979,0.842192,0.000000,2.500000,0.650000,0.171164,0.122731,0.096063,0.000036,0.114456,0.005254,0.068753,0.239494,0.117852,0.034021,-0.118150,0.046524
2868,-7.712906,1.162149,2.508031,0.501606,0.307301,1.000000,2.500000,0.650000,0.168927,0.121573,0.096028,0.000075,0.116700,0.004121,0.067435,0.239357,0.119459,0.034950,-0.116444,0.045755
2869,-7.828926,1.361395,2.120013,0.424003,0.271363,1.000000,2.500000,0.650000,0.166498,0.120327,0.097621,0.001259,0.115420,0.002970,0.067881,0.239029,0.119126,0.035188,-0.119655,0.046249
2870,-10.000000,,-0.064726,-0.012945,1.253418,0.000000,2.500000,0.650000,0.170022,0.120264,0.096948,0.001364,0.113496,0.003390,0.069312,0.239859,0.118897,0.034929,-0.116686,0.047374
2871,-7.727315,1.195410,2.423101,0.484620,0.297885,1.000000,2.500000,0.650000,0.166753,0.120352,0.097828,0.000314,0.116627,0.003264,0.066361,0.235751,0.119690,0.033377,-0.119801,0.045596
2872,-7.621767,1.037153,2.820128,0.564026,0.284334,1.000000,2.500000,0.650000,0.168999,0.121147,0.096375,0.000721,0.110830,0.004046,0.069530,0.239942,0.118818,0.034523,-0.116824,0.047857
2873,-7.615496,0.999372,2.879557,0.575911,0.281819,1.000000,2.500000,0.650000,0.166212,0.120492,0.096708,0.001726,0.113101,0.002380,0.067637,0.238476,0.119621,0.034404,-0.116831,0.046677
2874,-7.739853,1.177246,2.390689,0.478138,0.275612,1.000000,2.500000,0.650000,0.166372,0.120375,0.096913,0.000498,0.114165,0.003377,0.066776,0.236127,0.119304,0.034165,-0.118086,0.046081
2875,-7.659681,1.086032,2.715039,0.543008,0.283217,1.000000,2.500000,0.650000,0.168903,0.122927,0.096074,0.000049,0.113421,0.004844,0.069404,0.239562,0.119327,0.033018,-0.115661,0.047302
2876,-7.619348,1.034846,2.819811,0.563962,0.290916,1.000000,2.500000,0.650000,0.167308,0.121407,0.096673,0.001138,0.109842,0.003800,0.069937,0.239885,0.119636,0.033880,-0.114837,0.047516
2877,-7.800604,1.280382,2.239516,0.447903,0.277930,1.000000,2.500000,0.650000,0.165489,0.120809,0.097852,0.002179,0.110792,0.002738,0.067994,0.237028,0.119387,0.034178,-0.118403,0.046815
2878,-7.652526,1.055931,2.772600,0.554520,0.276511,1.000000,2.500000,0.650000,0.169393,0.120016,0.096674,0.001093,0.113798,0.002995,0.069310,0.239872,0.119397,0.036083,-0.115340,0.047165
2879,-7.792085,1.276472,2.314239,0.462848,0.281537,1.000000,2.500000,0.650000,0.170881,0.120384,0.097039,0.001943,0.113066,0.003319,0.067758,0.238154,0.118823,0.036438,-0.117651,0.047148
2880,-7.598464,0.987139,2.936764,0.587353,0.291835,1.000000,2.500000,0.650000,0.166456,0.120637,0.096086,0.001536,0.111614,0.002074,0.068937,0.239924,0.119262,0.034556,-0.114618,0.047097
2881,-7.701959,1.124326,2.586344,0.517269,0.301821,1.000000,2.500000,0.650000,0.164400,0.120875,0.096922,0.000105,0.114249,0.003999,0.066463,0.237121,0.118091,0.034447,-0.122226,0.045092
2882,-7.683783,1.095352,2.641597,0.528319,0.305234,1.000000,2.500000,0.650000,0.165074,0.120332,0.096419,0.000260,0.113838,0.002770,0.069619,0.239999,0.119018,0.034543,-0.117959,0.045453
2883,-7.543046,0.907177,3.099393,0.619879,0.286239,1.000000,2.500000,0.650000,0.164971,0.122860,0.096000,0.001565,0.109584,0.002241,0.069210,0.239928,0.119226,0.034043,-0.114216,0.046792
2884,-7.782122,1.291188,2.293939,0.458788,0.288951,1.000000,2.500000,0.650000,0.167559,0.121273,0.096259,0.002312,0.109093,0.003029,0.069616,0.239923,0.119567,0.033272,-0.114629,0.048174
2885,-7.571227,0.930714,3.027216,0.605443,0.280865,1.000000,2.500000,0.650000,0.164697,0.120740,0.096529,0.002247,0.111918,0.001419,0.068809,0.239864,0.119557,0.035295,-0.112947,0.046937
2886,-7.727597,1.158250,2.478318,0.495664,0.286201,1.000000,2.500000,0.650000,0.169667,0.120025,0.096716,0.002691,0.112339,0.001997,0.068603,0.239565,0.119243,0.035079,-0.114923,0.047419
2887,-7.600013,0.984512,2.924850,0.584970,0.286746,1.000000,2.500000,0.650000,0.167450,0.121216,0.096234,0.002547,0.112908,0.003427,0.067443,0.239733,0.119844,0.034110,-0.115049,0.046397
2888,-7.565185,0.941397,3.021144,0.604229,0.274521,1.000000,2.500000,0.650000,0.168991,0.120117,0.096721,0.001664,0.111977,0.003067,0.068634,0.239216,0.119122,0.035738,-0.116312,0.048129
2889,-8.086991,1.923540,1.488126,0.297625,0.291841,1.000000,2.500000,0.650000,0.165056,0.121642,0.096015,0.001760,0.108584,0.002727,0.069960,0.239851,0.119533,0.033563,-0.113662,0.047565
2890,-7.700186,1.104350,2.553074,0.510615,0.266093,1.000000,2.500000,0.650000,0.166696,0.120089,0.097521,0.002667,0.111884,0.002356,0.069481,0.239882,0.119828,0.035251,-0.115928,0.047462
2891,-7.595610,0.961792,2.900724,0.580145,0.281490,1.000000,2.500000,0.650000,0.163816,0.123806,0.096216,0.001475,0.110242,0.002882,0.069187,0.239951,0.119637,0.032843,-0.114615,0.046609
2892,-7.624962,1.002783,2.876730,0.575346,0.274072,1.000000,2.500000,0.650000,0.170214,0.121482,0.096214,0.002111,0.111315,0.002695,0.066073,0.238534,0.119447,0.034776,-0.114978,0.048962
2893,-7.702961,1.128613,2.514954,0.502991,0.290083,1.000000,2.500000,0.650000,0.168836,0.120020,0.096418,0.002630,0.112553,0.001376,0.067601,0.239572,0.119386,0.037051,-0.115718,0.047729
2894,-7.584991,0.964038,2.929895,0.585979,0.287283,1.000000,2.500000,0.650000,0.166905,0.121420,0.098885,0.000476,0.116599,0.003372,0.065986,0.236119,0.119999,0.034373,-0.117621,0.047188
2895,-7.696243,1.171005,2.545910,0.509182,0.280130,1.000000,2.500000,0.650000,0.169153,0.123162,0.096392,0.002609,0.109463,0.003777,0.069412,0.239891,0.119439,0.035751,-0.113828,0.048268
2896,-7.611028,0.987690,2.860115,0.572023,0.284819,1.000000,2.500000,0.650000,0.166666,0.120747,0.096059,0.002137,0.110443,0.001798,0.069146,0.240000,0.119164,0.034472,-0.112884,0.046936
2897,-7.596157,0.992749,2.832245,0.566449,0.278477,1.000000,2.500000,0.650000,0.162511,0.122522,0.096592,0.001203,0.110884,0.002297,0.067596,0.239785,0.119687,0.034026,-0.116405,0.047384
2898,-7.536977,0.906243,3.130948,0.626190,0.280456,1.000000,2.500000,0.650000,0.165306,0.122080,0.096501,0.001131,0.110052,0.003665,0.068636,0.238711,0.119422,0.033475,-0.117534,0.047246
2899,-7.797709,1.307017,2.254453,0.450891,0.287984,1.000000,2.500000,0.650000,0.167381,0.126829,0.096014,0.001560,0.108252,0.004717,0.069963,0.239100,0.119699,0.034677,-0.112106,0.048775
2900,-7.583350,0.953188,2.977227,0.595445,0.290390,1.000000,2.500000,0.650000,0.164278,0.123508,0.096001,0.001238,0.111462,0.001512,0.068619,0.239914,0.119205,0.034469,-0.112026,0.046939
2901,-7.658595,1.029823,2.720462,0.544092,0.276789,1.000000,2.500000,0.650000,0.165538,0.121060,0.096299,0.001798,0.111329,0.002430,0.069314,0.239958,0.119562,0.034345,-0.114293,0.046737
2902,-7.675393,1.106337,2.612349,0.522470,0.276900,1.000000,2.500000,0.650000,0.165924,0.123744,0.096256,0.002750,0.107119,0.002356,0.069779,0.239909,0.119283,0.034333,-0.114537,0.048081
2903,-7.631928,1.020294,2.830959,0.566192,0.278583,1.000000,2.500000,0.650000,0.165972,0.123887,0.096014,0.001462,0.109386,0.003854,0.069915,0.238989,0.119341,0.034504,-0.114580,0.048195
2904,-7.626560,1.004810,2.797301,0.559460,0.285555,1.000000,2.500000,0.650000,0.165750,0.125031,0.096010,0.002202,0.109327,0.002853,0.068644,0.239981,0.119601,0.034447,-0.112004,0.047604
2905,-7.649606,1.045075,2.757116,0.551423,0.286299,1.000000,2.500000,0.650000,0.164187,0.120919,0.096887,0.000989,0.112554,0.001446,0.068158,0.239365,0.119475,0.034707,-0.116661,0.045618
2906,-7.813267,1.293818,2.194723,0.438945,0.277708,1.000000,2.500000,0.650000,0.166432,0.122617,0.096343,0.000798,0.111088,0.003661,0.068648,0.238545,0.119893,0.033668,-0.114384,0.048080
2907,-7.601185,0.978737,2.911112,0.582222,0.287444,1.000000,2.500000,0.650000,0.166853,0.120002,0.098286,0.000675,0.113770,0.002489,0.069024,0.238884,0.118992,0.034247,-0.117058,0.047471
2908,-7.743157,1.177359,2.295705,0.459141,0.278172,1.000000,2.500000,0.650000,0.165234,0.120535,0.098976,0.000988,0.114573,0.001857,0.068867,0.238386,0.119460,0.034055,-0.114777,0.046540
2909,-9.986248,1.530324,1.375170,0.275034,0.917275,0.000000,2.500000,0.650000,0.164781,0.122033,0.098037,0.000013,0.116247,0.002716,0.065278,0.236061,0.119851,0.035591,-0.117981,0.046492
2910,-7.643986,1.047297,2.718384,0.543677,0.267472,1.000000,2.500000,0.650000,0.166193,0.122758,0.096310,0.001162,0.108831,0.002122,0.069446,0.239625,0.119372,0.033885,-0.113663,0.048107
2911,-7.601800,0.969430,2.902981,0.580596,0.276092,1.000000,2.500000,0.650000,0.165049,0.123777,0.096106,0.002315,0.110539,0.001994,0.068927,0.239731,0.119152,0.034646,-0.112445,0.047161
2912,-7.647153,1.032806,2.736714,0.547343,0.298932,1.000000,2.500000,0.650000,0.163592,0.123293,0.097184,0.002570,0.110487,0.002917,0.067239,0.238691,0.119959,0.033114,-0.116233,0.047202
2913,-7.543903,0.899070,3.137256,0.627451,0.275011,1.000000,2.500000,0.650000,0.162760,0.122651,0.096505,0.001300,0.111180,0.001517,0.068653,0.239702,0.119924,0.034053,-0.114794,0.046941
2914,-7.592397,0.983987,2.930302,0.586060,0.272454,1.000000,2.500000,0.650000,0.168077,0.122277,0.096205,0.001810,0.110451,0.003449,0.068483,0.239985,0.119312,0.034458,-0.115418,0.048674
2915,-7.840304,1.360634,2.131218,0.426244,0.296980,1.000000,2.500000,0.650000,0.166380,0.124492,0.096008,0.000250,0.111588,0.003077,0.067699,0.239999,0.119128,0.034600,-0.113528,0.047588
2916,-17.503428,47.699978,0.053736,0.010747,0.278833,1.000000,2.500000,0.650000,0.164728,0.122230,0.096422,0.001603,0.111043,0.002687,0.068646,0.239984,0.119806,0.033860,-0.114297,0.047695
2917,-7.657488,1.020473,2.713776,0.542755,0.276051,1.000000,2.500000,0.650000,0.167203,0.120203,0.096275,0.001778,0.112131,0.000803,0.068225,0.239418,0.119498,0.035678,-0.115350,0.048159
2918,-7.641080,1.030751,2.765071,0.553014,0.278673,1.000000,2.500000,0.650000,0.163514,0.121087,0.096117,0.000440,0.112098,0.002126,0.068509,0.239717,0.119637,0.034000,-0.114660,0.046960
2919,-7.713062,1.157479,2.483555,0.496711,0.293752,1.000000,2.500000,0.650000,0.164996,0.125355,0.096163,0.000338,0.113408,0.003773,0.067058,0.238918,0.119650,0.034104,-0.114867,0.047067
2920,-7.692029,1.093972,2.602460,0.520492,0.276978,1.000000,2.500000,0.650000,0.164440,0.120138,0.097878,0.000538,0.114528,0.001762,0.067423,0.239381,0.119917,0.034145,-0.116337,0.046964
2921,-7.794347,1.244074,2.230116,0.446023,0.283335,1.000000,2.500000,0.650000,0.160973,0.125301,0.096298,0.001628,0.109075,0.001905,0.066570,0.238640,0.119986,0.033605,-0.114477,0.047381
2922,-7.595002,0.963771,2.952066,0.590413,0.274677,1.000000,2.500000,0.650000,0.166391,0.123181,0.097741,0.003391,0.109955,0.001348,0.069396,0.239715,0.119772,0.034688,-0.112080,0.048601
2923,-7.727750,1.153931,2.409251,0.481850,0.304695,1.000000,2.500000,0.650000,0.163478,0.121785,0.097430,0.001238,0.111589,0.001469,0.068750,0.239183,0.119960,0.034180,-0.116805,0.047600
2924,-7.623422,1.005002,2.845275,0.569055,0.274865,1.000000,2.500000,0.650000,0.166318,0.121685,0.097487,0.001703,0.110824,0.002315,0.068563,0.239106,0.119737,0.034003,-0.115240,0.048306
2925,-7.752046,1.207561,2.398408,0.479682,0.279656,1.000000,2.500000,0.650000,0.165728,0.122284,0.096301,0.001220,0.111690,0.002460,0.069370,0.239966,0.118634,0.034638,-0.115687,0.047085
2926,-7.500475,0.851164,3.314747,0.662949,0.265071,1.000000,2.500000,0.650000,0.163364,0.122953,0.096255,0.002323,0.108673,0.001283,0.068605,0.239994,0.119840,0.034466,-0.114162,0.047803
2927,-7.865148,1.375879,2.056298,0.411260,0.293175,1.000000,2.500000,0.650000,0.163739,0.124959,0.097197,0.003025,0.108674,0.001783,0.068702,0.239626,0.119883,0.033036,-0.113022,0.048231
2928,-7.798136,1.254894,2.238520,0.447704,0.273349,1.000000,2.500000,0.650000,0.162498,0.124209,0.096002,0.003158,0.106957,0.000650,0.068146,0.239983,0.119500,0.034787,-0.112195,0.047716
2929,-7.648251,1.044966,2.760554,0.552111,0.279426,1.000000,2.500000,0.650000,0.164413,0.123655,0.096420,0.000873,0.110281,0.002922,0.069559,0.239997,0.119444,0.032703,-0.115625,0.047170
2930,-7.791165,1.272638,2.287930,0.457586,0.278126,1.000000,2.500000,0.650000,0.166909,0.121585,0.097628,0.000932,0.114298,0.002474,0.068178,0.239845,0.119514,0.033548,-0.114379,0.047080
2931,-7.549340,0.898148,3.088676,0.617735,0.290100,1.000000,2.500000,0.650000,0.164554,0.124731,0.096178,0.000806,0.108431,0.003138,0.067908,0.238725,0.119850,0.033946,-0.113809,0.048570
2932,-7.644796,1.016988,2.783345,0.556669,0.277866,1.000000,2.500000,0.650000,0.165437,0.123430,0.097172,0.003182,0.107611,0.002026,0.067202,0.239478,0.119926,0.034529,-0.115455,0.048833
2933,-7.573651,0.919301,3.016553,0.603311,0.276380,1.000000,2.500000,0.650000,0.163193,0.121306,0.096649,0.003164,0.107621,0.001347,0.069954,0.239964,0.119883,0.035200,-0.114754,0.048429
2934,-7.607442,0.982255,2.911316,0.582263,0.279542,1.000000,2.500000,0.650000,0.165037,0.123549,0.096122,0.002528,0.109448,0.001818,0.068900,0.239989,0.119900,0.035102,-0.114703,0.047903
2935,-7.653616,1.046271,2.743701,0.548740,0.277651,1.000000,2.500000,0.650000,0.162188,0.121768,0.097575,0.001757,0.111166,0.001299,0.069712,0.239675,0.119992,0.034392,-0.116134,0.048093
2936,-7.675321,1.073066,2.676759,0.535352,0.271702,1.000000,2.500000,0.650000,0.165995,0.122488,0.096768,0.001986,0.110147,0.002152,0.068707,0.239794,0.119614,0.034191,-0.114372,0.048592
2937,-7.579911,0.947864,3.002558,0.600512,0.267994,1.000000,2.500000,0.650000,0.168423,0.120430,0.097822,0.003589,0.110904,0.002138,0.069672,0.239779,0.119778,0.035133,-0.114085,0.048267
2938,-7.648622,1.046493,2.767948,0.553590,0.277539,1.000000,2.500000,0.650000,0.165870,0.121650,0.097521,0.001967,0.112444,0.002657,0.068123,0.237693,0.119766,0.034545,-0.116651,0.046977
2939,-7.679891,1.080871,2.655244,0.531049,0.283093,1.000000,2.500000,0.650000,0.167843,0.121274,0.096156,0.001518,0.109986,0.002468,0.069973,0.239892,0.118571,0.034544,-0.112641,0.047435
2940,-7.624987,1.005027,2.802181,0.560436,0.293207,1.000000,2.500000,0.650000,0.162722,0.124344,0.096734,0.002307,0.111156,0.001678,0.067771,0.239182,0.119999,0.033783,-0.112979,0.047497
2941,-7.692904,1.094734,2.618853,0.523771,0.273458,1.000000,2.500000,0.650000,0.166134,0.120486,0.097471,0.002239,0.108940,0.002101,0.069905,0.239016,0.119406,0.034455,-0.115586,0.048768
2942,-7.643742,1.013788,2.755181,0.551036,0.270824,1.000000,2.500000,0.650000,0.165613,0.122020,0.096286,0.002653,0.109441,0.001487,0.069421,0.239850,0.119567,0.035250,-0.114514,0.047634
2943,-7.628652,1.013996,2.818993,0.563799,0.276719,1.000000,2.500000,0.650000,0.162380,0.123074,0.096405,0.001297,0.107866,0.003226,0.068741,0.239738,0.119720,0.032743,-0.116351,0.047743
2944,-7.640810,1.028441,2.761489,0.552298,0.291437,1.000000,2.500000,0.650000,0.165111,0.125160,0.096251,0.003064,0.105467,0.003007,0.069564,0.239794,0.119329,0.034773,-0.112764,0.048418
2945,-7.683476,1.057016,2.609501,0.521900,0.265496,1.000000,2.500000,0.650000,0.165481,0.123413,0.096470,0.003041,0.108228,0.001093,0.067549,0.238799,0.119997,0.035155,-0.112420,0.049411
2946,-7.555550,0.883636,3.103445,0.620689,0.271281,1.000000,2.500000,0.650000,0.162515,0.121365,0.097105,0.003724,0.106841,0.000848,0.069965,0.239995,0.119961,0.034529,-0.114641,0.048380
2947,-7.577803,0.936026,2.977589,0.595518,0.269241,1.000000,2.500000,0.650000,0.165247,0.120458,0.096304,0.001506,0.109191,0.001855,0.069412,0.239999,0.119913,0.035140,-0.115203,0.048342
2948,-7.643980,1.017820,2.796220,0.559244,0.278359,1.000000,2.500000,0.650000,0.166306,0.125824,0.096745,0.001249,0.109172,0.004174,0.066368,0.237886,0.119935,0.034902,-0.116376,0.049374
2949,-7.595189,0.974856,2.918051,0.583610,0.284685,1.000000,2.500000,0.650000,0.161992,0.123860,0.096165,0.001813,0.107604,0.002488,0.069497,0.239353,0.119947,0.033988,-0.115125,0.047942
2950,-7.564619,0.889219,3.057258,0.611452,0.264752,1.000000,2.500000,0.650000,0.164807,0.121603,0.096637,0.003583,0.106967,0.000714,0.068988,0.239955,0.119959,0.035253,-0.114029,0.048807
2951,-7.597908,0.966647,2.872283,0.574457,0.277474,1.000000,2.500000,0.650000,0.163463,0.122731,0.096178,0.001803,0.107983,0.001946,0.068279,0.239734,0.119984,0.034740,-0.114711,0.047826
2952,-7.605756,0.955912,2.902584,0.580517,0.271403,1.000000,2.500000,0.650000,0.163277,0.120570,0.097519,0.003651,0.106463,0.001992,0.069949,0.239850,0.119899,0.033812,-0.114764,0.049028
2953,-7.658497,1.033330,2.723480,0.544696,0.278718,1.000000,2.500000,0.650000,0.163839,0.122380,0.096818,0.002402,0.109147,0.001293,0.068232,0.239950,0.119987,0.034587,-0.114522,0.048251
2954,-7.765667,1.183238,2.338129,0.467626,0.271175,1.000000,2.500000,0.650000,0.162769,0.120737,0.096971,0.002386,0.107560,0.001503,0.069764,0.239822,0.119981,0.035046,-0.114864,0.048469
2955,-7.751924,1.200422,2.272157,0.454431,0.315980,1.000000,2.500000,0.650000,0.163586,0.120496,0.098137,0.001717,0.109696,0.001956,0.069998,0.239947,0.119740,0.033293,-0.116034,0.048010
2956,-7.668366,1.038076,2.666912,0.533382,0.271092,1.000000,2.500000,0.650000,0.163684,0.122512,0.096756,0.004226,0.106501,0.002012,0.069751,0.240000,0.120000,0.034906,-0.113244,0.048299
2957,-7.650506,1.004833,2.735481,0.547096,0.270988,1.000000,2.500000,0.650000,0.163900,0.122462,0.097447,0.003435,0.106958,0.000580,0.069550,0.239482,0.119971,0.034497,-0.114786,0.048832
2958,-9.336936,7.082425,0.397934,0.079587,0.277011,1.000000,2.500000,0.650000,0.161892,0.121293,0.096682,0.002454,0.108430,0.001392,0.068412,0.238343,0.119994,0.033566,-0.115899,0.047658
2959,-7.720316,1.128184,2.499833,0.499967,0.283159,1.000000,2.500000,0.650000,0.162658,0.123015,0.096000,0.001485,0.109005,0.001765,0.068482,0.239935,0.119576,0.033668,-0.113848,0.047772
2960,-7.574851,0.934388,3.012418,0.602484,0.276913,1.000000,2.500000,0.650000,0.162760,0.122811,0.096370,0.001128,0.109616,0.001039,0.068045,0.239891,0.120000,0.035311,-0.113893,0.047977
2961,-7.599516,0.960920,2.939759,0.587952,0.269448,1.000000,2.500000,0.650000,0.163503,0.123371,0.096018,0.002524,0.105560,0.002843,0.068638,0.239400,0.119900,0.033720,-0.115963,0.048841
2962,-7.571042,0.932587,3.015445,0.603089,0.265385,1.000000,2.500000,0.650000,0.165148,0.123006,0.096156,0.002854,0.105522,0.002553,0.069077,0.239993,0.119860,0.035142,-0.115541,0.049453
2963,-7.570182,0.911383,3.023611,0.604722,0.274239,1.000000,2.500000,0.650000,0.160572,0.124798,0.096002,0.003188,0.106308,0.000924,0.068420,0.240000,0.119927,0.034256,-0.112589,0.046944
2964,-7.713423,1.105735,2.524611,0.504922,0.274586,1.000000,2.500000,0.650000,0.162179,0.122984,0.096171,0.001952,0.107769,0.002093,0.067273,0.238850,0.119905,0.033487,-0.117061,0.047123
2965,-7.966917,1.599406,1.754169,0.350834,0.269491,1.000000,2.500000,0.650000,0.166135,0.120927,0.096723,0.003772,0.110137,0.001947,0.067709,0.239618,0.119999,0.035887,-0.113023,0.048869
2966,-7.917962,1.603469,1.838399,0.367680,0.266229,1.000000,2.500000,0.650000,0.166680,0.120936,0.096774,0.002769,0.107843,0.001606,0.068604,0.239922,0.119844,0.035687,-0.114105,0.049153
2967,-7.515613,0.867568,3.256792,0.651358,0.271396,1.000000,2.500000,0.650000,0.161423,0.124630,0.096176,0.002839,0.101985,0.002612,0.069848,0.239920,0.119990,0.034179,-0.116713,0.049119
2968,-7.544605,0.875703,3.149767,0.629953,0.274399,1.000000,2.500000,0.650000,0.164465,0.120963,0.097104,0.003050,0.107354,0.001365,0.068792,0.239883,0.119799,0.035092,-0.115225,0.048243
2969,-7.563945,0.937291,3.075582,0.615116,0.278028,1.000000,2.500000,0.650000,0.164756,0.122200,0.096256,0.001146,0.110500,0.002637,0.068942,0.239221,0.119860,0.033896,-0.114290,0.047332
2970,-7.659250,1.041937,2.710415,0.542083,0.282499,1.000000,2.500000,0.650000,0.165637,0.123387,0.096469,0.002595,0.107983,0.002397,0.067939,0.237604,0.119777,0.034465,-0.115258,0.047800
2971,-7.593212,0.953249,2.964203,0.592841,0.271277,1.000000,2.500000,0.650000,0.165974,0.123090,0.096002,0.002703,0.104124,0.002644,0.068858,0.239768,0.119823,0.035116,-0.113401,0.049488
2972,-7.655966,1.041472,2.719024,0.543805,0.275816,1.000000,2.500000,0.650000,0.164245,0.121723,0.096000,0.003341,0.104098,0.002817,0.069996,0.239960,0.119008,0.034201,-0.117097,0.048545
2973,-7.752764,1.209663,2.359484,0.471897,0.288703,1.000000,2.500000,0.650000,0.160623,0.124879,0.097040,0.001524,0.107417,0.002390,0.069465,0.239374,0.119920,0.033380,-0.116664,0.047888
2974,-7.588679,0.963404,2.930200,0.586040,0.263783,1.000000,2.500000,0.650000,0.164883,0.120330,0.097575,0.003035,0.107302,0.001789,0.069859,0.239825,0.119297,0.035599,-0.115988,0.048689
2975,-7.669461,1.068040,2.690043,0.538009,0.279499,1.000000,2.500000,0.650000,0.164299,0.123651,0.096044,0.001902,0.106444,0.003373,0.069709,0.239330,0.119787,0.034706,-0.115605,0.048434
2976,-7.682698,1.043168,2.636630,0.527326,0.284654,1.000000,2.500000,0.650000,0.161529,0.124023,0.096248,0.003017,0.105795,0.001993,0.069029,0.239807,0.119840,0.033816,-0.117297,0.047640
2977,-7.898283,1.431139,1.927991,0.385598,0.277101,1.000000,2.500000,0.650000,0.163386,0.123454,0.096108,0.002700,0.106187,0.001832,0.068654,0.239995,0.119799,0.035340,-0.115141,0.048800
2978,-7.622383,0.963370,2.854951,0.570990,0.275024,1.000000,2.500000,0.650000,0.165116,0.121494,0.096458,0.004006,0.104736,0.000880,0.069668,0.239728,0.119366,0.034902,-0.115191,0.048812
2979,-7.905282,1.476735,1.900978,0.380196,0.295273,1.000000,2.500000,0.650000,0.161102,0.123345,0.096254,0.001941,0.105900,0.002622,0.069306,0.240000,0.119989,0.033221,-0.115992,0.047876
2980,-7.658455,1.050860,2.718371,0.543674,0.271359,1.000000,2.500000,0.650000,0.163407,0.120620,0.096393,0.002400,0.107470,0.002267,0.069314,0.239495,0.119650,0.034901,-0.117631,0.047878
2981,-7.573360,0.937137,2.975912,0.595182,0.278930,1.000000,2.500000,0.650000,0.161647,0.123280,0.096001,0.001410,0.106171,0.002415,0.068006,0.237864,0.119989,0.034133,-0.116182,0.047962
2982,-7.925894,1.507472,1.857407,0.371481,0.273598,1.000000,2.500000,0.650000,0.164538,0.123381,0.096471,0.002514,0.106874,0.002135,0.068832,0.239632,0.119996,0.034822,-0.113236,0.049015
2983,-7.669097,1.039533,2.668483,0.533697,0.269938,1.000000,2.500000,0.650000,0.164603,0.120074,0.096888,0.002427,0.109221,0.001166,0.068235,0.237631,0.119518,0.035506,-0.116613,0.047968
2984,-7.628864,1.012603,2.826099,0.565220,0.275911,1.000000,2.500000,0.650000,0.165668,0.121261,0.096076,0.001423,0.107855,0.002343,0.069187,0.239933,0.119556,0.034711,-0.116127,0.048454
2985,-7.605870,0.976342,2.905106,0.581021,0.275785,1.000000,2.500000,0.650000,0.163681,0.121417,0.096388,0.000961,0.107258,0.003336,0.069471,0.239708,0.119582,0.035450,-0.118000,0.048034
2986,-7.607467,0.954527,2.901340,0.580268,0.278435,1.000000,2.500000,0.650000,0.161676,0.123574,0.096001,0.002538,0.105498,0.002120,0.068252,0.239648,0.119919,0.034898,-0.115135,0.048663
2987,-7.689326,1.073498,2.607523,0.521505,0.262552,1.000000,2.500000,0.650000,0.166193,0.121591,0.096083,0.004118,0.103933,0.002074,0.069937,0.240000,0.118584,0.035899,-0.112072,0.049430
2988,-7.693462,1.098764,2.592991,0.518598,0.275993,1.000000,2.500000,0.650000,0.160940,0.123782,0.096016,0.002583,0.104158,0.002305,0.069802,0.240000,0.119797,0.033504,-0.113098,0.048431
2989,-7.587853,0.947938,2.979913,0.595983,0.273538,1.000000,2.500000,0.650000,0.162795,0.124290,0.096054,0.001111,0.106604,0.002741,0.066645,0.237865,0.119812,0.034365,-0.115376,0.048473
2990,-7.525512,0.885579,3.189275,0.637855,0.261014,1.000000,2.500000,0.650000,0.163367,0.120909,0.096294,0.002131,0.108919,0.000951,0.069604,0.239806,0.119610,0.034745,-0.114488,0.047600
2991,-7.783973,1.231143,2.283517,0.456703,0.284262,1.000000,2.500000,0.650000,0.161859,0.122889,0.096042,0.001860,0.105914,0.002234,0.068622,0.237066,0.119943,0.035102,-0.115031,0.048126
2992,-7.594328,0.980516,2.951472,0.590294,0.280863,1.000000,2.500000,0.650000,0.163282,0.122953,0.096035,0.001981,0.102900,0.003547,0.069326,0.239716,0.119818,0.034039,-0.114865,0.048871
2993,-7.945339,1.570586,1.797845,0.359569,0.301080,1.000000,2.500000,0.650000,0.163212,0.122267,0.096190,0.001436,0.106719,0.002256,0.069727,0.239982,0.119742,0.033714,-0.115004,0.048022
2994,-7.636709,0.999015,2.806369,0.561274,0.278449,1.000000,2.500000,0.650000,0.164350,0.123095,0.096155,0.003194,0.105395,0.002209,0.069090,0.239974,0.119413,0.034894,-0.113727,0.049143
2995,-7.658999,1.040125,2.703323,0.540665,0.274225,1.000000,2.500000,0.650000,0.164718,0.120055,0.096012,0.001461,0.106570,0.002342,0.069963,0.239936,0.119460,0.035665,-0.114783,0.048041
2996,-7.545162,0.866923,3.118144,0.623629,0.261046,1.000000,2.500000,0.650000,0.163631,0.121756,0.096072,0.004350,0.102659,0.001670,0.069285,0.239496,0.119564,0.035476,-0.114323,0.048715
2997,-7.585503,0.946606,2.958227,0.591645,0.279546,1.000000,2.500000,0.650000,0.162603,0.123326,0.096000,0.001686,0.106516,0.003017,0.069838,0.239976,0.119497,0.033813,-0.115219,0.047951
2998,-7.575619,0.908238,3.005064,0.601013,0.268058,1.000000,2.500000,0.650000,0.162477,0.123814,0.096898,0.002866,0.105465,0.002531,0.066797,0.239494,0.119998,0.034332,-0.117598,0.049158
2999,-7.631691,0.991554,2.792958,0.558592,0.272120,1.000000,2.500000,0.650000,0.163089,0.120366,0.096553,0.003236,0.105891,0.001547,0.068793,0.239413,0.119669,0.035781,-0.116443,0.048341
3000,-7.585327,0.952821,2.965925,0.593185,0.277436,1.000000,2.500000,0.650000,0.163412,0.124113,0.096019,0.001054,0.106601,0.003016,0.068047,0.239097,0.119760,0.033488,-0.113239,0.048202
3001,-7.670373,1.053363,2.680153,0.536031,0.279278,1.000000,2.500000,0.650000,0.162773,0.122663,0.096000,0.001200,0.105060,0.002667,0.068733,0.239787,0.119911,0.034488,-0.115177,0.048821
3002,-7.682445,1.075134,2.633106,0.526621,0.275173,1.000000,2.500000,0.650000,0.162664,0.122265,0.096135,0.002493,0.104779,0.001462,0.069488,0.239903,0.119970,0.033958,-0.116023,0.048218
3003,-7.589540,0.974048,2.941170,0.588234,0.277112,1.000000,2.500000,0.650000,0.165421,0.121061,0.096021,0.001407,0.107493,0.002803,0.069584,0.239612,0.119209,0.035778,-0.116203,0.047607
3004,-7.627439,1.013272,2.800282,0.560056,0.276896,1.000000,2.500000,0.650000,0.163644,0.124905,0.096014,0.000954,0.107298,0.004641,0.066942,0.239206,0.119921,0.034077,-0.115724,0.048154
3005,-7.667867,1.105583,2.635664,0.527133,0.280024,1.000000,2.500000,0.650000,0.164626,0.122952,0.096019,0.002405,0.105501,0.002631,0.068008,0.239982,0.119656,0.035423,-0.113968,0.049107
3006,-7.824623,1.295682,2.137347,0.427469,0.280147,1.000000,2.500000,0.650000,0.162685,0.121709,0.096035,0.003842,0.107107,0.001076,0.068167,0.239950,0.119630,0.035186,-0.113164,0.048129
3007,-7.631885,0.985861,2.797173,0.559435,0.294554,1.000000,2.500000,0.650000,0.166121,0.122308,0.096050,0.003328,0.106216,0.002039,0.066569,0.239815,0.119692,0.034477,-0.113856,0.048046
3008,-7.541906,0.872396,3.120951,0.624190,0.255352,1.000000,2.500000,0.650000,0.163205,0.122245,0.096124,0.005638,0.101022,0.001378,0.069993,0.239919,0.119908,0.034842,-0.112418,0.049787
3009,-7.734326,1.142299,2.374444,0.474889,0.299417,1.000000,2.500000,0.650000,0.161236,0.123565,0.096469,0.001097,0.105930,0.002582,0.067872,0.239487,0.119993,0.033676,-0.117471,0.048242
3010,-7.608598,0.974792,2.882452,0.576490,0.275464,1.000000,2.500000,0.650000,0.160945,0.124166,0.096200,0.002902,0.103258,0.002619,0.069408,0.239768,0.119812,0.033365,-0.115548,0.048531
3011,-7.565889,0.901311,3.048357,0.609671,0.275692,1.000000,2.500000,0.650000,0.160557,0.124583,0.096037,0.001799,0.102499,0.002280,0.068511,0.239671,0.119891,0.034820,-0.115119,0.047948
3012,-7.635969,1.027582,2.796555,0.559311,0.274563,1.000000,2.500000,0.650000,0.164735,0.121294,0.096351,0.001801,0.107837,0.002335,0.067941,0.237798,0.119446,0.034150,-0.116418,0.047891
3013,-7.661241,1.046579,2.702978,0.540596,0.268136,1.000000,2.500000,0.650000,0.164045,0.122081,0.096435,0.002835,0.106326,0.002581,0.067597,0.239557,0.119976,0.035944,-0.116049,0.048337
3014,-7.647167,1.022357,2.787406,0.557481,0.279444,1.000000,2.500000,0.650000,0.166139,0.124440,0.096069,0.001827,0.107407,0.003791,0.067849,0.238125,0.119779,0.034737,-0.115467,0.048899
3015,-7.622476,0.996938,2.828065,0.565613,0.281958,1.000000,2.500000,0.650000,0.164827,0.121716,0.096099,0.002743,0.105300,0.002894,0.069663,0.239862,0.119827,0.034430,-0.114402,0.049041
3016,-7.694774,1.063509,2.537197,0.507439,0.286978,1.000000,2.500000,0.650000,0.162588,0.122004,0.096000,0.003464,0.103890,0.001969,0.069970,0.239953,0.119910,0.034139,-0.114720,0.048703
3017,-7.763203,1.185240,2.357490,0.471498,0.264867,1.000000,2.500000,0.650000,0.162186,0.122694,0.096086,0.003792,0.099840,0.003223,0.069803,0.239814,0.119769,0.034411,-0.113971,0.049635
3018,-7.594360,0.925194,2.930762,0.586152,0.282722,1.000000,2.500000,0.650000,0.160001,0.125467,0.096081,0.003276,0.102071,0.001059,0.068582,0.239986,0.119999,0.034635,-0.113215,0.047945
3019,-7.901413,1.446685,1.926551,0.385310,0.275012,1.000000,2.500000,0.650000,0.161787,0.123068,0.096297,0.002221,0.106085,0.002737,0.067407,0.239830,0.119934,0.033815,-0.115911,0.047659
3020,-7.665124,1.020659,2.661401,0.532280,0.260984,1.000000,2.500000,0.650000,0.162098,0.120820,0.096320,0.005890,0.100390,0.001476,0.069998,0.239286,0.119221,0.035200,-0.114153,0.048738
3021,-7.712439,1.087887,2.522817,0.504563,0.276946,1.000000,2.500000,0.650000,0.161780,0.124415,0.096001,0.003681,0.102631,0.002614,0.069073,0.239992,0.119854,0.033997,-0.113811,0.048678
3022,-7.611166,0.951893,2.878282,0.575656,0.273749,1.000000,2.500000,0.650000,0.162498,0.123955,0.096039,0.004193,0.103493,0.001775,0.069052,0.239977,0.119697,0.034793,-0.112717,0.048534
3023,-7.695326,1.065524,2.571016,0.514203,0.276918,1.000000,2.500000,0.650000,0.161379,0.124590,0.096041,0.004257,0.100751,0.001630,0.068417,0.239997,0.119940,0.035034,-0.114607,0.049263
3024,-7.593759,0.951110,2.934371,0.586874,0.272410,1.000000,2.500000,0.650000,0.160812,0.125086,0.096000,0.003283,0.101965,0.002231,0.069099,0.239931,0.119806,0.033492,-0.113424,0.048200
3025,-7.801686,1.263624,2.222853,0.444571,0.296576,1.000000,2.500000,0.650000,0.162709,0.123928,0.096011,0.003359,0.102174,0.003146,0.069742,0.239984,0.119915,0.033620,-0.112539,0.049101
3026,-7.634971,1.046573,2.751715,0.550343,0.294669,1.000000,2.500000,0.650000,0.162089,0.123515,0.096000,0.002419,0.104064,0.002989,0.068860,0.239962,0.119378,0.035080,-0.115208,0.047748
3027,-7.625124,0.973967,2.810843,0.562169,0.268171,1.000000,2.500000,0.650000,0.161784,0.121944,0.096061,0.004470,0.101574,0.000982,0.069973,0.239519,0.119701,0.034689,-0.114119,0.048242
3028,-7.603446,0.945482,2.912761,0.582552,0.279384,1.000000,2.500000,0.650000,0.161808,0.125320,0.096036,0.003791,0.101466,0.002007,0.069443,0.238427,0.119634,0.033911,-0.112302,0.048362
3029,-8.127357,2.060220,1.377382,0.275476,0.293873,1.000000,2.500000,0.650000,0.161338,0.127862,0.096000,0.001568,0.100738,0.004275,0.068704,0.239884,0.119760,0.032310,-0.115272,0.049037
3030,-7.643087,1.042060,2.763020,0.552604,0.286134,1.000000,2.500000,0.650000,0.162269,0.125015,0.096003,0.001111,0.106571,0.003742,0.067508,0.239979,0.119232,0.033789,-0.116067,0.046901
3031,-7.585561,0.928477,2.965653,0.593131,0.273806,1.000000,2.500000,0.650000,0.161688,0.123836,0.096271,0.004399,0.104794,0.001678,0.067175,0.239954,0.119778,0.033895,-0.113083,0.048224
3032,-7.630885,0.971729,2.782125,0.556425,0.269652,1.000000,2.500000,0.650000,0.161399,0.124081,0.096065,0.005224,0.101464,0.000926,0.068075,0.239882,0.119698,0.034780,-0.113198,0.048670
3033,-7.638403,0.982731,2.790731,0.558146,0.270846,1.000000,2.500000,0.650000,0.164010,0.124186,0.096331,0.005056,0.101615,0.000689,0.069194,0.239288,0.119527,0.034595,-0.112245,0.048872
3034,-7.552013,0.865316,3.113185,0.622637,0.272678,1.000000,2.500000,0.650000,0.160863,0.125912,0.096026,0.004218,0.099883,0.001925,0.068276,0.239633,0.119879,0.033996,-0.113867,0.049490
3035,-7.634578,1.009624,2.783136,0.556627,0.289363,1.000000,2.500000,0.650000,0.160001,0.123954,0.096000,0.000534,0.106632,0.002079,0.069282,0.239984,0.119875,0.032735,-0.115040,0.046607
3036,-7.566012,0.878717,3.031454,0.606291,0.273949,1.000000,2.500000,0.650000,0.160743,0.124375,0.096173,0.004642,0.102312,0.001410,0.069139,0.239935,0.119993,0.033249,-0.112591,0.048345
3037,-7.659866,1.017979,2.715477,0.543095,0.283406,1.000000,2.500000,0.650000,0.160943,0.127713,0.096017,0.004338,0.100250,0.002783,0.068477,0.239999,0.119965,0.032928,-0.112402,0.049492
3038,-7.634199,0.988896,2.781387,0.556277,0.266406,1.000000,2.500000,0.650000,0.161932,0.124762,0.096097,0.004433,0.100000,0.001825,0.068701,0.239833,0.119575,0.033461,-0.112418,0.049236
3039,-7.589080,0.929850,2.980600,0.596120,0.274055,1.000000,2.500000,0.650000,0.163180,0.125550,0.096080,0.004104,0.101420,0.001764,0.067602,0.239999,0.119834,0.034305,-0.113120,0.049350
3040,-7.700605,1.082495,2.565237,0.513047,0.277803,1.000000,2.500000,0.650000,0.160682,0.123753,0.096811,0.002703,0.106273,0.002570,0.067738,0.239996,0.119988,0.033527,-0.115374,0.047406
3041,-7.557682,0.884624,3.062422,0.612484,0.269462,1.000000,2.500000,0.650000,0.161389,0.124287,0.096188,0.004687,0.101535,0.001289,0.068858,0.239456,0.119398,0.034908,-0.115820,0.048418
3042,-7.586886,0.922435,2.970439,0.594088,0.283796,1.000000,2.500000,0.650000,0.161296,0.124625,0.096292,0.005068,0.102490,0.000958,0.066281,0.239951,0.119997,0.034171,-0.114874,0.049044
3043,-7.584020,0.940212,3.004037,0.600807,0.277372,1.000000,2.500000,0.650000,0.163382,0.126767,0.096222,0.004100,0.098724,0.003617,0.068560,0.239992,0.119757,0.032888,-0.112374,0.049660
3044,-7.584834,0.947651,2.962807,0.592561,0.277296,1.000000,2.500000,0.650000,0.161336,0.125645,0.096007,0.003499,0.102786,0.002723,0.069841,0.239427,0.119396,0.032773,-0.114341,0.048130
3045,-7.859609,1.414651,2.055395,0.411079,0.297169,1.000000,2.500000,0.650000,0.160498,0.125209,0.096004,0.003577,0.101940,0.001173,0.068189,0.239998,0.119982,0.034291,-0.112476,0.048835
3046,-7.560226,0.877856,3.075607,0.615121,0.279795,1.000000,2.500000,0.650000,0.160127,0.126856,0.096013,0.004849,0.101261,0.000467,0.066547,0.239222,0.119980,0.034229,-0.112672,0.048078
3047,-7.650515,1.008024,2.721466,0.544293,0.275130,1.000000,2.500000,0.650000,0.160772,0.125134,0.096056,0.003081,0.103373,0.001716,0.068017,0.239984,0.119582,0.033815,-0.112012,0.048043
3048,-7.627958,0.988577,2.799201,0.559840,0.290790,1.000000,2.500000,0.650000,0.163366,0.125049,0.096023,0.003760,0.102753,0.003011,0.069638,0.239748,0.119317,0.034056,-0.113398,0.049016
3049,-7.721498,1.109445,2.481966,0.496393,0.273850,1.000000,2.500000,0.650000,0.161506,0.124362,0.096121,0.002923,0.103596,0.001435,0.067380,0.239832,0.119661,0.034971,-0.116228,0.048044
3050,-7.641862,0.997425,2.785762,0.557152,0.289495,1.000000,2.500000,0.650000,0.162523,0.124932,0.096002,0.004203,0.102639,0.001880,0.066326,0.239680,0.119692,0.034294,-0.114358,0.048183
3051,-7.575571,0.933768,2.985288,0.597058,0.272715,1.000000,2.500000,0.650000,0.164420,0.123577,0.096001,0.004509,0.104091,0.001128,0.069264,0.240000,0.119653,0.034500,-0.112095,0.048403
3052,-7.640195,1.025663,2.757937,0.551587,0.278510,1.000000,2.500000,0.650000,0.161620,0.124976,0.096192,0.004480,0.101694,0.001370,0.068472,0.239998,0.119509,0.035023,-0.114331,0.047903
3053,-7.704703,1.070606,2.536989,0.507398,0.272544,1.000000,2.500000,0.650000,0.160006,0.126415,0.096008,0.003688,0.099794,0.001853,0.068755,0.239681,0.119955,0.035159,-0.118330,0.049041
3054,-7.617879,0.960313,2.848833,0.569767,0.275090,1.000000,2.500000,0.650000,0.160949,0.121566,0.096259,0.004602,0.102190,0.000811,0.068197,0.239622,0.119187,0.032667,-0.115499,0.048049
3055,-7.997500,1.647372,1.656050,0.331210,0.275877,1.000000,2.500000,0.650000,0.160593,0.126206,0.096113,0.004905,0.099430,0.001824,0.067323,0.239989,0.119572,0.033084,-0.116143,0.047731
3056,-7.596951,0.941585,2.928077,0.585615,0.275828,1.000000,2.500000,0.650000,0.161347,0.130131,0.096714,0.004910,0.101045,0.002321,0.064706,0.239381,0.119993,0.033023,-0.112005,0.048878
3057,-7.633665,0.969424,2.794273,0.558855,0.278332,1.000000,2.500000,0.650000,0.162079,0.123707,0.096038,0.004919,0.102188,0.000958,0.068736,0.239978,0.119588,0.034520,-0.114722,0.048094
3058,-7.555056,0.872919,3.063199,0.612640,0.257649,1.000000,2.500000,0.650000,0.160468,0.123815,0.096482,0.006658,0.097773,0.000295,0.068509,0.239995,0.119972,0.035782,-0.116221,0.049332
3059,-7.723043,1.098442,2.464677,0.492935,0.265332,1.000000,2.500000,0.650000,0.161071,0.124553,0.096108,0.006610,0.099241,0.001356,0.069286,0.240000,0.119408,0.034303,-0.113435,0.049029
3060,-7.594596,0.897991,2.915201,0.583040,0.261339,1.000000,2.500000,0.650000,0.160634,0.124265,0.096292,0.006820,0.097350,0.000409,0.069733,0.238724,0.119859,0.034771,-0.113340,0.049560
3061,-7.759167,1.192951,2.334483,0.466897,0.285898,1.000000,2.500000,0.650000,0.163744,0.123706,0.096000,0.003667,0.104316,0.001999,0.067357,0.239250,0.119668,0.034374,-0.113314,0.048358
3062,-7.773076,1.196025,2.318457,0.463691,0.294811,1.000000,2.500000,0.650000,0.160726,0.125212,0.096021,0.002442,0.105986,0.001637,0.065794,0.239954,0.119964,0.034829,-0.115663,0.047755
3063,-7.574576,0.908515,2.998920,0.599784,0.265849,1.000000,2.500000,0.650000,0.162062,0.122487,0.096086,0.004478,0.104172,0.000929,0.067891,0.239781,0.119734,0.034226,-0.114508,0.047766
3064,-7.664799,1.017951,2.663560,0.532712,0.270181,1.000000,2.500000,0.650000,0.161291,0.125861,0.096018,0.004181,0.100504,0.001391,0.067311,0.238385,0.119878,0.034496,-0.114970,0.048149
3065,-7.549548,0.877169,3.120704,0.624141,0.280307,1.000000,2.500000,0.650000,0.162156,0.125971,0.096063,0.004412,0.100045,0.002471,0.068983,0.239807,0.119441,0.033985,-0.113742,0.048756
3066,-7.663523,1.013992,2.677934,0.535587,0.268323,1.000000,2.500000,0.650000,0.164201,0.125931,0.096476,0.007191,0.100513,0.001509,0.067199,0.238302,0.119992,0.035448,-0.113867,0.049756
3067,-7.578434,0.902757,3.008245,0.601649,0.275089,1.000000,2.500000,0.650000,0.163184,0.123023,0.096238,0.005196,0.103288,0.001006,0.066546,0.239736,0.119871,0.034128,-0.115228,0.048633
3068,-7.559866,0.883950,3.076988,0.615398,0.277886,1.000000,2.500000,0.650000,0.160221,0.128756,0.096454,0.005273,0.097774,0.000394,0.066904,0.239957,0.119964,0.034256,-0.112040,0.048741
3069,-7.610144,0.954388,2.886959,0.577392,0.271477,1.000000,2.500000,0.650000,0.162065,0.125371,0.096000,0.004079,0.101631,0.002836,0.069766,0.239624,0.119632,0.034371,-0.113254,0.048864
3070,-7.603320,0.953158,2.890105,0.578021,0.289569,1.000000,2.500000,0.650000,0.162611,0.124443,0.096002,0.002797,0.104166,0.002354,0.067653,0.240000,0.119795,0.033820,-0.114856,0.047702
3071,-7.611997,0.955412,2.879781,0.575956,0.275138,1.000000,2.500000,0.650000,0.160458,0.124921,0.096010,0.003914,0.099945,0.000999,0.069999,0.239436,0.119232,0.033958,-0.113176,0.048645
3072,-7.833776,1.279313,2.104977,0.420995,0.281127,1.000000,2.500000,0.650000,0.160192,0.128658,0.096187,0.006549,0.096309,0.000791,0.066559,0.239972,0.119999,0.033329,-0.112471,0.049126
3073,-7.628229,0.976368,2.849240,0.569848,0.281150,1.000000,2.500000,0.650000,0.162150,0.128739,0.096029,0.005068,0.099766,0.001412,0.067318,0.239269,0.119857,0.034198,-0.112251,0.049116
3074,-8.340397,2.731336,1.014164,0.202833,0.292481,1.000000,2.500000,0.650000,0.160044,0.127933,0.096061,0.003808,0.100975,0.001994,0.066923,0.239431,0.119781,0.034192,-0.115522,0.047926
3075,-7.660082,1.024911,2.719778,0.543956,0.280050,1.000000,2.500000,0.650000,0.162230,0.127090,0.096276,0.004140,0.100258,0.001163,0.068643,0.239994,0.119745,0.034167,-0.112393,0.048430
3076,-7.578749,0.889207,3.014378,0.602876,0.283780,1.000000,2.500000,0.650000,0.160406,0.128514,0.096045,0.005790,0.096819,0.000484,0.068520,0.240000,0.119887,0.033638,-0.112411,0.049214
3077,-7.646081,0.999936,2.750273,0.550055,0.277604,1.000000,2.500000,0.650000,0.160427,0.128306,0.096373,0.005291,0.099065,0.002001,0.066340,0.239851,0.119830,0.033604,-0.113842,0.048199
3078,-7.694816,1.072998,2.561250,0.512250,0.265192,1.000000,2.500000,0.650000,0.160408,0.125803,0.096006,0.004667,0.099413,0.000578,0.069313,0.239815,0.119793,0.034296,-0.112980,0.048184
3079,-7.665213,1.019875,2.687103,0.537421,0.277590,1.000000,2.500000,0.650000,0.160957,0.126337,0.096185,0.005924,0.096580,0.001646,0.067170,0.239712,0.119545,0.034262,-0.115214,0.049458
3080,-7.611146,0.952271,2.877654,0.575531,0.279391,1.000000,2.500000,0.650000,0.162320,0.127139,0.096012,0.004760,0.101419,0.001816,0.068350,0.239999,0.119627,0.034473,-0.112981,0.048898
3081,-7.583182,0.903585,2.979817,0.595963,0.277456,1.000000,2.500000,0.650000,0.160571,0.127134,0.096085,0.004931,0.098938,0.001033,0.068698,0.239762,0.119812,0.033706,-0.112048,0.048859
3082,-7.570009,0.896488,3.036116,0.607223,0.267855,1.000000,2.500000,0.650000,0.161481,0.127246,0.096158,0.003838,0.099009,0.001031,0.068785,0.239682,0.119844,0.034437,-0.112090,0.049569
3083,-7.544762,0.863680,3.121495,0.624299,0.266178,1.000000,2.500000,0.650000,0.160977,0.125455,0.096019,0.005544,0.098316,0.000777,0.069290,0.239879,0.120000,0.033731,-0.112630,0.048835
3084,-7.550357,0.877275,3.116495,0.623299,0.278635,1.000000,2.500000,0.650000,0.161088,0.128099,0.096164,0.005174,0.100437,0.001517,0.066447,0.239960,0.119989,0.034186,-0.112257,0.048848
3085,-7.575648,0.919227,3.027259,0.605452,0.285282,1.000000,2.500000,0.650000,0.161308,0.127735,0.096004,0.002737,0.104138,0.001707,0.065869,0.239666,0.119977,0.033513,-0.112256,0.048358
3086,-7.755567,1.188343,2.366472,0.473294,0.281377,1.000000,2.500000,0.650000,0.160178,0.126472,0.096041,0.003568,0.099252,0.001625,0.069854,0.239973,0.119632,0.033792,-0.112655,0.048381
3087,-7.607588,0.985758,2.874105,0.574821,0.283026,1.000000,2.500000,0.650000,0.160609,0.128523,0.096635,0.001966,0.102690,0.001911,0.067471,0.239998,0.119583,0.033276,-0.112423,0.047746
3088,-7.630836,0.979146,2.813577,0.562715,0.274589,1.000000,2.500000,0.650000,0.163365,0.125487,0.096209,0.004424,0.102454,0.001546,0.069739,0.239546,0.119641,0.033616,-0.112088,0.049163
3089,-7.537202,0.874060,3.141174,0.628235,0.269494,1.000000,2.500000,0.650000,0.162073,0.125306,0.096001,0.004222,0.101472,0.001355,0.069893,0.239759,0.119475,0.034465,-0.112029,0.048189
3090,-7.543786,0.862967,3.125879,0.625176,0.262289,1.000000,2.500000,0.650000,0.160748,0.125875,0.096035,0.004255,0.098966,0.001036,0.068685,0.239858,0.119799,0.034492,-0.114553,0.049386
3091,-7.554166,0.881672,3.101664,0.620333,0.280353,1.000000,2.500000,0.650000,0.163081,0.125678,0.096086,0.005399,0.099865,0.001354,0.069544,0.238956,0.119296,0.034118,-0.112001,0.047996
3092,-7.577333,0.920871,3.022815,0.604563,0.279034,1.000000,2.500000,0.650000,0.160901,0.127709,0.096081,0.004134,0.099282,0.002387,0.069100,0.239957,0.119722,0.033346,-0.112625,0.048847
3093,-7.670852,1.060512,2.641816,0.528363,0.270097,1.000000,2.500000,0.650000,0.162197,0.125100,0.096001,0.005143,0.100971,0.000432,0.069359,0.239932,0.119792,0.034523,-0.112110,0.048400
3094,-7.598302,0.939852,2.948778,0.589756,0.278406,1.000000,2.500000,0.650000,0.161997,0.126330,0.096677,0.004493,0.097775,0.001812,0.069797,0.239663,0.119387,0.033321,-0.112028,0.048979
3095,-7.775712,1.196460,2.322139,0.464428,0.280756,1.000000,2.500000,0.650000,0.161872,0.127158,0.096570,0.003317,0.100872,0.001615,0.069211,0.238767,0.119540,0.034013,-0.112099,0.048477
3096,-7.599179,0.935693,2.904778,0.580956,0.264347,1.000000,2.500000,0.650000,0.163991,0.123037,0.096023,0.005339,0.101453,0.000874,0.069993,0.238045,0.119358,0.035037,-0.112363,0.048609
3097,-7.604072,0.952115,2.910960,0.582192,0.276690,1.000000,2.500000,0.650000,0.160877,0.125236,0.096242,0.003861,0.098705,0.000860,0.069966,0.238844,0.119720,0.034306,-0.112037,0.049147
3098,-7.671558,1.035433,2.639577,0.527915,0.280079,1.000000,2.500000,0.650000,0.160691,0.127635,0.096003,0.005640,0.096506,0.001013,0.069184,0.239970,0.119987,0.033984,-0.112130,0.049570
3099,-7.595737,0.961004,2.893378,0.578676,0.285960,1.000000,2.500000,0.650000,0.160699,0.126875,0.096248,0.003096,0.101668,0.001928,0.067589,0.239975,0.119851,0.033424,-0.112325,0.047607
3100,-7.628530,0.990533,2.819349,0.563870,0.262292,1.000000,2.500000,0.650000,0.163070,0.124354,0.096338,0.004991,0.099804,0.001317,0.069821,0.239933,0.119365,0.034303,-0.112049,0.048995
3101,-7.557370,0.887015,3.077212,0.615442,0.263512,1.000000,2.500000,0.650000,0.162494,0.124640,0.096088,0.004300,0.100241,0.001385,0.069955,0.239273,0.119756,0.034807,-0.112774,0.049339
3102,-7.612860,0.957920,2.877040,0.575408,0.274310,1.000000,2.500000,0.650000,0.162351,0.128278,0.096017,0.005320,0.097456,0.001549,0.069326,0.239987,0.119926,0.033496,-0.112422,0.049519
3103,-7.678653,1.048130,2.623361,0.524672,0.269944,1.000000,2.500000,0.650000,0.161788,0.125098,0.096009,0.004504,0.099754,0.001405,0.069685,0.239913,0.119728,0.034232,-0.112103,0.049184
3104,-7.577746,0.931128,3.017634,0.603527,0.277639,1.000000,2.500000,0.650000,0.162040,0.126776,0.096073,0.004207,0.099044,0.002648,0.068880,0.239970,0.119787,0.033871,-0.112606,0.049243
3105,-7.668054,1.054307,2.652038,0.530408,0.275438,1.000000,2.500000,0.650000,0.162631,0.124952,0.096016,0.004624,0.099636,0.001708,0.069924,0.239918,0.119602,0.034506,-0.112006,0.049345
3106,-7.600526,0.944712,2.887556,0.577511,0.274685,1.000000,2.500000,0.650000,0.161255,0.126748,0.096093,0.004020,0.099860,0.001553,0.068511,0.239999,0.119801,0.034063,-0.112140,0.048929
3107,-8.027774,1.722398,1.587243,0.317449,0.279906,1.000000,2.500000,0.650000,0.162344,0.126428,0.096026,0.005233,0.099305,0.000856,0.069992,0.239965,0.119637,0.034009,-0.112213,0.048729
3108,-7.781533,1.274460,2.255621,0.451124,0.272334,1.000000,2.500000,0.650000,0.162675,0.125651,0.096139,0.004186,0.100034,0.002606,0.069538,0.239882,0.119768,0.034056,-0.114602,0.049410
3109,-7.588889,0.940127,2.965343,0.593069,0.275819,1.000000,2.500000,0.650000,0.164517,0.124305,0.096010,0.004024,0.101629,0.002450,0.069873,0.239998,0.119684,0.034088,-0.112281,0.049158
3110,-7.822013,1.289320,2.163268,0.432654,0.273617,1.000000,2.500000,0.650000,0.160480,0.126956,0.096253,0.003392,0.102274,0.002482,0.068036,0.239884,0.119902,0.032982,-0.115121,0.048388
3111,-8.063017,1.868227,1.520508,0.304102,0.291233,1.000000,2.500000,0.650000,0.162900,0.124921,0.096027,0.002741,0.101835,0.003045,0.069962,0.239700,0.119460,0.034221,-0.114673,0.048437
3112,-7.770296,1.197592,2.333808,0.466762,0.288036,1.000000,2.500000,0.650000,0.162070,0.126018,0.096223,0.003417,0.101834,0.001573,0.069403,0.239994,0.119549,0.033707,-0.112032,0.048333
3113,-7.539023,0.887238,3.133630,0.626726,0.264566,1.000000,2.500000,0.650000,0.160571,0.127175,0.096895,0.002720,0.100169,0.002731,0.069370,0.239294,0.119441,0.033378,-0.112433,0.048043
3114,-7.539402,0.886221,3.159814,0.631963,0.271815,1.000000,2.500000,0.650000,0.160944,0.125007,0.096237,0.003052,0.100334,0.002564,0.069819,0.239478,0.119720,0.033660,-0.112820,0.048175
3115,-7.511701,0.861967,3.229801,0.645960,0.275095,1.000000,2.500000,0.650000,0.160506,0.126901,0.096068,0.004457,0.098626,0.002136,0.069757,0.239929,0.119474,0.033341,-0.112023,0.048658
3116,-7.613580,0.983366,2.878398,0.575680,0.275554,1.000000,2.500000,0.650000,0.162412,0.126406,0.096063,0.002493,0.102029,0.003081,0.068625,0.240000,0.119719,0.033678,-0.113777,0.049038
3117,-7.644593,1.014382,2.757871,0.551574,0.263545,1.000000,2.500000,0.650000,0.160903,0.126900,0.096213,0.003891,0.098811,0.002887,0.069200,0.239738,0.119707,0.033313,-0.113179,0.048856
3118,-7.583929,0.923200,2.995257,0.599051,0.273572,1.000000,2.500000,0.650000,0.163564,0.124214,0.096033,0.003570,0.102328,0.002453,0.069955,0.239910,0.119458,0.034250,-0.112503,0.048844
3119,-7.915774,1.490565,1.899961,0.379992,0.286919,1.000000,2.500000,0.650000,0.160831,0.127352,0.096956,0.003055,0.100406,0.003024,0.067932,0.239773,0.119541,0.032877,-0.113102,0.047521
3120,-7.612184,0.971490,2.884529,0.576906,0.271539,1.000000,2.500000,0.650000,0.160285,0.128170,0.096478,0.003847,0.098149,0.003051,0.069644,0.239957,0.119658,0.033083,-0.113003,0.048513
3121,-7.956526,1.673006,1.716098,0.343220,0.291311,1.000000,2.500000,0.650000,0.161580,0.126552,0.096088,0.003384,0.099294,0.003028,0.069077,0.239789,0.119571,0.033967,-0.113541,0.048781
3122,-7.608503,0.954152,2.902532,0.580506,0.276928,1.000000,2.500000,0.650000,0.163153,0.126154,0.096048,0.004737,0.098076,0.002496,0.068959,0.240000,0.119759,0.033712,-0.112819,0.049822
3123,-7.625408,0.960048,2.820252,0.564050,0.267500,1.000000,2.500000,0.650000,0.160971,0.127183,0.096444,0.005264,0.097743,0.001047,0.068493,0.239886,0.119909,0.034098,-0.112025,0.049366
3124,-7.637300,1.008594,2.797854,0.559571,0.280962,1.000000,2.500000,0.650000,0.161836,0.127301,0.096188,0.003851,0.098538,0.002300,0.069996,0.239580,0.119726,0.033784,-0.112008,0.049695
3125,-7.555008,0.927060,3.048484,0.609697,0.282713,1.000000,2.500000,0.650000,0.160685,0.126537,0.096095,0.003207,0.099018,0.003262,0.069999,0.239777,0.119879,0.033306,-0.112054,0.048741
3126,-7.663267,1.044454,2.669752,0.533950,0.276974,1.000000,2.500000,0.650000,0.160393,0.125973,0.096553,0.003917,0.099135,0.002343,0.069901,0.239131,0.119440,0.032875,-0.112162,0.048492
3127,-7.692312,1.068148,2.589540,0.517908,0.271151,1.000000,2.500000,0.650000,0.162164,0.125674,0.096001,0.004023,0.100331,0.002283,0.069430,0.239989,0.119718,0.033557,-0.112007,0.048963
3128,-7.580243,0.905587,2.986963,0.597393,0.278316,1.000000,2.500000,0.650000,0.160460,0.126322,0.096041,0.005556,0.097558,0.001755,0.069511,0.239840,0.119783,0.033304,-0.112093,0.049197
3129,-7.685112,1.052039,2.621992,0.524398,0.273838,1.000000,2.500000,0.650000,0.160051,0.128204,0.097025,0.003449,0.097221,0.002244,0.069612,0.239175,0.119911,0.033207,-0.112014,0.048824
3130,-7.653901,1.012627,2.722417,0.544483,0.278120,1.000000,2.500000,0.650000,0.162805,0.125153,0.096070,0.004262,0.101008,0.002235,0.069887,0.239989,0.119479,0.033086,-0.112373,0.048607
3131,-8.269078,2.436680,1.103939,0.220788,0.276424,1.000000,2.500000,0.650000,0.160518,0.128331,0.096388,0.005039,0.096158,0.002562,0.069913,0.239854,0.119626,0.033638,-0.112003,0.049762
3132,-7.550212,0.883689,3.101900,0.620380,0.274077,1.000000,2.500000,0.650000,0.160929,0.125290,0.096607,0.003449,0.100726,0.002613,0.069752,0.239770,0.119238,0.033454,-0.112000,0.048190
3133,-7.621717,1.009092,2.858046,0.571609,0.274893,1.000000,2.500000,0.650000,0.163342,0.123522,0.096030,0.002827,0.103349,0.002904,0.069707,0.239997,0.119019,0.033158,-0.113266,0.047936
3134,-7.594455,0.961193,2.937284,0.587457,0.275831,1.000000,2.500000,0.650000,0.160751,0.126981,0.096311,0.003078,0.098852,0.003015,0.069615,0.239951,0.119749,0.033498,-0.112225,0.048383
3135,-7.629600,0.996679,2.798484,0.559697,0.282776,1.000000,2.500000,0.650000,0.160711,0.128166,0.096626,0.004501,0.096433,0.002875,0.069473,0.239555,0.119461,0.032844,-0.112079,0.049040
3136,-7.620045,0.999328,2.805507,0.561101,0.274583,1.000000,2.500000,0.650000,0.160450,0.126082,0.096252,0.003466,0.097937,0.002692,0.069033,0.239999,0.119564,0.032886,-0.112002,0.048333
3137,-7.966830,1.579832,1.739292,0.347858,0.281413,1.000000,2.500000,0.650000,0.160423,0.125277,0.096010,0.004858,0.097761,0.001775,0.069945,0.239863,0.119508,0.033613,-0.112405,0.048844
3138,-8.525844,3.412572,0.794640,0.158928,0.282575,1.000000,2.500000,0.650000,0.161422,0.124541,0.096014,0.005143,0.098332,0.001978,0.069883,0.238669,0.119519,0.033923,-0.112037,0.049142
3139,-7.559617,0.921533,3.005390,0.601078,0.286531,1.000000,2.500000,0.650000,0.160138,0.129149,0.097495,0.003097,0.097216,0.003243,0.069132,0.239941,0.119891,0.032977,-0.112006,0.049077
3140,-7.640873,1.032711,2.778535,0.555707,0.291781,1.000000,2.500000,0.650000,0.160457,0.127260,0.096853,0.001840,0.101936,0.002945,0.069471,0.239998,0.119739,0.033045,-0.112063,0.047615
3141,-7.689915,1.068765,2.615653,0.523131,0.280733,1.000000,2.500000,0.650000,0.161140,0.125837,0.096002,0.003045,0.100534,0.003269,0.069986,0.239604,0.119841,0.033377,-0.112236,0.049472
3142,-7.829686,1.284985,2.131628,0.426326,0.279032,1.000000,2.500000,0.650000,0.160408,0.126480,0.096917,0.004723,0.098629,0.001860,0.069976,0.239458,0.119223,0.033720,-0.113401,0.048155
3143,-8.763649,4.546027,0.561723,0.112345,0.307161,1.000000,2.500000,0.650000,0.161708,0.124798,0.096106,0.002734,0.101721,0.003633,0.069806,0.239996,0.119680,0.032994,-0.112212,0.048170
3144,-7.624007,0.982654,2.814701,0.562940,0.288547,1.000000,2.500000,0.650000,0.160550,0.124851,0.096009,0.003705,0.102035,0.001718,0.069599,0.239422,0.119493,0.033690,-0.112186,0.047401
3145,-7.678190,1.041934,2.639594,0.527919,0.280951,1.000000,2.500000,0.650000,0.160453,0.123993,0.096092,0.003305,0.100732,0.001808,0.068957,0.239924,0.119624,0.033176,-0.112392,0.048036
3146,-7.628568,0.993100,2.842172,0.568434,0.280487,1.000000,2.500000,0.650000,0.160314,0.127189,0.097084,0.003457,0.098072,0.002962,0.069993,0.239222,0.119868,0.033063,-0.112048,0.048823
3147,-8.713524,4.254955,0.665527,0.133105,0.290414,1.000000,2.500000,0.650000,0.160486,0.128109,0.097004,0.003133,0.097111,0.001826,0.069021,0.239503,0.119793,0.032731,-0.112006,0.047738
3148,-7.654949,1.028077,2.723471,0.544694,0.272616,1.000000,2.500000,0.650000,0.161176,0.128335,0.097872,0.004028,0.097150,0.003275,0.069497,0.239057,0.119681,0.033150,-0.112008,0.048758
3149,-7.667095,1.052409,2.680993,0.536199,0.279335,1.000000,2.500000,0.650000,0.160440,0.127357,0.096579,0.003974,0.098750,0.002605,0.069687,0.239524,0.119501,0.032855,-0.112152,0.048198
3150,-9.981737,1.188124,1.826250,0.365250,0.714332,0.000000,2.500000,0.650000,0.160012,0.129190,0.096234,0.002775,0.100273,0.002802,0.069575,0.239576,0.119969,0.033005,-0.112022,0.048278
3151,-7.733625,1.139206,2.457785,0.491557,0.271137,1.000000,2.500000,0.650000,0.160244,0.128003,0.096412,0.003776,0.099456,0.002664,0.068160,0.239883,0.119630,0.032916,-0.112070,0.047331
3152,-7.718987,1.131174,2.489367,0.497873,0.279994,1.000000,2.500000,0.650000,0.160133,0.128145,0.096598,0.003646,0.097344,0.002381,0.069879,0.239784,0.119727,0.033338,-0.112198,0.048779
3153,-8.004210,1.706739,1.662475,0.332495,0.298991,1.000000,2.500000,0.650000,0.160039,0.128626,0.097310,0.003623,0.096171,0.003598,0.069475,0.239916,0.119576,0.033266,-0.112059,0.048055
3154,-7.611945,0.970822,2.886587,0.577317,0.273911,1.000000,2.500000,0.650000,0.160291,0.126622,0.096235,0.003616,0.098048,0.002895,0.068521,0.239997,0.119823,0.032692,-0.112638,0.048951
3155,-7.660178,1.052202,2.705649,0.541130,0.283731,1.000000,2.500000,0.650000,0.160942,0.127419,0.098167,0.003060,0.098399,0.002434,0.069834,0.239639,0.119248,0.032904,-0.112814,0.048774
3156,-7.761803,1.201807,2.358095,0.471619,0.279256,1.000000,2.500000,0.650000,0.160014,0.127955,0.097912,0.003409,0.096445,0.003018,0.069762,0.239811,0.119694,0.032171,-0.112020,0.048471
3157,-7.631555,1.006439,2.796196,0.559239,0.279115,1.000000,2.500000,0.650000,0.160075,0.127980,0.096271,0.003801,0.098146,0.002484,0.069516,0.239954,0.119790,0.032634,-0.112026,0.048203
3158,-7.635030,0.984053,2.820569,0.564114,0.293293,1.000000,2.500000,0.650000,0.160390,0.128700,0.097130,0.003132,0.098380,0.003409,0.068054,0.239907,0.119771,0.032300,-0.112160,0.048128
3159,-7.750354,1.185090,2.390383,0.478077,0.278928,1.000000,2.500000,0.650000,0.160090,0.129139,0.097351,0.004088,0.096000,0.003107,0.069054,0.239656,0.119783,0.031732,-0.112133,0.048495
3160,-7.666927,1.049143,2.692289,0.538458,0.284746,1.000000,2.500000,0.650000,0.160012,0.128342,0.096918,0.002602,0.098596,0.003637,0.067416,0.239913,0.119838,0.031968,-0.113716,0.048277
3161,-7.587320,0.942882,2.981371,0.596274,0.290279,1.000000,2.500000,0.650000,0.160169,0.129565,0.097258,0.002912,0.098250,0.002979,0.068973,0.239766,0.119925,0.032451,-0.112083,0.047999
3162,-9.985860,1.512376,1.413966,0.282793,0.976250,0.000000,2.500000,0.650000,0.160090,0.125990,0.096004,0.003889,0.099945,0.001707,0.069837,0.239846,0.119612,0.032722,-0.112574,0.047914
3163,-7.705461,1.086714,2.563054,0.512611,0.292265,1.000000,2.500000,0.650000,0.160480,0.129918,0.097290,0.004206,0.096654,0.002781,0.067763,0.239995,0.119781,0.032927,-0.112207,0.049160
3164,-7.669759,1.031610,2.669476,0.533895,0.281528,1.000000,2.500000,0.650000,0.160650,0.129473,0.096626,0.004161,0.097106,0.002714,0.069026,0.239962,0.119628,0.033025,-0.112013,0.049069
3165,-7.667907,1.014610,2.673556,0.534711,0.276683,1.000000,2.500000,0.650000,0.161087,0.127799,0.096412,0.004402,0.096272,0.002654,0.069369,0.239966,0.119570,0.032761,-0.112957,0.049309
3166,-7.815436,1.273374,2.191616,0.438323,0.273692,1.000000,2.500000,0.650000,0.160909,0.126263,0.097198,0.003797,0.097332,0.003478,0.069997,0.238761,0.118905,0.032729,-0.112202,0.048466
3167,-7.631302,1.017375,2.799194,0.559839,0.278294,1.000000,2.500000,0.650000,0.160035,0.127954,0.097139,0.002378,0.097937,0.003037,0.069118,0.239764,0.119838,0.032017,-0.112055,0.048464
3168,-7.551456,0.916427,3.103646,0.620729,0.288890,1.000000,2.500000,0.650000,0.160462,0.125822,0.096502,0.002218,0.100810,0.003037,0.068909,0.239966,0.119559,0.032511,-0.113707,0.047811
3169,-8.662891,3.982059,0.708158,0.141632,0.294655,1.000000,2.500000,0.650000,0.160515,0.126778,0.096447,0.003851,0.098534,0.002248,0.069297,0.239785,0.119610,0.032736,-0.112512,0.048509
3170,-7.977038,1.693140,1.695569,0.339114,0.284439,1.000000,2.500000,0.650000,0.160008,0.127094,0.097135,0.001775,0.100591,0.003115,0.068545,0.239704,0.119826,0.033164,-0.113824,0.048109
3171,-7.535537,0.896941,3.154282,0.630856,0.274041,1.000000,2.500000,0.650000,0.160000,0.127164,0.097518,0.002840,0.098370,0.001939,0.069155,0.239780,0.119943,0.032656,-0.112000,0.047774
3172,-7.694617,1.154915,2.525539,0.505108,0.281007,1.000000,2.500000,0.650000,0.160325,0.127924,0.098229,0.001932,0.098173,0.003884,0.069161,0.239989,0.119518,0.032216,-0.112294,0.048289
3173,-7.634290,1.014648,2.834236,0.566847,0.288567,1.000000,2.500000,0.650000,0.160049,0.129651,0.098555,0.001602,0.099458,0.003825,0.068166,0.239975,0.119952,0.031925,-0.112002,0.048143
3174,-7.699768,1.125299,2.522558,0.504512,0.288597,1.000000,2.500000,0.650000,0.161302,0.126148,0.096575,0.003895,0.098153,0.002553,0.069851,0.239539,0.119388,0.033043,-0.112048,0.048613
3175,-7.623807,0.975360,2.833211,0.566642,0.289175,1.000000,2.500000,0.650000,0.160828,0.129190,0.097228,0.002311,0.097986,0.004338,0.069219,0.239885,0.119692,0.031942,-0.113005,0.048886
3176,-7.699667,1.091777,2.582379,0.516476,0.280334,1.000000,2.500000,0.650000,0.160013,0.126597,0.097371,0.003999,0.097392,0.002230,0.069295,0.239585,0.119832,0.033409,-0.112772,0.047918
3177,-7.595468,0.941407,2.938175,0.587635,0.274716,1.000000,2.500000,0.650000,0.160399,0.127854,0.097595,0.004659,0.096486,0.001908,0.068970,0.239637,0.119954,0.033543,-0.112221,0.049338
3178,-7.566640,0.951817,3.062221,0.612444,0.267526,1.000000,2.500000,0.650000,0.160458,0.126188,0.096620,0.001650,0.102901,0.002914,0.067714,0.239678,0.119834,0.032757,-0.112518,0.046906
3179,-7.573791,0.921436,3.037453,0.607491,0.275546,1.000000,2.500000,0.650000,0.160092,0.129540,0.099088,0.003343,0.096027,0.003412,0.069151,0.238876,0.119606,0.031860,-0.112857,0.048383
3180,-7.716022,1.140168,2.539324,0.507865,0.292828,1.000000,2.500000,0.650000,0.160308,0.126656,0.098390,0.002516,0.099194,0.002851,0.068966,0.239988,0.119647,0.032136,-0.112031,0.047306
3181,-7.776884,1.257082,2.339030,0.467806,0.285974,1.000000,2.500000,0.650000,0.160368,0.126125,0.097035,0.001709,0.098744,0.002812,0.069837,0.239504,0.119819,0.031941,-0.112213,0.048051
3182,-7.577807,0.956182,2.991832,0.598366,0.291991,1.000000,2.500000,0.650000,0.160001,0.128946,0.098510,0.002152,0.097980,0.002596,0.067582,0.239904,0.119960,0.032611,-0.112002,0.047534
3183,-7.663994,1.049531,2.685012,0.537002,0.282498,1.000000,2.500000,0.650000,0.160466,0.128452,0.097228,0.002019,0.098348,0.003493,0.068353,0.239983,0.119822,0.032161,-0.112283,0.048635
3184,-7.830880,1.373643,2.070452,0.414090,0.306096,1.000000,2.500000,0.650000,0.160482,0.127463,0.098161,0.001151,0.101605,0.003096,0.067526,0.239505,0.119911,0.032371,-0.112049,0.047558
3185,-7.698546,1.082221,2.572401,0.514480,0.282750,1.000000,2.500000,0.650000,0.160155,0.126209,0.096597,0.003226,0.098482,0.002592,0.068074,0.239986,0.119911,0.033144,-0.112152,0.048458
3186,-7.671181,1.066250,2.651435,0.530287,0.302665,1.000000,2.500000,0.650000,0.160210,0.130523,0.098880,0.001998,0.096704,0.003246,0.068597,0.239710,0.119999,0.031305,-0.112144,0.048428
3187,-7.844890,1.336298,2.070885,0.414177,0.292585,1.000000,2.500000,0.650000,0.160006,0.128383,0.097831,0.003362,0.096006,0.002335,0.069889,0.239087,0.119863,0.032020,-0.112012,0.048823
3188,-7.630486,0.988953,2.815151,0.563030,0.289053,1.000000,2.500000,0.650000,0.160000,0.127739,0.097206,0.002368,0.100776,0.002724,0.068250,0.239952,0.119996,0.032132,-0.112095,0.047130
3189,-7.587847,0.959622,2.965693,0.593139,0.286018,1.000000,2.500000,0.650000,0.160207,0.127158,0.098963,0.001601,0.100666,0.003330,0.067917,0.239955,0.119773,0.032506,-0.112001,0.046966
3190,-7.777217,1.227110,2.240584,0.448117,0.292073,1.000000,2.500000,0.650000,0.160245,0.127618,0.097166,0.003759,0.097596,0.001348,0.069220,0.239999,0.119975,0.032442,-0.112189,0.048176
3191,-7.734035,1.181640,2.459185,0.491837,0.281788,1.000000,2.500000,0.650000,0.160035,0.127877,0.097722,0.003496,0.097099,0.002528,0.069804,0.238616,0.119942,0.032623,-0.112193,0.048017
3192,-7.723655,1.103531,2.482932,0.496586,0.275146,1.000000,2.500000,0.650000,0.160841,0.125277,0.096691,0.003441,0.099057,0.001844,0.069416,0.240000,0.119824,0.033758,-0.112143,0.048363
3193,-7.614074,0.994090,2.823751,0.564750,0.288744,1.000000,2.500000,0.650000,0.160455,0.127785,0.097819,0.001886,0.099514,0.002524,0.066679,0.239979,0.119995,0.031703,-0.112237,0.046414
3194,-7.801630,1.262658,2.234074,0.446815,0.295530,1.000000,2.500000,0.650000,0.160873,0.129203,0.098037,0.002457,0.099450,0.003181,0.067720,0.239878,0.119846,0.032458,-0.112160,0.047733
3195,-7.558976,0.941907,3.001497,0.600299,0.281924,1.000000,2.500000,0.650000,0.160691,0.131219,0.100311,0.000118,0.098894,0.004053,0.066546,0.239993,0.120000,0.031420,-0.112001,0.046830
3196,-7.615104,0.983633,2.874103,0.574821,0.285268,1.000000,2.500000,0.650000,0.160006,0.129619,0.098885,0.003038,0.096186,0.001841,0.067664,0.239807,0.119994,0.032012,-0.113257,0.048340
3197,-7.813035,1.311904,2.190214,0.438043,0.288682,1.000000,2.500000,0.650000,0.160289,0.125821,0.097414,0.001625,0.101712,0.003147,0.067981,0.239946,0.119821,0.032093,-0.113475,0.046509
3198,-7.878052,1.485457,1.938464,0.387693,0.301105,1.000000,2.500000,0.650000,0.160000,0.130806,0.099799,0.003139,0.096131,0.002801,0.067738,0.239998,0.119974,0.032240,-0.112893,0.048174
3199,-7.655782,1.047664,2.711940,0.542388,0.286080,1.000000,2.500000,0.650000,0.160048,0.127907,0.098502,0.001989,0.098969,0.003154,0.068479,0.239815,0.119989,0.031645,-0.112001,0.047710
3200,-7.789127,1.263052,2.257501,0.451500,0.301879,1.000000,2.500000,0.650000,0.160154,0.127597,0.098016,0.001220,0.101983,0.003476,0.066727,0.239351,0.119754,0.032398,-0.112511,0.046535
3201,-7.564144,0.923520,3.057010,0.611402,0.278272,1.000000,2.500000,0.650000,0.162533,0.125713,0.097002,0.004019,0.097941,0.002160,0.069079,0.239588,0.119403,0.032954,-0.112526,0.048794
3202,-7.628432,1.000705,2.803823,0.560765,0.291559,1.000000,2.500000,0.650000,0.160182,0.129487,0.099033,0.002585,0.096000,0.002888,0.069185,0.238796,0.119984,0.032658,-0.112276,0.048211
3203,-7.556708,0.928225,3.107714,0.621543,0.288064,1.000000,2.500000,0.650000,0.160608,0.131325,0.099571,0.001961,0.096778,0.002461,0.067533,0.239407,0.119999,0.031315,-0.113787,0.047725
3204,-7.677540,1.080470,2.625302,0.525060,0.280010,1.000000,2.500000,0.650000,0.160201,0.126564,0.098166,0.001818,0.099646,0.002225,0.068791,0.238580,0.119927,0.032194,-0.112508,0.046440
3205,-7.647129,1.037627,2.768470,0.553694,0.302105,1.000000,2.500000,0.650000,0.160554,0.131534,0.099958,0.000001,0.098800,0.004053,0.066634,0.239812,0.119964,0.031119,-0.112013,0.047251
3206,-7.663534,1.068801,2.681941,0.536388,0.290836,1.000000,2.500000,0.650000,0.160017,0.129827,0.099635,0.001196,0.097516,0.003274,0.067726,0.239772,0.119873,0.031518,-0.112478,0.047198
3207,-7.587311,0.928588,2.919406,0.583881,0.317839,1.000000,2.500000,0.650000,0.160049,0.129526,0.099370,0.000184,0.101569,0.004280,0.066332,0.239997,0.120000,0.031707,-0.112005,0.046683
3208,-7.554339,0.914881,3.111323,0.622265,0.281846,1.000000,2.500000,0.650000,0.160121,0.128872,0.099353,0.002786,0.096451,0.003290,0.069368,0.238935,0.119982,0.031790,-0.112272,0.047793
3209,-7.610874,0.982249,2.905131,0.581026,0.290629,1.000000,2.500000,0.650000,0.160572,0.127578,0.098504,0.002835,0.096919,0.002098,0.067240,0.239936,0.119866,0.032983,-0.112598,0.048416
3210,-7.620660,1.002198,2.850961,0.570192,0.287943,1.000000,2.500000,0.650000,0.160075,0.127852,0.098205,0.001202,0.100390,0.002579,0.067864,0.239999,0.119734,0.031861,-0.112169,0.046905
3211,-7.910200,1.578685,1.869549,0.373910,0.328649,1.000000,2.500000,0.650000,0.160310,0.132147,0.100877,0.000591,0.096265,0.004058,0.067046,0.239847,0.119997,0.031233,-0.112533,0.047944
3212,-7.588361,0.987238,3.013267,0.602653,0.300639,1.000000,2.500000,0.650000,0.160155,0.129926,0.099723,0.000004,0.099705,0.004834,0.067343,0.239867,0.119734,0.030952,-0.112091,0.046281
3213,-7.801130,1.298918,2.190970,0.438194,0.308239,1.000000,2.500000,0.650000,0.160520,0.129403,0.100055,0.000074,0.101192,0.003824,0.066869,0.239997,0.119999,0.030300,-0.112769,0.046269
3214,-8.258633,2.540959,1.083629,0.216726,0.333769,1.000000,2.500000,0.650000,0.161746,0.129827,0.099091,0.002266,0.096001,0.003713,0.068426,0.239915,0.119909,0.029915,-0.112031,0.047799
3215,-9.985480,1.492041,1.451959,0.290392,1.091076,0.000000,2.500000,0.650000,0.160789,0.132667,0.101405,0.001106,0.096550,0.003605,0.067997,0.239279,0.119992,0.031118,-0.114973,0.046850
3216,-7.593360,0.964879,2.952040,0.590408,0.286600,1.000000,2.500000,0.650000,0.160026,0.129206,0.099837,0.002073,0.097747,0.002931,0.066991,0.239956,0.119999,0.032278,-0.112725,0.047364
3217,-7.786825,1.242158,2.295462,0.459092,0.291697,1.000000,2.500000,0.650000,0.160028,0.128369,0.099599,0.001756,0.099738,0.002825,0.066723,0.239952,0.119993,0.031565,-0.112154,0.046706
3218,-7.660327,1.043210,2.721570,0.544314,0.275558,1.000000,2.500000,0.650000,0.160208,0.128044,0.099241,0.002528,0.099232,0.003675,0.067893,0.239964,0.119852,0.031477,-0.112319,0.047568
3219,-7.850294,1.379142,2.089017,0.417803,0.295472,1.000000,2.500000,0.650000,0.160009,0.130326,0.100672,0.000928,0.098074,0.003987,0.068578,0.238790,0.119968,0.030803,-0.112752,0.046883
3220,-7.697469,1.123183,2.582172,0.516434,0.281726,1.000000,2.500000,0.650000,0.160231,0.129039,0.098521,0.002286,0.096669,0.003438,0.069354,0.239100,0.119862,0.031952,-0.113242,0.048006
3221,-7.639544,1.055543,2.831380,0.566276,0.297527,1.000000,2.500000,0.650000,0.160208,0.130044,0.099048,0.000759,0.097674,0.003914,0.069457,0.239454,0.119976,0.031576,-0.112001,0.047367
3222,-7.540149,0.912197,3.182907,0.636581,0.286973,1.000000,2.500000,0.650000,0.161106,0.131124,0.100225,0.001173,0.097232,0.003208,0.068706,0.239276,0.119980,0.031757,-0.112059,0.047607
3223,-7.682411,1.070454,2.640661,0.528132,0.275853,1.000000,2.500000,0.650000,0.160594,0.127434,0.097968,0.003898,0.096173,0.002982,0.068239,0.239883,0.119924,0.031901,-0.112361,0.048529
3224,-7.834080,1.356587,2.089498,0.417900,0.305375,1.000000,2.500000,0.650000,0.160061,0.128978,0.098720,0.000060,0.101665,0.004016,0.068622,0.239575,0.119991,0.031976,-0.112000,0.047105
3225,-7.694544,1.114976,2.609150,0.521830,0.299495,1.000000,2.500000,0.650000,0.160409,0.131591,0.099102,0.001324,0.098450,0.003780,0.067317,0.239841,0.119877,0.031416,-0.112462,0.047478
3226,-7.591499,0.990638,2.966783,0.593357,0.289070,1.000000,2.500000,0.650000,0.160273,0.131663,0.101171,0.001029,0.096039,0.004278,0.069592,0.237821,0.119967,0.030957,-0.112344,0.047560
3227,-7.635231,1.025758,2.779111,0.555822,0.290965,1.000000,2.500000,0.650000,0.160021,0.130072,0.098928,0.003686,0.096068,0.003351,0.069441,0.239817,0.119936,0.031247,-0.113764,0.048484
3228,-7.653722,1.037865,2.746827,0.549365,0.296543,1.000000,2.500000,0.650000,0.160748,0.129891,0.098190,0.001721,0.099050,0.002367,0.067173,0.239876,0.119894,0.031848,-0.112142,0.046892
3229,-7.585706,0.965148,3.008508,0.601702,0.286077,1.000000,2.500000,0.650000,0.160181,0.131938,0.098805,0.002023,0.098167,0.003514,0.066059,0.239981,0.119998,0.032675,-0.112026,0.048566
3230,-7.671188,1.080604,2.694099,0.538820,0.309230,1.000000,2.500000,0.650000,0.161715,0.131483,0.100857,0.001562,0.096010,0.002935,0.067767,0.239234,0.119999,0.030865,-0.113593,0.047293
3231,-7.701765,1.135342,2.585002,0.517000,0.308968,1.000000,2.500000,0.650000,0.160221,0.127992,0.098607,0.000842,0.099212,0.003954,0.068996,0.240000,0.119999,0.031933,-0.113498,0.047236
3232,-7.669030,1.057674,2.656215,0.531243,0.290832,1.000000,2.500000,0.650000,0.160041,0.130659,0.098601,0.002437,0.098895,0.002939,0.068607,0.239395,0.119996,0.032106,-0.112460,0.047642
3233,-7.569951,0.945935,3.032664,0.606533,0.298712,1.000000,2.500000,0.650000,0.161190,0.130612,0.100907,0.001758,0.096135,0.002105,0.067179,0.239529,0.120000,0.032032,-0.112826,0.046979
3234,-7.495067,0.879582,3.399971,0.679994,0.292563,1.000000,2.500000,0.650000,0.162030,0.130982,0.101330,0.001140,0.096495,0.003228,0.067536,0.239394,0.119960,0.031387,-0.112946,0.046615
3235,-7.611904,0.964860,2.885874,0.577175,0.294678,1.000000,2.500000,0.650000,0.160187,0.132457,0.099989,0.001817,0.096245,0.003048,0.067201,0.239900,0.119991,0.031681,-0.112682,0.048289
3236,-7.560090,0.929183,3.101082,0.620216,0.297059,1.000000,2.500000,0.650000,0.160308,0.130590,0.099869,0.001060,0.098059,0.002635,0.066423,0.239817,0.119999,0.032428,-0.112066,0.047458
3237,-7.559897,0.928675,3.113493,0.622699,0.288472,1.000000,2.500000,0.650000,0.160354,0.132080,0.100568,0.002075,0.096350,0.004313,0.067234,0.239838,0.119997,0.031796,-0.112118,0.048461
3238,-7.915748,1.609873,1.821640,0.364328,0.296212,1.000000,2.500000,0.650000,0.160584,0.132198,0.101328,0.001541,0.096143,0.003903,0.067678,0.238785,0.119967,0.031470,-0.113263,0.046596
3239,-7.578171,0.938437,3.008428,0.601686,0.297848,1.000000,2.500000,0.650000,0.160724,0.132526,0.098987,0.002177,0.096484,0.001980,0.066240,0.239969,0.119892,0.032031,-0.112377,0.047933
3240,-7.900531,1.490799,1.940328,0.388066,0.306310,1.000000,2.500000,0.650000,0.162625,0.131960,0.102387,0.001273,0.096792,0.003041,0.069190,0.237834,0.119966,0.031480,-0.113809,0.047599
3241,-8.118708,2.111068,1.346234,0.269247,0.315334,1.000000,2.500000,0.650000,0.163400,0.131144,0.101936,0.000766,0.096009,0.003009,0.067876,0.239444,0.119906,0.031715,-0.112141,0.046757
3242,-7.666240,1.051742,2.688218,0.537644,0.289492,1.000000,2.500000,0.650000,0.160890,0.130307,0.101064,0.001503,0.096471,0.002000,0.067008,0.239545,0.119941,0.032280,-0.113673,0.047235
3243,-7.626621,1.012600,2.869013,0.573803,0.292832,1.000000,2.500000,0.650000,0.165557,0.132108,0.101501,0.002652,0.096934,0.000783,0.068353,0.236494,0.119968,0.031687,-0.114963,0.047031
3244,-7.659928,1.074331,2.757877,0.551575,0.307969,1.000000,2.500000,0.650000,0.160973,0.132125,0.102477,0.000277,0.096673,0.003607,0.065974,0.239757,0.119926,0.030460,-0.115154,0.046885
3245,-7.540057,0.904971,3.106914,0.621383,0.287620,1.000000,2.500000,0.650000,0.160049,0.129465,0.100417,0.000674,0.096856,0.003354,0.068624,0.239628,0.119959,0.031926,-0.113309,0.048150
3246,-7.512242,0.879982,3.297554,0.659511,0.296377,1.000000,2.500000,0.650000,0.161079,0.132989,0.100793,0.002073,0.097404,0.003445,0.066562,0.239755,0.119992,0.031354,-0.112204,0.048745
3247,-7.539972,0.913258,3.193276,0.638655,0.301924,1.000000,2.500000,0.650000,0.160652,0.131663,0.100957,0.000803,0.096338,0.003803,0.065930,0.239967,0.119996,0.031125,-0.112340,0.048122
3248,-8.003065,1.804470,1.601881,0.320376,0.297782,1.000000,2.500000,0.650000,0.160334,0.130359,0.099659,0.000310,0.096958,0.004356,0.067130,0.239972,0.119991,0.031310,-0.112197,0.048370
3249,-7.581791,0.967122,3.009925,0.601985,0.295650,1.000000,2.500000,0.650000,0.160017,0.126777,0.098121,0.000541,0.101698,0.002977,0.067332,0.239773,0.119931,0.031519,-0.112017,0.047294
3250,-7.587253,0.966142,3.012486,0.602497,0.283832,1.000000,2.500000,0.650000,0.160035,0.131207,0.100250,0.000950,0.096564,0.004751,0.069066,0.239517,0.119979,0.032248,-0.112479,0.048776
3251,-7.798621,1.316242,2.178247,0.435649,0.315147,1.000000,2.500000,0.650000,0.160110,0.131534,0.099652,0.001095,0.096426,0.003541,0.067403,0.239977,0.119977,0.032330,-0.112094,0.048372
3252,-8.121516,2.141815,1.407021,0.281404,0.282178,1.000000,2.500000,0.650000,0.160510,0.134008,0.101854,0.002061,0.099242,0.004111,0.069312,0.238684,0.119951,0.031705,-0.115499,0.048947
3253,-7.600480,0.997062,2.972558,0.594512,0.299026,1.000000,2.500000,0.650000,0.160551,0.132030,0.100591,0.000142,0.096321,0.004372,0.067539,0.239773,0.119988,0.031162,-0.112192,0.048231
3254,-7.566542,0.951455,3.071469,0.614294,0.295509,1.000000,2.500000,0.650000,0.160135,0.131279,0.101464,0.001070,0.096091,0.004692,0.068314,0.239571,0.119998,0.032270,-0.113561,0.048017
3255,-7.464804,0.820706,3.476724,0.695345,0.276585,1.000000,2.500000,0.650000,0.160121,0.132671,0.100649,0.002680,0.096061,0.003034,0.066033,0.239208,0.119994,0.032303,-0.112153,0.048638
3256,-7.717939,1.153623,2.541648,0.508330,0.302915,1.000000,2.500000,0.650000,0.160213,0.130622,0.099992,0.000282,0.098334,0.003457,0.067790,0.239998,0.119891,0.031030,-0.115467,0.047980
3257,-7.644177,1.068206,2.807726,0.561545,0.324274,1.000000,2.500000,0.650000,0.160981,0.132237,0.101832,0.001033,0.096114,0.003125,0.065605,0.239997,0.119966,0.031285,-0.112473,0.047412
3258,-7.583438,0.941748,3.000166,0.600033,0.272750,1.000000,2.500000,0.650000,0.160096,0.131784,0.099787,0.003238,0.099041,0.003295,0.069444,0.237077,0.119944,0.032240,-0.112412,0.049505
3259,-7.581314,0.942050,3.006011,0.601202,0.286853,1.000000,2.500000,0.650000,0.160536,0.130156,0.099754,0.002766,0.096571,0.003197,0.067415,0.239900,0.119876,0.032367,-0.112860,0.049357
3260,-9.991537,3.096906,0.846270,0.169254,0.771701,0.000000,2.500000,0.650000,0.161169,0.132607,0.102742,0.000080,0.096739,0.004404,0.065185,0.239990,0.119962,0.030557,-0.112602,0.046668
3261,-7.591874,0.942365,2.960475,0.592095,0.279970,1.000000,2.500000,0.650000,0.160190,0.129187,0.098467,0.004002,0.096157,0.001840,0.067635,0.239295,0.119989,0.032702,-0.112103,0.049343
3262,-7.554513,0.933410,3.139576,0.627915,0.294499,1.000000,2.500000,0.650000,0.160089,0.132175,0.101386,0.000509,0.097041,0.004632,0.066376,0.239934,0.119904,0.031155,-0.112086,0.047316
3263,-7.904898,1.521778,1.883490,0.376698,0.317103,1.000000,2.500000,0.650000,0.161839,0.132770,0.100953,0.002151,0.096013,0.002152,0.065641,0.239986,0.119850,0.031432,-0.113067,0.047664
3264,-7.556854,0.912131,3.108319,0.621664,0.286793,1.000000,2.500000,0.650000,0.160051,0.133293,0.100362,0.003115,0.096557,0.003061,0.066599,0.239336,0.119987,0.032421,-0.112898,0.049572
3265,-7.567734,0.935798,3.031302,0.606260,0.286336,1.000000,2.500000,0.650000,0.160150,0.130101,0.100270,0.002111,0.096034,0.003297,0.066797,0.239991,0.119998,0.032406,-0.112195,0.048538
3266,-7.593265,0.965346,2.966876,0.593375,0.284129,1.000000,2.500000,0.650000,0.160109,0.132518,0.099790,0.002022,0.096033,0.003295,0.067155,0.239218,0.119996,0.032368,-0.112402,0.048433
3267,-7.635165,1.027796,2.821698,0.564340,0.300439,1.000000,2.500000,0.650000,0.161268,0.133712,0.100669,0.002243,0.097037,0.004197,0.065281,0.239999,0.119981,0.031640,-0.112239,0.049210
3268,-7.810075,1.355355,2.171954,0.434391,0.319713,1.000000,2.500000,0.650000,0.161343,0.132390,0.100648,0.000575,0.096720,0.003293,0.065876,0.239918,0.119977,0.031758,-0.112040,0.047408
3269,-7.511274,0.862981,3.299363,0.659873,0.298296,1.000000,2.500000,0.650000,0.161567,0.131660,0.100950,0.001740,0.096155,0.002646,0.067728,0.238869,0.119993,0.031969,-0.112048,0.048058
3270,-7.640549,1.031201,2.808491,0.561698,0.290109,1.000000,2.500000,0.650000,0.160182,0.134030,0.100896,0.002767,0.096760,0.003813,0.066656,0.238888,0.119998,0.031509,-0.113273,0.049074
3271,-7.678132,1.086923,2.652031,0.530406,0.280492,1.000000,2.500000,0.650000,0.160091,0.131137,0.100494,0.003242,0.098069,0.003285,0.068592,0.239589,0.119842,0.032450,-0.112177,0.049449
3272,-7.558924,0.913229,3.098455,0.619691,0.280774,1.000000,2.500000,0.650000,0.160726,0.130891,0.100082,0.002583,0.096214,0.003984,0.067951,0.239484,0.119483,0.031901,-0.112038,0.049259
3273,-7.642832,1.072551,2.833345,0.566669,0.298686,1.000000,2.500000,0.650000,0.160005,0.131946,0.099858,0.000327,0.098522,0.004520,0.065963,0.239825,0.119961,0.031464,-0.112078,0.047691
3274,-7.658049,1.056663,2.742854,0.548571,0.294818,1.000000,2.500000,0.650000,0.160286,0.132847,0.100677,0.001643,0.096701,0.003974,0.067494,0.239837,0.119887,0.031370,-0.113373,0.048611
3275,-7.684292,1.075770,2.631464,0.526293,0.288095,1.000000,2.500000,0.650000,0.160046,0.130394,0.099403,0.002419,0.096239,0.002919,0.067152,0.239935,0.119999,0.032552,-0.112048,0.048508
3276,-7.951754,1.605295,1.711114,0.342223,0.297673,1.000000,2.500000,0.650000,0.160259,0.132557,0.101483,0.002955,0.096145,0.003385,0.067127,0.239275,0.119899,0.031933,-0.113112,0.048493
3277,-7.551647,0.925550,3.123551,0.624710,0.288020,1.000000,2.500000,0.650000,0.161009,0.132425,0.100904,0.001200,0.096023,0.004489,0.067603,0.239559,0.120000,0.031486,-0.112064,0.048257
3278,-9.168748,6.465982,0.454946,0.090989,0.290280,1.000000,2.500000,0.650000,0.160036,0.131901,0.100013,0.002182,0.096967,0.003222,0.067965,0.239830,0.119988,0.032224,-0.112638,0.049130
3279,-7.741627,1.161776,2.435031,0.487006,0.287691,1.000000,2.500000,0.650000,0.160290,0.128799,0.098799,0.002642,0.096024,0.002429,0.068719,0.239211,0.119967,0.032439,-0.112005,0.048943
3280,-7.584589,0.943742,2.992197,0.598439,0.274192,1.000000,2.500000,0.650000,0.160065,0.130902,0.100333,0.002977,0.096018,0.002421,0.067659,0.238490,0.119961,0.033021,-0.112000,0.049207
3281,-8.403751,2.982657,0.961340,0.192268,0.294565,1.000000,2.500000,0.650000,0.160005,0.131690,0.100445,0.001606,0.096000,0.003949,0.066985,0.239666,0.119879,0.031505,-0.112222,0.048908
3282,-7.824450,1.345721,2.176036,0.435207,0.316883,1.000000,2.500000,0.650000,0.160952,0.131479,0.101171,0.000420,0.096015,0.004787,0.069028,0.239151,0.119989,0.031412,-0.112002,0.048764
3283,-7.693224,1.124834,2.626839,0.525368,0.301369,1.000000,2.500000,0.650000,0.161565,0.133161,0.101334,0.000491,0.096087,0.003738,0.067879,0.239392,0.119952,0.030823,-0.113057,0.048360
3284,-7.933936,1.583736,1.794354,0.358871,0.317422,1.000000,2.500000,0.650000,0.160097,0.132421,0.099879,0.001444,0.096002,0.003704,0.067648,0.239874,0.119980,0.032696,-0.112092,0.048969
3285,-7.632604,1.028172,2.761320,0.552264,0.294887,1.000000,2.500000,0.650000,0.160122,0.131680,0.099719,0.002463,0.096161,0.003238,0.066849,0.239574,0.119999,0.031956,-0.112014,0.048502
3286,-7.649071,1.040341,2.734659,0.546932,0.285728,1.000000,2.500000,0.650000,0.160469,0.131305,0.100660,0.001678,0.096204,0.003343,0.068006,0.239614,0.119999,0.032028,-0.112278,0.047620
3287,-7.632774,1.049132,2.836324,0.567265,0.324439,1.000000,2.500000,0.650000,0.160645,0.132592,0.101533,0.000932,0.097175,0.003408,0.066169,0.239905,0.119980,0.031948,-0.112148,0.047248
3288,-7.687976,1.117993,2.577408,0.515482,0.313119,1.000000,2.500000,0.650000,0.160220,0.132585,0.101904,0.000478,0.096043,0.004211,0.066143,0.239576,0.120000,0.031331,-0.112829,0.048003
3289,-7.706161,1.140781,2.540733,0.508147,0.306793,1.000000,2.500000,0.650000,0.160288,0.132046,0.100636,0.002993,0.096361,0.003132,0.067004,0.239213,0.119999,0.032237,-0.112009,0.048402
3290,-7.722988,1.109953,2.501436,0.500287,0.281172,1.000000,2.500000,0.650000,0.160014,0.132845,0.100242,0.003202,0.096187,0.002760,0.067976,0.237787,0.119988,0.032968,-0.112516,0.049177
3291,-7.590581,0.960336,2.964461,0.592892,0.290764,1.000000,2.500000,0.650000,0.160041,0.130377,0.100527,0.002670,0.096247,0.002160,0.067556,0.239147,0.119942,0.032702,-0.112640,0.048161
3292,-7.524921,0.880894,3.253169,0.650634,0.283239,1.000000,2.500000,0.650000,0.160912,0.134099,0.102085,0.003301,0.098923,0.003892,0.066980,0.238497,0.119978,0.031894,-0.112384,0.049241
3293,-7.595314,0.968341,2.924523,0.584905,0.293522,1.000000,2.500000,0.650000,0.160260,0.131566,0.099919,0.002468,0.096024,0.002860,0.065644,0.239888,0.119999,0.032634,-0.112856,0.048914
3294,-7.667446,1.082589,2.704448,0.540890,0.295429,1.000000,2.500000,0.650000,0.160005,0.130851,0.100676,0.000487,0.097421,0.003890,0.067334,0.239930,0.119949,0.031862,-0.112175,0.048214
3295,-7.715806,1.114219,2.492951,0.498590,0.290873,1.000000,2.500000,0.650000,0.160152,0.132331,0.100305,0.003012,0.096982,0.002596,0.067487,0.238536,0.119976,0.032549,-0.112052,0.049208
3296,-7.590213,0.960678,2.983925,0.596785,0.284005,1.000000,2.500000,0.650000,0.160009,0.128765,0.099496,0.001532,0.097931,0.003545,0.068313,0.239406,0.119850,0.032446,-0.113058,0.048678
3297,-7.727142,1.156592,2.493922,0.498784,0.294962,1.000000,2.500000,0.650000,0.160294,0.131520,0.100417,0.001807,0.096365,0.003307,0.067543,0.239810,0.119974,0.032362,-0.112138,0.048284
3298,-7.616477,0.989913,2.885886,0.577177,0.284064,1.000000,2.500000,0.650000,0.160347,0.131722,0.101803,0.001044,0.096263,0.003142,0.068219,0.237893,0.120000,0.032266,-0.112083,0.048005
3299,-7.576318,0.942794,3.051309,0.610262,0.289955,1.000000,2.500000,0.650000,0.161025,0.134031,0.100869,0.002619,0.096939,0.003199,0.066378,0.239532,0.119999,0.032072,-0.112199,0.048429
3300,-7.585581,0.954208,2.996378,0.599276,0.280859,1.000000,2.500000,0.650000,0.160371,0.132485,0.099911,0.003161,0.096103,0.002307,0.066627,0.238663,0.119962,0.032828,-0.112016,0.048982
3301,-7.649943,1.019853,2.757086,0.551417,0.280620,1.000000,2.500000,0.650000,0.160724,0.132628,0.100736,0.004232,0.099642,0.002817,0.068411,0.237874,0.119991,0.031902,-0.112362,0.049376
3302,-8.303834,2.663535,1.049693,0.209939,0.337669,1.000000,2.500000,0.650000,0.160031,0.132334,0.100974,0.002722,0.096693,0.003104,0.065993,0.239586,0.119999,0.032576,-0.112332,0.049097
3303,-7.903863,1.548507,1.879364,0.375873,0.294865,1.000000,2.500000,0.650000,0.161303,0.134208,0.102737,0.003492,0.101947,0.002507,0.066624,0.236625,0.119961,0.032396,-0.112414,0.049575
3304,-7.824456,1.330693,2.131779,0.426356,0.289620,1.000000,2.500000,0.650000,0.160000,0.131426,0.100523,0.003073,0.096365,0.003312,0.066926,0.239653,0.119948,0.032847,-0.112146,0.049082
3305,-7.551941,0.926809,3.060878,0.612176,0.287588,1.000000,2.500000,0.650000,0.160876,0.131951,0.101281,0.001912,0.096007,0.002933,0.066272,0.238963,0.119995,0.032637,-0.112074,0.047714
3306,-9.987616,1.764541,1.238442,0.247688,0.984595,0.000000,2.500000,0.650000,0.161273,0.134315,0.101948,0.002470,0.098077,0.004091,0.066385,0.239416,0.119987,0.031340,-0.112233,0.048186
3307,-7.746453,1.172526,2.424311,0.484862,0.289854,1.000000,2.500000,0.650000,0.160565,0.131541,0.100221,0.003741,0.097884,0.003230,0.068367,0.237992,0.119995,0.032900,-0.112509,0.049362
3308,-7.557420,0.905410,3.094523,0.618905,0.285395,1.000000,2.500000,0.650000,0.161799,0.135237,0.101439,0.003575,0.100550,0.003205,0.066955,0.237873,0.119901,0.031874,-0.112015,0.049529
3309,-7.535661,0.888358,3.168561,0.633712,0.284645,1.000000,2.500000,0.650000,0.161476,0.134448,0.101942,0.003294,0.098772,0.003196,0.066812,0.238247,0.119999,0.031978,-0.112379,0.048827
3310,-7.521637,0.902883,3.270375,0.654075,0.289945,1.000000,2.500000,0.650000,0.160347,0.134001,0.101162,0.001709,0.096002,0.004791,0.067534,0.239136,0.119998,0.031408,-0.112169,0.049087
3311,-7.511401,0.861824,3.305673,0.661135,0.292513,1.000000,2.500000,0.650000,0.160516,0.133831,0.101332,0.002769,0.096407,0.002786,0.066463,0.238423,0.119986,0.032065,-0.112969,0.048422
3312,-7.580818,0.939083,3.015602,0.603120,0.286314,1.000000,2.500000,0.650000,0.160016,0.132052,0.100373,0.002946,0.096157,0.003150,0.067391,0.239005,0.119976,0.032207,-0.112291,0.048481
3313,-7.593232,0.973345,2.970282,0.594056,0.293548,1.000000,2.500000,0.650000,0.161125,0.132369,0.102035,0.001932,0.096097,0.003085,0.068470,0.236905,0.119928,0.031444,-0.113792,0.047518
3314,-7.777007,1.258335,2.232505,0.446501,0.299540,1.000000,2.500000,0.650000,0.160836,0.134952,0.103165,0.002285,0.097584,0.003471,0.065890,0.238348,0.119989,0.031861,-0.113488,0.048738
3315,-7.577803,0.939689,3.046685,0.609337,0.294814,1.000000,2.500000,0.650000,0.162787,0.135866,0.101812,0.002728,0.098893,0.003082,0.067084,0.237253,0.119908,0.031725,-0.112745,0.049241
3316,-8.045788,1.935595,1.507310,0.301462,0.306439,1.000000,2.500000,0.650000,0.161245,0.135311,0.102073,0.003429,0.099268,0.003421,0.066702,0.237481,0.120000,0.031642,-0.112952,0.049204
3317,-7.619569,0.990383,2.875725,0.575145,0.292873,1.000000,2.500000,0.650000,0.160878,0.135650,0.101891,0.003976,0.099631,0.003363,0.065564,0.238510,0.119953,0.032012,-0.113091,0.049373
3318,-7.610823,0.964675,2.878830,0.575766,0.296528,1.000000,2.500000,0.650000,0.160644,0.134672,0.102048,0.003498,0.097668,0.003031,0.065845,0.239139,0.119972,0.032400,-0.112924,0.049229
3319,-7.709250,1.128432,2.578972,0.515794,0.291169,1.000000,2.500000,0.650000,0.160439,0.133592,0.101868,0.002669,0.096045,0.003340,0.067066,0.238305,0.119994,0.032508,-0.112172,0.048677
3320,-7.676670,1.081525,2.673114,0.534623,0.297260,1.000000,2.500000,0.650000,0.160437,0.134387,0.101870,0.002012,0.096631,0.004523,0.067929,0.238260,0.119919,0.032002,-0.112478,0.048809
3321,-7.668832,1.042675,2.702214,0.540443,0.294068,1.000000,2.500000,0.650000,0.160000,0.133325,0.101135,0.002999,0.096365,0.002643,0.067320,0.238514,0.119906,0.032317,-0.113472,0.049295
3322,-7.642909,1.021085,2.774414,0.554883,0.282139,1.000000,2.500000,0.650000,0.160039,0.133041,0.100266,0.003894,0.097253,0.003337,0.067305,0.239122,0.119885,0.032671,-0.112156,0.049425
3323,-7.833422,1.379096,2.120383,0.424077,0.306297,1.000000,2.500000,0.650000,0.161692,0.135568,0.101573,0.002828,0.098007,0.003488,0.067019,0.238499,0.119801,0.031831,-0.112612,0.049296
3324,-7.578358,0.939636,2.991770,0.598354,0.284695,1.000000,2.500000,0.650000,0.160686,0.135107,0.101346,0.003501,0.097352,0.002862,0.066866,0.237985,0.119957,0.032681,-0.112754,0.049110
3325,-7.968043,1.685532,1.738374,0.347675,0.305878,1.000000,2.500000,0.650000,0.160473,0.132051,0.101247,0.001814,0.096121,0.003231,0.068347,0.237346,0.119947,0.031692,-0.112456,0.048602
3326,-7.535226,0.898887,3.196526,0.639305,0.277095,1.000000,2.500000,0.650000,0.161432,0.133257,0.101335,0.003223,0.097870,0.002225,0.067421,0.236588,0.119999,0.032186,-0.112157,0.048635
3327,-7.620819,0.984515,2.868344,0.573669,0.290768,1.000000,2.500000,0.650000,0.162072,0.134817,0.101277,0.004003,0.099286,0.002095,0.067147,0.236727,0.119984,0.031704,-0.114040,0.049147
3328,-7.797465,1.304281,2.207997,0.441599,0.291309,1.000000,2.500000,0.650000,0.161314,0.135924,0.103333,0.002854,0.099798,0.003956,0.068105,0.235503,0.119893,0.032046,-0.113550,0.048872
3329,-7.702753,1.092602,2.559014,0.511803,0.280788,1.000000,2.500000,0.650000,0.160730,0.132355,0.100207,0.003265,0.097227,0.002958,0.068776,0.237640,0.119997,0.032135,-0.112202,0.049300
3330,-7.580493,0.933826,3.025834,0.605167,0.294127,1.000000,2.500000,0.650000,0.162358,0.134443,0.102051,0.002970,0.097602,0.001808,0.067248,0.236663,0.119832,0.032034,-0.113705,0.048174
3331,-7.635284,1.011672,2.815906,0.563181,0.295380,1.000000,2.500000,0.650000,0.161702,0.135560,0.102900,0.003282,0.099040,0.003491,0.066980,0.237681,0.120000,0.031328,-0.114027,0.049070
3332,-7.644429,1.053280,2.752303,0.550461,0.292632,1.000000,2.500000,0.650000,0.160809,0.133149,0.101359,0.003037,0.096503,0.002813,0.066978,0.238246,0.120000,0.031884,-0.112945,0.048436
3333,-7.680458,1.089559,2.665085,0.533017,0.300468,1.000000,2.500000,0.650000,0.160441,0.133542,0.101168,0.001979,0.096001,0.003741,0.066641,0.239332,0.119992,0.031809,-0.112029,0.048653
3334,-7.637335,1.013974,2.827435,0.565487,0.302570,1.000000,2.500000,0.650000,0.161758,0.134832,0.101734,0.002503,0.097298,0.002974,0.066547,0.237658,0.119992,0.031978,-0.112878,0.048841
3335,-7.733780,1.143476,2.471958,0.494392,0.291253,1.000000,2.500000,0.650000,0.161216,0.134525,0.100653,0.003713,0.097792,0.002118,0.067320,0.237854,0.119905,0.032498,-0.112229,0.049275
3336,-9.996414,5.059110,0.358564,0.071713,1.398368,0.000000,2.500000,0.650000,0.161148,0.133716,0.100831,0.003847,0.097227,0.002352,0.067373,0.237866,0.119976,0.032402,-0.112804,0.047913
3337,-7.643811,1.022230,2.783399,0.556680,0.291366,1.000000,2.500000,0.650000,0.162449,0.134929,0.100863,0.004132,0.100188,0.001352,0.067515,0.235743,0.119926,0.032120,-0.112381,0.049029
3338,-7.809356,1.285112,2.157978,0.431596,0.312430,1.000000,2.500000,0.650000,0.162286,0.135376,0.101706,0.002884,0.098383,0.002110,0.066417,0.237434,0.119842,0.031952,-0.112993,0.048716
3339,-7.607768,0.970275,2.942154,0.588431,0.300313,1.000000,2.500000,0.650000,0.164204,0.135395,0.102869,0.004134,0.100291,0.001482,0.066603,0.235746,0.119905,0.032239,-0.113716,0.048295
3340,-7.538955,0.874208,3.171961,0.634392,0.296674,1.000000,2.500000,0.650000,0.160800,0.134881,0.101258,0.003791,0.097896,0.002420,0.066461,0.238358,0.119912,0.031908,-0.113466,0.049158
3341,-7.699502,1.109487,2.589971,0.517994,0.297857,1.000000,2.500000,0.650000,0.160842,0.133374,0.102005,0.002504,0.096458,0.002450,0.067241,0.236823,0.120000,0.032103,-0.112212,0.048572
3342,-7.660670,1.056038,2.718146,0.543629,0.293833,1.000000,2.500000,0.650000,0.160299,0.132782,0.101424,0.002930,0.096792,0.002749,0.067597,0.238827,0.119995,0.032165,-0.113116,0.048730
3343,-7.591123,0.931634,2.959504,0.591901,0.276515,1.000000,2.500000,0.650000,0.161037,0.130875,0.100307,0.004079,0.097532,0.001221,0.067891,0.237091,0.119991,0.033310,-0.112499,0.048837
3344,-8.263596,2.448700,1.167273,0.233455,0.308911,1.000000,2.500000,0.650000,0.162188,0.134320,0.102061,0.003642,0.100626,0.002381,0.066632,0.237013,0.119897,0.032068,-0.112465,0.049376
3345,-7.736546,1.191449,2.424775,0.484955,0.294896,1.000000,2.500000,0.650000,0.160980,0.135194,0.101894,0.004586,0.099894,0.001535,0.066579,0.236749,0.119998,0.032537,-0.112472,0.049183
3346,-7.876274,1.387458,2.031820,0.406364,0.287668,1.000000,2.500000,0.650000,0.161524,0.136099,0.102190,0.004448,0.101023,0.002410,0.066871,0.236772,0.119991,0.031798,-0.114936,0.049659
3347,-7.599711,0.988614,2.887344,0.577469,0.283907,1.000000,2.500000,0.650000,0.161950,0.132709,0.100632,0.003674,0.097193,0.002104,0.066732,0.238649,0.119913,0.032454,-0.112056,0.048552
3348,-7.719763,1.136127,2.509042,0.501808,0.304847,1.000000,2.500000,0.650000,0.164672,0.133634,0.102136,0.001703,0.096280,0.002419,0.067609,0.237241,0.119907,0.031327,-0.113739,0.047047
3349,-7.683329,1.062762,2.647585,0.529517,0.283414,1.000000,2.500000,0.650000,0.162616,0.135816,0.101841,0.004412,0.101386,0.002320,0.067542,0.236590,0.119822,0.032260,-0.112193,0.049581
3350,-7.606462,0.970154,2.928892,0.585778,0.286496,1.000000,2.500000,0.650000,0.161425,0.135312,0.102141,0.003639,0.098838,0.002290,0.066726,0.237430,0.120000,0.031999,-0.113688,0.049073
3351,-7.734893,1.153722,2.456588,0.491318,0.294225,1.000000,2.500000,0.650000,0.161489,0.133380,0.102112,0.004240,0.098289,0.001475,0.065878,0.236917,0.119869,0.032937,-0.112993,0.048423
3352,-7.558956,0.926629,3.112505,0.622501,0.297976,1.000000,2.500000,0.650000,0.163141,0.136508,0.102985,0.002692,0.098904,0.002497,0.065992,0.238209,0.119828,0.031684,-0.113625,0.048328
3353,-8.115766,2.087979,1.413415,0.282683,0.303295,1.000000,2.500000,0.650000,0.162580,0.133981,0.100414,0.002091,0.096539,0.002476,0.067332,0.237119,0.119934,0.031950,-0.112150,0.048576
3354,-7.712350,1.155535,2.442170,0.488434,0.291683,1.000000,2.500000,0.650000,0.161092,0.132970,0.101207,0.002469,0.096152,0.002413,0.066415,0.238249,0.119911,0.032143,-0.113056,0.048312
3355,-7.752501,1.172982,2.388343,0.477669,0.292483,1.000000,2.500000,0.650000,0.161829,0.134652,0.102232,0.003430,0.098489,0.001947,0.065741,0.237312,0.119913,0.032241,-0.112949,0.048497
3356,-7.807944,1.270772,2.236941,0.447388,0.281451,1.000000,2.500000,0.650000,0.161915,0.134947,0.101487,0.003856,0.099053,0.001763,0.066530,0.237657,0.119915,0.032000,-0.113439,0.049090
3357,-7.570613,0.923587,3.061099,0.612220,0.291285,1.000000,2.500000,0.650000,0.162184,0.135289,0.102342,0.004264,0.101246,0.002493,0.066381,0.238630,0.119889,0.032235,-0.112318,0.049499
3358,-7.600755,0.956295,2.948306,0.589661,0.300879,1.000000,2.500000,0.650000,0.161766,0.135201,0.101777,0.003188,0.098722,0.002755,0.065838,0.238295,0.119979,0.031585,-0.112440,0.048693
3359,-7.564696,0.923677,3.091426,0.618285,0.302442,1.000000,2.500000,0.650000,0.161938,0.136992,0.101696,0.002778,0.097877,0.003151,0.065297,0.239220,0.119553,0.031589,-0.112199,0.049307
3360,-7.649360,1.022984,2.781370,0.556274,0.279013,1.000000,2.500000,0.650000,0.160625,0.133510,0.101817,0.003351,0.099182,0.003160,0.069126,0.236765,0.119986,0.032556,-0.113183,0.049471
3361,-8.068216,1.894201,1.451957,0.290391,0.309526,1.000000,2.500000,0.650000,0.161971,0.132501,0.101404,0.002837,0.096370,0.001723,0.066365,0.238253,0.119954,0.032810,-0.112325,0.048335
3362,-7.983411,1.693691,1.771120,0.354224,0.315701,1.000000,2.500000,0.650000,0.162941,0.138023,0.103282,0.002224,0.098229,0.002652,0.063891,0.239194,0.119668,0.031636,-0.112650,0.047988
3363,-7.539291,0.900429,3.197969,0.639594,0.299622,1.000000,2.500000,0.650000,0.162698,0.133871,0.101335,0.003024,0.097635,0.002052,0.066655,0.238196,0.119933,0.031536,-0.113520,0.048122
3364,-9.980163,1.319724,1.983672,0.396734,0.457807,0.000000,2.500000,0.650000,0.163383,0.136411,0.102393,0.002485,0.098775,0.002181,0.065528,0.238142,0.119769,0.032035,-0.113139,0.048442
3365,-7.588260,0.955807,2.996640,0.599328,0.291959,1.000000,2.500000,0.650000,0.163354,0.135812,0.102734,0.003480,0.099520,0.002240,0.065328,0.238476,0.119877,0.031620,-0.113846,0.048498
3366,-8.483014,3.437546,0.854338,0.170868,0.283454,1.000000,2.500000,0.650000,0.161667,0.133303,0.101313,0.002488,0.096048,0.001801,0.066036,0.238925,0.119938,0.031357,-0.112618,0.047894
3367,-7.731267,1.163235,2.478997,0.495799,0.336479,1.000000,2.500000,0.650000,0.162636,0.136768,0.102731,0.003596,0.100084,0.002796,0.065419,0.237576,0.119674,0.031060,-0.114516,0.049115
3368,-7.741282,1.171130,2.360709,0.472142,0.296892,1.000000,2.500000,0.650000,0.161643,0.135238,0.101882,0.003629,0.100097,0.002447,0.065784,0.238767,0.119927,0.032136,-0.112754,0.049192
3369,-7.562648,0.914852,3.073598,0.614720,0.285919,1.000000,2.500000,0.650000,0.162816,0.136079,0.101769,0.003402,0.099357,0.002040,0.065919,0.238337,0.119956,0.032152,-0.112444,0.048977
3370,-9.984011,1.302854,1.598905,0.319781,1.061975,0.000000,2.500000,0.650000,0.163107,0.135398,0.102112,0.003308,0.098450,0.002739,0.066351,0.238874,0.119845,0.031412,-0.112665,0.048298
3371,-7.573921,0.940040,3.051336,0.610267,0.294189,1.000000,2.500000,0.650000,0.161489,0.135803,0.101959,0.003403,0.098192,0.002831,0.065636,0.238163,0.119910,0.031330,-0.113776,0.048788
3372,-9.984507,1.621170,1.549268,0.309854,0.717315,0.000000,2.500000,0.650000,0.160269,0.132404,0.100544,0.003519,0.096625,0.001956,0.066033,0.239709,0.120000,0.032535,-0.112654,0.049493
3373,-7.534896,0.883627,3.184870,0.636974,0.297195,1.000000,2.500000,0.650000,0.163922,0.134990,0.100898,0.004765,0.100124,0.001085,0.065623,0.238898,0.119624,0.031826,-0.112674,0.048945
3374,-7.595272,0.951059,2.962300,0.592460,0.294589,1.000000,2.500000,0.650000,0.162080,0.132949,0.100983,0.002709,0.096951,0.002302,0.066650,0.238682,0.119972,0.031382,-0.112094,0.048327
3375,-7.800709,1.257414,2.259033,0.451807,0.306645,1.000000,2.500000,0.650000,0.164141,0.136699,0.102084,0.003671,0.101366,0.002582,0.065525,0.239159,0.119490,0.031120,-0.112049,0.049009
3376,-7.700069,1.112822,2.589944,0.517989,0.283012,1.000000,2.500000,0.650000,0.162705,0.134649,0.102122,0.003225,0.099248,0.002203,0.066811,0.238656,0.119784,0.031604,-0.113706,0.048265
3377,-7.520712,0.895333,3.277777,0.655555,0.304809,1.000000,2.500000,0.650000,0.163442,0.136999,0.101449,0.002894,0.099774,0.003186,0.065244,0.239150,0.119689,0.030779,-0.112044,0.048635
3378,-7.665013,1.082864,2.715925,0.543185,0.301975,1.000000,2.500000,0.650000,0.164090,0.139312,0.102994,0.003528,0.102127,0.002947,0.064608,0.238856,0.119339,0.031217,-0.114802,0.049150
3379,-7.538614,0.894831,3.207897,0.641579,0.305617,1.000000,2.500000,0.650000,0.162776,0.135075,0.101173,0.002869,0.097849,0.002927,0.065575,0.239794,0.119882,0.031119,-0.112021,0.048497
3380,-7.557932,0.907702,3.113596,0.622719,0.301549,1.000000,2.500000,0.650000,0.163756,0.136044,0.101720,0.004338,0.100516,0.000777,0.064665,0.238853,0.119739,0.031954,-0.113155,0.048571
3381,-7.615191,0.970669,2.880317,0.576063,0.289507,1.000000,2.500000,0.650000,0.160967,0.134208,0.099767,0.004472,0.098981,0.002112,0.066422,0.239687,0.119882,0.032082,-0.112093,0.049610
3382,-7.621445,0.977965,2.862525,0.572505,0.292814,1.000000,2.500000,0.650000,0.162613,0.134569,0.099723,0.003420,0.097232,0.001861,0.065603,0.239157,0.119621,0.031852,-0.112281,0.048558
3383,-7.653485,1.041742,2.734054,0.546811,0.295675,1.000000,2.500000,0.650000,0.163908,0.137460,0.102349,0.004728,0.100954,0.001549,0.064120,0.238471,0.119705,0.031232,-0.113824,0.048638
3384,-7.513857,0.881042,3.313392,0.662678,0.293007,1.000000,2.500000,0.650000,0.162760,0.135564,0.101498,0.003037,0.098402,0.002976,0.067415,0.238198,0.119760,0.031432,-0.112770,0.048692
3385,-7.561085,0.915059,3.098422,0.619684,0.304120,1.000000,2.500000,0.650000,0.164639,0.137430,0.101737,0.004064,0.101073,0.002336,0.065569,0.237851,0.119706,0.031858,-0.112015,0.048937
3386,-7.551535,0.929812,3.143218,0.628644,0.293070,1.000000,2.500000,0.650000,0.163350,0.136385,0.100374,0.003600,0.099446,0.002519,0.064807,0.239753,0.119450,0.031851,-0.112017,0.049499
3387,-7.675260,1.058367,2.668975,0.533795,0.293160,1.000000,2.500000,0.650000,0.163571,0.136296,0.100354,0.004984,0.101699,0.001540,0.065771,0.238612,0.119726,0.031099,-0.112311,0.048992
3388,-7.570897,0.946402,3.080695,0.616139,0.296464,1.000000,2.500000,0.650000,0.161102,0.133805,0.099871,0.003499,0.096778,0.002941,0.065692,0.239967,0.119932,0.031155,-0.112004,0.048501
3389,-7.605846,0.970280,2.926940,0.585388,0.282308,1.000000,2.500000,0.650000,0.160744,0.134025,0.100252,0.003713,0.097423,0.001671,0.066063,0.239239,0.119938,0.031853,-0.112133,0.048395
3390,-7.664901,1.041137,2.695276,0.539055,0.291406,1.000000,2.500000,0.650000,0.162811,0.134855,0.100431,0.003569,0.097981,0.001595,0.065858,0.239540,0.119727,0.032612,-0.112089,0.048848
3391,-7.599060,0.974184,2.903141,0.580628,0.288509,1.000000,2.500000,0.650000,0.163549,0.135955,0.101107,0.004463,0.100912,0.000913,0.066394,0.237679,0.119841,0.031993,-0.113248,0.049267
3392,-7.800397,1.287306,2.206763,0.441353,0.342742,1.000000,2.500000,0.650000,0.164735,0.136683,0.102190,0.002696,0.099664,0.002399,0.064941,0.239566,0.119686,0.031021,-0.112006,0.048436
3393,-8.229976,2.499279,1.202989,0.240598,0.307993,1.000000,2.500000,0.650000,0.163206,0.135979,0.101019,0.003063,0.099558,0.003094,0.066721,0.239094,0.119733,0.031130,-0.112055,0.049182
3394,-7.655028,1.072379,2.747628,0.549526,0.315096,1.000000,2.500000,0.650000,0.164314,0.136517,0.101857,0.002006,0.099674,0.003354,0.066757,0.238419,0.119857,0.030726,-0.112119,0.048783
3395,-7.527019,0.890415,3.258907,0.651781,0.297061,1.000000,2.500000,0.650000,0.162577,0.134044,0.100886,0.002726,0.097469,0.003181,0.066750,0.239324,0.119698,0.030880,-0.112195,0.048222
3396,-7.640645,1.020659,2.816963,0.563393,0.301639,1.000000,2.500000,0.650000,0.162516,0.133567,0.099398,0.002823,0.097176,0.002945,0.067767,0.239055,0.119877,0.031183,-0.112030,0.048501
3397,-7.578872,0.939667,3.014539,0.602908,0.287521,1.000000,2.500000,0.650000,0.161854,0.135658,0.100728,0.004616,0.100659,0.002669,0.066405,0.239095,0.119687,0.031914,-0.112108,0.049742
3398,-7.472009,0.853225,3.451891,0.690378,0.300471,1.000000,2.500000,0.650000,0.163048,0.136387,0.100639,0.002628,0.097530,0.002752,0.065449,0.239881,0.119642,0.031390,-0.112049,0.048964
3399,-7.554140,0.908386,3.116450,0.623290,0.292894,1.000000,2.500000,0.650000,0.162849,0.134820,0.099850,0.004668,0.098790,0.001922,0.066400,0.239017,0.119518,0.032234,-0.112091,0.049415
3400,-7.899952,1.482424,1.978609,0.395722,0.313039,1.000000,2.500000,0.650000,0.162467,0.136285,0.102361,0.002625,0.098496,0.003324,0.065421,0.239283,0.119583,0.030965,-0.112926,0.048732
3401,-7.573351,0.946004,3.056554,0.611311,0.292547,1.000000,2.500000,0.650000,0.162556,0.137399,0.100683,0.003495,0.098359,0.001996,0.065338,0.238864,0.119681,0.031239,-0.112533,0.049129
3402,-9.972751,0.973125,2.724920,0.544984,0.403048,0.000000,2.500000,0.650000,0.163408,0.135541,0.101013,0.003023,0.098951,0.002944,0.066380,0.239643,0.119695,0.031986,-0.112033,0.049465
3403,-7.546822,0.900500,3.150282,0.630056,0.290513,1.000000,2.500000,0.650000,0.163466,0.134923,0.100572,0.003609,0.098377,0.001975,0.066021,0.239278,0.119482,0.031152,-0.112547,0.049073
3404,-7.665827,1.060990,2.724817,0.544963,0.300689,1.000000,2.500000,0.650000,0.165149,0.135583,0.101943,0.002844,0.099843,0.002252,0.067720,0.237414,0.119563,0.030961,-0.113030,0.048583
3405,-7.630714,0.989858,2.826974,0.565395,0.291938,1.000000,2.500000,0.650000,0.160841,0.134139,0.100186,0.004440,0.098791,0.001885,0.066430,0.239237,0.119815,0.032721,-0.112031,0.049827
3406,-7.533212,0.889986,3.225398,0.645080,0.304955,1.000000,2.500000,0.650000,0.164560,0.136630,0.100254,0.003838,0.099242,0.002083,0.064117,0.239855,0.118978,0.031446,-0.112016,0.049178
3407,-7.541564,0.885884,3.179665,0.635933,0.286446,1.000000,2.500000,0.650000,0.162383,0.134490,0.100682,0.004155,0.100408,0.002523,0.067495,0.238824,0.119754,0.031944,-0.112266,0.049155
3408,-7.649421,1.026801,2.748847,0.549769,0.305384,1.000000,2.500000,0.650000,0.164128,0.136416,0.101760,0.003304,0.098716,0.002213,0.065154,0.238923,0.119534,0.031602,-0.112010,0.048154
3409,-9.987979,1.698750,1.202114,0.240423,1.203876,0.000000,2.500000,0.650000,0.162282,0.134830,0.099353,0.003367,0.096582,0.002396,0.064783,0.239974,0.119708,0.031659,-0.112418,0.048672
3410,-7.725436,1.132612,2.507498,0.501500,0.306950,1.000000,2.500000,0.650000,0.164018,0.137684,0.101006,0.002341,0.099370,0.003234,0.065391,0.239826,0.119583,0.030570,-0.112063,0.049019
3411,-7.611163,1.019528,2.808020,0.561604,0.297460,1.000000,2.500000,0.650000,0.164218,0.134572,0.101211,0.003970,0.099160,0.001801,0.066128,0.238780,0.119472,0.032123,-0.112010,0.048597
3412,-7.616194,0.992959,2.897374,0.579475,0.306618,1.000000,2.500000,0.650000,0.162061,0.135127,0.099923,0.002863,0.096509,0.002772,0.065692,0.239677,0.119242,0.031707,-0.112035,0.049027
3413,-7.681770,1.072562,2.661312,0.532262,0.293018,1.000000,2.500000,0.650000,0.162593,0.135980,0.100409,0.004357,0.100825,0.003168,0.065447,0.239803,0.119476,0.031212,-0.112102,0.049584
3414,-7.657296,1.044138,2.718062,0.543612,0.299904,1.000000,2.500000,0.650000,0.164649,0.137179,0.100404,0.004463,0.100220,0.001977,0.064750,0.239740,0.119237,0.031942,-0.112066,0.049179
3415,-7.599718,0.977116,2.942538,0.588508,0.280421,1.000000,2.500000,0.650000,0.162679,0.134220,0.100022,0.004312,0.098679,0.001881,0.066444,0.239566,0.119487,0.031902,-0.112020,0.049253
3416,-7.581676,0.924977,2.992373,0.598475,0.289681,1.000000,2.500000,0.650000,0.163302,0.136245,0.099786,0.005359,0.099642,0.001156,0.065688,0.238776,0.119407,0.032155,-0.112775,0.049294
3417,-7.499101,0.857948,3.335619,0.667124,0.281758,1.000000,2.500000,0.650000,0.164278,0.135728,0.100745,0.004230,0.100766,0.001776,0.067624,0.237124,0.119295,0.031557,-0.112573,0.049231
3418,-7.662162,1.033287,2.721036,0.544207,0.286289,1.000000,2.500000,0.650000,0.163838,0.134034,0.100096,0.004214,0.099588,0.001922,0.065443,0.239375,0.119411,0.031683,-0.112062,0.049126
3419,-7.641332,1.042390,2.767158,0.553432,0.310520,1.000000,2.500000,0.650000,0.163757,0.136344,0.100188,0.003992,0.099066,0.001833,0.064780,0.239473,0.118956,0.031689,-0.112008,0.049278
3420,-9.988862,1.788532,1.113779,0.222756,1.389458,0.000000,2.500000,0.650000,0.163616,0.134314,0.099765,0.003880,0.098061,0.001472,0.065478,0.239346,0.119172,0.031827,-0.112130,0.048866
3421,-7.683513,1.094594,2.590744,0.518149,0.318889,1.000000,2.500000,0.650000,0.164215,0.136183,0.100567,0.002708,0.098998,0.002825,0.065750,0.239451,0.118775,0.031321,-0.112013,0.049143
3422,-7.665457,1.041159,2.705386,0.541077,0.297516,1.000000,2.500000,0.650000,0.165062,0.135883,0.100123,0.004574,0.100508,0.001009,0.066832,0.239102,0.118581,0.031721,-0.112558,0.049183
3423,-7.712466,1.120308,2.545174,0.509035,0.299827,1.000000,2.500000,0.650000,0.165682,0.136219,0.101599,0.004294,0.101761,0.001533,0.067005,0.237019,0.119373,0.031554,-0.113323,0.048919
3424,-7.671061,1.054484,2.672707,0.534541,0.288715,1.000000,2.500000,0.650000,0.162525,0.133053,0.098928,0.004538,0.098650,0.001221,0.067875,0.238576,0.119557,0.031975,-0.112004,0.048576
3425,-7.656684,1.046766,2.720433,0.544087,0.295215,1.000000,2.500000,0.650000,0.161417,0.133143,0.099525,0.004302,0.098148,0.002435,0.067505,0.239493,0.119602,0.032253,-0.112038,0.049365
3426,-7.831730,1.307006,2.153447,0.430689,0.308801,1.000000,2.500000,0.650000,0.164676,0.136179,0.100216,0.004277,0.099950,0.001593,0.065545,0.239284,0.118836,0.031597,-0.112676,0.049090
3427,-7.773288,1.229224,2.314606,0.462921,0.300920,1.000000,2.500000,0.650000,0.162554,0.133770,0.100498,0.004016,0.099204,0.001837,0.067990,0.237744,0.119952,0.031837,-0.112004,0.048612
3428,-7.698218,1.139415,2.472813,0.494563,0.296117,1.000000,2.500000,0.650000,0.164944,0.136622,0.101123,0.005134,0.101824,0.001184,0.067039,0.237727,0.118866,0.031410,-0.114167,0.049020
3429,-7.632507,1.008729,2.833024,0.566605,0.292929,1.000000,2.500000,0.650000,0.163628,0.135061,0.101085,0.003625,0.098793,0.002267,0.066699,0.237455,0.119573,0.030948,-0.112059,0.048471
3430,-7.571142,0.920572,3.052762,0.610552,0.278292,1.000000,2.500000,0.650000,0.160827,0.131558,0.099173,0.003730,0.096442,0.001983,0.068156,0.239071,0.119748,0.032582,-0.112275,0.049412
3431,-7.853208,1.424033,1.992155,0.398431,0.332245,1.000000,2.500000,0.650000,0.163437,0.136271,0.100748,0.004072,0.099782,0.002347,0.065609,0.239496,0.119737,0.030775,-0.112258,0.048594
3432,-7.646384,1.026580,2.768794,0.553759,0.283355,1.000000,2.500000,0.650000,0.162444,0.134413,0.099822,0.004052,0.097991,0.002260,0.066336,0.239420,0.119236,0.032041,-0.112011,0.049127
3433,-7.963650,1.576995,1.778778,0.355756,0.297798,1.000000,2.500000,0.650000,0.161124,0.131133,0.098541,0.003541,0.096086,0.001921,0.066388,0.239980,0.119710,0.031608,-0.113058,0.049057
3434,-7.676539,1.053969,2.664393,0.532879,0.284494,1.000000,2.500000,0.650000,0.161469,0.130570,0.099399,0.004083,0.096326,0.000856,0.068547,0.238211,0.119759,0.032616,-0.112305,0.048842
3435,-7.624006,0.988962,2.840072,0.568014,0.288052,1.000000,2.500000,0.650000,0.163417,0.135751,0.100361,0.005181,0.100184,0.002210,0.065369,0.239284,0.119314,0.031778,-0.112044,0.049351
3436,-7.646193,1.000571,2.755079,0.551016,0.277570,1.000000,2.500000,0.650000,0.161349,0.132966,0.100342,0.005287,0.100194,0.001426,0.066935,0.237226,0.119506,0.033393,-0.112347,0.049774
3437,-7.581563,0.942907,2.975821,0.595164,0.289982,1.000000,2.500000,0.650000,0.161380,0.130080,0.099097,0.002652,0.096015,0.001768,0.068294,0.239221,0.119689,0.032201,-0.112079,0.048137
3438,-7.652350,1.046592,2.699127,0.539825,0.293643,1.000000,2.500000,0.650000,0.162848,0.134100,0.099605,0.004331,0.097227,0.001304,0.066878,0.237510,0.119474,0.031763,-0.112001,0.049142
3439,-7.591792,0.933343,2.961684,0.592337,0.272280,1.000000,2.500000,0.650000,0.161413,0.130554,0.098889,0.004433,0.096948,0.000996,0.067298,0.239129,0.119872,0.033052,-0.112896,0.048914
3440,-7.641402,1.017930,2.797129,0.559426,0.286430,1.000000,2.500000,0.650000,0.163636,0.133311,0.100933,0.002921,0.097336,0.001993,0.067064,0.237264,0.119741,0.031726,-0.112080,0.048428
3441,-8.415889,3.031056,0.921178,0.184236,0.331769,1.000000,2.500000,0.650000,0.162542,0.133720,0.099996,0.003316,0.097530,0.002554,0.067090,0.239127,0.119520,0.031266,-0.112056,0.048946
3442,-7.637067,1.006629,2.812573,0.562515,0.298520,1.000000,2.500000,0.650000,0.163550,0.133128,0.100138,0.003931,0.097929,0.000827,0.067533,0.237255,0.119551,0.032099,-0.112020,0.048577
3443,-7.538748,0.905890,3.193308,0.638662,0.289728,1.000000,2.500000,0.650000,0.164493,0.133229,0.099709,0.002570,0.097069,0.002497,0.067513,0.238991,0.119685,0.031581,-0.112426,0.048458
3444,-7.542664,0.906238,3.158763,0.631753,0.289759,1.000000,2.500000,0.650000,0.162327,0.131432,0.099553,0.002056,0.096116,0.002376,0.065653,0.239887,0.119812,0.031604,-0.112661,0.048170
3445,-7.585475,0.961521,3.019233,0.603847,0.293969,1.000000,2.500000,0.650000,0.165599,0.132816,0.100046,0.004204,0.099822,0.000999,0.067484,0.238339,0.119062,0.032376,-0.112411,0.048699
3446,-8.561757,3.658673,0.787113,0.157423,0.290650,1.000000,2.500000,0.650000,0.163265,0.132996,0.100524,0.003048,0.097663,0.001744,0.067477,0.238840,0.119716,0.032025,-0.112003,0.048598
3447,-7.572552,0.934094,3.051830,0.610366,0.287780,1.000000,2.500000,0.650000,0.163900,0.131983,0.098500,0.003793,0.096715,0.000722,0.066988,0.238949,0.119739,0.032600,-0.112860,0.048453
3448,-9.987276,1.535014,1.272384,0.254477,1.246738,0.000000,2.500000,0.650000,0.164560,0.133423,0.098754,0.003508,0.096283,0.000669,0.065935,0.239804,0.118599,0.032227,-0.112879,0.048120
3449,-9.981837,1.287699,1.816337,0.363267,0.812056,0.000000,2.500000,0.650000,0.163148,0.132825,0.099455,0.003402,0.098421,0.002245,0.066823,0.239659,0.119611,0.032190,-0.113565,0.048914
3450,-8.037907,1.895057,1.550833,0.310167,0.302052,1.000000,2.500000,0.650000,0.163801,0.133712,0.100933,0.001713,0.096233,0.002573,0.066674,0.239332,0.119556,0.031722,-0.112610,0.047914
3451,-7.602399,0.983120,2.977470,0.595494,0.299317,1.000000,2.500000,0.650000,0.162752,0.133787,0.099865,0.001976,0.096571,0.003102,0.065190,0.239974,0.119550,0.031204,-0.112633,0.048621
3452,-7.583093,0.956024,3.032999,0.606600,0.301660,1.000000,2.500000,0.650000,0.163100,0.131802,0.099542,0.003019,0.096139,0.002008,0.066135,0.239881,0.119663,0.031923,-0.112400,0.047809
3453,-7.531236,0.886292,3.221824,0.644365,0.300445,1.000000,2.500000,0.650000,0.164496,0.132399,0.099798,0.002701,0.096399,0.001337,0.066096,0.239809,0.119534,0.031776,-0.112740,0.047966
3454,-7.554277,0.912618,3.139486,0.627897,0.291663,1.000000,2.500000,0.650000,0.164823,0.133102,0.099525,0.003300,0.096704,0.001240,0.066873,0.238522,0.119937,0.031583,-0.112034,0.047649
3455,-7.570510,0.931220,3.066151,0.613230,0.293297,1.000000,2.500000,0.650000,0.162440,0.130613,0.099173,0.001758,0.096267,0.002252,0.067172,0.239870,0.119830,0.031714,-0.113488,0.047576
3456,-7.613181,0.995431,2.897393,0.579479,0.307662,1.000000,2.500000,0.650000,0.164534,0.133275,0.101021,0.001820,0.096552,0.002513,0.066374,0.239280,0.119911,0.031503,-0.112307,0.047268
3457,-7.657003,1.080230,2.663184,0.532637,0.300063,1.000000,2.500000,0.650000,0.160160,0.129307,0.098702,0.001484,0.098114,0.002667,0.065685,0.239986,0.119992,0.031905,-0.113435,0.048048
3458,-7.665145,1.059089,2.698291,0.539658,0.295004,1.000000,2.500000,0.650000,0.163988,0.132624,0.100504,0.003206,0.096436,0.001300,0.065933,0.239763,0.119632,0.032259,-0.112051,0.048312
3459,-7.670096,1.065519,2.697671,0.539534,0.293708,1.000000,2.500000,0.650000,0.165612,0.134436,0.100693,0.003534,0.099209,0.001363,0.066130,0.238866,0.119597,0.031925,-0.112092,0.048185
3460,-7.641478,1.024396,2.802518,0.560504,0.296309,1.000000,2.500000,0.650000,0.165355,0.130909,0.099815,0.002638,0.096030,0.000238,0.066238,0.238951,0.119835,0.032123,-0.112581,0.046900
3461,-7.691273,1.129166,2.669826,0.533965,0.314736,1.000000,2.500000,0.650000,0.168492,0.133692,0.101238,0.002239,0.097383,0.001011,0.066223,0.238238,0.119464,0.031236,-0.112039,0.046753
3462,-7.797434,1.279566,2.259982,0.451996,0.305125,1.000000,2.500000,0.650000,0.164235,0.131977,0.100321,0.001781,0.096155,0.002403,0.066737,0.239266,0.119643,0.031520,-0.113317,0.047977
3463,-7.582836,0.934100,3.004382,0.600876,0.292885,1.000000,2.500000,0.650000,0.163562,0.130524,0.098741,0.003548,0.096016,0.000339,0.066267,0.239523,0.119870,0.032986,-0.113264,0.047880
3464,-7.583583,0.961933,2.970905,0.594181,0.296491,1.000000,2.500000,0.650000,0.166048,0.133217,0.099661,0.003282,0.096749,0.000533,0.066235,0.239015,0.119122,0.031900,-0.112359,0.047819
3465,-7.625261,0.998061,2.849976,0.569995,0.297904,1.000000,2.500000,0.650000,0.164255,0.132639,0.098987,0.002314,0.096011,0.001743,0.066712,0.239948,0.119337,0.031417,-0.112948,0.048206
3466,-7.912672,1.494254,1.920750,0.384150,0.314992,1.000000,2.500000,0.650000,0.166815,0.134309,0.100450,0.003066,0.100404,0.001414,0.066558,0.238441,0.119676,0.030982,-0.112922,0.048412
3467,-7.670604,1.115052,2.626157,0.525231,0.309650,1.000000,2.500000,0.650000,0.161666,0.129071,0.097741,0.000733,0.099250,0.002662,0.067012,0.239394,0.119780,0.031315,-0.115258,0.047073
3468,-7.641788,1.048681,2.802633,0.560527,0.299921,1.000000,2.500000,0.650000,0.165407,0.132820,0.099427,0.002518,0.096324,0.001366,0.065783,0.239536,0.119385,0.031435,-0.113159,0.047896
3469,-7.589213,0.957968,2.985641,0.597128,0.297383,1.000000,2.500000,0.650000,0.162336,0.131701,0.099268,0.001705,0.097228,0.002394,0.066691,0.239677,0.119871,0.031925,-0.112790,0.047066
3470,-7.697000,1.101642,2.587683,0.517537,0.301857,1.000000,2.500000,0.650000,0.161607,0.129778,0.098681,0.002790,0.096266,0.000699,0.067090,0.239832,0.119937,0.032251,-0.112601,0.047309
3471,-7.658637,1.089913,2.768029,0.553606,0.315366,1.000000,2.500000,0.650000,0.167306,0.133163,0.099879,0.001692,0.096030,0.000714,0.064563,0.240000,0.118398,0.031686,-0.114562,0.047443
3472,-9.984747,1.832161,1.525279,0.305056,0.422509,0.000000,2.500000,0.650000,0.161978,0.130304,0.097903,0.000822,0.099102,0.002277,0.067559,0.239981,0.119692,0.032005,-0.115465,0.047187
3473,-7.838749,1.407685,2.045601,0.409120,0.282490,1.000000,2.500000,0.650000,0.162232,0.131264,0.099423,0.003182,0.096456,0.001667,0.068125,0.238492,0.119977,0.032430,-0.112070,0.048394
3474,-7.645374,1.057804,2.717095,0.543419,0.302050,1.000000,2.500000,0.650000,0.162817,0.130688,0.100624,0.000684,0.096906,0.002804,0.068939,0.238720,0.119959,0.031284,-0.113335,0.046315
3475,-7.652515,1.055401,2.767007,0.553401,0.301362,1.000000,2.500000,0.650000,0.164089,0.130241,0.099907,0.001838,0.096491,0.001863,0.067096,0.239609,0.119939,0.032378,-0.114192,0.046832
3476,-7.590133,0.961228,2.960772,0.592154,0.282305,1.000000,2.500000,0.650000,0.163255,0.129772,0.098775,0.003509,0.096157,0.000911,0.067549,0.238866,0.119617,0.032797,-0.114961,0.048136
3477,-7.699440,1.122915,2.551543,0.510309,0.310425,1.000000,2.500000,0.650000,0.165622,0.133622,0.100071,0.001220,0.096357,0.002716,0.065751,0.239936,0.119374,0.031107,-0.116511,0.047477
3478,-7.628869,0.996787,2.841860,0.568372,0.293306,1.000000,2.500000,0.650000,0.162884,0.131369,0.099554,0.004401,0.096517,0.001009,0.066938,0.238675,0.119727,0.032607,-0.113056,0.047408
3479,-7.472903,0.847524,3.464799,0.692960,0.290550,1.000000,2.500000,0.650000,0.164406,0.130252,0.099377,0.001528,0.096226,0.003084,0.068728,0.239527,0.119828,0.031092,-0.113665,0.046743
3480,-7.689861,1.121989,2.636169,0.527234,0.280954,1.000000,2.500000,0.650000,0.162833,0.130143,0.099418,0.001179,0.096178,0.002466,0.068217,0.239073,0.119807,0.032349,-0.114957,0.047907
3481,-7.742275,1.176989,2.441754,0.488351,0.309018,1.000000,2.500000,0.650000,0.165520,0.132537,0.100219,0.002892,0.096064,0.000917,0.067469,0.237987,0.119179,0.031327,-0.112459,0.047265
3482,-7.662089,1.049966,2.677857,0.535571,0.294728,1.000000,2.500000,0.650000,0.162667,0.130449,0.099168,0.002454,0.097486,0.000891,0.066474,0.239019,0.119898,0.032659,-0.113364,0.047056
3483,-7.582181,0.954699,3.032964,0.606593,0.300230,1.000000,2.500000,0.650000,0.163153,0.131734,0.099531,0.003641,0.096303,0.001383,0.066336,0.239595,0.119640,0.032628,-0.112093,0.047355
3484,-7.888453,1.473893,1.946912,0.389382,0.301858,1.000000,2.500000,0.650000,0.163604,0.130557,0.098631,0.001895,0.097004,0.000779,0.066444,0.239398,0.119677,0.031662,-0.113155,0.046833
3485,-7.897396,1.484078,1.973168,0.394634,0.286210,1.000000,2.500000,0.650000,0.162062,0.126717,0.097905,0.000579,0.100950,0.001711,0.067968,0.239988,0.120000,0.032437,-0.115941,0.045913
3486,-7.641014,1.034453,2.796668,0.559334,0.286804,1.000000,2.500000,0.650000,0.161905,0.133146,0.099655,0.003334,0.096280,0.002359,0.065824,0.239819,0.119740,0.032261,-0.112912,0.048653
3487,-9.983156,1.323843,1.684397,0.336879,0.938614,0.000000,2.500000,0.650000,0.162779,0.130676,0.099647,0.000001,0.100368,0.004243,0.067888,0.239926,0.119958,0.031400,-0.113370,0.046462
3488,-7.770879,1.218317,2.352063,0.470413,0.289328,1.000000,2.500000,0.650000,0.163729,0.130043,0.098027,0.002748,0.096058,0.001642,0.068558,0.239742,0.119114,0.031713,-0.113732,0.047771
3489,-8.010558,1.838567,1.665075,0.333015,0.359708,1.000000,2.500000,0.650000,0.166174,0.132868,0.100606,0.000631,0.096030,0.003124,0.067857,0.239614,0.119525,0.030467,-0.114227,0.045905
3490,-7.657559,1.097120,2.740731,0.548146,0.310496,1.000000,2.500000,0.650000,0.166747,0.131969,0.100830,0.001002,0.096004,0.001949,0.067214,0.239596,0.119621,0.030776,-0.112001,0.045915
3491,-7.762381,1.227492,2.328830,0.465766,0.308790,1.000000,2.500000,0.650000,0.161957,0.130576,0.099671,0.001869,0.096273,0.002856,0.068745,0.239009,0.119993,0.031941,-0.112714,0.046957
3492,-7.810661,1.296634,2.244645,0.448929,0.314360,1.000000,2.500000,0.650000,0.166068,0.135159,0.101276,0.003710,0.098412,0.001946,0.066426,0.237873,0.119255,0.031529,-0.112008,0.046887
3493,-7.633125,1.005353,2.797103,0.559421,0.287850,1.000000,2.500000,0.650000,0.163999,0.134168,0.100325,0.005084,0.099544,0.001053,0.065868,0.238626,0.119243,0.032705,-0.112582,0.048394
3494,-7.639530,1.007540,2.792560,0.558512,0.292410,1.000000,2.500000,0.650000,0.162623,0.129725,0.100151,0.003888,0.097315,0.001307,0.068284,0.237518,0.119978,0.032402,-0.112010,0.047570
3495,-7.749223,1.212419,2.351534,0.470307,0.291915,1.000000,2.500000,0.650000,0.164346,0.132265,0.099356,0.003478,0.097982,0.002259,0.067842,0.238338,0.119394,0.031890,-0.113192,0.047694
3496,-9.987600,1.777186,1.240016,0.248003,1.145919,0.000000,2.500000,0.650000,0.163362,0.132503,0.099919,0.002591,0.096000,0.003032,0.066794,0.239671,0.119508,0.031438,-0.112967,0.046658
3497,-7.591825,0.958717,2.986540,0.597308,0.293936,1.000000,2.500000,0.650000,0.164115,0.131701,0.098581,0.003676,0.096315,0.001649,0.068246,0.239252,0.119775,0.031793,-0.113913,0.047361
3498,-7.673462,1.093908,2.640617,0.528123,0.294628,1.000000,2.500000,0.650000,0.163022,0.130228,0.100427,0.002050,0.096049,0.002650,0.068065,0.238977,0.119945,0.032463,-0.112980,0.046565
3499,-7.559451,0.921202,3.099762,0.619952,0.300061,1.000000,2.500000,0.650000,0.162908,0.133067,0.099865,0.002994,0.096282,0.002546,0.066599,0.239036,0.119806,0.031430,-0.112263,0.047042
3500,-7.567286,0.933319,3.076460,0.615292,0.298190,1.000000,2.500000,0.650000,0.164253,0.133193,0.100683,0.003734,0.097272,0.001297,0.067499,0.238604,0.119763,0.032206,-0.112027,0.047736
3501,-7.910341,1.524767,1.932473,0.386495,0.299196,1.000000,2.500000,0.650000,0.162133,0.130073,0.100388,0.001403,0.096061,0.003228,0.069471,0.239455,0.119997,0.031207,-0.113270,0.046861
3502,-7.700719,1.078132,2.571309,0.514262,0.280381,1.000000,2.500000,0.650000,0.160757,0.129149,0.097608,0.004107,0.096018,0.002128,0.069025,0.239625,0.119911,0.032017,-0.113930,0.048996
3503,-9.983395,1.266419,1.660486,0.332097,1.033982,0.000000,2.500000,0.650000,0.163029,0.134069,0.099630,0.002932,0.096165,0.001725,0.066868,0.238705,0.119911,0.032002,-0.112443,0.048321
3504,-7.724093,1.188054,2.414169,0.482834,0.306338,1.000000,2.500000,0.650000,0.165847,0.133406,0.099979,0.004203,0.098923,0.001283,0.068907,0.237837,0.119914,0.031324,-0.112069,0.046923
3505,-7.889927,1.526408,1.967163,0.393433,0.316751,1.000000,2.500000,0.650000,0.165652,0.130966,0.098445,0.003393,0.096077,0.000586,0.068911,0.239051,0.119376,0.031555,-0.113757,0.047051
3506,-7.899620,1.450969,1.922914,0.384583,0.296029,1.000000,2.500000,0.650000,0.163774,0.131089,0.097451,0.003943,0.096135,0.000730,0.066420,0.239978,0.119791,0.032163,-0.113423,0.047668
3507,-7.710940,1.164958,2.448258,0.489652,0.311153,1.000000,2.500000,0.650000,0.163501,0.131614,0.098872,0.001994,0.096083,0.000887,0.066081,0.239858,0.119740,0.032025,-0.115442,0.047142
3508,-7.556132,0.932426,3.146069,0.629214,0.307984,1.000000,2.500000,0.650000,0.164950,0.134010,0.100446,0.003030,0.096117,0.001869,0.065448,0.239841,0.119613,0.031726,-0.112376,0.046698
3509,-7.722360,1.156523,2.534238,0.506848,0.288564,1.000000,2.500000,0.650000,0.164913,0.134093,0.100755,0.003709,0.098451,0.001977,0.067372,0.237748,0.119965,0.031645,-0.112852,0.047159
3510,-7.574776,0.950594,3.055353,0.611071,0.290196,1.000000,2.500000,0.650000,0.164017,0.132356,0.100186,0.002756,0.097146,0.001609,0.067373,0.239698,0.119822,0.031912,-0.112878,0.047813
3511,-7.815749,1.312581,2.202704,0.440541,0.311241,1.000000,2.500000,0.650000,0.165517,0.134647,0.100565,0.004002,0.096671,0.000642,0.064105,0.239639,0.119212,0.031870,-0.112290,0.046939
3512,-7.591110,0.958690,2.943174,0.588635,0.290906,1.000000,2.500000,0.650000,0.161723,0.133727,0.100083,0.004715,0.096887,0.002785,0.066533,0.239367,0.119990,0.031597,-0.112026,0.048170
3513,-7.744759,1.178680,2.385978,0.477196,0.300218,1.000000,2.500000,0.650000,0.162682,0.132354,0.099549,0.004679,0.097782,0.001511,0.068024,0.238724,0.119878,0.032474,-0.112002,0.047529
3514,-7.576630,0.940530,3.051938,0.610388,0.290949,1.000000,2.500000,0.650000,0.163332,0.132988,0.100072,0.003273,0.097469,0.002142,0.066994,0.239768,0.119745,0.031650,-0.112019,0.047711
3515,-7.582105,0.982450,3.035009,0.607002,0.305275,1.000000,2.500000,0.650000,0.166320,0.135659,0.100948,0.001361,0.096551,0.003680,0.066845,0.238909,0.119795,0.029906,-0.113020,0.046836
3516,-7.908416,1.497606,1.945675,0.389135,0.315213,1.000000,2.500000,0.650000,0.166281,0.135557,0.099690,0.004802,0.097005,0.001302,0.064339,0.239906,0.118857,0.031775,-0.112139,0.047035
3517,-7.557741,0.922778,3.096751,0.619350,0.294468,1.000000,2.500000,0.650000,0.164172,0.133042,0.100936,0.003490,0.097315,0.002333,0.066779,0.238358,0.119839,0.031072,-0.112751,0.046988
3518,-7.535817,0.886023,3.157723,0.631545,0.291514,1.000000,2.500000,0.650000,0.164073,0.131199,0.097696,0.004620,0.096646,0.001018,0.066855,0.239995,0.119749,0.032201,-0.112440,0.046481
3519,-7.603263,0.984705,2.958393,0.591679,0.297137,1.000000,2.500000,0.650000,0.165152,0.137890,0.101100,0.004047,0.098800,0.001936,0.065205,0.238341,0.119675,0.031229,-0.112003,0.047645
3520,-7.683422,1.096764,2.673309,0.534662,0.303853,1.000000,2.500000,0.650000,0.164140,0.132318,0.100704,0.002937,0.096218,0.001787,0.066087,0.239054,0.119557,0.032027,-0.112833,0.046168
3521,-7.544819,0.946908,3.155811,0.631162,0.300958,1.000000,2.500000,0.650000,0.162931,0.131090,0.098801,0.001230,0.099542,0.002003,0.066275,0.239994,0.120000,0.031563,-0.113294,0.045122
3522,-7.555912,0.904463,3.097665,0.619533,0.291361,1.000000,2.500000,0.650000,0.163171,0.129537,0.097372,0.004514,0.096260,0.000500,0.066949,0.239854,0.119619,0.032227,-0.112684,0.046623
3523,-7.596279,0.954169,2.966636,0.593327,0.303928,1.000000,2.500000,0.650000,0.166076,0.134269,0.100551,0.004601,0.098159,0.001040,0.065846,0.238959,0.119780,0.031435,-0.112041,0.047039
3524,-7.552373,0.923376,3.113175,0.622635,0.291125,1.000000,2.500000,0.650000,0.165274,0.131079,0.098525,0.003912,0.096048,0.000414,0.067642,0.239629,0.119582,0.032563,-0.112716,0.046616
3525,-7.690426,1.094787,2.640548,0.528110,0.310139,1.000000,2.500000,0.650000,0.163463,0.133096,0.099767,0.002648,0.096103,0.002618,0.064812,0.239999,0.119903,0.030548,-0.113117,0.047345
3526,-7.734416,1.195101,2.400876,0.480175,0.293111,1.000000,2.500000,0.650000,0.162359,0.130196,0.098898,0.003826,0.096006,0.002029,0.066365,0.239763,0.119884,0.032470,-0.114047,0.047280
3527,-7.559895,0.933264,2.998199,0.599640,0.293181,1.000000,2.500000,0.650000,0.164764,0.133058,0.098793,0.005009,0.096409,0.000819,0.066235,0.239815,0.119530,0.032159,-0.112020,0.047205
3528,-7.589667,0.963956,2.976345,0.595269,0.294521,1.000000,2.500000,0.650000,0.164791,0.131307,0.099143,0.004563,0.097600,0.000513,0.068237,0.237980,0.119967,0.032148,-0.112000,0.046753
3529,-7.566632,0.931727,3.054101,0.610820,0.295686,1.000000,2.500000,0.650000,0.162375,0.133667,0.100691,0.003255,0.096041,0.001765,0.065992,0.239822,0.119771,0.031710,-0.112003,0.047165
3530,-7.591565,0.970748,2.998410,0.599682,0.302155,1.000000,2.500000,0.650000,0.163354,0.132172,0.100233,0.003185,0.096062,0.001738,0.066329,0.239183,0.119936,0.032255,-0.113845,0.047003
3531,-7.661965,1.046269,2.727596,0.545519,0.289754,1.000000,2.500000,0.650000,0.162707,0.132681,0.098078,0.004517,0.096461,0.002449,0.068916,0.239566,0.119652,0.032552,-0.112659,0.047979
3532,-7.612351,1.003881,2.864108,0.572822,0.331204,1.000000,2.500000,0.650000,0.165749,0.133233,0.099759,0.002530,0.096095,0.001434,0.066135,0.239806,0.119623,0.030953,-0.112140,0.045851
3533,-7.732783,1.158751,2.488862,0.497772,0.303292,1.000000,2.500000,0.650000,0.162632,0.131748,0.098810,0.002519,0.097783,0.001556,0.066334,0.239908,0.119948,0.031537,-0.112286,0.045812
3534,-8.039073,1.842791,1.564872,0.312974,0.293357,1.000000,2.500000,0.650000,0.161800,0.130444,0.097421,0.004395,0.096136,0.002155,0.067043,0.239565,0.119712,0.032155,-0.114538,0.047740
3535,-8.763557,4.469007,0.649780,0.129956,0.349977,1.000000,2.500000,0.650000,0.165837,0.132191,0.098662,0.002649,0.098392,0.000375,0.065537,0.239943,0.119523,0.031927,-0.112014,0.045429
3536,-7.812506,1.395576,2.190216,0.438043,0.319992,1.000000,2.500000,0.650000,0.165249,0.129670,0.099337,0.002348,0.101187,0.001002,0.067288,0.239261,0.119980,0.032269,-0.113247,0.043903
3537,-7.994602,1.673632,1.701502,0.340300,0.291487,1.000000,2.500000,0.650000,0.164259,0.130518,0.099136,0.004239,0.096153,0.000394,0.067216,0.239465,0.119645,0.032747,-0.112006,0.045996
3538,-7.540246,0.914719,3.178634,0.635727,0.288894,1.000000,2.500000,0.650000,0.164750,0.131467,0.098096,0.002228,0.096590,0.000984,0.065691,0.239997,0.119707,0.031465,-0.113747,0.046467
3539,-7.638649,1.038803,2.826289,0.565258,0.307506,1.000000,2.500000,0.650000,0.164142,0.132381,0.099149,0.001990,0.096793,0.001980,0.065932,0.239995,0.119813,0.032413,-0.114371,0.045974
3540,-7.689385,1.099190,2.578062,0.515612,0.286514,1.000000,2.500000,0.650000,0.163557,0.132341,0.097957,0.005446,0.096801,0.000295,0.066736,0.239859,0.119524,0.032411,-0.112464,0.047193
3541,-7.671066,1.081647,2.700868,0.540174,0.305694,1.000000,2.500000,0.650000,0.164295,0.131757,0.098256,0.002758,0.097278,0.000987,0.065579,0.239843,0.119576,0.031827,-0.113389,0.046114
3542,-7.620921,1.012149,2.787274,0.557455,0.305051,1.000000,2.500000,0.650000,0.163132,0.134199,0.101149,0.004324,0.099104,0.002145,0.066768,0.239780,0.119636,0.032006,-0.112000,0.048165
3543,-7.873691,1.440061,2.037535,0.407507,0.317878,1.000000,2.500000,0.650000,0.163680,0.132755,0.098923,0.002568,0.096000,0.002434,0.066374,0.239998,0.119544,0.030876,-0.112012,0.047310
3544,-7.610101,1.003652,2.935448,0.587090,0.306959,1.000000,2.500000,0.650000,0.165943,0.132655,0.100488,0.002225,0.096335,0.001615,0.067623,0.239765,0.119669,0.030909,-0.112202,0.045582
3545,-7.590440,0.976349,2.918408,0.583682,0.290962,1.000000,2.500000,0.650000,0.162284,0.134881,0.098533,0.004172,0.096068,0.001942,0.065724,0.239990,0.119535,0.031922,-0.112303,0.048115
3546,-7.615561,1.009748,2.807238,0.561448,0.307949,1.000000,2.500000,0.650000,0.164297,0.132366,0.100227,0.000770,0.098422,0.000955,0.065263,0.239817,0.119823,0.031542,-0.112147,0.045749
3547,-7.594019,0.967784,2.947539,0.589508,0.287660,1.000000,2.500000,0.650000,0.163743,0.131447,0.098157,0.003735,0.096000,0.000263,0.065418,0.239893,0.119473,0.032636,-0.114805,0.046943
3548,-7.495310,0.855997,3.374277,0.674855,0.305727,1.000000,2.500000,0.650000,0.164901,0.133391,0.098538,0.002171,0.096904,0.000603,0.064479,0.239934,0.119621,0.031771,-0.112445,0.046292
3549,-7.805341,1.245792,2.233545,0.446709,0.288535,1.000000,2.500000,0.650000,0.161090,0.128807,0.097988,0.003985,0.096007,0.001324,0.068986,0.239461,0.119983,0.032070,-0.112691,0.046921
3550,-7.709729,1.135072,2.556846,0.511369,0.303966,1.000000,2.500000,0.650000,0.165208,0.133407,0.099443,0.004319,0.097601,0.000959,0.067882,0.238964,0.119571,0.031307,-0.112136,0.047160
3551,-7.532227,0.940287,3.256071,0.651214,0.305956,1.000000,2.500000,0.650000,0.165755,0.133935,0.100577,0.001623,0.096096,0.001902,0.065581,0.239769,0.119664,0.031180,-0.112222,0.046108
3552,-7.548244,0.942344,3.162922,0.632584,0.302796,1.000000,2.500000,0.650000,0.165601,0.134718,0.099829,0.003127,0.097132,0.002160,0.065756,0.239983,0.119497,0.030612,-0.112140,0.047566
3553,-7.799617,1.329365,2.170966,0.434193,0.313937,1.000000,2.500000,0.650000,0.163492,0.132021,0.099710,0.001337,0.098773,0.002370,0.065625,0.239922,0.119899,0.030900,-0.112000,0.045598
3554,-7.591111,0.983473,2.943280,0.588656,0.302194,1.000000,2.500000,0.650000,0.164408,0.132216,0.098435,0.002637,0.096971,0.000697,0.065177,0.239948,0.119845,0.032025,-0.112300,0.045992
3555,-7.814447,1.318196,2.238771,0.447754,0.312436,1.000000,2.500000,0.650000,0.165084,0.135620,0.100667,0.003150,0.097738,0.002060,0.063830,0.239883,0.119357,0.031075,-0.112350,0.047766
3556,-7.629905,1.006518,2.836723,0.567345,0.306927,1.000000,2.500000,0.650000,0.163256,0.133148,0.099851,0.001972,0.096001,0.002834,0.066349,0.239810,0.119886,0.031017,-0.112958,0.047041
3557,-7.589912,0.954871,2.982682,0.596536,0.306341,1.000000,2.500000,0.650000,0.163491,0.135317,0.098496,0.004128,0.096762,0.000900,0.064515,0.239947,0.119157,0.032601,-0.113534,0.048004
3558,-7.660697,1.073865,2.652113,0.530423,0.301488,1.000000,2.500000,0.650000,0.164676,0.132158,0.098398,0.001581,0.098586,0.002300,0.066377,0.239998,0.119810,0.031025,-0.112105,0.045814
3559,-7.659103,1.023329,2.734177,0.546835,0.287057,1.000000,2.500000,0.650000,0.164858,0.133015,0.098499,0.005247,0.097622,0.000201,0.065989,0.239298,0.119797,0.032174,-0.112398,0.047532
3560,-7.897717,1.509719,2.000244,0.400049,0.323573,1.000000,2.500000,0.650000,0.164988,0.132243,0.097938,0.001206,0.098624,0.002203,0.066287,0.239991,0.119666,0.031380,-0.114966,0.045885
3561,-7.796625,1.308996,2.288803,0.457761,0.317627,1.000000,2.500000,0.650000,0.167345,0.133456,0.099252,0.001624,0.096018,0.001663,0.065544,0.239927,0.119103,0.030677,-0.113325,0.046444
3562,-7.602506,0.963176,2.915671,0.583134,0.301343,1.000000,2.500000,0.650000,0.165166,0.133074,0.098942,0.003172,0.096000,0.000318,0.064530,0.239960,0.119309,0.032797,-0.113663,0.047098
3563,-7.715039,1.168962,2.466554,0.493311,0.304155,1.000000,2.500000,0.650000,0.165466,0.137587,0.100020,0.004006,0.098330,0.000873,0.065551,0.239370,0.119463,0.031056,-0.112983,0.048136
3564,-7.794100,1.308964,2.318481,0.463696,0.315667,1.000000,2.500000,0.650000,0.166796,0.133269,0.100041,0.001690,0.096001,0.000999,0.065171,0.239998,0.119765,0.031084,-0.112796,0.046227
3565,-7.734041,1.159834,2.466723,0.493345,0.312059,1.000000,2.500000,0.650000,0.165882,0.135405,0.099028,0.004112,0.098436,0.000422,0.064528,0.239415,0.119488,0.032730,-0.112942,0.047470
3566,-7.967379,1.666789,1.728929,0.345786,0.335657,1.000000,2.500000,0.650000,0.163415,0.133225,0.098368,0.003732,0.096012,0.001096,0.064811,0.239880,0.119773,0.032540,-0.113445,0.047038
3567,-7.625013,0.991723,2.851337,0.570267,0.297365,1.000000,2.500000,0.650000,0.163166,0.132593,0.098111,0.003414,0.096166,0.000561,0.064419,0.239969,0.119660,0.032533,-0.113796,0.047457
3568,-7.791392,1.284632,2.265723,0.453145,0.312809,1.000000,2.500000,0.650000,0.167111,0.136705,0.098565,0.004951,0.097148,0.000390,0.062745,0.239473,0.118663,0.032288,-0.112086,0.046846
3569,-7.600559,0.972386,2.927193,0.585439,0.316011,1.000000,2.500000,0.650000,0.164125,0.134252,0.099876,0.002755,0.096124,0.000749,0.065028,0.239919,0.119608,0.032297,-0.112181,0.047055
3570,-7.600417,0.992463,2.943010,0.588602,0.301444,1.000000,2.500000,0.650000,0.164637,0.133139,0.099136,0.002608,0.096094,0.001099,0.066574,0.239766,0.119453,0.031943,-0.112713,0.046333
3571,-7.638857,1.023428,2.806842,0.561368,0.305051,1.000000,2.500000,0.650000,0.164028,0.133800,0.099798,0.002612,0.096021,0.001310,0.066039,0.239770,0.119964,0.031999,-0.112038,0.046718
3572,-7.744762,1.204183,2.370884,0.474177,0.282927,1.000000,2.500000,0.650000,0.164095,0.133825,0.097448,0.005725,0.096527,0.000005,0.064648,0.239858,0.118839,0.032868,-0.112508,0.047940
3573,-7.923889,1.492808,1.855978,0.371196,0.281264,1.000000,2.500000,0.650000,0.162371,0.132739,0.098167,0.006363,0.096996,0.000347,0.065686,0.239657,0.119633,0.033336,-0.112821,0.047979
3574,-7.737221,1.184881,2.357337,0.471467,0.347114,1.000000,2.500000,0.650000,0.166410,0.134881,0.100939,0.002171,0.096308,0.001839,0.064999,0.239992,0.119544,0.031122,-0.112166,0.046389
3575,-7.877111,1.433596,2.026157,0.405231,0.308708,1.000000,2.500000,0.650000,0.164368,0.133134,0.097923,0.002340,0.096641,0.000628,0.063322,0.239527,0.119770,0.032237,-0.115419,0.046792
3576,-7.835249,1.358284,2.151564,0.430313,0.310748,1.000000,2.500000,0.650000,0.163660,0.134329,0.099404,0.002240,0.096040,0.001527,0.064988,0.239917,0.119560,0.031633,-0.112744,0.047648
3577,-7.551513,0.927379,3.135430,0.627086,0.308074,1.000000,2.500000,0.650000,0.163529,0.132205,0.098900,0.001689,0.097075,0.001071,0.065690,0.239808,0.119630,0.032374,-0.113991,0.046705
3578,-7.632240,1.017145,2.830515,0.566103,0.316146,1.000000,2.500000,0.650000,0.162758,0.135067,0.099486,0.002498,0.096021,0.001939,0.065989,0.239905,0.119815,0.031705,-0.112019,0.047193
3579,-7.709374,1.160312,2.500507,0.500101,0.312073,1.000000,2.500000,0.650000,0.166171,0.133437,0.099061,0.002653,0.096360,0.000480,0.066501,0.239593,0.119007,0.032253,-0.113935,0.047320
3580,-7.599277,0.989540,2.889825,0.577965,0.285337,1.000000,2.500000,0.650000,0.163663,0.134138,0.098616,0.003390,0.096130,0.001357,0.065820,0.239893,0.119510,0.032119,-0.113995,0.046963
3581,-7.721609,1.177917,2.513340,0.502668,0.308794,1.000000,2.500000,0.650000,0.163716,0.133053,0.099193,0.002212,0.096067,0.001453,0.066486,0.239804,0.119805,0.032228,-0.113423,0.046943
3582,-7.640571,1.016676,2.767224,0.553445,0.301695,1.000000,2.500000,0.650000,0.165851,0.134185,0.099326,0.003548,0.096854,0.000672,0.065448,0.239774,0.119367,0.032366,-0.113153,0.047047
3583,-7.582681,0.941011,2.997800,0.599560,0.294292,1.000000,2.500000,0.650000,0.164537,0.133174,0.098744,0.002701,0.096118,0.000239,0.066307,0.239374,0.119855,0.032640,-0.112149,0.046626
3584,-7.760114,1.207820,2.229231,0.445846,0.310627,1.000000,2.500000,0.650000,0.160783,0.131919,0.097856,0.003244,0.097890,0.000380,0.065000,0.239999,0.119835,0.033121,-0.113510,0.046739
3585,-7.974669,1.731445,1.689247,0.337849,0.297811,1.000000,2.500000,0.650000,0.165233,0.134217,0.099272,0.003156,0.096109,0.000446,0.065633,0.239394,0.119373,0.032266,-0.112715,0.047134
3586,-7.586889,0.952327,2.973258,0.594652,0.298495,1.000000,2.500000,0.650000,0.163535,0.135309,0.099293,0.004850,0.097213,0.000894,0.065142,0.239889,0.119131,0.032509,-0.112365,0.047714
3587,-7.668243,1.057889,2.713567,0.542713,0.303669,1.000000,2.500000,0.650000,0.163019,0.134703,0.099336,0.003390,0.096341,0.001610,0.065646,0.239768,0.119689,0.032259,-0.112588,0.047820
3588,-7.754336,1.258901,2.307629,0.461526,0.279280,1.000000,2.500000,0.650000,0.162259,0.130526,0.097054,0.003555,0.097271,0.000514,0.066868,0.239998,0.119810,0.032474,-0.114166,0.046623
3589,-7.722507,1.171770,2.466525,0.493305,0.308955,1.000000,2.500000,0.650000,0.164492,0.136171,0.101391,0.002036,0.096661,0.002371,0.065644,0.238727,0.119108,0.031447,-0.112259,0.047400
3590,-7.535192,0.894565,3.216001,0.643200,0.315832,1.000000,2.500000,0.650000,0.165460,0.135095,0.099225,0.002464,0.096057,0.000586,0.064192,0.239784,0.119047,0.031916,-0.114951,0.047065
3591,-7.575443,0.959559,3.047532,0.609506,0.304209,1.000000,2.500000,0.650000,0.165275,0.133711,0.098975,0.001787,0.096252,0.000722,0.064486,0.239721,0.119753,0.031852,-0.113669,0.047002
3592,-7.816212,1.358786,2.155318,0.431064,0.330679,1.000000,2.500000,0.650000,0.165036,0.133571,0.099666,0.001358,0.096033,0.000863,0.066400,0.239665,0.119771,0.032156,-0.112629,0.046460
3593,-7.614422,0.983834,2.875625,0.575125,0.296666,1.000000,2.500000,0.650000,0.161717,0.129725,0.097629,0.003170,0.097309,0.000199,0.067722,0.239431,0.119729,0.033490,-0.114364,0.047228
3594,-7.947881,1.623036,1.733223,0.346645,0.327363,1.000000,2.500000,0.650000,0.163885,0.133391,0.099094,0.003241,0.096194,0.000157,0.065201,0.239715,0.119593,0.033027,-0.113655,0.047480
3595,-7.721656,1.138591,2.488968,0.497794,0.309252,1.000000,2.500000,0.650000,0.162873,0.133854,0.097561,0.002672,0.097517,0.000412,0.065008,0.239979,0.119549,0.032373,-0.112566,0.046996
3596,-7.564339,0.916975,3.051084,0.610217,0.299870,1.000000,2.500000,0.650000,0.165198,0.132724,0.098703,0.002544,0.096003,0.000154,0.065822,0.239438,0.119643,0.032606,-0.114347,0.046491
3597,-7.553738,0.926746,3.144639,0.628928,0.298109,1.000000,2.500000,0.650000,0.164441,0.134213,0.099479,0.002534,0.096000,0.000879,0.065646,0.239789,0.119295,0.032653,-0.113203,0.047285
3598,-7.835966,1.371455,2.084321,0.416864,0.323603,1.000000,2.500000,0.650000,0.165876,0.134244,0.098789,0.001173,0.096678,0.000179,0.063664,0.239866,0.119388,0.032309,-0.114680,0.046014
3599,-7.697067,1.115906,2.570228,0.514046,0.311860,1.000000,2.500000,0.650000,0.165326,0.133541,0.098624,0.003071,0.096061,0.000129,0.064369,0.239853,0.119224,0.033158,-0.115293,0.047569
3600,-7.609012,0.986202,2.853087,0.570617,0.299507,1.000000,2.500000,0.650000,0.162426,0.131852,0.097621,0.003616,0.096137,0.000547,0.066140,0.239998,0.119654,0.033263,-0.115827,0.047498
3601,-7.626444,1.026408,2.856988,0.571398,0.300291,1.000000,2.500000,0.650000,0.163698,0.134765,0.099283,0.002774,0.096043,0.001035,0.064944,0.239897,0.119233,0.032652,-0.114014,0.048053
3602,-7.579748,0.939304,3.019802,0.603960,0.281379,1.000000,2.500000,0.650000,0.163279,0.132135,0.099467,0.003299,0.096041,0.000395,0.065776,0.238998,0.119446,0.032704,-0.114350,0.047240
3603,-7.509772,0.889666,3.304116,0.660823,0.308648,1.000000,2.500000,0.650000,0.167387,0.135815,0.099179,0.002392,0.096014,0.000304,0.064914,0.239436,0.119251,0.031918,-0.113838,0.046279
3604,-7.656546,1.120842,2.718438,0.543688,0.308163,1.000000,2.500000,0.650000,0.166473,0.132621,0.099944,0.001568,0.096014,0.001039,0.068046,0.238712,0.119565,0.031564,-0.114149,0.045622
3605,-7.834916,1.349405,2.175263,0.435053,0.350046,1.000000,2.500000,0.650000,0.166707,0.136521,0.100028,0.003216,0.096786,0.000114,0.063828,0.239619,0.118082,0.032115,-0.114593,0.046651
3606,-7.717594,1.139495,2.534339,0.506868,0.317984,1.000000,2.500000,0.650000,0.164499,0.133060,0.098806,0.002846,0.096103,0.000452,0.064811,0.239821,0.119635,0.032364,-0.112944,0.046691
3607,-9.988962,1.596341,1.103816,0.220763,1.339730,0.000000,2.500000,0.650000,0.164148,0.132811,0.097843,0.002825,0.096461,0.000383,0.064834,0.239934,0.119250,0.032563,-0.114689,0.047651
3608,-7.722974,1.138359,2.516598,0.503320,0.305864,1.000000,2.500000,0.650000,0.164521,0.133608,0.098764,0.003126,0.096102,0.000858,0.065588,0.239992,0.119317,0.031944,-0.114368,0.047350
3609,-7.994954,1.740723,1.733508,0.346702,0.365721,1.000000,2.500000,0.650000,0.167705,0.134334,0.099854,0.000777,0.096676,0.000115,0.064060,0.239562,0.119125,0.031247,-0.113734,0.045325
3610,-8.107317,2.013317,1.389936,0.277987,0.409560,1.000000,2.500000,0.650000,0.163988,0.133186,0.097471,0.000755,0.100650,0.001654,0.064062,0.239419,0.119423,0.031802,-0.117519,0.046163
3611,-7.529834,0.887268,3.162520,0.632504,0.297720,1.000000,2.500000,0.650000,0.166487,0.134820,0.098586,0.004252,0.096943,0.000067,0.067015,0.237851,0.118862,0.032969,-0.114331,0.047578
3612,-7.552383,0.920746,3.108350,0.621670,0.296256,1.000000,2.500000,0.650000,0.163969,0.132823,0.097821,0.002252,0.098426,0.001272,0.065524,0.239969,0.119762,0.032315,-0.115627,0.045925
3613,-9.995300,3.952861,0.469958,0.093992,1.407305,0.000000,2.500000,0.650000,0.165915,0.136424,0.099130,0.002216,0.096080,0.002018,0.065158,0.239967,0.119137,0.030900,-0.114909,0.047090
3614,-7.581912,0.933268,2.998218,0.599644,0.299498,1.000000,2.500000,0.650000,0.162054,0.130533,0.097632,0.002454,0.097750,0.000415,0.067043,0.239842,0.119642,0.032427,-0.114833,0.046769
3615,-7.556517,0.937704,3.026200,0.605240,0.282229,1.000000,2.500000,0.650000,0.165878,0.133904,0.098170,0.003500,0.096001,0.000040,0.065147,0.239644,0.119329,0.032662,-0.115419,0.046257
3616,-7.578104,0.968094,3.063172,0.612634,0.311658,1.000000,2.500000,0.650000,0.163068,0.133098,0.099620,0.001844,0.096923,0.001341,0.064698,0.239939,0.119656,0.031865,-0.113738,0.046693
3617,-7.617403,0.990395,2.865038,0.573008,0.308082,1.000000,2.500000,0.650000,0.162485,0.132689,0.098102,0.002078,0.098466,0.000662,0.065088,0.239988,0.119807,0.032835,-0.115561,0.046809
3618,-7.711454,1.155615,2.495618,0.499124,0.315393,1.000000,2.500000,0.650000,0.166240,0.131332,0.099766,0.002330,0.096135,0.000526,0.066400,0.239400,0.119414,0.032236,-0.113925,0.046003
3619,-7.640105,1.022027,2.827268,0.565454,0.305747,1.000000,2.500000,0.650000,0.167519,0.136151,0.099825,0.004403,0.099542,0.000015,0.065166,0.238619,0.119401,0.032880,-0.113596,0.047892
3620,-7.570450,0.933670,3.073274,0.614655,0.299767,1.000000,2.500000,0.650000,0.164486,0.132041,0.097342,0.002985,0.097097,0.000179,0.067371,0.239023,0.119321,0.033304,-0.116087,0.046842
3621,-7.677022,1.086379,2.689800,0.537960,0.309017,1.000000,2.500000,0.650000,0.167405,0.135986,0.099346,0.004551,0.098985,0.000392,0.065559,0.239341,0.118815,0.032791,-0.114406,0.047707
3622,-7.679749,1.097023,2.553056,0.510611,0.308472,1.000000,2.500000,0.650000,0.166303,0.134025,0.099042,0.003194,0.096085,0.000419,0.065965,0.239021,0.119096,0.032598,-0.114380,0.046540
3623,-10.000000,,-0.399890,-0.079978,1.316657,0.000000,2.500000,0.650000,0.164834,0.133124,0.098043,0.003310,0.096068,0.001033,0.067926,0.238633,0.119415,0.031744,-0.114573,0.046961
3624,-7.503850,0.852042,3.319389,0.663878,0.288818,1.000000,2.500000,0.650000,0.163636,0.133885,0.097650,0.003957,0.096038,0.000766,0.067517,0.239542,0.119700,0.032393,-0.113147,0.047097
3625,-7.784150,1.221987,2.299587,0.459917,0.301947,1.000000,2.500000,0.650000,0.165318,0.135787,0.098269,0.004814,0.097763,0.000057,0.065320,0.239266,0.118824,0.032796,-0.113718,0.048158
3626,-7.697449,1.149943,2.540053,0.508011,0.319224,1.000000,2.500000,0.650000,0.164377,0.133702,0.099681,0.001483,0.096018,0.001379,0.067407,0.238100,0.119479,0.031967,-0.114717,0.046783
3627,-7.636404,1.023535,2.779077,0.555815,0.305078,1.000000,2.500000,0.650000,0.166713,0.134652,0.099194,0.003031,0.096612,0.000389,0.065415,0.239881,0.118835,0.032081,-0.114079,0.046800
3628,-9.985720,1.521150,1.428003,0.285601,1.069610,0.000000,2.500000,0.650000,0.166564,0.135335,0.098633,0.002854,0.096208,0.000595,0.065793,0.239595,0.119112,0.031671,-0.114618,0.047188
3629,-7.722511,1.171902,2.425730,0.485146,0.302148,1.000000,2.500000,0.650000,0.163646,0.134568,0.098358,0.004745,0.096350,0.000258,0.065200,0.239621,0.118902,0.033194,-0.115095,0.048074
3630,-7.691862,1.108310,2.559205,0.511841,0.312181,1.000000,2.500000,0.650000,0.165588,0.134035,0.099705,0.003147,0.096080,0.000430,0.066499,0.237901,0.119410,0.032465,-0.114125,0.046783
3631,-7.693765,1.130828,2.537228,0.507446,0.320055,1.000000,2.500000,0.650000,0.164923,0.135885,0.098984,0.002473,0.096284,0.000997,0.065749,0.239929,0.119829,0.031736,-0.113274,0.046108
3632,-7.790689,1.284526,2.233899,0.446780,0.302978,1.000000,2.500000,0.650000,0.165471,0.133620,0.098383,0.003921,0.096293,0.000724,0.066946,0.238986,0.119539,0.031543,-0.112380,0.046751
3633,-7.584353,0.945190,2.966673,0.593335,0.280270,1.000000,2.500000,0.650000,0.162782,0.129199,0.096275,0.004043,0.097765,0.000022,0.067845,0.239095,0.119952,0.033190,-0.113770,0.046665
3634,-7.605982,1.018779,2.900836,0.580167,0.313104,1.000000,2.500000,0.650000,0.165335,0.133037,0.097446,0.003206,0.097078,0.000355,0.066433,0.239642,0.119166,0.033469,-0.116614,0.046925
3635,-7.949653,1.634801,1.775045,0.355009,0.319550,1.000000,2.500000,0.650000,0.164924,0.133173,0.098286,0.002836,0.096470,0.000558,0.066698,0.239898,0.119452,0.032366,-0.114353,0.046143
3636,-7.691620,1.110854,2.601069,0.520214,0.310375,1.000000,2.500000,0.650000,0.167215,0.134003,0.098705,0.002833,0.096611,0.000599,0.066663,0.239464,0.119527,0.031701,-0.112906,0.045378
3637,-7.660688,1.028947,2.736819,0.547364,0.299045,1.000000,2.500000,0.650000,0.163481,0.135837,0.099582,0.003827,0.097229,0.001689,0.067224,0.238123,0.119708,0.032890,-0.112452,0.047716
3638,-7.651308,1.058812,2.740453,0.548091,0.303406,1.000000,2.500000,0.650000,0.166438,0.133992,0.098520,0.003984,0.096567,0.000502,0.068555,0.239281,0.119171,0.033352,-0.115695,0.047188
3639,-7.533125,0.885205,3.187633,0.637527,0.291835,1.000000,2.500000,0.650000,0.165647,0.133014,0.097042,0.004609,0.096013,0.000030,0.066961,0.239349,0.119309,0.032582,-0.113245,0.046946
3640,-7.710650,1.160097,2.479703,0.495941,0.303673,1.000000,2.500000,0.650000,0.166917,0.135512,0.099068,0.002776,0.096224,0.000549,0.065060,0.239694,0.119373,0.031753,-0.114200,0.046329
3641,-7.691347,1.084970,2.573442,0.514688,0.295533,1.000000,2.500000,0.650000,0.164242,0.134376,0.098185,0.003755,0.096200,0.000109,0.067681,0.238883,0.119558,0.033444,-0.112664,0.046918
3642,-7.626816,1.002547,2.776428,0.555286,0.312970,1.000000,2.500000,0.650000,0.164940,0.134851,0.097295,0.004921,0.096017,0.000077,0.064191,0.239748,0.119397,0.033514,-0.113373,0.046924
3643,-7.551486,0.918770,3.109196,0.621839,0.290321,1.000000,2.500000,0.650000,0.164398,0.133577,0.098310,0.003251,0.096144,0.000279,0.067284,0.238758,0.119739,0.033043,-0.113388,0.046806
3644,-7.929159,1.571177,1.801932,0.360386,0.312283,1.000000,2.500000,0.650000,0.165107,0.134093,0.098903,0.003075,0.096295,0.000748,0.067585,0.238032,0.119790,0.032563,-0.113165,0.046174
3645,-7.766426,1.230343,2.375073,0.475015,0.304560,1.000000,2.500000,0.650000,0.166569,0.133261,0.098468,0.003724,0.096058,0.000133,0.065940,0.239261,0.119103,0.032954,-0.113485,0.046397
3646,-7.645824,1.002511,2.761591,0.552318,0.290120,1.000000,2.500000,0.650000,0.163918,0.132570,0.096591,0.004728,0.096028,0.000655,0.067292,0.239920,0.119662,0.033085,-0.114886,0.047783
3647,-8.618359,3.808678,0.738910,0.147782,0.300985,1.000000,2.500000,0.650000,0.166565,0.132276,0.096120,0.005603,0.096153,0.000248,0.067412,0.239104,0.118906,0.033198,-0.114043,0.047510
3648,-7.680852,1.063029,2.501786,0.500357,0.333665,1.000000,2.500000,0.650000,0.166189,0.135515,0.098789,0.004629,0.097483,0.000065,0.067189,0.236827,0.119376,0.033296,-0.113868,0.047423
3649,-7.807822,1.249919,2.169077,0.433815,0.350072,1.000000,2.500000,0.650000,0.163435,0.133341,0.098267,0.003286,0.096046,0.000345,0.067824,0.238353,0.119197,0.033084,-0.113235,0.047464
3650,-7.624483,0.997387,2.810798,0.562160,0.307403,1.000000,2.500000,0.650000,0.163059,0.133138,0.098211,0.002515,0.098314,0.001092,0.066996,0.239834,0.119889,0.032205,-0.112556,0.046298
3651,-7.927294,1.517702,1.844651,0.368930,0.304237,1.000000,2.500000,0.650000,0.163240,0.130516,0.096585,0.003549,0.097133,0.000229,0.066781,0.239863,0.119395,0.033263,-0.116159,0.047529
3652,-7.664752,1.041628,2.718932,0.543786,0.302319,1.000000,2.500000,0.650000,0.165252,0.133554,0.097291,0.003842,0.096089,0.000403,0.067829,0.238419,0.119869,0.032506,-0.112338,0.046671
3653,-7.592349,0.969558,2.985599,0.597120,0.314289,1.000000,2.500000,0.650000,0.164653,0.133951,0.097862,0.002989,0.096863,0.000263,0.065827,0.239678,0.119879,0.032313,-0.112044,0.045975
3654,-7.649977,1.066035,2.715150,0.543030,0.305480,1.000000,2.500000,0.650000,0.165528,0.131996,0.097464,0.003020,0.097221,0.000059,0.067229,0.239528,0.119850,0.033176,-0.114998,0.045339
3655,-7.613351,0.983532,2.825303,0.565061,0.299668,1.000000,2.500000,0.650000,0.164011,0.134756,0.098754,0.003051,0.096072,0.000408,0.066313,0.239256,0.119523,0.032386,-0.113249,0.046872
3656,-7.561573,0.915297,3.084947,0.616989,0.298145,1.000000,2.500000,0.650000,0.163795,0.133556,0.098278,0.003140,0.096252,0.000453,0.064803,0.239999,0.119870,0.032168,-0.112085,0.047187
3657,-7.579136,0.952754,3.023136,0.604627,0.314639,1.000000,2.500000,0.650000,0.166080,0.133326,0.098114,0.001991,0.098100,0.000086,0.065182,0.239305,0.119839,0.032388,-0.114496,0.045470
3658,-7.843486,1.366204,2.050294,0.410059,0.320947,1.000000,2.500000,0.650000,0.165779,0.131714,0.097715,0.003491,0.097061,0.000011,0.068535,0.236448,0.119969,0.032825,-0.112647,0.045704
3659,-9.982396,1.189812,1.760390,0.352078,0.805130,0.000000,2.500000,0.650000,0.165221,0.131944,0.097690,0.003539,0.096289,0.000001,0.066371,0.239236,0.119655,0.032993,-0.114592,0.046564
3660,-7.597709,0.984860,2.948836,0.589767,0.318966,1.000000,2.500000,0.650000,0.163747,0.134274,0.098200,0.001406,0.098358,0.000956,0.065258,0.239937,0.119678,0.032603,-0.113698,0.046206
3661,-7.594173,0.973732,2.885654,0.577131,0.290481,1.000000,2.500000,0.650000,0.163389,0.134514,0.097819,0.003398,0.096205,0.000295,0.065966,0.239134,0.119651,0.032787,-0.113550,0.047264
3662,-7.623747,0.986423,2.844790,0.568958,0.299362,1.000000,2.500000,0.650000,0.164131,0.134780,0.097952,0.004503,0.096053,0.000022,0.065005,0.239826,0.119306,0.033070,-0.113180,0.047273
3663,-7.628345,0.994865,2.843264,0.568653,0.297771,1.000000,2.500000,0.650000,0.164009,0.134778,0.099020,0.004345,0.096311,0.000160,0.066570,0.238166,0.119691,0.033268,-0.112616,0.047409
3664,-7.788458,1.269388,2.276488,0.455298,0.349737,1.000000,2.500000,0.650000,0.165072,0.134881,0.099853,0.002252,0.096086,0.000963,0.066597,0.238221,0.119795,0.031973,-0.112333,0.046708
3665,-7.530245,0.872179,3.235344,0.647069,0.295455,1.000000,2.500000,0.650000,0.162235,0.131014,0.097467,0.002262,0.099670,0.000168,0.065777,0.239750,0.119995,0.032172,-0.112340,0.045918
3666,-7.615806,0.999408,2.863044,0.572609,0.304179,1.000000,2.500000,0.650000,0.165255,0.135836,0.098942,0.003878,0.096087,0.000289,0.063204,0.239972,0.119652,0.032551,-0.112016,0.046542
3667,-7.700323,1.130131,2.577991,0.515598,0.307502,1.000000,2.500000,0.650000,0.166031,0.129446,0.096101,0.001261,0.101135,0.000017,0.065356,0.239978,0.119809,0.032363,-0.116499,0.044883
3668,-8.053544,1.872704,1.548563,0.309713,0.341821,1.000000,2.500000,0.650000,0.165657,0.137038,0.099075,0.002672,0.096001,0.000057,0.063641,0.239559,0.119283,0.032549,-0.112590,0.046531
3669,-7.706566,1.134029,2.543099,0.508620,0.315219,1.000000,2.500000,0.650000,0.166010,0.132574,0.098110,0.002653,0.097449,0.000011,0.065354,0.239434,0.119726,0.032484,-0.112325,0.045489
3670,-7.659990,1.055841,2.704643,0.540929,0.320440,1.000000,2.500000,0.650000,0.161794,0.132911,0.098278,0.001656,0.099096,0.000707,0.064813,0.239986,0.119946,0.032666,-0.114219,0.046221
3671,-7.617310,0.998790,2.867934,0.573587,0.308451,1.000000,2.500000,0.650000,0.164162,0.132048,0.097684,0.002057,0.097842,0.000275,0.065422,0.239791,0.119957,0.032224,-0.112114,0.046511
3672,-7.539896,0.898595,3.186686,0.637337,0.300991,1.000000,2.500000,0.650000,0.165370,0.133763,0.098592,0.004153,0.096210,0.000206,0.065312,0.239523,0.119823,0.032314,-0.112922,0.046933
3673,-7.739885,1.143206,2.454025,0.490805,0.297489,1.000000,2.500000,0.650000,0.163073,0.133518,0.097762,0.004800,0.096836,0.000692,0.066917,0.239906,0.119582,0.033109,-0.112525,0.048632
3674,-7.797190,1.327918,2.218706,0.443741,0.336807,1.000000,2.500000,0.650000,0.165292,0.137975,0.100373,0.000700,0.096661,0.002432,0.063923,0.239998,0.119880,0.031180,-0.112923,0.046456
3675,-7.591880,0.953326,2.972477,0.594495,0.294494,1.000000,2.500000,0.650000,0.160797,0.132421,0.099123,0.002847,0.097187,0.001277,0.065357,0.239826,0.120000,0.031902,-0.112425,0.047192
3676,-9.981789,1.122433,1.821052,0.364210,1.120158,0.000000,2.500000,0.650000,0.163907,0.135629,0.099998,0.002120,0.096436,0.000443,0.062649,0.239977,0.119915,0.032086,-0.112014,0.046683
3677,-7.535606,0.887238,3.199833,0.639967,0.303192,1.000000,2.500000,0.650000,0.165818,0.133161,0.098412,0.003238,0.096345,0.000005,0.065626,0.239569,0.119956,0.032304,-0.112016,0.045651
3678,-7.650313,1.051220,2.701715,0.540343,0.304925,1.000000,2.500000,0.650000,0.165514,0.132147,0.097462,0.003504,0.096290,0.000018,0.065728,0.239046,0.119782,0.032414,-0.113630,0.046039
3679,-7.717375,1.150645,2.518624,0.503725,0.325023,1.000000,2.500000,0.650000,0.163232,0.134042,0.098379,0.002138,0.098297,0.000524,0.063995,0.239817,0.119997,0.032268,-0.112076,0.046133
3680,-7.597173,0.951314,2.952626,0.590525,0.303176,1.000000,2.500000,0.650000,0.164492,0.136013,0.099899,0.004272,0.097153,0.000089,0.064690,0.238740,0.119691,0.031923,-0.112000,0.047015
3681,-7.693542,1.069770,2.594999,0.519000,0.293498,1.000000,2.500000,0.650000,0.161663,0.133545,0.098862,0.004857,0.096431,0.000373,0.065569,0.238695,0.119778,0.032926,-0.113206,0.047429
3682,-7.637657,1.007949,2.763301,0.552660,0.310119,1.000000,2.500000,0.650000,0.163281,0.131987,0.097433,0.001935,0.098451,0.000206,0.064050,0.239954,0.119928,0.032314,-0.113858,0.046183
3683,-7.772464,1.256247,2.259494,0.451899,0.305300,1.000000,2.500000,0.650000,0.163842,0.133311,0.097579,0.002567,0.097108,0.000224,0.064568,0.239928,0.119890,0.031971,-0.112088,0.046290
3684,-7.621057,0.987190,2.808253,0.561651,0.285623,1.000000,2.500000,0.650000,0.163500,0.132826,0.097464,0.004595,0.096891,0.000024,0.067026,0.238654,0.119919,0.032710,-0.112073,0.046276
3685,-7.555579,0.928478,3.131582,0.626316,0.301747,1.000000,2.500000,0.650000,0.166295,0.135280,0.098638,0.003163,0.096003,0.000149,0.064236,0.239525,0.119904,0.032204,-0.112000,0.046314
3686,-7.924244,1.579221,1.843384,0.368677,0.349500,1.000000,2.500000,0.650000,0.165568,0.132732,0.098342,0.002050,0.098736,0.000084,0.064079,0.239914,0.119981,0.031832,-0.112030,0.044156
3687,-7.590152,0.952596,2.946252,0.589250,0.294875,1.000000,2.500000,0.650000,0.164641,0.135700,0.099210,0.003655,0.096765,0.000505,0.062959,0.239997,0.119714,0.032195,-0.112518,0.047454
3688,-7.670996,1.057564,2.710427,0.542085,0.312015,1.000000,2.500000,0.650000,0.165803,0.137107,0.100902,0.004175,0.098624,0.000155,0.065796,0.238419,0.119814,0.032149,-0.113193,0.047070
3689,-7.584816,0.943388,2.973837,0.594767,0.290963,1.000000,2.500000,0.650000,0.164970,0.130435,0.096977,0.003057,0.098155,0.000060,0.066952,0.237989,0.119990,0.032206,-0.113306,0.045997
3690,-7.592900,0.934069,2.932737,0.586547,0.298581,1.000000,2.500000,0.650000,0.163748,0.135119,0.099283,0.004818,0.097266,0.000205,0.066471,0.237995,0.119800,0.032744,-0.112035,0.047901
3691,-7.686881,1.109184,2.618370,0.523674,0.315812,1.000000,2.500000,0.650000,0.164053,0.134814,0.099446,0.002503,0.097024,0.000274,0.064103,0.239322,0.119992,0.031824,-0.112108,0.046277
3692,-7.599278,0.949055,2.933098,0.586620,0.289761,1.000000,2.500000,0.650000,0.162248,0.130802,0.098305,0.004409,0.096007,0.000060,0.067678,0.238997,0.119999,0.033091,-0.112031,0.047096
3693,-7.655864,1.031891,2.736255,0.547251,0.319529,1.000000,2.500000,0.650000,0.164712,0.134969,0.099641,0.003454,0.096387,0.000294,0.065071,0.238392,0.119959,0.032402,-0.112195,0.046430
3694,-7.515998,0.879852,3.242103,0.648421,0.318697,1.000000,2.500000,0.650000,0.165113,0.131812,0.097993,0.002768,0.098522,0.000022,0.065171,0.239991,0.119977,0.031862,-0.112010,0.045136
3695,-7.550550,0.898768,3.124199,0.624840,0.282130,1.000000,2.500000,0.650000,0.164741,0.131611,0.098293,0.004416,0.096001,0.000181,0.067072,0.238802,0.119911,0.033466,-0.112040,0.046119
3696,-7.813900,1.299687,2.094314,0.418863,0.338841,1.000000,2.500000,0.650000,0.165221,0.136539,0.099379,0.003694,0.096951,0.000648,0.066234,0.239325,0.119956,0.032309,-0.112490,0.047196
3697,-7.746598,1.202996,2.422090,0.484418,0.331131,1.000000,2.500000,0.650000,0.166448,0.133114,0.098632,0.003233,0.096148,0.000037,0.064562,0.239911,0.119638,0.032231,-0.112355,0.045666
3698,-9.979981,1.225279,2.001918,0.400384,0.700588,0.000000,2.500000,0.650000,0.164101,0.132176,0.098780,0.003051,0.096533,0.000155,0.066573,0.239234,0.119782,0.032465,-0.112386,0.046168
3699,-7.692556,1.085153,2.592400,0.518480,0.281652,1.000000,2.500000,0.650000,0.163948,0.130818,0.097739,0.004243,0.096368,0.000000,0.067293,0.238010,0.119910,0.032750,-0.112019,0.046513
3700,-7.737161,1.191899,2.480892,0.496178,0.304332,1.000000,2.500000,0.650000,0.167342,0.132520,0.098112,0.004356,0.096213,0.000537,0.065521,0.239082,0.119664,0.032193,-0.112001,0.045270
3701,-7.670816,1.056501,2.623672,0.524734,0.288597,1.000000,2.500000,0.650000,0.164018,0.132770,0.098029,0.003835,0.096007,0.000046,0.066597,0.238842,0.119749,0.033327,-0.112728,0.047319
3702,-7.598141,0.938544,2.941246,0.588249,0.281625,1.000000,2.500000,0.650000,0.163677,0.131645,0.097815,0.004962,0.096905,0.000321,0.067359,0.237987,0.120000,0.033088,-0.112706,0.046013
3703,-7.919083,1.600525,1.820226,0.364045,0.289258,1.000000,2.500000,0.650000,0.164533,0.130877,0.097135,0.003417,0.099732,0.000233,0.064698,0.239996,0.119887,0.033000,-0.112086,0.045081
3704,-7.857295,1.434317,2.050002,0.410000,0.321331,1.000000,2.500000,0.650000,0.164600,0.132599,0.097763,0.002002,0.099421,0.000021,0.064083,0.239980,0.119983,0.032061,-0.112011,0.044964
3705,-9.986202,1.450477,1.379768,0.275954,1.219685,0.000000,2.500000,0.650000,0.164139,0.134231,0.099902,0.002905,0.096120,0.000513,0.065712,0.239657,0.119984,0.031780,-0.112520,0.046761
3706,-7.626640,1.040638,2.827633,0.565527,0.306440,1.000000,2.500000,0.650000,0.163529,0.129875,0.097877,0.001659,0.099526,0.000360,0.066089,0.240000,0.119993,0.032342,-0.112566,0.045218
3707,-7.582903,0.919225,2.983410,0.596682,0.288227,1.000000,2.500000,0.650000,0.162399,0.128835,0.097056,0.005555,0.096659,0.000401,0.066155,0.239357,0.119943,0.032988,-0.112186,0.046239
3708,-7.654300,1.014784,2.737133,0.547427,0.283120,1.000000,2.500000,0.650000,0.164489,0.129020,0.096465,0.005222,0.096856,0.000272,0.066828,0.239019,0.119940,0.032986,-0.112755,0.046618
3709,-7.671019,1.082513,2.680587,0.536117,0.297278,1.000000,2.500000,0.650000,0.166593,0.131651,0.098957,0.003109,0.096924,0.000052,0.065922,0.239066,0.119992,0.032088,-0.112622,0.045151
3710,-7.596411,0.958313,2.936711,0.587342,0.294981,1.000000,2.500000,0.650000,0.162349,0.130963,0.097871,0.003059,0.098989,0.000018,0.066613,0.239904,0.119996,0.032390,-0.112000,0.045767
3711,-7.701669,1.110982,2.544197,0.508839,0.291687,1.000000,2.500000,0.650000,0.161674,0.127350,0.096604,0.004511,0.099427,0.000118,0.066978,0.239816,0.119982,0.032906,-0.112009,0.045729
3712,-7.604307,0.973486,2.914255,0.582851,0.305236,1.000000,2.500000,0.650000,0.166298,0.130043,0.097402,0.003397,0.099750,0.000558,0.065214,0.239764,0.119834,0.032421,-0.112202,0.044706
3713,-7.551739,0.919181,3.132775,0.626555,0.306986,1.000000,2.500000,0.650000,0.163827,0.131236,0.097998,0.003114,0.098175,0.000059,0.065980,0.239920,0.120000,0.032130,-0.112000,0.044801
3714,-7.757295,1.172013,2.367169,0.473434,0.282239,1.000000,2.500000,0.650000,0.162568,0.131637,0.099150,0.005370,0.096001,0.000555,0.065821,0.237736,0.119948,0.033226,-0.113887,0.046141
3715,-7.919637,1.478800,1.865823,0.373165,0.298441,1.000000,2.500000,0.650000,0.160576,0.127450,0.096051,0.004172,0.100644,0.000167,0.067166,0.239944,0.119760,0.033598,-0.112128,0.046196
3716,-7.607539,0.960081,2.877919,0.575584,0.301543,1.000000,2.500000,0.650000,0.161908,0.129962,0.097863,0.004535,0.097238,0.000038,0.066349,0.239924,0.119943,0.033039,-0.112073,0.046621
3717,-7.617730,0.976139,2.806930,0.561386,0.308709,1.000000,2.500000,0.650000,0.161026,0.127315,0.096722,0.002366,0.103621,0.000201,0.066609,0.239876,0.119974,0.032575,-0.112313,0.045663
3718,-7.543723,0.895510,3.111568,0.622314,0.288348,1.000000,2.500000,0.650000,0.162432,0.130688,0.097521,0.003754,0.097891,0.000295,0.067231,0.239129,0.119993,0.033246,-0.112497,0.046081
3719,-7.708477,1.115010,2.545806,0.509161,0.300872,1.000000,2.500000,0.650000,0.162746,0.129633,0.097941,0.002771,0.098731,0.000299,0.067386,0.239151,0.119999,0.032455,-0.113054,0.045617
3720,-7.642707,1.017514,2.756066,0.551213,0.293687,1.000000,2.500000,0.650000,0.163304,0.130238,0.096702,0.004288,0.097282,0.000015,0.067773,0.239148,0.119931,0.033329,-0.112686,0.045780
3721,-7.678024,1.104060,2.576067,0.515213,0.296883,1.000000,2.500000,0.650000,0.163343,0.130718,0.097686,0.004915,0.096314,0.000004,0.066726,0.239333,0.119963,0.032500,-0.112075,0.045817
3722,-7.536773,0.897923,3.194556,0.638911,0.296285,1.000000,2.500000,0.650000,0.163784,0.130893,0.099065,0.002673,0.097755,0.000479,0.066097,0.239611,0.120000,0.032353,-0.112112,0.045065
3723,-7.687438,1.088481,2.541984,0.508397,0.312891,1.000000,2.500000,0.650000,0.160892,0.128953,0.097273,0.003538,0.100353,0.000091,0.065903,0.239993,0.119966,0.032961,-0.113506,0.045973
3724,-9.983842,1.660573,1.615817,0.323163,0.432859,0.000000,2.500000,0.650000,0.163277,0.128714,0.097145,0.002138,0.101623,0.000397,0.067517,0.239992,0.119989,0.032183,-0.113023,0.044466
3725,-7.670493,1.044915,2.672708,0.534542,0.298516,1.000000,2.500000,0.650000,0.161925,0.131007,0.097998,0.003877,0.098203,0.000239,0.067691,0.239162,0.119931,0.032727,-0.112007,0.045743
3726,-7.639269,1.069689,2.817386,0.563477,0.323603,1.000000,2.500000,0.650000,0.167100,0.134026,0.097553,0.003568,0.097295,0.000010,0.066940,0.239512,0.119756,0.032247,-0.112439,0.045402
3727,-7.647036,1.022247,2.763012,0.552602,0.284913,1.000000,2.500000,0.650000,0.162515,0.128815,0.096489,0.004190,0.098042,0.000001,0.067724,0.239661,0.119997,0.033527,-0.114977,0.045761
3728,-7.590957,0.955648,2.882668,0.576534,0.291408,1.000000,2.500000,0.650000,0.162503,0.129956,0.096628,0.004015,0.099664,0.000236,0.067142,0.238811,0.119875,0.033426,-0.112005,0.045082
3729,-7.843502,1.332417,2.097639,0.419528,0.277879,1.000000,2.500000,0.650000,0.161438,0.129251,0.098214,0.004440,0.098524,0.000012,0.067534,0.238155,0.119910,0.033628,-0.112003,0.045845
3730,-7.654579,1.042318,2.733645,0.546729,0.290058,1.000000,2.500000,0.650000,0.165088,0.129753,0.097175,0.004472,0.097119,0.000462,0.067125,0.237071,0.119959,0.033494,-0.112010,0.044940
3731,-7.749402,1.199915,2.411589,0.482318,0.305389,1.000000,2.500000,0.650000,0.163792,0.130597,0.099861,0.001675,0.098394,0.000509,0.067781,0.239413,0.120000,0.031684,-0.112138,0.045064
3732,-7.550870,0.899752,3.099845,0.619969,0.293529,1.000000,2.500000,0.650000,0.163283,0.132443,0.097921,0.004534,0.096313,0.000001,0.065797,0.239883,0.120000,0.033125,-0.112086,0.045665
3733,-9.991613,2.123796,0.838659,0.167732,1.477201,0.000000,2.500000,0.650000,0.164507,0.131255,0.098350,0.003775,0.097336,0.000007,0.066117,0.239368,0.119995,0.032787,-0.112086,0.044756
3734,-7.711713,1.137259,2.546555,0.509311,0.293105,1.000000,2.500000,0.650000,0.164117,0.131932,0.098978,0.003701,0.096362,0.000112,0.066502,0.239206,0.119974,0.032356,-0.113030,0.045347
3735,-8.218075,2.382570,1.186169,0.237234,0.347154,1.000000,2.500000,0.650000,0.164382,0.130567,0.096378,0.005199,0.098266,0.000596,0.065481,0.239679,0.119943,0.033531,-0.112152,0.045108
3736,-7.791946,1.293404,2.311864,0.462373,0.309975,1.000000,2.500000,0.650000,0.165233,0.131850,0.098594,0.003384,0.096306,0.000148,0.065721,0.239736,0.119784,0.032087,-0.112003,0.045741
3737,-7.651029,1.045085,2.759480,0.551896,0.303317,1.000000,2.500000,0.650000,0.164639,0.130091,0.098184,0.002348,0.098283,0.000000,0.067377,0.238551,0.119997,0.032102,-0.112155,0.044724
3738,-7.552715,0.923690,3.116957,0.623391,0.311640,1.000000,2.500000,0.650000,0.164312,0.128582,0.098094,0.002236,0.100798,0.000016,0.067121,0.239455,0.119910,0.032798,-0.112365,0.044297
3739,-7.534263,0.894086,3.188005,0.637601,0.293218,1.000000,2.500000,0.650000,0.164476,0.132094,0.098155,0.003652,0.096414,0.000065,0.067135,0.239251,0.120000,0.032570,-0.112003,0.045324
3740,-7.548848,0.903058,3.107777,0.621555,0.276065,1.000000,2.500000,0.650000,0.164204,0.131235,0.096887,0.004837,0.096438,0.000001,0.066884,0.239130,0.120000,0.032892,-0.112275,0.046000
3741,-7.554044,0.894150,3.118857,0.623771,0.286533,1.000000,2.500000,0.650000,0.163870,0.130236,0.097829,0.005404,0.096001,0.000143,0.067287,0.238803,0.119994,0.033696,-0.112003,0.046074
3742,-7.788295,1.251507,2.302022,0.460404,0.297209,1.000000,2.500000,0.650000,0.165296,0.132700,0.097746,0.003931,0.096038,0.000055,0.067972,0.238087,0.119991,0.032413,-0.112590,0.045770
3743,-7.769108,1.201772,2.326869,0.465374,0.298681,1.000000,2.500000,0.650000,0.164093,0.129288,0.096015,0.005365,0.097321,0.000258,0.068059,0.239367,0.119937,0.033422,-0.112001,0.044987
3744,-7.725251,1.151273,2.520333,0.504067,0.304250,1.000000,2.500000,0.650000,0.166538,0.132188,0.097457,0.004039,0.096026,0.000007,0.066219,0.239407,0.119983,0.032528,-0.112082,0.045187
3745,-7.568202,0.913656,3.045713,0.609143,0.283188,1.000000,2.500000,0.650000,0.163017,0.128476,0.096439,0.005576,0.096456,0.000145,0.068384,0.239224,0.119952,0.033785,-0.112008,0.045902
3746,-7.645603,1.025303,2.772598,0.554520,0.299903,1.000000,2.500000,0.650000,0.166006,0.132341,0.098156,0.003991,0.096189,0.000015,0.066098,0.239343,0.119997,0.032063,-0.112017,0.045181
3747,-7.669064,1.049546,2.666849,0.533370,0.300553,1.000000,2.500000,0.650000,0.165545,0.131270,0.098095,0.003206,0.097023,0.000012,0.066870,0.238886,0.119997,0.033086,-0.112017,0.045010
3748,-8.107490,2.007005,1.421161,0.284232,0.423736,1.000000,2.500000,0.650000,0.165647,0.132579,0.098289,0.002849,0.097206,0.000204,0.066353,0.239580,0.119994,0.032173,-0.112002,0.044749
3749,-9.992847,2.449747,0.715286,0.143057,1.553255,0.000000,2.500000,0.650000,0.165128,0.130466,0.097097,0.004801,0.096481,0.000059,0.066639,0.239543,0.119979,0.033103,-0.112458,0.045217
3750,-7.641778,0.990179,2.768542,0.553708,0.282289,1.000000,2.500000,0.650000,0.162461,0.129820,0.096492,0.005783,0.096076,0.000003,0.068219,0.239668,0.119972,0.033217,-0.112421,0.046628
3751,-7.711473,1.109679,2.537953,0.507591,0.304351,1.000000,2.500000,0.650000,0.164750,0.132954,0.098301,0.003320,0.096171,0.000249,0.066426,0.239437,0.119996,0.032270,-0.112018,0.045561
3752,-7.650091,1.014724,2.751073,0.550215,0.300342,1.000000,2.500000,0.650000,0.164212,0.132026,0.098107,0.005607,0.096198,0.000048,0.067529,0.238212,0.119856,0.033688,-0.112002,0.045809
3753,-8.058905,1.822840,1.530290,0.306058,0.305940,1.000000,2.500000,0.650000,0.164411,0.129430,0.097160,0.005783,0.096023,0.000474,0.068111,0.237910,0.119896,0.033483,-0.112031,0.045403
3754,-7.500893,0.833505,3.332831,0.666566,0.296195,1.000000,2.500000,0.650000,0.164181,0.131857,0.097254,0.003473,0.097134,0.000206,0.067212,0.239375,0.119865,0.033089,-0.113162,0.045955
3755,-7.784694,1.215221,2.292309,0.458462,0.286981,1.000000,2.500000,0.650000,0.163807,0.129571,0.097121,0.005575,0.096009,0.000571,0.067479,0.239494,0.119990,0.033752,-0.112030,0.045995
3756,-7.671613,1.035975,2.679673,0.535935,0.284811,1.000000,2.500000,0.650000,0.164721,0.133570,0.096686,0.007935,0.098986,0.000420,0.067238,0.239159,0.119923,0.034280,-0.112260,0.047877
3757,-7.628808,0.997298,2.825747,0.565149,0.288763,1.000000,2.500000,0.650000,0.163396,0.129563,0.097370,0.005613,0.096013,0.000231,0.067029,0.239917,0.119989,0.033276,-0.112151,0.045892
3758,-7.709923,1.109775,2.539296,0.507859,0.285476,1.000000,2.500000,0.650000,0.162749,0.130063,0.097828,0.004909,0.096038,0.000021,0.067227,0.239619,0.119954,0.033076,-0.112000,0.046739
3759,-7.636985,0.998193,2.792748,0.558550,0.282466,1.000000,2.500000,0.650000,0.161858,0.127853,0.096142,0.004881,0.097309,0.000267,0.067748,0.239571,0.119877,0.034046,-0.113095,0.045894
3760,-7.584932,0.934260,2.985007,0.597001,0.294057,1.000000,2.500000,0.650000,0.164593,0.131506,0.098264,0.005519,0.096135,0.000001,0.066473,0.238365,0.119995,0.033575,-0.112291,0.046109
3761,-7.542251,0.905066,3.140188,0.628038,0.287457,1.000000,2.500000,0.650000,0.164211,0.130959,0.097662,0.004885,0.096089,0.000042,0.067052,0.239833,0.119979,0.033475,-0.112019,0.045061
3762,-7.622457,0.968270,2.848319,0.569664,0.300973,1.000000,2.500000,0.650000,0.163491,0.133314,0.098177,0.004933,0.096029,0.000172,0.065653,0.239965,0.119994,0.032770,-0.112000,0.046442
3763,-7.695193,1.116729,2.551917,0.510383,0.302329,1.000000,2.500000,0.650000,0.165623,0.130859,0.097389,0.002620,0.097923,0.000015,0.066665,0.239639,0.119914,0.033408,-0.114743,0.045294
3764,-9.040058,5.682361,0.504422,0.100884,0.306051,1.000000,2.500000,0.650000,0.165790,0.132398,0.097441,0.005007,0.096284,0.000074,0.067095,0.238413,0.119995,0.033340,-0.112904,0.045193
3765,-7.588474,0.933479,2.983044,0.596609,0.287130,1.000000,2.500000,0.650000,0.164208,0.133570,0.097896,0.005323,0.096169,0.000029,0.066064,0.239749,0.119979,0.032998,-0.112015,0.046639
3766,-7.705520,1.135743,2.513166,0.502633,0.324051,1.000000,2.500000,0.650000,0.167678,0.132774,0.098343,0.003763,0.096033,0.000022,0.067644,0.238975,0.119858,0.032425,-0.112285,0.044824
3767,-7.719810,1.120058,2.502574,0.500515,0.309882,1.000000,2.500000,0.650000,0.165235,0.133455,0.097492,0.004794,0.096000,0.000008,0.066463,0.239517,0.119917,0.032893,-0.112651,0.045447
3768,-7.595824,0.962114,2.890365,0.578073,0.298405,1.000000,2.500000,0.650000,0.163755,0.131152,0.096993,0.003555,0.097962,0.000012,0.066592,0.239527,0.120000,0.033271,-0.112312,0.045397
3769,-7.547637,0.894452,3.123697,0.624739,0.291219,1.000000,2.500000,0.650000,0.164164,0.132438,0.097579,0.004868,0.096006,0.000010,0.066133,0.239841,0.119992,0.033128,-0.112030,0.045937
3770,-7.634848,1.030590,2.758221,0.551644,0.293914,1.000000,2.500000,0.650000,0.163683,0.130941,0.098612,0.003040,0.097297,0.000203,0.066685,0.239101,0.120000,0.033170,-0.112334,0.045234
3771,-9.993882,2.906223,0.611755,0.122351,1.546018,0.000000,2.500000,0.650000,0.162997,0.129755,0.096670,0.003116,0.099725,0.000275,0.066291,0.239725,0.120000,0.033526,-0.113958,0.045479
3772,-7.726065,1.159422,2.432718,0.486544,0.334586,1.000000,2.500000,0.650000,0.166757,0.130453,0.097736,0.001358,0.100859,0.000118,0.067759,0.238729,0.119968,0.032474,-0.113017,0.043812
3773,-7.505877,0.862640,3.319132,0.663826,0.298929,1.000000,2.500000,0.650000,0.164380,0.131883,0.096968,0.004328,0.097404,0.000027,0.065788,0.239883,0.119998,0.033022,-0.112128,0.045071
3774,-7.576563,0.912274,3.009184,0.601837,0.291978,1.000000,2.500000,0.650000,0.163917,0.131977,0.097178,0.006235,0.096007,0.000157,0.067031,0.239835,0.119980,0.033841,-0.112124,0.046005
3775,-7.670967,1.046741,2.668034,0.533607,0.295070,1.000000,2.500000,0.650000,0.164145,0.133633,0.096336,0.004995,0.096228,0.000031,0.064445,0.239901,0.119977,0.032911,-0.112177,0.045954
3776,-7.768769,1.209522,2.350769,0.470154,0.301578,1.000000,2.500000,0.650000,0.164156,0.132388,0.097498,0.004856,0.096279,0.000119,0.067715,0.239897,0.119996,0.032884,-0.112193,0.045307
3777,-7.586243,0.958755,3.010861,0.602172,0.307191,1.000000,2.500000,0.650000,0.167700,0.134093,0.098159,0.005355,0.097549,0.000296,0.064117,0.239852,0.119488,0.032987,-0.112037,0.046074
3778,-7.638091,1.026296,2.725897,0.545179,0.296612,1.000000,2.500000,0.650000,0.164722,0.132582,0.097911,0.004499,0.096071,0.000081,0.065624,0.239909,0.120000,0.033417,-0.112019,0.045797
3779,-7.640066,1.010328,2.787197,0.557439,0.291686,1.000000,2.500000,0.650000,0.165826,0.132595,0.096842,0.005235,0.096050,0.000005,0.067356,0.239360,0.119984,0.032429,-0.112377,0.045547
3780,-7.602652,0.925516,2.915692,0.583138,0.283492,1.000000,2.500000,0.650000,0.163477,0.129751,0.096719,0.007190,0.096781,0.000350,0.068728,0.237890,0.120000,0.034519,-0.112001,0.046495
3781,-8.495006,3.450077,0.782315,0.156463,0.300560,1.000000,2.500000,0.650000,0.163430,0.131803,0.097157,0.004895,0.096677,0.000009,0.067250,0.239915,0.119915,0.033277,-0.112196,0.046130
3782,-7.606069,1.001670,2.867841,0.573568,0.294525,1.000000,2.500000,0.650000,0.163432,0.130669,0.097454,0.003111,0.099506,0.000224,0.065993,0.239974,0.119998,0.032925,-0.113248,0.044772
3783,-7.631257,0.984237,2.816306,0.563261,0.301566,1.000000,2.500000,0.650000,0.162462,0.133310,0.097003,0.006687,0.096117,0.000159,0.065401,0.239836,0.119997,0.033986,-0.112308,0.047053
3784,-7.617344,0.972310,2.871200,0.574240,0.297419,1.000000,2.500000,0.650000,0.162361,0.132537,0.097981,0.004370,0.096365,0.000478,0.066454,0.239935,0.119989,0.032693,-0.112108,0.046053
3785,-7.659361,1.016972,2.718555,0.543711,0.296361,1.000000,2.500000,0.650000,0.162473,0.128984,0.096796,0.004911,0.098540,0.000126,0.067268,0.239963,0.119806,0.033517,-0.112482,0.045015
3786,-7.565411,0.930886,3.081398,0.616280,0.297319,1.000000,2.500000,0.650000,0.164324,0.131513,0.097458,0.003372,0.098675,0.000002,0.065231,0.239898,0.119951,0.032820,-0.112023,0.045147
3787,-7.657738,1.026672,2.739873,0.547975,0.295158,1.000000,2.500000,0.650000,0.167413,0.132226,0.097427,0.006950,0.096857,0.000928,0.066693,0.239582,0.119993,0.033821,-0.112344,0.044955
3788,-7.591108,0.947665,2.950530,0.590106,0.305921,1.000000,2.500000,0.650000,0.165624,0.134299,0.098931,0.006227,0.097217,0.000022,0.065674,0.238556,0.119845,0.033153,-0.112033,0.046657
3789,-7.656740,1.073337,2.652682,0.530536,0.299417,1.000000,2.500000,0.650000,0.165952,0.132654,0.097535,0.005203,0.096078,0.000372,0.065800,0.239689,0.119997,0.033195,-0.112536,0.045542
3790,-7.781739,1.209009,2.299359,0.459872,0.288534,1.000000,2.500000,0.650000,0.163495,0.133208,0.097943,0.006630,0.097040,0.000014,0.066928,0.239055,0.119979,0.033512,-0.112951,0.046589
3791,-7.647143,1.033270,2.744194,0.548839,0.304754,1.000000,2.500000,0.650000,0.165432,0.133663,0.099225,0.004543,0.096364,0.000003,0.065295,0.239864,0.119906,0.032876,-0.112501,0.046151
3792,-7.623953,0.980304,2.830569,0.566114,0.277425,1.000000,2.500000,0.650000,0.162682,0.128827,0.096296,0.006624,0.096870,0.000617,0.066485,0.239888,0.119986,0.034687,-0.112095,0.046030
3793,-7.689815,1.072363,2.591171,0.518234,0.300099,1.000000,2.500000,0.650000,0.163308,0.131188,0.098188,0.006306,0.096296,0.000119,0.068601,0.237679,0.119887,0.033968,-0.112424,0.046500
3794,-7.678951,1.052991,2.657617,0.531523,0.284616,1.000000,2.500000,0.650000,0.164550,0.133083,0.098656,0.006086,0.097551,0.000012,0.065582,0.239477,0.119972,0.033240,-0.112336,0.046642
3795,-7.621410,0.973220,2.840993,0.568199,0.279504,1.000000,2.500000,0.650000,0.165528,0.132775,0.096650,0.007360,0.096577,0.000600,0.066765,0.239824,0.119989,0.034448,-0.112014,0.046319
3796,-7.479025,0.829333,3.386788,0.677358,0.294831,1.000000,2.500000,0.650000,0.163419,0.133229,0.098372,0.004401,0.096530,0.000178,0.065072,0.239992,0.119999,0.033125,-0.112020,0.045440
3797,-7.664114,1.081586,2.684009,0.536802,0.292036,1.000000,2.500000,0.650000,0.167375,0.132787,0.097984,0.004384,0.096818,0.000526,0.064748,0.239713,0.119944,0.032991,-0.112029,0.044729
3798,-7.610944,0.968012,2.916046,0.583209,0.306013,1.000000,2.500000,0.650000,0.165241,0.132997,0.098637,0.004992,0.096017,0.000002,0.066170,0.238512,0.119949,0.033014,-0.112175,0.045687
3799,-7.583411,0.930455,2.987693,0.597539,0.285941,1.000000,2.500000,0.650000,0.164076,0.130761,0.097167,0.005984,0.096263,0.000770,0.065771,0.239627,0.120000,0.033964,-0.112197,0.045774
3800,-7.642877,0.995098,2.792882,0.558576,0.305385,1.000000,2.500000,0.650000,0.164091,0.134088,0.097595,0.005824,0.096000,0.000019,0.064597,0.240000,0.119825,0.033703,-0.112000,0.046670
3801,-7.685645,1.076309,2.614127,0.522825,0.294424,1.000000,2.500000,0.650000,0.162658,0.130318,0.097443,0.003807,0.099375,0.000007,0.065879,0.240000,0.119949,0.033162,-0.112034,0.045266
3802,-7.930910,1.530511,1.892380,0.378476,0.301362,1.000000,2.500000,0.650000,0.165659,0.131975,0.098381,0.005399,0.096043,0.000063,0.065421,0.239882,0.119945,0.033561,-0.112000,0.045682
3803,-8.759203,4.427059,0.640719,0.128144,0.299411,1.000000,2.500000,0.650000,0.163884,0.132299,0.097527,0.005454,0.096584,0.000145,0.064413,0.239551,0.119986,0.033563,-0.112251,0.046075
3804,-7.688614,1.062319,2.631249,0.526250,0.300173,1.000000,2.500000,0.650000,0.165694,0.135226,0.098437,0.006816,0.097946,0.000950,0.064985,0.237875,0.119586,0.034005,-0.112344,0.047158
3805,-7.826406,1.365469,2.134813,0.426963,0.319479,1.000000,2.500000,0.650000,0.164059,0.133330,0.096647,0.005550,0.096573,0.000124,0.065097,0.239985,0.119855,0.033172,-0.112015,0.046052
3806,-7.660261,1.023971,2.722543,0.544509,0.286126,1.000000,2.500000,0.650000,0.163792,0.133740,0.097760,0.005359,0.096035,0.000012,0.065591,0.239431,0.119976,0.033342,-0.112007,0.046602
3807,-7.578303,0.915864,3.002354,0.600471,0.276210,1.000000,2.500000,0.650000,0.163065,0.131625,0.097513,0.006046,0.096279,0.000108,0.066100,0.239487,0.120000,0.033987,-0.112044,0.045822
3808,-7.750519,1.165491,2.425914,0.485183,0.312238,1.000000,2.500000,0.650000,0.164048,0.132401,0.097362,0.006093,0.096166,0.000010,0.065276,0.239851,0.120000,0.033919,-0.112533,0.045941
3809,-7.649309,1.033965,2.746633,0.549327,0.291333,1.000000,2.500000,0.650000,0.164996,0.132658,0.097887,0.005368,0.096002,0.000096,0.065399,0.239580,0.119998,0.033538,-0.112000,0.045668
3810,-7.749224,1.162806,2.428986,0.485797,0.295153,1.000000,2.500000,0.650000,0.165301,0.133595,0.098020,0.006091,0.096542,0.000084,0.065638,0.239504,0.119884,0.033518,-0.112409,0.046566
3811,-7.672249,1.072888,2.675175,0.535035,0.295817,1.000000,2.500000,0.650000,0.164271,0.132755,0.098843,0.003873,0.096687,0.000058,0.064838,0.239756,0.120000,0.032862,-0.112003,0.045418
3812,-7.655932,1.042658,2.668009,0.533602,0.309207,1.000000,2.500000,0.650000,0.163841,0.134388,0.097683,0.005503,0.096002,0.000001,0.064787,0.239706,0.119926,0.033890,-0.112176,0.046307
3813,-7.748612,1.214240,2.346373,0.469275,0.291997,1.000000,2.500000,0.650000,0.164804,0.133084,0.098778,0.004635,0.096152,0.000000,0.065354,0.239401,0.119998,0.033034,-0.112228,0.045214
3814,-7.638166,1.003861,2.805613,0.561123,0.283154,1.000000,2.500000,0.650000,0.163872,0.130906,0.097502,0.005298,0.096383,0.000225,0.066209,0.239782,0.119975,0.033999,-0.112002,0.045501
3815,-7.546410,0.906224,3.159869,0.631974,0.297226,1.000000,2.500000,0.650000,0.164198,0.132741,0.098696,0.004882,0.096474,0.000047,0.065925,0.239801,0.119996,0.033229,-0.113425,0.044843
3816,-7.633035,0.994929,2.794753,0.558951,0.287243,1.000000,2.500000,0.650000,0.165406,0.132909,0.098672,0.005973,0.097433,0.000053,0.065991,0.239504,0.119855,0.033476,-0.112033,0.046782
3817,-7.692269,1.107712,2.613575,0.522715,0.304090,1.000000,2.500000,0.650000,0.163958,0.131169,0.098313,0.004173,0.097704,0.000066,0.067106,0.239376,0.119983,0.032779,-0.112512,0.044995
3818,-7.660240,1.032292,2.713260,0.542652,0.287788,1.000000,2.500000,0.650000,0.161660,0.131240,0.097870,0.005752,0.096685,0.000025,0.065280,0.239990,0.119967,0.033668,-0.112816,0.045859
3819,-7.533473,0.871405,3.155268,0.631054,0.279897,1.000000,2.500000,0.650000,0.164908,0.134023,0.098397,0.005877,0.096860,0.000016,0.065403,0.239930,0.119922,0.033455,-0.112642,0.046331
3820,-7.555163,0.901845,3.092053,0.618411,0.285553,1.000000,2.500000,0.650000,0.162975,0.131678,0.098843,0.005408,0.096006,0.000009,0.065807,0.239611,0.120000,0.033821,-0.112627,0.045761
3821,-7.813642,1.277792,2.195488,0.439098,0.295265,1.000000,2.500000,0.650000,0.164119,0.133060,0.097337,0.006442,0.096133,0.000379,0.065075,0.239991,0.119990,0.034070,-0.112240,0.045537
3822,-7.509775,0.857071,3.268794,0.653759,0.279061,1.000000,2.500000,0.650000,0.163117,0.131600,0.098188,0.005910,0.096567,0.000366,0.065433,0.239791,0.119978,0.034210,-0.113015,0.044982
3823,-7.660887,1.023157,2.692850,0.538570,0.290263,1.000000,2.500000,0.650000,0.164170,0.131941,0.098190,0.006939,0.096835,0.000095,0.067844,0.238982,0.119990,0.033760,-0.112694,0.046374
3824,-7.584048,0.918733,2.996364,0.599273,0.282121,1.000000,2.500000,0.650000,0.164567,0.132599,0.098147,0.006153,0.096462,0.000082,0.066786,0.238175,0.119904,0.033682,-0.112112,0.046217
3825,-7.796919,1.262645,2.144953,0.428991,0.334554,1.000000,2.500000,0.650000,0.162273,0.131750,0.098422,0.004782,0.096722,0.000047,0.066436,0.239728,0.119999,0.033846,-0.112074,0.045426
3826,-7.556774,0.920725,3.094412,0.618882,0.286753,1.000000,2.500000,0.650000,0.165491,0.132893,0.097729,0.006007,0.096052,0.000357,0.065604,0.239777,0.119976,0.033124,-0.112673,0.045364
3827,-7.876069,1.415001,2.020505,0.404101,0.291058,1.000000,2.500000,0.650000,0.164111,0.130426,0.098023,0.004447,0.097628,0.000126,0.066286,0.239350,0.119985,0.033334,-0.112938,0.044748
3828,-7.597364,0.966987,2.941680,0.588336,0.301886,1.000000,2.500000,0.650000,0.163617,0.131799,0.097830,0.006016,0.096369,0.000298,0.065387,0.239628,0.119914,0.033614,-0.112810,0.045153
3829,-7.699344,1.088246,2.578308,0.515662,0.284502,1.000000,2.500000,0.650000,0.163864,0.130817,0.098033,0.004563,0.097511,0.000094,0.065728,0.239870,0.119994,0.033582,-0.112562,0.044895
3830,-7.628337,0.977408,2.825592,0.565118,0.292547,1.000000,2.500000,0.650000,0.163419,0.132115,0.098668,0.005920,0.096034,0.000057,0.065008,0.239964,0.119980,0.033359,-0.114211,0.045681
3831,-7.671577,1.046731,2.671934,0.534387,0.300359,1.000000,2.500000,0.650000,0.164653,0.131971,0.098527,0.005545,0.096327,0.000221,0.064617,0.239968,0.120000,0.033633,-0.113201,0.044887
3832,-7.562230,0.904668,3.084174,0.616835,0.296438,1.000000,2.500000,0.650000,0.163147,0.134525,0.099026,0.005611,0.096118,0.000014,0.064622,0.239812,0.120000,0.033110,-0.114008,0.045805
3833,-7.585760,0.938847,2.983038,0.596608,0.290764,1.000000,2.500000,0.650000,0.165083,0.133194,0.098790,0.005867,0.096136,0.000166,0.065753,0.239604,0.119877,0.034422,-0.112732,0.045517
3834,-7.542514,0.891570,3.155361,0.631072,0.291997,1.000000,2.500000,0.650000,0.164743,0.133846,0.098844,0.004949,0.096246,0.000017,0.065124,0.239925,0.119941,0.033792,-0.112535,0.045681
3835,-7.634512,1.037105,2.749175,0.549835,0.293835,1.000000,2.500000,0.650000,0.166147,0.135259,0.099152,0.005799,0.097767,0.000020,0.065700,0.239697,0.119963,0.033031,-0.113858,0.046028
3836,-7.689956,1.076568,2.632220,0.526444,0.292383,1.000000,2.500000,0.650000,0.164571,0.132803,0.097849,0.005561,0.096006,0.000245,0.065070,0.239953,0.119991,0.033676,-0.112326,0.045787
3837,-7.549135,0.910022,3.092122,0.618424,0.286144,1.000000,2.500000,0.650000,0.165009,0.133088,0.098102,0.004804,0.096068,0.000184,0.064885,0.239999,0.119912,0.034129,-0.112045,0.045303
3838,-7.560313,0.891465,3.097104,0.619421,0.285708,1.000000,2.500000,0.650000,0.164132,0.130108,0.097554,0.005832,0.096375,0.000203,0.066233,0.239955,0.119999,0.034005,-0.112214,0.045279
3839,-7.858235,1.355304,2.073276,0.414655,0.290834,1.000000,2.500000,0.650000,0.164315,0.130553,0.096878,0.006777,0.096002,0.001359,0.065235,0.239944,0.119990,0.034238,-0.112071,0.045690
3840,-7.637310,1.027273,2.768169,0.553634,0.301300,1.000000,2.500000,0.650000,0.167585,0.135668,0.100022,0.004164,0.097689,0.000018,0.064450,0.239997,0.119815,0.033191,-0.113286,0.045209
3841,-7.610758,0.988467,2.836502,0.567300,0.291368,1.000000,2.500000,0.650000,0.166403,0.134227,0.099821,0.004547,0.096201,0.000027,0.064513,0.239948,0.119972,0.033041,-0.113660,0.044960
3842,-8.023769,1.787840,1.635428,0.327086,0.307165,1.000000,2.500000,0.650000,0.164287,0.131577,0.098763,0.004290,0.097681,0.000351,0.065182,0.239894,0.119995,0.033864,-0.113454,0.043987
3843,-7.579835,0.927643,2.997511,0.599502,0.284328,1.000000,2.500000,0.650000,0.163441,0.132214,0.098138,0.005585,0.096001,0.000268,0.066703,0.239025,0.119874,0.034742,-0.112169,0.045986
3844,-7.562789,0.910576,3.069589,0.613918,0.275967,1.000000,2.500000,0.650000,0.163842,0.131041,0.098284,0.005383,0.096073,0.000135,0.065696,0.239996,0.120000,0.034086,-0.113512,0.044790
3845,-7.639343,1.015249,2.819246,0.563849,0.304327,1.000000,2.500000,0.650000,0.164015,0.133506,0.098072,0.004524,0.096038,0.000110,0.064072,0.239965,0.119944,0.033693,-0.112030,0.045129
3846,-7.676165,1.058340,2.654673,0.530935,0.294189,1.000000,2.500000,0.650000,0.164812,0.132328,0.098850,0.005173,0.096336,0.000096,0.064855,0.239845,0.119862,0.034900,-0.112001,0.045956
3847,-7.610915,0.971726,2.881967,0.576393,0.294303,1.000000,2.500000,0.650000,0.165111,0.133667,0.098028,0.004987,0.096004,0.000114,0.064336,0.239970,0.119837,0.034500,-0.112068,0.045583
3848,-7.618551,1.002588,2.885914,0.577183,0.294595,1.000000,2.500000,0.650000,0.167331,0.131229,0.098213,0.004596,0.096085,0.000068,0.066302,0.239952,0.119595,0.034129,-0.112575,0.045207
3849,-7.611196,0.986125,2.828544,0.565709,0.299632,1.000000,2.500000,0.650000,0.164221,0.134528,0.098722,0.005055,0.096264,0.000006,0.064675,0.240000,0.119856,0.033396,-0.113020,0.045856
3850,-7.795820,1.277962,2.261981,0.452396,0.308680,1.000000,2.500000,0.650000,0.166440,0.134761,0.099087,0.003699,0.096000,0.000000,0.063286,0.239979,0.119860,0.033289,-0.112039,0.045031
3851,-7.603040,0.985844,2.903434,0.580687,0.295751,1.000000,2.500000,0.650000,0.167028,0.133441,0.099798,0.004390,0.096000,0.000780,0.065218,0.239439,0.119907,0.033834,-0.114928,0.044732
3852,-7.669706,1.053302,2.673130,0.534626,0.298476,1.000000,2.500000,0.650000,0.165000,0.132753,0.099722,0.004784,0.096002,0.000416,0.064712,0.239876,0.119954,0.034494,-0.113139,0.044686
3853,-7.592030,0.938379,2.922862,0.584572,0.290000,1.000000,2.500000,0.650000,0.162793,0.130059,0.097814,0.005390,0.096082,0.000104,0.066802,0.240000,0.119954,0.034700,-0.112015,0.045028
3854,-7.739018,1.206567,2.399849,0.479970,0.299101,1.000000,2.500000,0.650000,0.164654,0.132513,0.098978,0.005744,0.096870,0.000286,0.065990,0.239609,0.119965,0.033689,-0.114237,0.046219
3855,-7.646872,1.025527,2.777201,0.555440,0.306528,1.000000,2.500000,0.650000,0.165044,0.135889,0.099890,0.004950,0.096298,0.000061,0.065145,0.239600,0.119873,0.034183,-0.112622,0.044966
3856,-7.551887,0.908400,3.069810,0.613962,0.285839,1.000000,2.500000,0.650000,0.163772,0.131804,0.098960,0.005247,0.096136,0.000117,0.064400,0.239999,0.119958,0.033787,-0.115380,0.044905
3857,-7.744755,1.148499,2.450483,0.490097,0.294432,1.000000,2.500000,0.650000,0.165026,0.130831,0.097411,0.007124,0.096212,0.000759,0.067649,0.239853,0.119942,0.035068,-0.113506,0.045424
3858,-7.651963,1.022696,2.760839,0.552168,0.285116,1.000000,2.500000,0.650000,0.166008,0.133017,0.098345,0.006474,0.096624,0.001624,0.065294,0.239784,0.119871,0.034487,-0.113970,0.045422
3859,-7.634900,0.996127,2.812311,0.562462,0.282229,1.000000,2.500000,0.650000,0.164319,0.130473,0.097122,0.004743,0.097345,0.000427,0.065437,0.239998,0.119899,0.034052,-0.112166,0.045209
3860,-7.935915,1.506710,1.846359,0.369272,0.301166,1.000000,2.500000,0.650000,0.161213,0.130462,0.098961,0.005692,0.097145,0.000089,0.065629,0.239989,0.119833,0.034323,-0.116563,0.044447
3861,-7.613688,1.023515,2.808327,0.561665,0.297985,1.000000,2.500000,0.650000,0.164608,0.131058,0.097877,0.005081,0.096008,0.000001,0.066407,0.239981,0.120000,0.033867,-0.113168,0.045162
3862,-7.648802,1.055241,2.734204,0.546841,0.304982,1.000000,2.500000,0.650000,0.165659,0.133226,0.099080,0.005082,0.096090,0.000221,0.064270,0.239966,0.119985,0.034064,-0.113047,0.044460
3863,-7.562874,0.927020,3.031747,0.606349,0.297001,1.000000,2.500000,0.650000,0.163903,0.130405,0.098194,0.003627,0.097632,0.000001,0.066117,0.239787,0.119994,0.034057,-0.112000,0.044873
3864,-7.682458,1.094500,2.568329,0.513666,0.293948,1.000000,2.500000,0.650000,0.162283,0.131027,0.098163,0.004315,0.097019,0.000011,0.065378,0.239823,0.119980,0.034095,-0.113011,0.044777
3865,-7.619163,0.989553,2.890516,0.578103,0.311760,1.000000,2.500000,0.650000,0.165383,0.133307,0.098711,0.004987,0.096057,0.000545,0.064698,0.239996,0.119968,0.033521,-0.114525,0.044470
3866,-7.678430,1.061988,2.650927,0.530185,0.293707,1.000000,2.500000,0.650000,0.163204,0.131401,0.098407,0.004845,0.096134,0.000001,0.064950,0.239990,0.119984,0.034001,-0.112036,0.045680
3867,-7.620624,0.974891,2.844867,0.568973,0.291006,1.000000,2.500000,0.650000,0.163221,0.129853,0.097642,0.004971,0.097849,0.000359,0.065354,0.239999,0.119902,0.034463,-0.112396,0.044979
3868,-7.759555,1.221207,2.348940,0.469788,0.286951,1.000000,2.500000,0.650000,0.165655,0.130599,0.098395,0.005977,0.096014,0.001718,0.065121,0.239570,0.119993,0.034631,-0.112641,0.045138
3869,-7.488349,0.827528,3.376872,0.675374,0.300839,1.000000,2.500000,0.650000,0.164792,0.131542,0.099058,0.004351,0.096124,0.000104,0.065598,0.239490,0.119961,0.033687,-0.113460,0.044912
3870,-7.503272,0.834966,3.309160,0.661832,0.279577,1.000000,2.500000,0.650000,0.164013,0.131015,0.098630,0.005865,0.096030,0.000630,0.066780,0.238960,0.119945,0.033976,-0.115105,0.045053
3871,-9.989097,2.166191,1.090299,0.218060,0.831969,0.000000,2.500000,0.650000,0.164978,0.133313,0.099354,0.005391,0.096281,0.000216,0.065110,0.239974,0.119968,0.033653,-0.115288,0.045550
3872,-7.614980,0.976177,2.861502,0.572300,0.288865,1.000000,2.500000,0.650000,0.162714,0.131099,0.098564,0.005008,0.096063,0.000000,0.065729,0.239918,0.119965,0.034546,-0.112554,0.045702
3873,-7.490434,0.842861,3.357360,0.671472,0.294599,1.000000,2.500000,0.650000,0.165007,0.130953,0.098549,0.003752,0.096896,0.000296,0.065647,0.239840,0.119880,0.033917,-0.113154,0.044383
3874,-7.632863,1.027992,2.787936,0.557587,0.297818,1.000000,2.500000,0.650000,0.167407,0.132454,0.099524,0.002959,0.096248,0.000002,0.066149,0.238841,0.120000,0.032901,-0.113058,0.044597
3875,-7.674041,1.037146,2.681665,0.536333,0.283417,1.000000,2.500000,0.650000,0.164444,0.131442,0.099516,0.007223,0.098140,0.000429,0.067269,0.238619,0.119908,0.034190,-0.116018,0.045782
3876,-7.581937,0.946231,2.983320,0.596664,0.295143,1.000000,2.500000,0.650000,0.164125,0.132232,0.098612,0.004931,0.096390,0.000338,0.065883,0.238913,0.119997,0.034321,-0.113146,0.045146
3877,-7.696867,1.096758,2.591420,0.518284,0.309948,1.000000,2.500000,0.650000,0.164529,0.132815,0.099017,0.004416,0.096499,0.000097,0.064553,0.239918,0.119961,0.033734,-0.113149,0.044405
3878,-7.701207,1.116552,2.537149,0.507430,0.291064,1.000000,2.500000,0.650000,0.162401,0.127279,0.097294,0.003208,0.100022,0.000001,0.069058,0.239220,0.119749,0.033906,-0.112009,0.044282
3879,-7.665774,1.056351,2.710307,0.542061,0.304511,1.000000,2.500000,0.650000,0.165040,0.131021,0.098621,0.003476,0.097245,0.000045,0.065727,0.239824,0.119991,0.033324,-0.113211,0.044144
3880,-7.726122,1.137675,2.376308,0.475262,0.319439,1.000000,2.500000,0.650000,0.166260,0.133090,0.099541,0.004590,0.096046,0.000044,0.065923,0.239318,0.119980,0.033982,-0.112533,0.045002
3881,-7.522902,0.879830,3.246032,0.649206,0.302947,1.000000,2.500000,0.650000,0.165397,0.131810,0.099862,0.004485,0.096179,0.000038,0.066211,0.239578,0.120000,0.033684,-0.113056,0.045072
3882,-7.612574,0.984517,2.912958,0.582592,0.305534,1.000000,2.500000,0.650000,0.164763,0.131808,0.099103,0.002797,0.098192,0.000050,0.064625,0.239739,0.120000,0.032487,-0.113973,0.044214
3883,-7.558184,0.916669,3.096467,0.619293,0.285057,1.000000,2.500000,0.650000,0.164144,0.129500,0.098180,0.004197,0.096530,0.000153,0.066271,0.239422,0.119813,0.032938,-0.113075,0.045013
3884,-7.645814,1.042226,2.769209,0.553842,0.300559,1.000000,2.500000,0.650000,0.166728,0.132290,0.099616,0.004795,0.097281,0.000211,0.066680,0.239353,0.119963,0.034126,-0.113669,0.045420
3885,-10.000000,,0.000000,0.000000,3.141593,0.000000,2.500000,0.650000,0.163609,0.128524,0.097262,0.003593,0.100408,0.000861,0.064882,0.239983,0.119549,0.033830,-0.113160,0.043516
3886,-7.710666,1.121436,2.537087,0.507417,0.287143,1.000000,2.500000,0.650000,0.163205,0.128038,0.097755,0.004217,0.100086,0.000712,0.066531,0.239756,0.119669,0.034269,-0.114006,0.043990
3887,-7.644645,1.031596,2.794694,0.558939,0.310779,1.000000,2.500000,0.650000,0.164102,0.132714,0.099490,0.003787,0.096059,0.000012,0.065214,0.239988,0.119979,0.033656,-0.114379,0.045146
3888,-7.656213,1.053549,2.692413,0.538483,0.292245,1.000000,2.500000,0.650000,0.163812,0.130449,0.098192,0.003302,0.098455,0.000177,0.065527,0.239960,0.119998,0.033619,-0.112385,0.044948
3889,-7.655349,1.030356,2.732298,0.546460,0.286306,1.000000,2.500000,0.650000,0.164162,0.129475,0.097891,0.005855,0.096223,0.000928,0.066358,0.239488,0.119986,0.034586,-0.113434,0.045103
3890,-7.666528,1.079614,2.620356,0.524071,0.305816,1.000000,2.500000,0.650000,0.164574,0.129278,0.098988,0.003835,0.096847,0.000603,0.066326,0.239621,0.119963,0.034264,-0.113524,0.044282
3891,-7.508563,0.858663,3.289204,0.657841,0.305804,1.000000,2.500000,0.650000,0.164076,0.131081,0.098219,0.004575,0.096307,0.000089,0.066638,0.239323,0.119758,0.033883,-0.112971,0.044632
3892,-7.566975,0.939681,3.063863,0.612773,0.286616,1.000000,2.500000,0.650000,0.164002,0.130461,0.098733,0.004445,0.096925,0.000292,0.066663,0.239192,0.119701,0.034219,-0.113912,0.044273
3893,-7.584958,0.945525,2.979727,0.595945,0.288639,1.000000,2.500000,0.650000,0.164826,0.132012,0.099227,0.004916,0.096102,0.000363,0.065254,0.239882,0.119989,0.034452,-0.114537,0.044918
3894,-7.773860,1.264611,2.387964,0.477593,0.313440,1.000000,2.500000,0.650000,0.166627,0.134514,0.099552,0.004015,0.096166,0.000306,0.064414,0.239820,0.119999,0.033613,-0.113168,0.044154
3895,-7.542194,0.885599,3.125688,0.625138,0.287975,1.000000,2.500000,0.650000,0.161729,0.129249,0.097906,0.003746,0.097536,0.000037,0.066843,0.239900,0.119635,0.033983,-0.113419,0.044361
3896,-7.529372,0.883906,3.191503,0.638301,0.280361,1.000000,2.500000,0.650000,0.164683,0.130757,0.097852,0.005353,0.096123,0.000762,0.067088,0.239402,0.119990,0.034049,-0.114175,0.044831
3897,-7.561490,0.915554,3.090347,0.618069,0.301940,1.000000,2.500000,0.650000,0.164652,0.132516,0.099708,0.004293,0.096562,0.000009,0.065298,0.239902,0.119894,0.033358,-0.114378,0.044635
3898,-7.506728,0.856363,3.286749,0.657350,0.290150,1.000000,2.500000,0.650000,0.164703,0.131477,0.098444,0.003374,0.097846,0.000059,0.066753,0.239833,0.119814,0.032825,-0.113554,0.044155
3899,-7.663018,1.056970,2.720902,0.544180,0.291022,1.000000,2.500000,0.650000,0.163588,0.132827,0.099859,0.004385,0.096024,0.000003,0.064733,0.239999,0.119920,0.033914,-0.115802,0.044766
3900,-7.553533,0.923354,3.058874,0.611775,0.291021,1.000000,2.500000,0.650000,0.163796,0.130649,0.098595,0.002900,0.097732,0.000033,0.066136,0.239192,0.119622,0.033966,-0.112089,0.044462
3901,-7.660513,1.065788,2.655295,0.531059,0.305108,1.000000,2.500000,0.650000,0.165318,0.132720,0.099768,0.004338,0.096072,0.000197,0.064629,0.239994,0.119837,0.034308,-0.115858,0.044198
3902,-7.624939,1.000534,2.829304,0.565861,0.284991,1.000000,2.500000,0.650000,0.162489,0.128221,0.097572,0.005814,0.096002,0.000719,0.066877,0.239715,0.119287,0.034407,-0.115257,0.045118
3903,-7.724986,1.137070,2.484134,0.496827,0.300148,1.000000,2.500000,0.650000,0.165258,0.132322,0.098618,0.003528,0.096766,0.000030,0.065727,0.239683,0.119963,0.033146,-0.112429,0.044414
3904,-7.616695,1.000136,2.865032,0.573006,0.304952,1.000000,2.500000,0.650000,0.165125,0.133030,0.098172,0.004914,0.096000,0.000085,0.065895,0.239856,0.119760,0.033793,-0.113872,0.044810
3905,-7.708384,1.101468,2.556221,0.511244,0.279815,1.000000,2.500000,0.650000,0.163296,0.128641,0.099227,0.005234,0.096016,0.000631,0.068059,0.238086,0.119746,0.035053,-0.114716,0.044674
3906,-7.696062,1.113383,2.613353,0.522671,0.309805,1.000000,2.500000,0.650000,0.163219,0.131719,0.099336,0.003249,0.098412,0.000045,0.065436,0.239848,0.119273,0.032166,-0.115421,0.043934
3907,-7.656725,1.036810,2.744588,0.548918,0.308634,1.000000,2.500000,0.650000,0.162509,0.132176,0.099126,0.004584,0.097378,0.000029,0.065966,0.239257,0.119704,0.032919,-0.115940,0.044001
3908,-7.644189,1.024683,2.747900,0.549580,0.296772,1.000000,2.500000,0.650000,0.164036,0.129548,0.097974,0.004383,0.096746,0.000317,0.067076,0.239867,0.119785,0.033902,-0.114119,0.043749
3909,-7.766537,1.226979,2.375185,0.475037,0.306211,1.000000,2.500000,0.650000,0.164781,0.131563,0.099127,0.003349,0.097778,0.000056,0.066987,0.239173,0.119732,0.032864,-0.113474,0.043875
3910,-7.574466,0.939709,3.011897,0.602379,0.287208,1.000000,2.500000,0.650000,0.162575,0.127824,0.096472,0.004548,0.098856,0.001072,0.068355,0.239681,0.119757,0.034834,-0.112142,0.044082
3911,-7.905415,1.529195,1.894698,0.378940,0.285458,1.000000,2.500000,0.650000,0.161817,0.128036,0.098047,0.004175,0.096605,0.000027,0.067750,0.239593,0.119344,0.034103,-0.112452,0.044750
3912,-7.529023,0.896920,3.198146,0.639629,0.285222,1.000000,2.500000,0.650000,0.163969,0.130668,0.097870,0.004282,0.096837,0.000077,0.066252,0.239876,0.119346,0.032922,-0.113698,0.044310
3913,-7.616914,0.995010,2.866000,0.573200,0.289056,1.000000,2.500000,0.650000,0.164764,0.130449,0.098545,0.004402,0.096325,0.000489,0.067018,0.239308,0.119922,0.034363,-0.113713,0.044744
3914,-7.651796,1.039132,2.701401,0.540280,0.288497,1.000000,2.500000,0.650000,0.163859,0.129967,0.098429,0.003406,0.099113,0.000237,0.067086,0.239473,0.119645,0.033365,-0.114405,0.044122
3915,-7.620631,0.996812,2.819232,0.563846,0.294687,1.000000,2.500000,0.650000,0.161758,0.128881,0.097548,0.002817,0.101214,0.000086,0.066357,0.239968,0.119560,0.033144,-0.113217,0.043616
3916,-7.855469,1.360030,2.078209,0.415642,0.290341,1.000000,2.500000,0.650000,0.164414,0.131101,0.096913,0.005284,0.096165,0.000396,0.068022,0.239592,0.119985,0.034355,-0.112054,0.044880
3917,-7.545338,0.898701,3.156777,0.631355,0.295335,1.000000,2.500000,0.650000,0.164035,0.127337,0.096777,0.003715,0.099933,0.001318,0.068440,0.239213,0.119532,0.034357,-0.112403,0.043365
3918,-7.600132,0.946910,2.934571,0.586914,0.300424,1.000000,2.500000,0.650000,0.164891,0.131704,0.098935,0.005276,0.096360,0.001358,0.067139,0.237584,0.119686,0.034524,-0.114924,0.044095
3919,-7.660538,1.042609,2.690616,0.538123,0.292000,1.000000,2.500000,0.650000,0.162836,0.128359,0.097039,0.004495,0.099356,0.000407,0.067869,0.239581,0.119429,0.033670,-0.113215,0.043620
3920,-10.000000,,0.000000,0.000000,3.141593,0.000000,2.500000,0.650000,0.163448,0.128455,0.098093,0.003086,0.099200,0.000063,0.066785,0.239888,0.119241,0.033814,-0.112528,0.042825
3921,-10.000000,,0.000000,0.000000,3.141593,0.000000,2.500000,0.650000,0.164530,0.128508,0.096680,0.003458,0.099297,0.000745,0.066043,0.239992,0.119432,0.033918,-0.112702,0.043342
3922,-7.580478,0.935470,3.001488,0.600298,0.277168,1.000000,2.500000,0.650000,0.162631,0.127271,0.096884,0.004643,0.098224,0.000470,0.067659,0.239927,0.118990,0.034710,-0.113285,0.043759
3923,-7.651622,1.046592,2.695094,0.539019,0.285884,1.000000,2.500000,0.650000,0.162820,0.129352,0.096825,0.003700,0.098136,0.000103,0.067069,0.239999,0.119671,0.033756,-0.112274,0.044367
3924,-7.581800,0.956905,3.034637,0.606927,0.301558,1.000000,2.500000,0.650000,0.166578,0.132060,0.097304,0.004448,0.096464,0.000213,0.065324,0.239993,0.119932,0.033215,-0.112177,0.044063
3925,-7.636860,1.006486,2.783936,0.556787,0.301191,1.000000,2.500000,0.650000,0.163815,0.130071,0.098409,0.004301,0.096712,0.000985,0.067108,0.239080,0.119688,0.034320,-0.114347,0.044453
3926,-7.613382,0.978371,2.866858,0.573372,0.285958,1.000000,2.500000,0.650000,0.161815,0.129905,0.097293,0.004323,0.097946,0.000112,0.067793,0.239584,0.119635,0.034119,-0.114099,0.044126
3927,-7.725379,1.143891,2.501585,0.500317,0.292095,1.000000,2.500000,0.650000,0.164803,0.130960,0.097580,0.005374,0.096156,0.000857,0.066624,0.239332,0.119849,0.033609,-0.112968,0.044963
3928,-7.639599,1.008306,2.775527,0.555105,0.289687,1.000000,2.500000,0.650000,0.165109,0.130317,0.097208,0.006390,0.096065,0.001521,0.067341,0.238156,0.119572,0.034327,-0.114569,0.044691
3929,-7.691017,1.103647,2.569247,0.513849,0.304845,1.000000,2.500000,0.650000,0.167121,0.133448,0.097491,0.004263,0.096099,0.000122,0.065844,0.239991,0.119992,0.033430,-0.112153,0.044179
3930,-7.701717,1.112146,2.593990,0.518798,0.308595,1.000000,2.500000,0.650000,0.164421,0.130568,0.097663,0.004161,0.096914,0.000060,0.067902,0.239556,0.119745,0.033788,-0.113132,0.043913
3931,-10.000000,,0.000000,0.000000,3.141593,0.000000,2.500000,0.650000,0.164712,0.128980,0.097371,0.003200,0.099620,0.000154,0.065998,0.239999,0.119571,0.033281,-0.112007,0.043480
3932,-7.820325,1.260523,2.111403,0.422281,0.399179,1.000000,2.500000,0.650000,0.162888,0.129886,0.097728,0.003314,0.099811,0.000032,0.066217,0.239918,0.119167,0.033287,-0.114301,0.043349
3933,-10.000000,,0.000000,0.000000,3.141593,0.000000,2.500000,0.650000,0.165932,0.129789,0.097510,0.004560,0.096984,0.000763,0.067853,0.239658,0.119842,0.034139,-0.113293,0.043277
3934,-7.755451,1.198020,2.375311,0.475062,0.298087,1.000000,2.500000,0.650000,0.164873,0.128863,0.097825,0.004128,0.098472,0.001487,0.068236,0.236885,0.119632,0.035002,-0.112997,0.043517
3935,-7.577292,0.929683,2.989004,0.597801,0.299447,1.000000,2.500000,0.650000,0.164019,0.129339,0.096315,0.005022,0.097370,0.000476,0.066670,0.239898,0.119699,0.033646,-0.112248,0.044330
3936,-7.686653,1.074210,2.635051,0.527010,0.296032,1.000000,2.500000,0.650000,0.164736,0.129363,0.097139,0.005480,0.096703,0.001860,0.067845,0.238918,0.119570,0.035071,-0.113477,0.043926
3937,-10.000000,,0.000000,0.000000,3.141593,0.000000,2.500000,0.650000,0.164856,0.130200,0.096963,0.004442,0.098260,0.001309,0.065419,0.239989,0.119761,0.033976,-0.112600,0.043626
3938,-7.803215,1.283918,2.214688,0.442938,0.292673,1.000000,2.500000,0.650000,0.161994,0.127401,0.096549,0.003162,0.102136,0.000470,0.067619,0.239602,0.119408,0.034166,-0.112050,0.043677
3939,-10.000000,,0.000000,0.000000,3.141593,0.000000,2.500000,0.650000,0.164144,0.127670,0.096651,0.004991,0.098364,0.001622,0.067867,0.239955,0.119463,0.034338,-0.113847,0.043269
3940,-8.080643,1.877172,1.495773,0.299155,0.302501,1.000000,2.500000,0.650000,0.163515,0.129722,0.096376,0.005443,0.097123,0.000113,0.066876,0.239992,0.119552,0.033616,-0.112252,0.044578
3941,-7.802166,1.251502,2.238936,0.447787,0.296513,1.000000,2.500000,0.650000,0.163628,0.127851,0.096278,0.006750,0.096531,0.001535,0.068169,0.239559,0.119360,0.035275,-0.112519,0.044484
3942,-7.566807,0.924968,3.004145,0.600829,0.284036,1.000000,2.500000,0.650000,0.164200,0.129592,0.097872,0.004528,0.096189,0.000175,0.066593,0.239830,0.119564,0.033717,-0.112889,0.044743
3943,-7.983196,1.644890,1.741599,0.348320,0.296922,1.000000,2.500000,0.650000,0.165748,0.129487,0.096505,0.006316,0.096285,0.002308,0.066766,0.239352,0.119809,0.033796,-0.115275,0.044016
3944,-7.805219,1.275285,2.209153,0.441831,0.291428,1.000000,2.500000,0.650000,0.165863,0.131427,0.097488,0.005951,0.096034,0.000577,0.066389,0.239578,0.119660,0.033882,-0.112738,0.044100
3945,-8.001754,1.698677,1.679165,0.335833,0.293063,1.000000,2.500000,0.650000,0.163765,0.127896,0.096490,0.005189,0.099621,0.001809,0.067615,0.239777,0.118828,0.034342,-0.114631,0.043235
3946,-7.598663,0.954286,2.877176,0.575435,0.288580,1.000000,2.500000,0.650000,0.162998,0.128389,0.096895,0.005554,0.096369,0.000708,0.067310,0.239826,0.119627,0.034697,-0.113174,0.045015
3947,-7.577664,0.929312,3.012215,0.602443,0.282043,1.000000,2.500000,0.650000,0.164800,0.130150,0.096921,0.005063,0.096401,0.000964,0.067406,0.239222,0.119786,0.034860,-0.112203,0.044246
3948,-7.590073,0.933340,2.952862,0.590572,0.293999,1.000000,2.500000,0.650000,0.161323,0.129708,0.096666,0.005865,0.096625,0.000563,0.066999,0.239699,0.119447,0.034330,-0.112848,0.045343
3949,-7.618701,0.975022,2.872314,0.574463,0.288353,1.000000,2.500000,0.650000,0.165192,0.128593,0.096558,0.006021,0.096080,0.001826,0.068362,0.239273,0.119480,0.034923,-0.113867,0.044219
3950,-10.000000,,-0.304403,-0.060881,1.298893,0.000000,2.500000,0.650000,0.163728,0.128606,0.096464,0.006413,0.096339,0.001563,0.068254,0.238555,0.119129,0.034802,-0.113135,0.044876
3951,-7.603963,0.975400,2.924728,0.584946,0.296906,1.000000,2.500000,0.650000,0.164858,0.131990,0.098517,0.004218,0.096048,0.000090,0.065629,0.239589,0.119823,0.034431,-0.112377,0.045029
3952,-7.727847,1.131357,2.487922,0.497584,0.292506,1.000000,2.500000,0.650000,0.163679,0.129928,0.097410,0.005244,0.096000,0.000171,0.067133,0.239955,0.119630,0.033924,-0.113572,0.044848
3953,-7.504415,0.855552,3.326778,0.665356,0.293333,1.000000,2.500000,0.650000,0.163577,0.130159,0.097025,0.004112,0.097511,0.000350,0.066413,0.239927,0.119880,0.034298,-0.112124,0.044535
3954,-7.551891,0.899420,3.072512,0.614502,0.287987,1.000000,2.500000,0.650000,0.162397,0.129611,0.097028,0.005125,0.096934,0.000138,0.066711,0.239994,0.119332,0.034295,-0.112499,0.044818
3955,-7.640908,1.010135,2.802720,0.560544,0.301823,1.000000,2.500000,0.650000,0.163969,0.130624,0.096870,0.003854,0.098081,0.000149,0.065685,0.239985,0.119758,0.033600,-0.112000,0.044664
3956,-7.576352,0.900083,3.037598,0.607520,0.286741,1.000000,2.500000,0.650000,0.163785,0.128640,0.096294,0.006192,0.096392,0.001418,0.068254,0.239828,0.119713,0.035402,-0.112407,0.044456
3957,-7.681715,1.083909,2.561082,0.512216,0.300082,1.000000,2.500000,0.650000,0.162881,0.130591,0.096888,0.004214,0.097040,0.000108,0.066716,0.239877,0.119656,0.033563,-0.112897,0.044969
3958,-7.606910,0.967730,2.889963,0.577993,0.286028,1.000000,2.500000,0.650000,0.163590,0.128055,0.096368,0.005894,0.096239,0.001373,0.066986,0.239448,0.119734,0.034606,-0.112071,0.045395
3959,-7.617403,0.992658,2.871199,0.574240,0.296174,1.000000,2.500000,0.650000,0.163569,0.129640,0.097796,0.004843,0.096072,0.000302,0.067639,0.239382,0.119601,0.034101,-0.113066,0.044677
3960,-7.914017,1.488678,1.907667,0.381533,0.292639,1.000000,2.500000,0.650000,0.164442,0.129284,0.096978,0.006260,0.096029,0.000825,0.067675,0.239710,0.119544,0.033841,-0.113572,0.044714
3961,-9.490072,,-0.035862,-0.007172,0.332481,1.000000,2.500000,0.650000,0.163304,0.131189,0.097234,0.005496,0.096017,0.000122,0.067388,0.239880,0.119246,0.033635,-0.112853,0.044916
3962,-7.640793,1.019688,2.783506,0.556701,0.284325,1.000000,2.500000,0.650000,0.163801,0.127687,0.096136,0.004599,0.098362,0.000828,0.068418,0.239789,0.119706,0.035231,-0.112211,0.044428
3963,-7.574322,0.933125,3.020134,0.604027,0.288031,1.000000,2.500000,0.650000,0.164160,0.130779,0.097368,0.005070,0.096507,0.000491,0.067476,0.239490,0.119924,0.034857,-0.112454,0.044660
3964,-9.986496,1.535464,1.350435,0.270087,0.995962,0.000000,2.500000,0.650000,0.163402,0.128701,0.096575,0.004263,0.098010,0.000278,0.067097,0.239876,0.119490,0.033727,-0.112007,0.044363
3965,-7.637161,1.026354,2.737192,0.547438,0.293733,1.000000,2.500000,0.650000,0.163469,0.129948,0.096781,0.004211,0.098318,0.000409,0.067520,0.239724,0.119641,0.034113,-0.112281,0.044216
3966,-7.622336,0.970046,2.855566,0.571113,0.298747,1.000000,2.500000,0.650000,0.162096,0.129514,0.097263,0.005816,0.096036,0.000509,0.066420,0.239800,0.119495,0.034925,-0.113159,0.045034
3967,-7.553924,0.879192,3.102645,0.620529,0.279256,1.000000,2.500000,0.650000,0.161732,0.127474,0.096011,0.006663,0.096248,0.000324,0.067668,0.240000,0.119680,0.034831,-0.112208,0.045670
3968,-7.678603,1.091993,2.616046,0.523209,0.308027,1.000000,2.500000,0.650000,0.163289,0.132575,0.098288,0.003549,0.097468,0.000034,0.065326,0.239970,0.119944,0.033745,-0.112142,0.044277
3969,-7.599882,0.960866,2.897773,0.579555,0.289234,1.000000,2.500000,0.650000,0.162192,0.128283,0.096809,0.005033,0.097487,0.001020,0.068078,0.239763,0.119447,0.035328,-0.112620,0.044306
3970,-7.941551,1.527591,1.833297,0.366659,0.305321,1.000000,2.500000,0.650000,0.163826,0.131736,0.097027,0.006032,0.096172,0.000068,0.065833,0.239964,0.119996,0.034130,-0.112431,0.045703
3971,-7.671406,1.087378,2.624104,0.524821,0.272788,1.000000,2.500000,0.650000,0.163767,0.128513,0.096730,0.003595,0.097634,0.000641,0.067034,0.239916,0.119457,0.034732,-0.112005,0.044455
3972,-7.580846,0.930910,2.985940,0.597188,0.292871,1.000000,2.500000,0.650000,0.164524,0.130386,0.097213,0.005530,0.096399,0.000898,0.067886,0.238702,0.119834,0.034816,-0.112952,0.045054
3973,-7.614989,0.960225,2.888771,0.577754,0.296709,1.000000,2.500000,0.650000,0.162506,0.129310,0.096351,0.006690,0.096016,0.000691,0.067616,0.239659,0.119738,0.035319,-0.112704,0.045036
3974,-7.607741,0.957981,2.907277,0.581455,0.281252,1.000000,2.500000,0.650000,0.164421,0.126922,0.096278,0.006467,0.096029,0.001238,0.068422,0.239606,0.119462,0.035133,-0.112108,0.044658
3975,-7.591127,0.926414,2.941837,0.588367,0.272890,1.000000,2.500000,0.650000,0.162375,0.126817,0.096110,0.005877,0.097588,0.000616,0.069371,0.239445,0.119532,0.035422,-0.112043,0.044672
3976,-7.686725,1.050190,2.608888,0.521778,0.274239,1.000000,2.500000,0.650000,0.162438,0.130054,0.096366,0.007158,0.096010,0.000666,0.066954,0.239477,0.119746,0.035676,-0.112031,0.045725
3977,-7.647131,1.021209,2.768245,0.553649,0.281876,1.000000,2.500000,0.650000,0.162421,0.128871,0.096172,0.004895,0.098535,0.000515,0.067309,0.239968,0.119640,0.034529,-0.112050,0.044412
3978,-7.618552,0.964393,2.857575,0.571515,0.279939,1.000000,2.500000,0.650000,0.160731,0.127530,0.096356,0.006307,0.098234,0.000404,0.068051,0.239729,0.119471,0.034801,-0.112601,0.045185
3979,-7.798618,1.258229,2.245595,0.449119,0.283163,1.000000,2.500000,0.650000,0.162773,0.127623,0.096251,0.005427,0.096399,0.000909,0.068200,0.239785,0.119397,0.035256,-0.112055,0.044721
3980,-7.661508,1.020155,2.685230,0.537046,0.270987,1.000000,2.500000,0.650000,0.161808,0.126994,0.096029,0.006940,0.096227,0.000669,0.067470,0.239998,0.119828,0.035601,-0.112128,0.045980
3981,-7.567456,0.893999,3.058900,0.611780,0.289072,1.000000,2.500000,0.650000,0.162207,0.129156,0.096160,0.007257,0.096000,0.001161,0.067991,0.239717,0.119639,0.035531,-0.112325,0.045444
3982,-7.660139,1.062555,2.684101,0.536820,0.297853,1.000000,2.500000,0.650000,0.162414,0.128241,0.096436,0.005004,0.099413,0.000767,0.067518,0.239916,0.119467,0.034339,-0.112636,0.043887
3983,-7.580755,0.920204,2.992918,0.598584,0.273432,1.000000,2.500000,0.650000,0.164303,0.129890,0.096274,0.006393,0.096021,0.000918,0.068260,0.239594,0.119964,0.035556,-0.112002,0.044887
3984,-7.590039,0.929710,2.989696,0.597939,0.285705,1.000000,2.500000,0.650000,0.163432,0.129109,0.096879,0.005330,0.097183,0.000945,0.067834,0.239428,0.119459,0.035021,-0.113070,0.043956
3985,-7.782401,1.205310,2.270713,0.454143,0.281098,1.000000,2.500000,0.650000,0.161124,0.126922,0.096300,0.007185,0.096359,0.001514,0.069259,0.238039,0.119555,0.035812,-0.112415,0.045418
3986,-7.697790,1.061054,2.585656,0.517131,0.285213,1.000000,2.500000,0.650000,0.162434,0.128343,0.096088,0.007363,0.096213,0.002079,0.068545,0.239250,0.119532,0.035977,-0.113134,0.045003
3987,-7.687299,1.067685,2.629441,0.525888,0.293911,1.000000,2.500000,0.650000,0.164615,0.131306,0.097554,0.005472,0.096081,0.000243,0.068031,0.238942,0.119976,0.034655,-0.112150,0.045327
3988,-7.608147,0.952791,2.908689,0.581738,0.283965,1.000000,2.500000,0.650000,0.161219,0.128459,0.096000,0.005658,0.098647,0.000235,0.068148,0.239971,0.119558,0.034985,-0.112026,0.045159
3989,-7.702127,1.095318,2.548323,0.509665,0.285783,1.000000,2.500000,0.650000,0.163164,0.127885,0.096172,0.006480,0.096759,0.001324,0.068875,0.238443,0.118836,0.035340,-0.112762,0.044388
3990,-7.730738,1.153739,2.399222,0.479844,0.278069,1.000000,2.500000,0.650000,0.163933,0.127686,0.096432,0.006883,0.096065,0.001846,0.068926,0.237858,0.119846,0.036317,-0.112006,0.045069
3991,-7.580711,0.914631,2.986782,0.597356,0.280544,1.000000,2.500000,0.650000,0.161192,0.128140,0.096125,0.006225,0.096778,0.000070,0.068007,0.239804,0.119627,0.034721,-0.112001,0.045610
3992,-7.563233,0.936319,3.021724,0.604345,0.275268,1.000000,2.500000,0.650000,0.164112,0.130294,0.097068,0.005272,0.096351,0.000511,0.067730,0.239562,0.119787,0.034690,-0.112460,0.044736
3993,-7.709463,1.064391,2.512840,0.502568,0.275315,1.000000,2.500000,0.650000,0.160548,0.125202,0.096143,0.008216,0.097430,0.002118,0.068605,0.239665,0.119399,0.035926,-0.112088,0.045852
3994,-7.642793,1.026299,2.729121,0.545824,0.282299,1.000000,2.500000,0.650000,0.163146,0.128533,0.096131,0.005676,0.097104,0.000553,0.068807,0.239500,0.119821,0.034928,-0.112093,0.045147
3995,-7.815612,1.277296,2.208233,0.441647,0.306424,1.000000,2.500000,0.650000,0.163427,0.132008,0.097723,0.005089,0.096281,0.000149,0.067232,0.239380,0.119973,0.034578,-0.112439,0.045214
3996,-7.532751,0.858299,3.172487,0.634497,0.273592,1.000000,2.500000,0.650000,0.161695,0.129045,0.096407,0.005924,0.096385,0.000284,0.067331,0.239793,0.119708,0.035182,-0.112052,0.045319
3997,-7.826500,1.307474,2.160779,0.432156,0.293284,1.000000,2.500000,0.650000,0.163596,0.130906,0.097726,0.005833,0.096102,0.000213,0.066932,0.239420,0.119619,0.034696,-0.112581,0.045449
3998,-7.643603,1.032726,2.761241,0.552248,0.300797,1.000000,2.500000,0.650000,0.165667,0.131609,0.097155,0.005793,0.096000,0.000664,0.066742,0.239129,0.119967,0.034484,-0.112348,0.044921
3999,-7.690672,1.084917,2.631130,0.526226,0.293529,1.000000,2.500000,0.650000,0.162181,0.130648,0.096809,0.005621,0.096477,0.000032,0.067715,0.239851,0.119819,0.034374,-0.112454,0.045262
4000,-7.607075,0.951077,2.898183,0.579637,0.280717,1.000000,2.500000,0.650000,0.163390,0.130614,0.096592,0.006684,0.096006,0.001071,0.066592,0.239733,0.119712,0.034844,-0.112929,0.045216
4001,-7.764890,1.190363,2.361958,0.472392,0.284905,1.000000,2.500000,0.650000,0.163168,0.129421,0.096924,0.005025,0.096847,0.000315,0.067894,0.239368,0.119627,0.034554,-0.112117,0.044693
4002,-7.621484,0.975069,2.837027,0.567405,0.286827,1.000000,2.500000,0.650000,0.163855,0.129568,0.096342,0.006474,0.096000,0.000732,0.068948,0.239064,0.119801,0.035348,-0.112067,0.045273
4003,-7.776290,1.221037,2.335320,0.467064,0.293361,1.000000,2.500000,0.650000,0.165342,0.129818,0.096411,0.005090,0.097331,0.000299,0.068370,0.239895,0.119901,0.034259,-0.112017,0.044039
4004,-7.618515,0.971493,2.849813,0.569963,0.279385,1.000000,2.500000,0.650000,0.161793,0.130066,0.096333,0.005903,0.096403,0.000609,0.068164,0.239764,0.119754,0.035712,-0.112046,0.045352
4005,-7.868602,1.365227,2.022195,0.404439,0.286550,1.000000,2.500000,0.650000,0.161786,0.129713,0.096737,0.006073,0.096009,0.000332,0.068318,0.239836,0.119787,0.035337,-0.112195,0.045452
4006,-7.686007,1.051284,2.628320,0.525664,0.297297,1.000000,2.500000,0.650000,0.162065,0.128933,0.096246,0.006337,0.096006,0.000715,0.067975,0.239635,0.119530,0.035875,-0.112083,0.045479
4007,-7.666438,1.024304,2.683531,0.536706,0.282170,1.000000,2.500000,0.650000,0.162080,0.130685,0.096614,0.006922,0.096035,0.001014,0.066877,0.239799,0.119842,0.035733,-0.112925,0.045550
4008,-7.813255,1.270799,2.209028,0.441806,0.295326,1.000000,2.500000,0.650000,0.162779,0.129878,0.096291,0.006068,0.096120,0.000485,0.067640,0.239937,0.119781,0.035157,-0.112001,0.045433
4009,-7.555569,0.866102,3.098307,0.619661,0.283598,1.000000,2.500000,0.650000,0.161138,0.128433,0.096025,0.007031,0.096367,0.001032,0.068396,0.239560,0.119575,0.035673,-0.112515,0.045355
4010,-7.643567,1.005859,2.758039,0.551608,0.290758,1.000000,2.500000,0.650000,0.163578,0.131302,0.096692,0.006441,0.096314,0.000819,0.066949,0.239702,0.119913,0.035246,-0.112200,0.045710
4011,-7.703366,1.083855,2.577374,0.515475,0.285659,1.000000,2.500000,0.650000,0.163585,0.129950,0.096140,0.007822,0.096011,0.001771,0.067683,0.239691,0.119680,0.035793,-0.112365,0.045253
4012,-7.596371,0.928713,2.942646,0.588529,0.275582,1.000000,2.500000,0.650000,0.161575,0.129685,0.096310,0.005483,0.097278,0.000324,0.067913,0.239521,0.119696,0.035369,-0.112001,0.045361
4013,-7.610125,0.942562,2.891112,0.578222,0.283990,1.000000,2.500000,0.650000,0.161579,0.129985,0.096701,0.005380,0.096464,0.000076,0.067653,0.239432,0.119756,0.034881,-0.112015,0.045336
4014,-7.610397,0.935769,2.907815,0.581563,0.280967,1.000000,2.500000,0.650000,0.161379,0.127500,0.096242,0.006651,0.096418,0.000816,0.067921,0.239765,0.119258,0.035429,-0.112191,0.045380
4015,-7.628131,1.002333,2.793759,0.558752,0.288878,1.000000,2.500000,0.650000,0.162933,0.129515,0.096425,0.005249,0.096856,0.000287,0.067530,0.239832,0.119605,0.034499,-0.112194,0.044699
4016,-7.611294,0.949907,2.880728,0.576146,0.283912,1.000000,2.500000,0.650000,0.160774,0.130185,0.096198,0.006865,0.096105,0.000431,0.067551,0.239707,0.119730,0.035380,-0.112622,0.045678
4017,-7.801806,1.251506,2.229360,0.445872,0.288404,1.000000,2.500000,0.650000,0.162372,0.128735,0.096437,0.005562,0.096484,0.000542,0.067740,0.239204,0.119434,0.034783,-0.112211,0.045148
4018,-7.677684,1.081396,2.579657,0.515931,0.273713,1.000000,2.500000,0.650000,0.163133,0.129086,0.096722,0.005160,0.097083,0.000414,0.067788,0.239653,0.119756,0.034637,-0.112247,0.045046
4019,-7.764177,1.159235,2.328101,0.465620,0.274623,1.000000,2.500000,0.650000,0.162396,0.129165,0.096041,0.007706,0.096144,0.001127,0.067562,0.239385,0.119808,0.035612,-0.112141,0.045958
4020,-7.653525,0.990981,2.714723,0.542945,0.282642,1.000000,2.500000,0.650000,0.160670,0.128432,0.096066,0.006955,0.096142,0.000836,0.068507,0.239442,0.119425,0.035921,-0.112072,0.045848
4021,-7.573114,0.897857,3.012153,0.602431,0.272222,1.000000,2.500000,0.650000,0.160559,0.128258,0.096221,0.006187,0.096406,0.000720,0.068122,0.239218,0.119452,0.035933,-0.112183,0.045779
4022,-7.606490,0.954545,2.902174,0.580435,0.289604,1.000000,2.500000,0.650000,0.161113,0.131464,0.096133,0.006205,0.096290,0.000263,0.067395,0.239550,0.119885,0.035741,-0.112084,0.045996
4023,-7.819720,1.276722,2.165604,0.433121,0.280878,1.000000,2.500000,0.650000,0.162307,0.130224,0.096281,0.006763,0.096372,0.000856,0.067882,0.238907,0.119865,0.035543,-0.112234,0.045208
4024,-7.630182,0.978323,2.820137,0.564027,0.294149,1.000000,2.500000,0.650000,0.162468,0.130498,0.096406,0.006739,0.096058,0.000169,0.067766,0.239434,0.119782,0.034763,-0.112320,0.045724
4025,-7.639054,0.999641,2.766368,0.553274,0.287223,1.000000,2.500000,0.650000,0.161229,0.129348,0.096110,0.006060,0.096903,0.000538,0.067826,0.239842,0.119684,0.035818,-0.112034,0.045264
4026,-7.531438,0.848313,3.202454,0.640491,0.285075,1.000000,2.500000,0.650000,0.160572,0.130316,0.096171,0.007167,0.096105,0.000213,0.068074,0.239373,0.119594,0.035275,-0.112099,0.045999
4027,-7.831197,1.262639,2.116921,0.423384,0.280988,1.000000,2.500000,0.650000,0.160135,0.128139,0.096120,0.007592,0.096009,0.001050,0.068322,0.238984,0.119349,0.035938,-0.112428,0.046357
4028,-7.635159,0.973609,2.777064,0.555413,0.274452,1.000000,2.500000,0.650000,0.160000,0.128741,0.096022,0.007067,0.097362,0.000223,0.067892,0.239967,0.119482,0.036304,-0.112117,0.046023
4029,-7.631214,0.962645,2.779365,0.555873,0.271039,1.000000,2.500000,0.650000,0.160059,0.131088,0.096128,0.008918,0.096234,0.000310,0.067324,0.239237,0.119614,0.035943,-0.112309,0.047006
4030,-7.808075,1.265702,2.198397,0.439679,0.278609,1.000000,2.500000,0.650000,0.161372,0.131911,0.096701,0.005275,0.096713,0.000009,0.067546,0.239622,0.119833,0.034671,-0.112414,0.045368
4031,-7.564163,0.883125,3.055752,0.611150,0.283314,1.000000,2.500000,0.650000,0.160234,0.126664,0.096044,0.007076,0.097755,0.001340,0.069428,0.239094,0.119397,0.036509,-0.112115,0.045525
4032,-7.582535,0.921243,2.983895,0.596779,0.279892,1.000000,2.500000,0.650000,0.160394,0.130517,0.096198,0.007204,0.096148,0.000336,0.068224,0.239197,0.119648,0.036320,-0.112046,0.046197
4033,-7.582768,0.910568,2.966625,0.593325,0.270351,1.000000,2.500000,0.650000,0.161074,0.128394,0.096002,0.007211,0.096566,0.001418,0.069741,0.237705,0.119775,0.036332,-0.112359,0.045816
4034,-7.572608,0.891125,3.021046,0.604209,0.284265,1.000000,2.500000,0.650000,0.160728,0.129537,0.096228,0.006798,0.096080,0.000604,0.067907,0.238762,0.119682,0.036089,-0.112026,0.046219
4035,-7.656819,1.008426,2.728937,0.545787,0.291618,1.000000,2.500000,0.650000,0.160540,0.131200,0.096362,0.005940,0.096378,0.000002,0.067967,0.239402,0.119822,0.034476,-0.112082,0.046276
4036,-7.539492,0.861798,3.118385,0.623677,0.283641,1.000000,2.500000,0.650000,0.160779,0.129438,0.096037,0.005882,0.096358,0.000072,0.069179,0.239011,0.119805,0.035748,-0.112723,0.045814
4037,-7.588803,0.927024,2.947051,0.589410,0.286998,1.000000,2.500000,0.650000,0.161371,0.130866,0.096788,0.005579,0.096632,0.000024,0.067791,0.239351,0.119759,0.034682,-0.112345,0.045593
4038,-7.629046,0.954607,2.821139,0.564228,0.286745,1.000000,2.500000,0.650000,0.161424,0.130609,0.096117,0.006551,0.096004,0.000462,0.068426,0.239153,0.119908,0.035545,-0.112128,0.045824
4039,-7.564774,0.890723,3.060760,0.612152,0.283943,1.000000,2.500000,0.650000,0.160004,0.127700,0.096140,0.007465,0.096656,0.000938,0.069558,0.239210,0.118994,0.037007,-0.112119,0.045886
4040,-7.726168,1.107824,2.452949,0.490590,0.278537,1.000000,2.500000,0.650000,0.160531,0.129328,0.096047,0.006409,0.097074,0.000061,0.069509,0.239404,0.119617,0.035421,-0.112969,0.045830
4041,-7.577389,0.904532,2.992778,0.598556,0.276881,1.000000,2.500000,0.650000,0.160635,0.128304,0.096027,0.005776,0.097186,0.000375,0.069467,0.238121,0.119714,0.036075,-0.112069,0.045677
4042,-7.600509,0.938572,2.905110,0.581022,0.268090,1.000000,2.500000,0.650000,0.160734,0.127616,0.096146,0.006979,0.096610,0.000517,0.069640,0.239464,0.119594,0.036714,-0.113543,0.045532
4043,-7.620992,0.995960,2.804900,0.560980,0.293552,1.000000,2.500000,0.650000,0.162496,0.130452,0.096524,0.004864,0.096544,0.000278,0.067519,0.239440,0.119858,0.035259,-0.112252,0.045615
4044,-7.598955,0.916559,2.920304,0.584061,0.278190,1.000000,2.500000,0.650000,0.160458,0.127011,0.096007,0.007318,0.096366,0.001116,0.069239,0.238660,0.119497,0.036089,-0.112113,0.046145
4045,-7.684701,1.053617,2.611851,0.522370,0.283190,1.000000,2.500000,0.650000,0.160147,0.129855,0.096497,0.005378,0.098010,0.000244,0.068462,0.238053,0.119321,0.035374,-0.112447,0.045466
4046,-7.649898,0.996634,2.735231,0.547046,0.279646,1.000000,2.500000,0.650000,0.160102,0.129009,0.096018,0.007801,0.096000,0.000150,0.069788,0.238014,0.119872,0.036771,-0.114067,0.047129
4047,-7.568343,0.898284,3.040423,0.608085,0.280739,1.000000,2.500000,0.650000,0.160627,0.128229,0.096035,0.006023,0.097197,0.000379,0.069031,0.239644,0.119591,0.036103,-0.112041,0.045835
4048,-7.696391,1.061814,2.548341,0.509668,0.270048,1.000000,2.500000,0.650000,0.160022,0.127023,0.096041,0.006662,0.098423,0.000827,0.068547,0.239473,0.119280,0.036183,-0.112189,0.045592
4049,-7.601824,0.942845,2.907264,0.581453,0.269097,1.000000,2.500000,0.650000,0.160092,0.124173,0.096531,0.006149,0.099926,0.001539,0.069974,0.239511,0.119204,0.036682,-0.112476,0.045063
4050,-7.629663,0.975632,2.796387,0.559277,0.274547,1.000000,2.500000,0.650000,0.160003,0.126011,0.096054,0.006206,0.098545,0.000775,0.069331,0.239500,0.118887,0.035904,-0.112244,0.045486
4051,-7.871671,1.361906,1.998608,0.399722,0.272976,1.000000,2.500000,0.650000,0.160082,0.127271,0.096000,0.006047,0.096888,0.000646,0.069663,0.239518,0.119688,0.036430,-0.112407,0.045886
4052,-7.674981,1.029126,2.627719,0.525544,0.269569,1.000000,2.500000,0.650000,0.160140,0.126684,0.096222,0.006492,0.098722,0.000314,0.069849,0.238837,0.119226,0.036376,-0.113575,0.045857
4053,-7.590199,0.908242,2.941349,0.588270,0.278416,1.000000,2.500000,0.650000,0.160088,0.125332,0.096075,0.006099,0.098374,0.000296,0.069947,0.238794,0.119310,0.035760,-0.113070,0.045736
4054,-7.611782,0.950931,2.877048,0.575410,0.294102,1.000000,2.500000,0.650000,0.160177,0.128519,0.096153,0.004770,0.098955,0.000242,0.067058,0.239833,0.119554,0.035696,-0.112099,0.045804
4055,-7.596990,0.942018,2.913929,0.582786,0.286264,1.000000,2.500000,0.650000,0.160036,0.129305,0.096020,0.005371,0.097053,0.000126,0.069582,0.238815,0.119680,0.036555,-0.112831,0.046053
4056,-7.782708,1.207572,2.259850,0.451970,0.263691,1.000000,2.500000,0.650000,0.161116,0.127924,0.096000,0.007631,0.096011,0.001271,0.069646,0.238490,0.119524,0.036280,-0.112043,0.046005
4057,-7.628728,0.955428,2.794056,0.558811,0.281506,1.000000,2.500000,0.650000,0.160021,0.128229,0.096217,0.008111,0.096197,0.000639,0.069943,0.238012,0.119521,0.037218,-0.113553,0.046542
4058,-7.569992,0.902636,3.056680,0.611336,0.281844,1.000000,2.500000,0.650000,0.160682,0.129296,0.096269,0.005356,0.096836,0.000141,0.069017,0.239391,0.119576,0.035970,-0.112294,0.045770
4059,-7.748859,1.144138,2.372891,0.474578,0.266021,1.000000,2.500000,0.650000,0.160012,0.127358,0.096219,0.008685,0.096022,0.001525,0.069905,0.238522,0.118803,0.037212,-0.112052,0.046065
4060,-7.687673,1.050532,2.591580,0.518316,0.282117,1.000000,2.500000,0.650000,0.160444,0.128175,0.096088,0.004836,0.098077,0.000099,0.069181,0.239572,0.119494,0.035542,-0.112232,0.045836
4061,-7.891257,1.402472,1.936001,0.387200,0.277154,1.000000,2.500000,0.650000,0.162092,0.127417,0.096015,0.006412,0.096199,0.000647,0.069913,0.236875,0.119657,0.036633,-0.113235,0.045463
4062,-7.663335,1.025403,2.677170,0.535434,0.279244,1.000000,2.500000,0.650000,0.160007,0.128120,0.096003,0.006243,0.097200,0.000126,0.069162,0.239847,0.119243,0.036396,-0.112134,0.045837
4063,-9.298852,6.970090,0.354515,0.070903,0.293630,1.000000,2.500000,0.650000,0.160196,0.127217,0.096031,0.006633,0.097934,0.000006,0.068974,0.239699,0.119582,0.036488,-0.113752,0.046823
4064,-7.686569,1.034481,2.587131,0.517426,0.271739,1.000000,2.500000,0.650000,0.160358,0.126273,0.096036,0.005219,0.097500,0.000487,0.070000,0.238060,0.118979,0.035648,-0.112253,0.045451
4065,-7.544360,0.873746,3.092810,0.618562,0.282925,1.000000,2.500000,0.650000,0.160017,0.126999,0.096136,0.005369,0.099878,0.000125,0.069354,0.239983,0.119449,0.035897,-0.112717,0.045910
4066,-7.550775,0.895843,3.093318,0.618664,0.293113,1.000000,2.500000,0.650000,0.160682,0.128214,0.096011,0.004418,0.098501,0.000063,0.069586,0.239498,0.119750,0.035730,-0.114965,0.045739
4067,-7.743859,1.115334,2.370130,0.474026,0.271937,1.000000,2.500000,0.650000,0.160000,0.124756,0.096180,0.007517,0.098666,0.001321,0.069822,0.237226,0.118777,0.037129,-0.112013,0.045521
4068,-7.607640,0.932291,2.882112,0.576422,0.280780,1.000000,2.500000,0.650000,0.160274,0.129243,0.096027,0.005350,0.097336,0.000006,0.069203,0.239031,0.119291,0.035653,-0.113136,0.045510
4069,-7.582444,0.920859,2.999745,0.599949,0.290537,1.000000,2.500000,0.650000,0.161863,0.128989,0.096246,0.006017,0.096044,0.000646,0.068949,0.238778,0.119835,0.035957,-0.112239,0.046209
4070,-7.719291,1.091187,2.467430,0.493486,0.273092,1.000000,2.500000,0.650000,0.160331,0.127930,0.096006,0.006165,0.097551,0.000501,0.069508,0.238378,0.119514,0.036481,-0.112417,0.046121
4071,-7.575684,0.931866,2.949328,0.589866,0.281645,1.000000,2.500000,0.650000,0.160042,0.127333,0.096082,0.005043,0.098545,0.000053,0.069976,0.239323,0.119446,0.035984,-0.114892,0.045833
4072,-9.168781,6.375521,0.408479,0.081696,0.291020,1.000000,2.500000,0.650000,0.160007,0.126071,0.096201,0.006209,0.097274,0.000167,0.069993,0.239745,0.119344,0.036187,-0.114161,0.046625
4073,-7.815555,1.273865,2.188356,0.437671,0.292275,1.000000,2.500000,0.650000,0.160644,0.130840,0.096866,0.005295,0.096001,0.000053,0.067823,0.239831,0.119871,0.035453,-0.112571,0.046530
4074,-7.652368,1.038536,2.637619,0.527524,0.300410,1.000000,2.500000,0.650000,0.161148,0.128226,0.096496,0.002363,0.099917,0.000062,0.068589,0.239659,0.119744,0.034798,-0.114588,0.044757
4075,-7.601165,0.952918,2.896791,0.579358,0.269126,1.000000,2.500000,0.650000,0.160230,0.127163,0.096012,0.005298,0.097297,0.000186,0.068866,0.239984,0.119569,0.035975,-0.112692,0.045611
4076,-7.798822,1.229610,2.228835,0.445767,0.288442,1.000000,2.500000,0.650000,0.160040,0.127189,0.096004,0.004638,0.100266,0.000070,0.069097,0.239995,0.119281,0.035814,-0.112698,0.045477
4077,-7.567556,0.883062,3.011879,0.602376,0.272816,1.000000,2.500000,0.650000,0.160231,0.128967,0.096021,0.005762,0.096817,0.000064,0.069779,0.239296,0.119705,0.036040,-0.112922,0.046246
4078,-7.700522,1.070070,2.557004,0.511401,0.280317,1.000000,2.500000,0.650000,0.160529,0.128332,0.096001,0.005748,0.097653,0.000246,0.069292,0.239368,0.119891,0.035847,-0.113715,0.046709
4079,-7.594429,0.928545,2.950704,0.590141,0.282350,1.000000,2.500000,0.650000,0.160001,0.127938,0.096087,0.004861,0.098321,0.000061,0.069449,0.239955,0.119652,0.035374,-0.115006,0.046442
4080,-7.618403,0.985224,2.770665,0.554133,0.285557,1.000000,2.500000,0.650000,0.160927,0.129026,0.096125,0.003742,0.099451,0.000001,0.069162,0.239654,0.119668,0.034781,-0.112658,0.045261
4081,-7.631262,0.974149,2.806925,0.561385,0.282867,1.000000,2.500000,0.650000,0.160211,0.129082,0.096266,0.005970,0.098249,0.000487,0.068329,0.239798,0.119519,0.036563,-0.113585,0.046412
4082,-7.686497,1.066807,2.606982,0.521396,0.291584,1.000000,2.500000,0.650000,0.160215,0.131261,0.096866,0.005631,0.096367,0.000003,0.068632,0.239494,0.119678,0.035309,-0.112043,0.046333
4083,-7.561892,0.883979,3.049700,0.609940,0.272902,1.000000,2.500000,0.650000,0.160000,0.127844,0.096014,0.005882,0.096937,0.000063,0.069934,0.238690,0.119595,0.037230,-0.115887,0.046511
4084,-7.622470,0.974092,2.804501,0.560900,0.271191,1.000000,2.500000,0.650000,0.160242,0.125212,0.096394,0.005471,0.099844,0.000556,0.069959,0.239011,0.118342,0.036895,-0.112621,0.045458
4085,-7.627070,0.964129,2.787136,0.557427,0.280166,1.000000,2.500000,0.650000,0.160576,0.127205,0.096009,0.005155,0.097819,0.000000,0.069969,0.239496,0.119778,0.035615,-0.114458,0.045790
4086,-7.672123,1.043251,2.648010,0.529602,0.286032,1.000000,2.500000,0.650000,0.160199,0.124568,0.097451,0.006127,0.099253,0.000454,0.069476,0.239075,0.119174,0.036569,-0.115359,0.046008
4087,-7.591532,0.948623,2.929168,0.585834,0.278781,1.000000,2.500000,0.650000,0.160423,0.131460,0.096252,0.006803,0.096000,0.000344,0.068102,0.239301,0.119655,0.035450,-0.112080,0.046542
4088,-7.589394,0.939501,2.943792,0.588758,0.286427,1.000000,2.500000,0.650000,0.160053,0.129745,0.096000,0.004573,0.097826,0.000001,0.069349,0.239509,0.119633,0.036920,-0.115006,0.045714
4089,-7.610514,0.944400,2.884203,0.576841,0.279467,1.000000,2.500000,0.650000,0.160106,0.129962,0.096053,0.005818,0.096234,0.000061,0.069819,0.239142,0.119354,0.036023,-0.114431,0.046445
4090,-7.581543,0.915779,2.975849,0.595170,0.284825,1.000000,2.500000,0.650000,0.161577,0.129381,0.096017,0.005692,0.096294,0.000072,0.069125,0.239944,0.119931,0.035661,-0.113965,0.046004
4091,-7.722992,1.087169,2.459193,0.491839,0.273842,1.000000,2.500000,0.650000,0.160005,0.131230,0.096285,0.006968,0.096175,0.000012,0.068277,0.239395,0.119989,0.036616,-0.112095,0.047437
4092,-8.662114,4.097799,0.670687,0.134137,0.346938,1.000000,2.500000,0.650000,0.160522,0.125618,0.096644,0.005340,0.099206,0.000019,0.069729,0.239179,0.118582,0.036192,-0.114160,0.046218
4093,-7.909817,1.443836,1.899109,0.379822,0.283945,1.000000,2.500000,0.650000,0.160170,0.129410,0.096000,0.005042,0.097128,0.000017,0.069041,0.239550,0.119493,0.035826,-0.113222,0.046174
4094,-7.633345,0.975538,2.792525,0.558505,0.280515,1.000000,2.500000,0.650000,0.160021,0.129367,0.096012,0.005709,0.096888,0.000052,0.069975,0.238850,0.119801,0.037158,-0.113986,0.046307
4095,-7.599312,0.933438,2.916774,0.583355,0.288344,1.000000,2.500000,0.650000,0.160267,0.128870,0.096152,0.005418,0.097817,0.000089,0.069602,0.239368,0.119523,0.036733,-0.116713,0.045746
4096,-7.580127,0.912211,3.000959,0.600192,0.276025,1.000000,2.500000,0.650000,0.160410,0.130401,0.096283,0.005378,0.096005,0.000298,0.068904,0.239303,0.119985,0.035702,-0.114558,0.046496
4097,-7.598714,0.942732,2.923597,0.584719,0.286432,1.000000,2.500000,0.650000,0.160249,0.129961,0.096097,0.006438,0.096092,0.000013,0.068654,0.239533,0.119575,0.036658,-0.113777,0.046508
4098,-7.720619,1.093706,2.476084,0.495217,0.272571,1.000000,2.500000,0.650000,0.160515,0.129932,0.096016,0.006845,0.096115,0.000015,0.068999,0.239519,0.119730,0.036314,-0.116028,0.046983
4099,-7.659245,1.012000,2.717618,0.543524,0.283713,1.000000,2.500000,0.650000,0.160001,0.128455,0.096544,0.006880,0.096589,0.000332,0.069816,0.239264,0.119825,0.037284,-0.116832,0.047040
4100,-7.739398,1.132408,2.421966,0.484393,0.275802,1.000000,2.500000,0.650000,0.160702,0.127840,0.096078,0.005305,0.098944,0.000024,0.069420,0.239828,0.119435,0.036509,-0.114041,0.046505
4101,-7.553812,0.882071,3.093256,0.618651,0.271929,1.000000,2.500000,0.650000,0.160197,0.128469,0.096000,0.005517,0.097119,0.000246,0.069854,0.239422,0.119730,0.036208,-0.113172,0.045937
4102,-7.873319,1.369684,1.995065,0.399013,0.275917,1.000000,2.500000,0.650000,0.161504,0.129724,0.096053,0.005720,0.096254,0.000543,0.069536,0.238952,0.119700,0.036153,-0.113255,0.045470
4103,-7.621537,0.974733,2.832803,0.566561,0.288924,1.000000,2.500000,0.650000,0.160161,0.130391,0.096150,0.005621,0.096575,0.000004,0.069667,0.238841,0.119531,0.036108,-0.113289,0.046138
4104,-7.529371,0.848182,3.180025,0.636005,0.272602,1.000000,2.500000,0.650000,0.160092,0.129515,0.096006,0.005107,0.096642,0.000002,0.069833,0.239661,0.119813,0.036606,-0.114191,0.046100
4105,-7.558504,0.892305,3.078035,0.615607,0.292193,1.000000,2.500000,0.650000,0.160080,0.131429,0.096008,0.006371,0.096001,0.000004,0.068763,0.239623,0.119818,0.037003,-0.115216,0.047205
4106,-7.575538,0.917557,3.005530,0.601106,0.292403,1.000000,2.500000,0.650000,0.160360,0.131120,0.096288,0.004327,0.097065,0.000052,0.067635,0.239827,0.119668,0.035743,-0.114069,0.045895
4107,-7.595194,0.943280,2.932627,0.586525,0.289319,1.000000,2.500000,0.650000,0.162081,0.130430,0.096183,0.005007,0.096237,0.000155,0.068769,0.239610,0.119883,0.035353,-0.112417,0.045614
4108,-7.595883,0.916136,2.900107,0.580021,0.266226,1.000000,2.500000,0.650000,0.160088,0.129843,0.096016,0.006348,0.096049,0.000103,0.069927,0.239300,0.119655,0.037038,-0.114801,0.047304
4109,-7.719219,1.085342,2.479945,0.495989,0.272124,1.000000,2.500000,0.650000,0.160027,0.128149,0.096013,0.006543,0.096387,0.000248,0.069139,0.239601,0.119580,0.036787,-0.113986,0.046479
4110,-7.570250,0.890344,3.046836,0.609367,0.283677,1.000000,2.500000,0.650000,0.160016,0.129119,0.096066,0.005969,0.096411,0.000000,0.069780,0.239960,0.119815,0.036271,-0.114411,0.046342
4111,-7.538025,0.863672,3.140798,0.628160,0.273702,1.000000,2.500000,0.650000,0.160258,0.131160,0.096014,0.006043,0.096405,0.000010,0.069444,0.239374,0.119924,0.036449,-0.114363,0.046374
4112,-10.000000,,-0.193025,-0.038605,1.302028,0.000000,2.500000,0.650000,0.160254,0.129363,0.096156,0.005371,0.096063,0.000001,0.069942,0.237967,0.119806,0.036534,-0.114981,0.046297
4113,-7.530762,0.861798,3.167747,0.633549,0.268889,1.000000,2.500000,0.650000,0.160321,0.129467,0.096002,0.006030,0.096604,0.000056,0.069910,0.239025,0.119936,0.036612,-0.114489,0.046100
4114,-7.575744,0.898733,2.978482,0.595696,0.275469,1.000000,2.500000,0.650000,0.160095,0.126781,0.096157,0.005783,0.097456,0.000037,0.069535,0.238678,0.119775,0.037351,-0.115826,0.046592
4115,-7.555390,0.898446,3.086183,0.617237,0.287395,1.000000,2.500000,0.650000,0.161289,0.135160,0.097849,0.004926,0.096827,0.000497,0.067309,0.239816,0.119989,0.034977,-0.112136,0.046350
4116,-7.607674,0.940173,2.895923,0.579185,0.279050,1.000000,2.500000,0.650000,0.160598,0.129713,0.096027,0.005921,0.096034,0.000006,0.069917,0.239177,0.119990,0.036275,-0.113016,0.046208
4117,-7.616770,0.954161,2.853303,0.570661,0.282290,1.000000,2.500000,0.650000,0.160000,0.127721,0.096124,0.004907,0.098564,0.000077,0.069968,0.239996,0.119673,0.037084,-0.116766,0.045815
4118,-7.552989,0.871638,3.076721,0.615344,0.271676,1.000000,2.500000,0.650000,0.160240,0.128827,0.096445,0.006219,0.096501,0.000077,0.069953,0.239240,0.119921,0.036694,-0.115310,0.046371
4119,-7.551082,0.867810,3.121945,0.624389,0.281336,1.000000,2.500000,0.650000,0.160009,0.131003,0.096008,0.006465,0.096045,0.000153,0.069694,0.239429,0.119877,0.037395,-0.115359,0.046896
4120,-7.533785,0.852555,3.162550,0.632510,0.268277,1.000000,2.500000,0.650000,0.160020,0.125683,0.096103,0.005433,0.098109,0.000341,0.069843,0.239415,0.119285,0.037597,-0.115692,0.045370
4121,-8.898313,5.205021,0.560919,0.112184,0.346524,1.000000,2.500000,0.650000,0.160072,0.128081,0.096004,0.004694,0.096964,0.000102,0.069956,0.238979,0.119901,0.036493,-0.115672,0.046067
4122,-7.659860,1.008354,2.698647,0.539729,0.281701,1.000000,2.500000,0.650000,0.160558,0.129092,0.096029,0.004895,0.098108,0.000208,0.069431,0.239670,0.119447,0.035767,-0.112147,0.044932
4123,-7.526798,0.855171,3.172574,0.634515,0.264718,1.000000,2.500000,0.650000,0.160645,0.130319,0.096003,0.006005,0.096127,0.000268,0.069983,0.237852,0.119882,0.037177,-0.112346,0.046082
4124,-7.632570,0.983480,2.803361,0.560672,0.279827,1.000000,2.500000,0.650000,0.160059,0.129251,0.096001,0.005488,0.096988,0.000001,0.069380,0.239786,0.119666,0.036255,-0.113550,0.045764
4125,-7.601489,0.954591,2.927042,0.585408,0.285087,1.000000,2.500000,0.650000,0.161253,0.133961,0.096349,0.004395,0.096050,0.000167,0.067937,0.239924,0.120000,0.035984,-0.114032,0.045725
4126,-7.569929,0.890515,3.006930,0.601386,0.266700,1.000000,2.500000,0.650000,0.160069,0.126435,0.096670,0.006429,0.098421,0.000365,0.069409,0.239195,0.119521,0.038319,-0.115852,0.046009
4127,-7.607311,0.948611,2.906809,0.581362,0.280674,1.000000,2.500000,0.650000,0.161411,0.130956,0.096018,0.005930,0.096189,0.000088,0.069961,0.239587,0.119950,0.037021,-0.114446,0.045979
4128,-7.601518,0.925036,2.889477,0.577895,0.268628,1.000000,2.500000,0.650000,0.160124,0.128452,0.096126,0.006471,0.096149,0.000554,0.069985,0.238979,0.119915,0.037869,-0.114545,0.046155
4129,-7.554848,0.877679,3.071015,0.614203,0.270901,1.000000,2.500000,0.650000,0.160277,0.130071,0.096111,0.005669,0.096718,0.000048,0.069900,0.239466,0.119631,0.037308,-0.112223,0.045511
4130,-7.567200,0.885886,3.038678,0.607736,0.275705,1.000000,2.500000,0.650000,0.160480,0.130503,0.096051,0.006330,0.096073,0.000041,0.069989,0.239225,0.119901,0.037968,-0.112647,0.045935
4131,-7.619089,0.968605,2.824992,0.564998,0.273455,1.000000,2.500000,0.650000,0.160043,0.128444,0.096109,0.004341,0.099067,0.000170,0.069999,0.239678,0.119868,0.036849,-0.116204,0.046112
4132,-7.596992,0.908338,2.912620,0.582524,0.282449,1.000000,2.500000,0.650000,0.160099,0.128770,0.096460,0.007254,0.096209,0.000365,0.069841,0.237947,0.119849,0.037964,-0.114626,0.046017
4133,-7.625399,0.966953,2.834474,0.566895,0.277035,1.000000,2.500000,0.650000,0.160787,0.129135,0.096132,0.004695,0.096163,0.000097,0.069990,0.238312,0.119648,0.036086,-0.113204,0.045650
4134,-7.675517,1.019242,2.632304,0.526461,0.283386,1.000000,2.500000,0.650000,0.160164,0.128845,0.096172,0.006566,0.096390,0.000321,0.069764,0.236967,0.119510,0.037445,-0.115319,0.045859
4135,-7.661228,1.004356,2.654741,0.530948,0.266130,1.000000,2.500000,0.650000,0.160352,0.127947,0.096000,0.006197,0.096633,0.000225,0.069643,0.237792,0.119788,0.037511,-0.112891,0.045730
4136,-7.608911,0.922139,2.856036,0.571207,0.284786,1.000000,2.500000,0.650000,0.160095,0.130281,0.096015,0.007953,0.096259,0.000771,0.069513,0.236719,0.119590,0.038360,-0.112752,0.046545
4137,-7.586787,0.916761,2.976202,0.595240,0.282939,1.000000,2.500000,0.650000,0.160010,0.130742,0.096054,0.005708,0.096065,0.000073,0.069990,0.239084,0.119805,0.037932,-0.114720,0.045846
4138,-7.618650,0.958753,2.846079,0.569216,0.277424,1.000000,2.500000,0.650000,0.160284,0.128850,0.096001,0.005044,0.096982,0.000051,0.070000,0.239360,0.119930,0.037849,-0.115120,0.045866
4139,-7.602643,0.948000,2.899836,0.579967,0.285218,1.000000,2.500000,0.650000,0.160338,0.129276,0.096009,0.005137,0.098490,0.000017,0.069999,0.239885,0.119770,0.037281,-0.112983,0.044926
4140,-7.663874,1.024977,2.631053,0.526211,0.274167,1.000000,2.500000,0.650000,0.160179,0.128444,0.096026,0.005517,0.099006,0.000037,0.069203,0.239083,0.119822,0.037686,-0.112819,0.044723
4141,-7.597899,0.932313,2.889204,0.577841,0.275046,1.000000,2.500000,0.650000,0.160000,0.130368,0.096024,0.005766,0.096707,0.000086,0.069976,0.239123,0.119810,0.037014,-0.112861,0.046196
4142,-7.590313,0.905393,2.942076,0.588415,0.280847,1.000000,2.500000,0.650000,0.160004,0.128626,0.096169,0.006145,0.097787,0.000198,0.068147,0.236663,0.119653,0.038310,-0.114485,0.045726
4143,-7.556260,0.877813,3.072847,0.614569,0.263070,1.000000,2.500000,0.650000,0.160002,0.127763,0.096023,0.005276,0.096338,0.000008,0.069569,0.238078,0.119755,0.038449,-0.115645,0.046407
4144,-7.586891,0.907343,2.944693,0.588939,0.268953,1.000000,2.500000,0.650000,0.160146,0.129074,0.096081,0.007147,0.096259,0.000132,0.069833,0.239686,0.119950,0.037646,-0.113962,0.047526
4145,-10.000000,,-0.405175,-0.081035,0.663248,0.000000,2.500000,0.650000,0.160189,0.127924,0.096000,0.006512,0.098849,0.000336,0.068876,0.239984,0.119152,0.037651,-0.112123,0.045258
4146,-7.585886,0.929938,2.979257,0.595851,0.280454,1.000000,2.500000,0.650000,0.161012,0.131921,0.096657,0.005260,0.096231,0.000004,0.069486,0.239941,0.119859,0.036472,-0.112051,0.044865
4147,-7.548576,0.892903,3.069930,0.613986,0.280482,1.000000,2.500000,0.650000,0.160209,0.125510,0.096484,0.005310,0.100014,0.000024,0.068095,0.238931,0.119599,0.038628,-0.116865,0.045505
4148,-7.613082,0.960334,2.849537,0.569907,0.272975,1.000000,2.500000,0.650000,0.160001,0.125525,0.096064,0.004453,0.099618,0.000009,0.068945,0.239758,0.119639,0.038290,-0.116773,0.044803
4149,-7.570034,0.892807,3.011567,0.602313,0.275318,1.000000,2.500000,0.650000,0.160604,0.128725,0.096069,0.005829,0.096724,0.000112,0.069956,0.238435,0.119917,0.037816,-0.115085,0.045351
4150,-7.586021,0.908890,2.976656,0.595331,0.275805,1.000000,2.500000,0.650000,0.160001,0.129976,0.096114,0.004831,0.097762,0.000294,0.070000,0.239819,0.119911,0.038050,-0.116851,0.045673
4151,-7.605489,0.933005,2.920114,0.584023,0.284066,1.000000,2.500000,0.650000,0.160270,0.129237,0.096280,0.006562,0.096002,0.000362,0.069816,0.237534,0.119540,0.038739,-0.112031,0.045377
4152,-7.574277,0.914652,3.010942,0.602188,0.279970,1.000000,2.500000,0.650000,0.160016,0.127883,0.096001,0.003766,0.099523,0.000196,0.069297,0.238898,0.119965,0.037597,-0.118306,0.045992
4153,-7.642286,1.013741,2.697177,0.539435,0.279130,1.000000,2.500000,0.650000,0.160119,0.128691,0.096154,0.005108,0.096572,0.000009,0.069406,0.238765,0.119675,0.038845,-0.114960,0.045118
4154,-7.561108,0.910458,3.078984,0.615797,0.278575,1.000000,2.500000,0.650000,0.160011,0.126819,0.096164,0.004444,0.098174,0.000001,0.069650,0.239488,0.119449,0.038126,-0.112424,0.044682
4155,-7.837842,1.333358,2.097279,0.419456,0.269942,1.000000,2.500000,0.650000,0.160002,0.126817,0.096118,0.005387,0.099511,0.000117,0.069645,0.239755,0.119578,0.037484,-0.112505,0.044419
4156,-7.722908,1.104162,2.485254,0.497051,0.287546,1.000000,2.500000,0.650000,0.160124,0.126500,0.096093,0.005480,0.099815,0.000084,0.068533,0.238197,0.119647,0.037680,-0.114132,0.044374
4157,-7.724751,1.094505,2.449639,0.489928,0.274913,1.000000,2.500000,0.650000,0.160008,0.125699,0.096464,0.006895,0.099057,0.000787,0.067478,0.237349,0.119406,0.038401,-0.112858,0.044967
4158,-7.588398,0.917504,2.952691,0.590538,0.274915,1.000000,2.500000,0.650000,0.160044,0.126607,0.096000,0.006064,0.096030,0.000082,0.067904,0.238374,0.119499,0.038278,-0.113473,0.045453
4159,-7.588749,0.906962,2.956183,0.591237,0.277781,1.000000,2.500000,0.650000,0.160063,0.124931,0.096162,0.006845,0.097608,0.000233,0.069984,0.239577,0.119666,0.037010,-0.114673,0.045797
4160,-7.832638,1.242303,1.966886,0.393377,0.362786,1.000000,2.500000,0.650000,0.160164,0.125616,0.096028,0.004269,0.100295,0.000016,0.068702,0.238361,0.119478,0.038276,-0.114506,0.045370
4161,-7.694111,1.071357,2.560390,0.512078,0.276610,1.000000,2.500000,0.650000,0.160005,0.125851,0.096004,0.006351,0.096995,0.000095,0.069992,0.239785,0.119406,0.037758,-0.112734,0.045321
4162,-7.619826,0.946885,2.840580,0.568116,0.273017,1.000000,2.500000,0.650000,0.160039,0.124630,0.096001,0.005700,0.097163,0.000031,0.068105,0.237541,0.119646,0.038086,-0.114257,0.045534
4163,-7.609183,0.927194,2.878253,0.575651,0.277314,1.000000,2.500000,0.650000,0.160195,0.126154,0.096261,0.006619,0.096740,0.000007,0.067790,0.239110,0.119797,0.038415,-0.115765,0.046109
4164,-7.534642,0.844522,3.123312,0.624662,0.263651,1.000000,2.500000,0.650000,0.160059,0.124536,0.096002,0.006542,0.096462,0.000872,0.067148,0.236402,0.119623,0.038999,-0.113547,0.045540
4165,-7.610311,0.936193,2.870031,0.574006,0.278586,1.000000,2.500000,0.650000,0.160644,0.127623,0.096002,0.006511,0.097020,0.000001,0.069941,0.239108,0.119506,0.037887,-0.113471,0.046426
4166,-7.618335,0.950704,2.842029,0.568406,0.279937,1.000000,2.500000,0.650000,0.160070,0.127459,0.096822,0.004996,0.097275,0.000101,0.069872,0.239576,0.119470,0.036895,-0.112013,0.045169
4167,-7.627173,0.974310,2.791377,0.558275,0.285175,1.000000,2.500000,0.650000,0.160005,0.128158,0.096190,0.004082,0.098472,0.000559,0.069986,0.239963,0.119935,0.037341,-0.115547,0.044838
4168,-7.728899,1.114855,2.438216,0.487643,0.271523,1.000000,2.500000,0.650000,0.160026,0.126683,0.096163,0.006323,0.097719,0.000157,0.069953,0.239989,0.119529,0.038496,-0.113809,0.045122
4169,-7.669893,1.051654,2.653823,0.530765,0.297780,1.000000,2.500000,0.650000,0.161226,0.130290,0.096554,0.002750,0.099697,0.000238,0.069965,0.239795,0.119998,0.037188,-0.114959,0.044437
4170,-7.652510,1.014825,2.674872,0.534974,0.259941,1.000000,2.500000,0.650000,0.160226,0.122358,0.096189,0.006594,0.098089,0.001001,0.067172,0.238335,0.119368,0.040071,-0.113343,0.045254
4171,-7.972135,1.610690,1.723273,0.344655,0.287876,1.000000,2.500000,0.650000,0.160001,0.127232,0.096377,0.005536,0.097506,0.000205,0.069827,0.239800,0.119384,0.036931,-0.112213,0.045132
4172,-7.746834,1.150808,2.366914,0.473383,0.265864,1.000000,2.500000,0.650000,0.160119,0.123999,0.096004,0.006052,0.097904,0.000641,0.069568,0.238757,0.119442,0.038108,-0.114558,0.045019
4173,-7.601927,0.939071,2.850315,0.570063,0.265025,1.000000,2.500000,0.650000,0.160170,0.126912,0.096029,0.007130,0.096380,0.000258,0.067490,0.235344,0.119648,0.039531,-0.112366,0.047330
4174,-7.622996,0.968283,2.816846,0.563369,0.271739,1.000000,2.500000,0.650000,0.160340,0.125983,0.096024,0.005583,0.096998,0.000023,0.069818,0.239063,0.119923,0.036944,-0.118375,0.046365
4175,-7.629750,0.966365,2.789141,0.557828,0.269506,1.000000,2.500000,0.650000,0.160052,0.126961,0.096244,0.005650,0.096750,0.000259,0.068835,0.238064,0.119718,0.038029,-0.112201,0.045274
4176,-7.563851,0.882457,3.039405,0.607881,0.265883,1.000000,2.500000,0.650000,0.161434,0.123011,0.096840,0.006600,0.098683,0.000053,0.067211,0.238875,0.119556,0.037908,-0.116689,0.046543
4177,-7.810246,1.225423,2.196046,0.439209,0.281300,1.000000,2.500000,0.650000,0.161232,0.128550,0.096219,0.006907,0.096159,0.000006,0.069465,0.238959,0.119978,0.036746,-0.112546,0.045185
4178,-7.558450,0.872908,3.051138,0.610228,0.264518,1.000000,2.500000,0.650000,0.161219,0.129039,0.096261,0.005948,0.096025,0.000046,0.069891,0.238517,0.119873,0.037040,-0.113180,0.045162
4179,-7.615697,0.955760,2.860666,0.572133,0.281170,1.000000,2.500000,0.650000,0.160780,0.121536,0.097654,0.005403,0.099967,0.000048,0.065972,0.239192,0.119758,0.040196,-0.120720,0.045796
4180,-7.973160,1.627615,1.648230,0.329646,0.277646,1.000000,2.500000,0.650000,0.160797,0.120635,0.097171,0.005949,0.099696,0.000380,0.066203,0.237855,0.119483,0.040198,-0.119045,0.045596
4181,-7.824531,1.257800,2.146462,0.429292,0.285344,1.000000,2.500000,0.650000,0.160792,0.128012,0.096008,0.007722,0.096407,0.000292,0.069871,0.238964,0.119440,0.036924,-0.112370,0.045761
4182,-7.770167,1.146028,2.288498,0.457700,0.282044,1.000000,2.500000,0.650000,0.160021,0.128544,0.096110,0.007118,0.096003,0.000161,0.069410,0.236934,0.119972,0.039235,-0.117206,0.046743
4183,-7.603531,0.928144,2.888246,0.577649,0.271738,1.000000,2.500000,0.650000,0.161823,0.129420,0.096007,0.006874,0.096017,0.000130,0.069785,0.238719,0.119898,0.037611,-0.115155,0.044958
4184,-7.588380,0.931546,2.904461,0.580892,0.257612,1.000000,2.500000,0.650000,0.160020,0.124903,0.096262,0.005987,0.098431,0.001100,0.067715,0.237365,0.119148,0.039409,-0.115621,0.044800
4185,-7.668192,1.021430,2.665409,0.533082,0.286172,1.000000,2.500000,0.650000,0.160012,0.128617,0.096002,0.005637,0.096923,0.000008,0.069149,0.238929,0.119805,0.037476,-0.113341,0.045740
4186,-7.577634,0.883336,2.968546,0.593709,0.266428,1.000000,2.500000,0.650000,0.160164,0.127737,0.096015,0.007939,0.096071,0.000424,0.068105,0.236695,0.119937,0.039046,-0.116201,0.046169
4187,-7.636743,0.978968,2.764173,0.552835,0.269700,1.000000,2.500000,0.650000,0.160047,0.128412,0.096676,0.005439,0.096000,0.000466,0.069625,0.238413,0.119974,0.036653,-0.113334,0.046976
4188,-7.558813,0.885816,3.061937,0.612387,0.280146,1.000000,2.500000,0.650000,0.160136,0.125377,0.096002,0.003137,0.101100,0.000096,0.069623,0.238868,0.119621,0.037438,-0.117025,0.045553
4189,-7.629914,0.959131,2.785407,0.557081,0.274523,1.000000,2.500000,0.650000,0.160397,0.125578,0.096812,0.006153,0.098953,0.000000,0.067090,0.238319,0.119537,0.038696,-0.117569,0.046112
4190,-7.564885,0.883088,3.051785,0.610357,0.274378,1.000000,2.500000,0.650000,0.161639,0.129481,0.096011,0.006262,0.096305,0.000099,0.068733,0.238603,0.119994,0.036500,-0.117312,0.045888
4191,-7.569129,0.882247,3.018621,0.603724,0.271032,1.000000,2.500000,0.650000,0.160739,0.122077,0.096137,0.005691,0.096745,0.000004,0.065807,0.236660,0.119000,0.039617,-0.115684,0.046018
4192,-7.688464,1.062897,2.608837,0.521767,0.288639,1.000000,2.500000,0.650000,0.160036,0.124328,0.096130,0.002810,0.099860,0.000491,0.067701,0.238477,0.119446,0.037963,-0.117918,0.044951
4193,-7.678669,1.036805,2.596085,0.519217,0.267833,1.000000,2.500000,0.650000,0.160036,0.126826,0.096221,0.005486,0.096163,0.000339,0.069708,0.238232,0.119761,0.036880,-0.115587,0.046352
4194,-7.685622,1.045492,2.565291,0.513058,0.263252,1.000000,2.500000,0.650000,0.162596,0.120911,0.098259,0.005758,0.100714,0.000061,0.066550,0.238014,0.118817,0.038578,-0.119553,0.046410
4195,-7.620171,0.969367,2.837165,0.567433,0.274874,1.000000,2.500000,0.650000,0.160021,0.129084,0.096095,0.003901,0.096528,0.000367,0.069992,0.239610,0.119978,0.037628,-0.118887,0.046098
4196,-7.659072,1.000897,2.679126,0.535825,0.271397,1.000000,2.500000,0.650000,0.160081,0.128285,0.096027,0.004522,0.097641,0.000202,0.069849,0.238959,0.119814,0.037464,-0.116890,0.046447
4197,-7.766993,1.184608,2.307867,0.461573,0.270460,1.000000,2.500000,0.650000,0.160026,0.123971,0.096032,0.004479,0.099142,0.000018,0.068960,0.239093,0.119356,0.036824,-0.115618,0.045694
4198,-7.678903,1.025210,2.620717,0.524143,0.273916,1.000000,2.500000,0.650000,0.160163,0.125995,0.096027,0.005479,0.096243,0.000339,0.068335,0.236002,0.119300,0.037973,-0.114243,0.045609
4199,-7.567988,0.901652,3.027587,0.605517,0.264498,1.000000,2.500000,0.650000,0.160506,0.126524,0.096008,0.005003,0.097305,0.000001,0.069877,0.238581,0.119761,0.037253,-0.115380,0.045534
4200,-7.876403,1.376362,1.999052,0.399810,0.288592,1.000000,2.500000,0.650000,0.161446,0.130203,0.096307,0.004201,0.097164,0.000018,0.069899,0.238760,0.120000,0.037403,-0.114788,0.044929
4201,-7.681380,1.033550,2.579656,0.515931,0.267073,1.000000,2.500000,0.650000,0.160063,0.125991,0.096048,0.007577,0.096009,0.000328,0.067637,0.236207,0.119400,0.038789,-0.113474,0.045749
4202,-7.548803,0.866703,3.089175,0.617835,0.262919,1.000000,2.500000,0.650000,0.161299,0.123624,0.097087,0.007238,0.097891,0.000350,0.067748,0.238171,0.119530,0.039224,-0.116832,0.046199
4203,-7.584226,0.890007,2.965978,0.593196,0.282143,1.000000,2.500000,0.650000,0.160385,0.124724,0.096141,0.005805,0.097146,0.000170,0.068219,0.237896,0.119824,0.038899,-0.117517,0.046383
4204,-7.719016,1.076994,2.458482,0.491696,0.269646,1.000000,2.500000,0.650000,0.160010,0.124867,0.096288,0.006271,0.096381,0.000202,0.068399,0.237581,0.119606,0.038906,-0.116565,0.045593
4205,-7.598316,0.934558,2.907524,0.581505,0.267061,1.000000,2.500000,0.650000,0.160113,0.127058,0.096014,0.005339,0.096395,0.000344,0.069997,0.239536,0.119706,0.037642,-0.117032,0.046423
4206,-7.686852,1.054506,2.584696,0.516939,0.268128,1.000000,2.500000,0.650000,0.160540,0.123934,0.096213,0.005256,0.099751,0.000171,0.069655,0.239045,0.119374,0.038510,-0.115964,0.045681
4207,-7.628864,0.954243,2.785477,0.557095,0.267379,1.000000,2.500000,0.650000,0.160188,0.125588,0.096188,0.007093,0.097492,0.000117,0.069072,0.238121,0.119199,0.037757,-0.113217,0.045891
4208,-7.679325,1.047964,2.591543,0.518309,0.275233,1.000000,2.500000,0.650000,0.160025,0.124057,0.096243,0.006672,0.097818,0.000665,0.068820,0.238932,0.119725,0.038891,-0.116336,0.045573
4209,-7.666365,1.014508,2.667856,0.533571,0.274205,1.000000,2.500000,0.650000,0.160299,0.123925,0.096746,0.005166,0.099464,0.000001,0.068161,0.238655,0.119830,0.037674,-0.117912,0.046601
4210,-7.637931,0.973801,2.758828,0.551766,0.269111,1.000000,2.500000,0.650000,0.160002,0.125283,0.096077,0.006192,0.096122,0.000246,0.068424,0.237361,0.119708,0.038682,-0.115472,0.046241
4211,-7.513149,0.817823,3.228842,0.645768,0.265386,1.000000,2.500000,0.650000,0.160022,0.125804,0.096238,0.007552,0.096020,0.000318,0.069491,0.238379,0.119658,0.037842,-0.113748,0.046379
4212,-7.574680,0.897203,2.981364,0.596273,0.266903,1.000000,2.500000,0.650000,0.161947,0.123572,0.096882,0.006204,0.097238,0.000009,0.065579,0.236270,0.119430,0.039671,-0.118116,0.046447
4213,-7.586000,0.914553,2.950253,0.590051,0.262382,1.000000,2.500000,0.650000,0.160615,0.125438,0.096645,0.006383,0.098211,0.000189,0.069724,0.239783,0.119867,0.037270,-0.118381,0.046633
4214,-7.734818,1.128120,2.426881,0.485376,0.269587,1.000000,2.500000,0.650000,0.160121,0.125990,0.096539,0.005341,0.097048,0.000095,0.069283,0.239340,0.119729,0.038129,-0.119139,0.045152
4215,-7.665594,1.010170,2.646587,0.529317,0.270569,1.000000,2.500000,0.650000,0.160247,0.125089,0.096591,0.005612,0.097358,0.000252,0.067488,0.238300,0.119147,0.039151,-0.115860,0.045784
4216,-8.087663,1.878008,1.420688,0.284138,0.274788,1.000000,2.500000,0.650000,0.160862,0.125083,0.096143,0.006633,0.096219,0.000008,0.067823,0.236549,0.119953,0.038683,-0.117632,0.047133
4217,-7.550453,0.889658,3.068466,0.613693,0.256769,1.000000,2.500000,0.650000,0.162122,0.123155,0.097683,0.007483,0.097432,0.000017,0.067832,0.238287,0.119588,0.038395,-0.117102,0.047239
4218,-7.643951,0.970767,2.705148,0.541030,0.263482,1.000000,2.500000,0.650000,0.160032,0.124069,0.096571,0.007631,0.096078,0.000082,0.067468,0.237198,0.119607,0.037969,-0.115540,0.046603
4219,-7.638123,0.977303,2.735393,0.547079,0.269348,1.000000,2.500000,0.650000,0.160016,0.124872,0.096735,0.006616,0.096139,0.000389,0.067922,0.237158,0.119869,0.038927,-0.117643,0.046187
4220,-7.614445,0.938810,2.845955,0.569191,0.264294,1.000000,2.500000,0.650000,0.160116,0.125599,0.096115,0.005807,0.096073,0.000046,0.068668,0.238332,0.119801,0.038383,-0.116867,0.046445
4221,-7.623047,0.952397,2.769922,0.553984,0.256367,1.000000,2.500000,0.650000,0.160398,0.124108,0.096529,0.008031,0.096035,0.000448,0.066359,0.235674,0.119564,0.040008,-0.115584,0.046871
4222,-7.616297,0.949367,2.866829,0.573366,0.283041,1.000000,2.500000,0.650000,0.161218,0.122202,0.097586,0.005552,0.099587,0.000059,0.065751,0.238155,0.119477,0.040005,-0.117943,0.045285
4223,-7.644265,0.990390,2.711566,0.542313,0.262925,1.000000,2.500000,0.650000,0.160207,0.123324,0.096991,0.006900,0.096681,0.000939,0.067707,0.237668,0.119713,0.039399,-0.116202,0.045935
4224,-7.588494,0.907291,2.953032,0.590606,0.276774,1.000000,2.500000,0.650000,0.160612,0.126247,0.096625,0.005882,0.098171,0.000102,0.069223,0.239061,0.119611,0.038251,-0.116241,0.046348
4225,-7.545191,0.854995,3.095588,0.619118,0.259548,1.000000,2.500000,0.650000,0.161072,0.123993,0.096768,0.007472,0.096404,0.000083,0.068102,0.237889,0.118886,0.038968,-0.113905,0.046569
4226,-7.605444,0.931185,2.878094,0.575619,0.268829,1.000000,2.500000,0.650000,0.160307,0.125433,0.096973,0.006359,0.097218,0.000061,0.068831,0.238695,0.119809,0.037467,-0.115482,0.046644
4227,-7.571079,0.926202,2.980281,0.596056,0.256371,1.000000,2.500000,0.650000,0.160207,0.123518,0.097831,0.007035,0.098830,0.000370,0.067984,0.238944,0.119157,0.039097,-0.115262,0.045106
4228,-7.600231,0.938427,2.876530,0.575306,0.263030,1.000000,2.500000,0.650000,0.161400,0.124934,0.096363,0.005703,0.097747,0.000009,0.067821,0.237589,0.119563,0.038953,-0.118147,0.046797
4229,-7.606132,0.937603,2.869367,0.573873,0.264775,1.000000,2.500000,0.650000,0.160915,0.125091,0.096025,0.005484,0.098348,0.000000,0.067751,0.237418,0.119367,0.038626,-0.114648,0.045811
4230,-7.544476,0.847315,3.098367,0.619673,0.261623,1.000000,2.500000,0.650000,0.161486,0.122533,0.098631,0.007640,0.097781,0.000383,0.067299,0.238324,0.119636,0.039255,-0.118052,0.047110
4231,-7.582814,0.887947,2.963959,0.592792,0.282706,1.000000,2.500000,0.650000,0.161294,0.124973,0.096914,0.007782,0.096142,0.000167,0.067300,0.237847,0.119706,0.039771,-0.115941,0.046907
4232,-7.559591,0.879096,3.037191,0.607438,0.259256,1.000000,2.500000,0.650000,0.161062,0.124948,0.097296,0.007022,0.097867,0.000029,0.068760,0.239043,0.119841,0.038822,-0.119119,0.046771
4233,-8.032272,1.716095,1.533727,0.306745,0.268245,1.000000,2.500000,0.650000,0.160374,0.125220,0.096197,0.006442,0.096092,0.000007,0.067538,0.236345,0.119637,0.038994,-0.115902,0.046435
4234,-7.619029,0.960097,2.814813,0.562963,0.263218,1.000000,2.500000,0.650000,0.163722,0.123534,0.098102,0.007357,0.098431,0.000010,0.066115,0.237362,0.119185,0.038969,-0.116258,0.046976
4235,-7.549109,0.854333,3.087206,0.617441,0.267595,1.000000,2.500000,0.650000,0.160633,0.124419,0.096850,0.007270,0.096436,0.000000,0.068211,0.239172,0.119557,0.038931,-0.117662,0.046350
4236,-7.550150,0.858767,3.080173,0.616035,0.263907,1.000000,2.500000,0.650000,0.160393,0.125714,0.096231,0.008242,0.096044,0.000137,0.068049,0.237668,0.119455,0.039197,-0.113561,0.046684
4237,-7.579881,0.904332,2.974882,0.594976,0.265417,1.000000,2.500000,0.650000,0.161770,0.126803,0.096780,0.007076,0.096594,0.000080,0.069137,0.239558,0.119645,0.038532,-0.116527,0.046797
4238,-7.698707,1.049772,2.544131,0.508826,0.269256,1.000000,2.500000,0.650000,0.165098,0.120446,0.099242,0.008723,0.098389,0.000327,0.066885,0.238202,0.118490,0.040453,-0.116922,0.047012
4239,-7.618860,0.987597,2.811821,0.562364,0.253476,1.000000,2.500000,0.650000,0.163632,0.123241,0.098475,0.008995,0.096345,0.000114,0.067279,0.238446,0.119318,0.040254,-0.116079,0.047567
4240,-7.633757,1.001063,2.752981,0.550596,0.270980,1.000000,2.500000,0.650000,0.161950,0.121311,0.098219,0.007132,0.099236,0.000389,0.066508,0.238594,0.119179,0.039553,-0.115796,0.046074
4241,-7.596928,0.911542,2.907851,0.581570,0.268150,1.000000,2.500000,0.650000,0.160862,0.122932,0.097496,0.006649,0.097535,0.000122,0.068344,0.238799,0.119604,0.039244,-0.118817,0.047008
4242,-7.534761,0.846959,3.144050,0.628810,0.258668,1.000000,2.500000,0.650000,0.161921,0.123039,0.097915,0.007756,0.097015,0.000000,0.068189,0.239196,0.119225,0.037676,-0.116763,0.046650
4243,-7.565675,0.868503,3.012519,0.602504,0.276358,1.000000,2.500000,0.650000,0.161594,0.121426,0.098355,0.007534,0.098272,0.000370,0.066546,0.238597,0.119329,0.039903,-0.116224,0.047031
4244,-7.651711,0.972337,2.683087,0.536617,0.283017,1.000000,2.500000,0.650000,0.160650,0.124152,0.097670,0.007330,0.096358,0.000368,0.067667,0.237208,0.119637,0.038989,-0.117120,0.047146
4245,-7.522933,0.826917,3.180171,0.636034,0.265855,1.000000,2.500000,0.650000,0.160263,0.123855,0.096737,0.007720,0.096749,0.000274,0.068810,0.239211,0.119409,0.039122,-0.115345,0.046006
4246,-7.616874,0.947306,2.840282,0.568056,0.274685,1.000000,2.500000,0.650000,0.163065,0.125617,0.098003,0.007066,0.097628,0.000017,0.068783,0.239580,0.119483,0.039083,-0.117301,0.047495
4247,-7.686858,1.044653,2.568845,0.513769,0.266197,1.000000,2.500000,0.650000,0.160148,0.125415,0.096528,0.008376,0.096234,0.000353,0.069839,0.239838,0.119817,0.038286,-0.113369,0.046222
4248,-7.551397,0.857607,3.059255,0.611851,0.259504,1.000000,2.500000,0.650000,0.160250,0.123317,0.096404,0.008079,0.096451,0.000034,0.067838,0.238170,0.119241,0.038788,-0.114825,0.046429
4249,-7.803634,1.231908,2.193174,0.438635,0.266215,1.000000,2.500000,0.650000,0.160241,0.123439,0.098223,0.007210,0.098002,0.000339,0.067570,0.239801,0.119748,0.039547,-0.118123,0.046027
4250,-7.588776,0.905673,2.918726,0.583745,0.257698,1.000000,2.500000,0.650000,0.160824,0.125274,0.096505,0.008370,0.096426,0.000176,0.068782,0.237112,0.119650,0.038699,-0.115671,0.047212
4251,-7.594771,0.941820,2.903697,0.580739,0.267594,1.000000,2.500000,0.650000,0.160340,0.124053,0.096432,0.007994,0.096285,0.000229,0.068603,0.238751,0.119292,0.038524,-0.114370,0.046162
4252,-7.560406,0.861264,3.034844,0.606969,0.261239,1.000000,2.500000,0.650000,0.161495,0.125152,0.097520,0.010084,0.096797,0.000293,0.068802,0.238357,0.119307,0.039852,-0.114598,0.047401
4253,-7.650925,1.002115,2.719356,0.543871,0.269364,1.000000,2.500000,0.650000,0.163063,0.122297,0.096844,0.005967,0.097883,0.000400,0.066586,0.238616,0.119454,0.039252,-0.118929,0.046810
4254,-7.582895,0.924660,2.929946,0.585989,0.260389,1.000000,2.500000,0.650000,0.163267,0.123701,0.098803,0.007630,0.098542,0.000010,0.068398,0.239973,0.119561,0.040026,-0.120712,0.047010
4255,-7.598727,0.916571,2.882891,0.576578,0.261005,1.000000,2.500000,0.650000,0.161086,0.122417,0.098607,0.009120,0.097711,0.000629,0.066890,0.238645,0.119345,0.039761,-0.117357,0.046715
4256,-7.577900,0.903772,2.988037,0.597607,0.266463,1.000000,2.500000,0.650000,0.160353,0.123626,0.097567,0.008040,0.097364,0.000541,0.069219,0.239265,0.119138,0.037761,-0.114857,0.046016
4257,-7.626121,0.964683,2.794411,0.558882,0.265574,1.000000,2.500000,0.650000,0.162338,0.121866,0.097693,0.006961,0.098426,0.000013,0.068004,0.239786,0.119033,0.038438,-0.116844,0.046322
4258,-7.586250,0.923083,2.923724,0.584745,0.264579,1.000000,2.500000,0.650000,0.162629,0.123631,0.098390,0.009109,0.096056,0.000011,0.066843,0.238746,0.119524,0.039485,-0.117297,0.047757
4259,-7.631141,0.960150,2.777159,0.555432,0.264705,1.000000,2.500000,0.650000,0.160017,0.126316,0.096015,0.007095,0.096054,0.000009,0.069909,0.237773,0.119525,0.037687,-0.115350,0.047166
4260,-7.613587,0.957427,2.852004,0.570401,0.262842,1.000000,2.500000,0.650000,0.160736,0.125790,0.097334,0.008046,0.097310,0.000046,0.069983,0.239976,0.119718,0.037947,-0.116710,0.046651
4261,-7.640926,0.993057,2.732672,0.546534,0.278569,1.000000,2.500000,0.650000,0.160002,0.125709,0.096951,0.007795,0.097155,0.000146,0.069654,0.239949,0.119676,0.037263,-0.115277,0.046051
4262,-7.613635,0.952088,2.835848,0.567170,0.266331,1.000000,2.500000,0.650000,0.160159,0.124728,0.096018,0.007718,0.096092,0.000346,0.069687,0.237667,0.119077,0.039150,-0.114269,0.046079
4263,-7.953886,1.535176,1.730614,0.346123,0.265124,1.000000,2.500000,0.650000,0.160505,0.123722,0.096990,0.009396,0.096007,0.000487,0.069070,0.238372,0.119500,0.038756,-0.115778,0.047693
4264,-7.768689,1.179236,2.299595,0.459919,0.267568,1.000000,2.500000,0.650000,0.161088,0.126728,0.096580,0.008360,0.096034,0.000051,0.069615,0.238853,0.119615,0.037995,-0.116087,0.047603
4265,-7.544200,0.851394,3.087237,0.617447,0.257890,1.000000,2.500000,0.650000,0.160303,0.125274,0.096760,0.008920,0.096001,0.000141,0.069978,0.239892,0.119673,0.037471,-0.114510,0.047173
4266,-7.757188,1.134221,2.331380,0.466276,0.269287,1.000000,2.500000,0.650000,0.160530,0.123614,0.096828,0.008716,0.096307,0.000429,0.068233,0.238173,0.118794,0.039401,-0.113814,0.046509
4267,-7.621864,0.943619,2.800852,0.560170,0.257331,1.000000,2.500000,0.650000,0.162172,0.123004,0.097401,0.008770,0.096222,0.000240,0.067985,0.238854,0.119382,0.040130,-0.117027,0.047243
4268,-7.583088,0.903408,2.940909,0.588182,0.254476,1.000000,2.500000,0.650000,0.161087,0.120110,0.098482,0.009179,0.096581,0.000852,0.065928,0.238601,0.118745,0.039316,-0.116570,0.046300
4269,-7.570378,0.892419,2.992064,0.598413,0.253584,1.000000,2.500000,0.650000,0.160873,0.122567,0.098147,0.009124,0.096974,0.000253,0.069320,0.239661,0.119405,0.037900,-0.115482,0.046621
4270,-7.575237,0.901498,2.973778,0.594756,0.259738,1.000000,2.500000,0.650000,0.160646,0.124339,0.097806,0.008429,0.096427,0.000000,0.069864,0.239978,0.119766,0.037968,-0.118325,0.047224
4271,-7.734518,1.112491,2.405781,0.481156,0.266999,1.000000,2.500000,0.650000,0.161109,0.124511,0.097791,0.009680,0.096000,0.000069,0.069550,0.239856,0.119291,0.038032,-0.115846,0.047787
4272,-7.590963,0.926423,2.893160,0.578632,0.254746,1.000000,2.500000,0.650000,0.160171,0.122569,0.097325,0.007853,0.096453,0.000089,0.068029,0.239431,0.119196,0.038048,-0.115761,0.045842
4273,-7.541735,0.858350,3.099394,0.619879,0.258064,1.000000,2.500000,0.650000,0.160004,0.123549,0.096280,0.008312,0.096003,0.000556,0.069482,0.238861,0.118954,0.037914,-0.113077,0.045721
4274,-7.655656,0.996438,2.679993,0.535999,0.265133,1.000000,2.500000,0.650000,0.161795,0.122710,0.099277,0.010112,0.096025,0.000313,0.066927,0.237988,0.119459,0.039319,-0.118261,0.047713
4275,-7.602097,0.944607,2.875184,0.575037,0.252547,1.000000,2.500000,0.650000,0.160064,0.121074,0.097040,0.008884,0.096087,0.001012,0.069143,0.239600,0.119520,0.037447,-0.115708,0.046459
4276,-7.637944,0.982204,2.754304,0.550861,0.265431,1.000000,2.500000,0.650000,0.162149,0.124279,0.097651,0.007609,0.097462,0.000048,0.069446,0.239508,0.119714,0.038177,-0.118079,0.047227
4277,-7.582844,0.903820,2.940797,0.588159,0.270999,1.000000,2.500000,0.650000,0.162103,0.121693,0.098124,0.009176,0.096440,0.000159,0.068047,0.239317,0.119535,0.039271,-0.117759,0.047095
4278,-7.585743,0.917460,2.960193,0.592039,0.276271,1.000000,2.500000,0.650000,0.162449,0.123134,0.096710,0.006383,0.097352,0.000090,0.066937,0.238913,0.119492,0.038917,-0.116757,0.046513
4279,-7.741953,1.141411,2.373848,0.474770,0.259425,1.000000,2.500000,0.650000,0.161687,0.121024,0.098483,0.008678,0.097679,0.000008,0.068909,0.239998,0.119154,0.037991,-0.117511,0.046348
4280,-7.652052,1.008845,2.675879,0.535176,0.265311,1.000000,2.500000,0.650000,0.160001,0.124416,0.096281,0.007349,0.096068,0.000046,0.069750,0.239829,0.119437,0.038198,-0.116660,0.046000
4281,-7.707454,1.074230,2.503598,0.500720,0.262586,1.000000,2.500000,0.650000,0.161811,0.123828,0.097933,0.008336,0.096874,0.000281,0.067432,0.237575,0.119188,0.039172,-0.115929,0.046246
4282,-7.613873,0.949794,2.845188,0.569038,0.259812,1.000000,2.500000,0.650000,0.162237,0.121069,0.098502,0.008740,0.097140,0.000010,0.068578,0.239642,0.119383,0.038317,-0.116775,0.047109
4283,-7.633372,0.964583,2.755921,0.551184,0.259186,1.000000,2.500000,0.650000,0.160393,0.122252,0.097087,0.009697,0.096084,0.000613,0.068178,0.238698,0.118568,0.038508,-0.112461,0.045773
4284,-7.643395,0.968189,2.724610,0.544922,0.266692,1.000000,2.500000,0.650000,0.160034,0.123537,0.097596,0.007625,0.096542,0.000102,0.069915,0.239873,0.119527,0.037602,-0.117456,0.046343
4285,-7.615252,0.957250,2.817262,0.563452,0.253212,1.000000,2.500000,0.650000,0.160400,0.123846,0.096683,0.009052,0.096010,0.000945,0.069984,0.239805,0.119516,0.036775,-0.112881,0.046125
4286,-7.555546,0.883718,3.070931,0.614186,0.266454,1.000000,2.500000,0.650000,0.160502,0.124139,0.096096,0.007256,0.096002,0.000568,0.069944,0.239226,0.119203,0.037432,-0.112212,0.044893
4287,-7.609183,0.932870,2.867208,0.573442,0.268209,1.000000,2.500000,0.650000,0.160491,0.124031,0.096929,0.007308,0.097406,0.000305,0.067929,0.238623,0.119266,0.038415,-0.116265,0.045971
4288,-7.508213,0.811809,3.238177,0.647635,0.258619,1.000000,2.500000,0.650000,0.160514,0.124400,0.097122,0.008116,0.096029,0.000071,0.070000,0.239983,0.119633,0.037591,-0.115180,0.046796
4289,-7.591934,0.909983,2.886982,0.577396,0.253290,1.000000,2.500000,0.650000,0.160110,0.124326,0.096457,0.010093,0.097392,0.000617,0.069881,0.238912,0.119376,0.038160,-0.114723,0.047509
4290,-7.689057,1.051986,2.502005,0.500401,0.272235,1.000000,2.500000,0.650000,0.160350,0.124544,0.097056,0.007909,0.096073,0.000103,0.068295,0.239001,0.119644,0.038867,-0.116661,0.046751
4291,-7.568825,0.915339,2.986937,0.597387,0.258440,1.000000,2.500000,0.650000,0.162759,0.121820,0.097012,0.007496,0.097104,0.000050,0.068471,0.238576,0.119126,0.038713,-0.116521,0.046763
4292,-7.649217,0.983087,2.716693,0.543339,0.266422,1.000000,2.500000,0.650000,0.160172,0.125532,0.096081,0.008120,0.096176,0.000193,0.069770,0.239496,0.119526,0.038477,-0.113565,0.046227
4293,-7.798171,1.224496,2.203746,0.440749,0.266881,1.000000,2.500000,0.650000,0.160222,0.125720,0.096270,0.009620,0.097616,0.001088,0.069759,0.239784,0.119870,0.037089,-0.113652,0.047158
4294,-7.700087,1.066087,2.515740,0.503148,0.268185,1.000000,2.500000,0.650000,0.160014,0.125838,0.096039,0.007414,0.096010,0.000129,0.069971,0.239443,0.119624,0.037417,-0.114013,0.045951
4295,-7.551584,0.860825,3.071196,0.614239,0.260308,1.000000,2.500000,0.650000,0.160068,0.122060,0.096888,0.008633,0.096003,0.000528,0.069334,0.239203,0.119509,0.037781,-0.115086,0.046046
4296,-7.749175,1.180450,2.313128,0.462626,0.274192,1.000000,2.500000,0.650000,0.160133,0.122671,0.096645,0.008473,0.096162,0.000613,0.069989,0.239920,0.118996,0.038608,-0.114087,0.046177
4297,-7.566753,0.892012,3.012498,0.602500,0.260525,1.000000,2.500000,0.650000,0.160187,0.124172,0.096054,0.006825,0.096127,0.000059,0.069992,0.239823,0.119279,0.036959,-0.114113,0.046321
4298,-7.524690,0.830123,3.175593,0.635119,0.257002,1.000000,2.500000,0.650000,0.160007,0.123432,0.096447,0.008376,0.096965,0.000763,0.069976,0.239404,0.118940,0.036777,-0.112431,0.045755
4299,-7.619158,0.952273,2.808076,0.561615,0.257298,1.000000,2.500000,0.650000,0.160002,0.124444,0.096105,0.007633,0.096062,0.000259,0.069995,0.239786,0.119323,0.038028,-0.113494,0.046096
4300,-7.534354,0.854958,3.145102,0.629020,0.255387,1.000000,2.500000,0.650000,0.163848,0.123557,0.097173,0.008443,0.096154,0.000070,0.069686,0.239885,0.119093,0.038577,-0.116154,0.047638
4301,-7.542715,0.856328,3.102368,0.620474,0.257472,1.000000,2.500000,0.650000,0.160054,0.126675,0.096034,0.008241,0.096213,0.000220,0.069900,0.239754,0.119578,0.037076,-0.112472,0.046047
4302,-7.677212,1.026306,2.617525,0.523505,0.277251,1.000000,2.500000,0.650000,0.160039,0.127678,0.096081,0.008460,0.096192,0.000013,0.068991,0.239973,0.119654,0.036412,-0.113517,0.046963
4303,-7.568055,0.877344,2.988087,0.597617,0.273581,1.000000,2.500000,0.650000,0.160071,0.125403,0.096002,0.006858,0.096611,0.000048,0.069674,0.239851,0.119654,0.036262,-0.113129,0.046159
4304,-7.573648,0.902801,2.970884,0.594177,0.256288,1.000000,2.500000,0.650000,0.160202,0.124058,0.096372,0.008196,0.096027,0.000521,0.069416,0.238652,0.119174,0.037391,-0.114315,0.045623
4305,-7.554893,0.866836,3.055836,0.611167,0.264110,1.000000,2.500000,0.650000,0.161646,0.122390,0.097265,0.008553,0.098085,0.000059,0.069162,0.239105,0.118784,0.037526,-0.114250,0.046426
4306,-7.655000,1.016771,2.681614,0.536323,0.267388,1.000000,2.500000,0.650000,0.161697,0.121222,0.097951,0.009964,0.096194,0.000408,0.069221,0.239523,0.118693,0.037756,-0.114883,0.046872
4307,-7.575179,0.907269,2.979621,0.595924,0.250424,1.000000,2.500000,0.650000,0.162279,0.121964,0.098053,0.009336,0.097075,0.000800,0.069707,0.239546,0.118798,0.038639,-0.115110,0.046711
4308,-7.557290,0.875033,3.057698,0.611540,0.267685,1.000000,2.500000,0.650000,0.160515,0.124037,0.096553,0.007822,0.097458,0.000076,0.069992,0.239677,0.119278,0.037117,-0.115021,0.046501
4309,-7.563636,0.882174,3.035257,0.607051,0.268679,1.000000,2.500000,0.650000,0.161913,0.122411,0.096948,0.007818,0.097655,0.000029,0.069980,0.239999,0.118569,0.037055,-0.113891,0.045958
4310,-7.619252,0.952690,2.789842,0.557968,0.260417,1.000000,2.500000,0.650000,0.160089,0.124360,0.096394,0.009919,0.096011,0.000768,0.069853,0.238407,0.119170,0.037313,-0.112552,0.046768
4311,-7.567343,0.885821,3.018837,0.603767,0.263012,1.000000,2.500000,0.650000,0.162197,0.122687,0.098251,0.008177,0.097467,0.000009,0.068643,0.239576,0.119413,0.038420,-0.117742,0.046979
4312,-7.651681,1.000167,2.717925,0.543585,0.265222,1.000000,2.500000,0.650000,0.161107,0.124398,0.096614,0.007885,0.097000,0.000113,0.069899,0.239957,0.119091,0.036864,-0.113324,0.045977
4313,-7.499393,0.809751,3.279776,0.655955,0.266102,1.000000,2.500000,0.650000,0.160306,0.126685,0.096341,0.007956,0.097241,0.000006,0.069926,0.239740,0.119280,0.036554,-0.112907,0.046244
4314,-7.572650,0.895352,3.023203,0.604641,0.268151,1.000000,2.500000,0.650000,0.162990,0.121112,0.097182,0.005751,0.101568,0.000169,0.068441,0.239052,0.119344,0.036733,-0.118875,0.046538
4315,-7.574674,0.919461,2.988534,0.597707,0.261010,1.000000,2.500000,0.650000,0.164881,0.123849,0.098478,0.008791,0.098272,0.000316,0.068976,0.239905,0.119380,0.038230,-0.116507,0.047345
4316,-7.572427,0.896405,2.995734,0.599147,0.259421,1.000000,2.500000,0.650000,0.160468,0.124511,0.096484,0.009312,0.096293,0.000682,0.069945,0.239747,0.119228,0.036775,-0.112006,0.046387
4317,-7.551951,0.870062,3.063631,0.612726,0.262785,1.000000,2.500000,0.650000,0.160125,0.123896,0.096517,0.008044,0.097694,0.000602,0.069836,0.239395,0.119144,0.037685,-0.112594,0.045573
4318,-7.567428,0.885878,3.019490,0.603898,0.262682,1.000000,2.500000,0.650000,0.161753,0.121463,0.098099,0.007980,0.098910,0.000266,0.068382,0.238764,0.118609,0.037933,-0.115614,0.046150
4319,-7.570203,0.890393,3.004838,0.600968,0.270539,1.000000,2.500000,0.650000,0.160000,0.125615,0.096061,0.007354,0.096405,0.000050,0.069578,0.239580,0.118756,0.036074,-0.112164,0.045755
4320,-7.795564,1.227167,2.214861,0.442972,0.264610,1.000000,2.500000,0.650000,0.160647,0.122807,0.096879,0.008976,0.097271,0.000121,0.069915,0.239784,0.118774,0.036874,-0.113346,0.046203
4321,-7.809829,1.240769,2.186735,0.437347,0.272406,1.000000,2.500000,0.650000,0.160010,0.125773,0.096015,0.007998,0.096000,0.000226,0.069883,0.238965,0.119236,0.036591,-0.112001,0.046199
4322,-7.845276,1.319770,2.060890,0.412178,0.269673,1.000000,2.500000,0.650000,0.162396,0.124692,0.096586,0.007118,0.098709,0.000177,0.069992,0.239999,0.119252,0.037296,-0.115694,0.046354
4323,-7.726843,1.099197,2.442521,0.488504,0.271663,1.000000,2.500000,0.650000,0.165418,0.121342,0.099670,0.010731,0.097556,0.000070,0.067532,0.239363,0.118064,0.038944,-0.116034,0.046980
4324,-7.598841,0.928892,2.899830,0.579966,0.263126,1.000000,2.500000,0.650000,0.160095,0.124650,0.096202,0.007640,0.097780,0.000062,0.069973,0.239695,0.119341,0.036713,-0.112360,0.045674
4325,-7.612011,0.954145,2.846400,0.569280,0.267679,1.000000,2.500000,0.650000,0.160700,0.122762,0.097364,0.007632,0.099886,0.000010,0.069230,0.239090,0.119124,0.036657,-0.115444,0.045842
4326,-7.942984,1.531493,1.818021,0.363604,0.277017,1.000000,2.500000,0.650000,0.160857,0.123483,0.096258,0.007015,0.097386,0.000017,0.069238,0.238919,0.118748,0.037243,-0.113852,0.045844
4327,-7.578160,0.907180,2.986015,0.597203,0.272911,1.000000,2.500000,0.650000,0.160039,0.126637,0.096009,0.007048,0.097098,0.000031,0.069713,0.238887,0.119080,0.037143,-0.112689,0.045148
4328,-7.544319,0.845707,3.093241,0.618648,0.262509,1.000000,2.500000,0.650000,0.160008,0.125198,0.096128,0.007915,0.096564,0.000081,0.069978,0.239007,0.119439,0.036228,-0.113369,0.045888
4329,-7.654592,0.995563,2.691119,0.538224,0.265472,1.000000,2.500000,0.650000,0.160049,0.125102,0.096323,0.007770,0.097665,0.000430,0.069769,0.239499,0.119157,0.036097,-0.112525,0.045973
4330,-7.756063,1.130592,2.321913,0.464383,0.265307,1.000000,2.500000,0.650000,0.160276,0.125616,0.096197,0.008700,0.096172,0.000161,0.069693,0.239959,0.119091,0.037104,-0.112027,0.046326
4331,-7.794346,1.216804,2.211579,0.442316,0.263520,1.000000,2.500000,0.650000,0.161378,0.121713,0.098630,0.008606,0.099734,0.000867,0.067044,0.239121,0.118855,0.038939,-0.115427,0.045602
4332,-7.601923,0.928531,2.877266,0.575453,0.269772,1.000000,2.500000,0.650000,0.160338,0.124435,0.096477,0.006136,0.100370,0.000053,0.069711,0.239041,0.118999,0.037078,-0.113424,0.044722
4333,-7.771335,1.150522,2.301694,0.460339,0.281158,1.000000,2.500000,0.650000,0.160145,0.126050,0.096212,0.007228,0.099375,0.000010,0.069968,0.239285,0.119325,0.036291,-0.112254,0.045706
4334,-7.555381,0.871178,3.054960,0.610992,0.265018,1.000000,2.500000,0.650000,0.160294,0.125471,0.096045,0.006956,0.096838,0.000011,0.069963,0.238770,0.118743,0.037164,-0.112420,0.045674
4335,-7.762613,1.151858,2.318704,0.463741,0.269888,1.000000,2.500000,0.650000,0.160033,0.123650,0.096481,0.007640,0.096734,0.000540,0.068605,0.238068,0.119549,0.037627,-0.112812,0.045706
4336,-7.560951,0.880965,3.060457,0.612091,0.279645,1.000000,2.500000,0.650000,0.160194,0.127651,0.096008,0.008667,0.096044,0.000372,0.069941,0.238107,0.119172,0.036892,-0.112188,0.045653
4337,-7.716678,1.093023,2.475784,0.495157,0.274193,1.000000,2.500000,0.650000,0.160002,0.124995,0.096000,0.006857,0.097283,0.000000,0.069427,0.237992,0.119244,0.036175,-0.112140,0.045548
4338,-7.591115,0.934006,2.944726,0.588945,0.282357,1.000000,2.500000,0.650000,0.160340,0.123877,0.096222,0.005608,0.101200,0.000002,0.069894,0.239441,0.118585,0.036235,-0.113080,0.045119
4339,-7.746413,1.130700,2.405192,0.481038,0.284725,1.000000,2.500000,0.650000,0.160264,0.127376,0.096000,0.007793,0.096189,0.000127,0.069493,0.239389,0.119284,0.035831,-0.112178,0.045548
4340,-7.844858,1.294224,2.063672,0.412734,0.270787,1.000000,2.500000,0.650000,0.160074,0.125909,0.096616,0.008190,0.097398,0.000291,0.069849,0.239500,0.119691,0.036557,-0.113862,0.045899
4341,-7.586547,0.893454,2.955784,0.591157,0.271881,1.000000,2.500000,0.650000,0.160010,0.126923,0.096001,0.007114,0.096010,0.000090,0.069996,0.238452,0.119170,0.036882,-0.112238,0.046029
4342,-7.644654,0.994626,2.730476,0.546095,0.268418,1.000000,2.500000,0.650000,0.160068,0.126380,0.096075,0.006723,0.097898,0.000027,0.069890,0.239826,0.119222,0.036091,-0.112485,0.044940
4343,-7.536707,0.841695,3.133613,0.626723,0.261467,1.000000,2.500000,0.650000,0.160978,0.125201,0.096518,0.006884,0.097751,0.000017,0.069795,0.239148,0.119175,0.037851,-0.115598,0.046452
4344,-7.627922,0.963278,2.829245,0.565849,0.287553,1.000000,2.500000,0.650000,0.160590,0.125809,0.096168,0.006711,0.096060,0.000059,0.069994,0.238376,0.119472,0.036802,-0.112806,0.045719
4345,-7.531677,0.867815,3.117937,0.623587,0.265490,1.000000,2.500000,0.650000,0.160033,0.125349,0.096147,0.006883,0.098533,0.000000,0.069995,0.239594,0.119368,0.035718,-0.113283,0.045170
4346,-7.521414,0.831766,3.185624,0.637125,0.257778,1.000000,2.500000,0.650000,0.160346,0.123609,0.096539,0.008207,0.096764,0.000356,0.069418,0.238727,0.119444,0.037531,-0.113447,0.046338
4347,-7.613415,0.948569,2.854918,0.570984,0.274715,1.000000,2.500000,0.650000,0.160138,0.124518,0.096620,0.006444,0.099853,0.000007,0.069956,0.239715,0.119324,0.036616,-0.114832,0.045584
4348,-7.586557,0.927376,2.945566,0.589113,0.278926,1.000000,2.500000,0.650000,0.160382,0.127212,0.096076,0.007671,0.096159,0.000117,0.069729,0.239400,0.119118,0.036394,-0.112131,0.045049
4349,-7.715410,1.077353,2.465256,0.493051,0.268036,1.000000,2.500000,0.650000,0.160901,0.124116,0.097269,0.007362,0.097283,0.000000,0.068466,0.238449,0.119205,0.037818,-0.116727,0.046783
4350,-7.948693,1.542553,1.784447,0.356889,0.281556,1.000000,2.500000,0.650000,0.160186,0.125020,0.096006,0.005399,0.099495,0.000007,0.069993,0.239116,0.118694,0.036898,-0.112515,0.045294
4351,-8.409794,3.007051,0.882841,0.176568,0.354289,1.000000,2.500000,0.650000,0.161259,0.128351,0.096329,0.007430,0.096015,0.000255,0.069181,0.239174,0.119596,0.036696,-0.112050,0.045289
4352,-7.798083,1.227465,2.226968,0.445394,0.288614,1.000000,2.500000,0.650000,0.160066,0.125684,0.096082,0.006768,0.096645,0.000058,0.069578,0.238388,0.119578,0.037562,-0.114674,0.045479
4353,-7.540035,0.885830,3.111331,0.622266,0.274954,1.000000,2.500000,0.650000,0.160019,0.126609,0.096005,0.006135,0.096713,0.000201,0.069960,0.238118,0.119283,0.037092,-0.112063,0.045651
4354,-7.634788,0.974510,2.775474,0.555095,0.272558,1.000000,2.500000,0.650000,0.160455,0.126995,0.096002,0.006968,0.096350,0.000027,0.069893,0.239651,0.119711,0.036484,-0.112301,0.045532
4355,-8.155018,2.066462,1.305162,0.261032,0.282103,1.000000,2.500000,0.650000,0.160047,0.126102,0.096140,0.006780,0.098336,0.000024,0.069960,0.238356,0.119111,0.036937,-0.113308,0.045539
4356,-7.682673,1.048226,2.612676,0.522535,0.277539,1.000000,2.500000,0.650000,0.160059,0.125929,0.096018,0.006339,0.098632,0.000083,0.069335,0.239593,0.119289,0.035155,-0.112172,0.045348
4357,-7.577684,0.902097,2.952623,0.590525,0.264778,1.000000,2.500000,0.650000,0.160083,0.126169,0.096046,0.007252,0.096357,0.001062,0.069961,0.239036,0.119060,0.037183,-0.112616,0.045234
4358,-7.586518,0.902814,2.949499,0.589900,0.279718,1.000000,2.500000,0.650000,0.160318,0.127363,0.096037,0.007644,0.096121,0.000662,0.069898,0.238297,0.119079,0.037001,-0.112520,0.045191
4359,-7.745613,1.119635,2.383636,0.476727,0.276014,1.000000,2.500000,0.650000,0.160101,0.124080,0.096214,0.006717,0.099152,0.000753,0.069823,0.237916,0.119365,0.036450,-0.112233,0.045496
4360,-7.828148,1.283799,2.113496,0.422699,0.266508,1.000000,2.500000,0.650000,0.160026,0.125185,0.096085,0.007972,0.096047,0.000570,0.069956,0.239717,0.119554,0.037668,-0.112863,0.045657
4361,-7.697501,1.079681,2.539988,0.507998,0.267230,1.000000,2.500000,0.650000,0.160123,0.125092,0.096005,0.007301,0.097327,0.000132,0.069964,0.239152,0.119513,0.036862,-0.112003,0.045277
4362,-7.726228,1.119137,2.457083,0.491417,0.278324,1.000000,2.500000,0.650000,0.160781,0.125632,0.096003,0.006185,0.097282,0.000011,0.069564,0.237740,0.119369,0.037558,-0.114772,0.046245
4363,-7.744226,1.138502,2.380746,0.476149,0.265968,1.000000,2.500000,0.650000,0.160178,0.124167,0.096231,0.008477,0.096082,0.001177,0.069970,0.238394,0.119378,0.036747,-0.112001,0.046183
4364,-7.628269,0.970727,2.785445,0.557089,0.274755,1.000000,2.500000,0.650000,0.160025,0.125409,0.096154,0.007448,0.096531,0.000356,0.069871,0.238800,0.119477,0.037194,-0.112255,0.046258
4365,-7.611262,0.939121,2.857567,0.571513,0.273683,1.000000,2.500000,0.650000,0.160023,0.126818,0.096025,0.007209,0.097604,0.000140,0.069891,0.239423,0.119373,0.036192,-0.112066,0.045589
4366,-7.691063,1.057779,2.597851,0.519570,0.281495,1.000000,2.500000,0.650000,0.160403,0.127160,0.096080,0.006049,0.096279,0.000039,0.069881,0.239417,0.119753,0.036181,-0.112435,0.045430
4367,-7.820391,1.267866,2.145364,0.429073,0.282564,1.000000,2.500000,0.650000,0.160012,0.125711,0.096030,0.006894,0.098257,0.000063,0.069982,0.238979,0.119524,0.036554,-0.113198,0.045779
4368,-7.819370,1.268577,2.124169,0.424834,0.267970,1.000000,2.500000,0.650000,0.160010,0.126090,0.096016,0.007328,0.096343,0.000510,0.069813,0.239329,0.119324,0.037006,-0.112105,0.045298
4369,-7.653104,0.998768,2.733225,0.546645,0.289117,1.000000,2.500000,0.650000,0.160131,0.125979,0.096177,0.005030,0.098359,0.000091,0.069660,0.237831,0.118951,0.037096,-0.112047,0.044809
4370,-7.609009,0.957006,2.870271,0.574054,0.275021,1.000000,2.500000,0.650000,0.160051,0.125718,0.096055,0.005235,0.099276,0.000053,0.069179,0.239988,0.119453,0.036552,-0.113509,0.044919
4371,-7.948899,1.520913,1.773426,0.354685,0.272750,1.000000,2.500000,0.650000,0.160138,0.126560,0.096005,0.007559,0.096300,0.000532,0.069882,0.238810,0.119147,0.036783,-0.112066,0.045260
4372,-7.619753,0.979163,2.775542,0.555108,0.258188,1.000000,2.500000,0.650000,0.160120,0.126749,0.096000,0.008378,0.096064,0.000954,0.069999,0.238349,0.119196,0.036949,-0.112660,0.045593
4373,-7.695711,1.058668,2.549439,0.509888,0.274289,1.000000,2.500000,0.650000,0.160046,0.126730,0.096040,0.007514,0.096643,0.000868,0.069976,0.239278,0.119196,0.037636,-0.112003,0.045368
4374,-7.659605,1.021490,2.703829,0.540766,0.283014,1.000000,2.500000,0.650000,0.162596,0.127906,0.096709,0.007385,0.096128,0.001679,0.069437,0.237512,0.119144,0.036315,-0.115322,0.044611
4375,-7.642582,0.978933,2.736199,0.547240,0.265452,1.000000,2.500000,0.650000,0.160169,0.124244,0.096250,0.007780,0.096256,0.001578,0.069946,0.238507,0.118497,0.036566,-0.114790,0.044784
4376,-7.583291,0.900502,2.952351,0.590470,0.265724,1.000000,2.500000,0.650000,0.160696,0.126741,0.096055,0.009368,0.096239,0.002104,0.069999,0.237977,0.119367,0.037177,-0.112735,0.045771
4377,-7.604463,0.921298,2.869294,0.573859,0.263477,1.000000,2.500000,0.650000,0.160299,0.125478,0.096008,0.008633,0.096004,0.000988,0.069969,0.238214,0.119497,0.036832,-0.112170,0.045682
4378,-7.529032,0.829297,3.188255,0.637651,0.278626,1.000000,2.500000,0.650000,0.160131,0.128280,0.096389,0.007673,0.096047,0.000268,0.069494,0.238493,0.119340,0.036635,-0.112649,0.045621
4379,-7.613492,0.958710,2.840640,0.568128,0.272629,1.000000,2.500000,0.650000,0.160813,0.126861,0.096091,0.008903,0.096331,0.001325,0.069989,0.238210,0.119704,0.037689,-0.112308,0.046021
4380,-7.684425,1.028589,2.580423,0.516085,0.262738,1.000000,2.500000,0.650000,0.160141,0.126978,0.096002,0.009065,0.096006,0.001688,0.069990,0.237721,0.119291,0.037577,-0.112930,0.045855
4381,-8.080960,1.839986,1.460883,0.292177,0.285401,1.000000,2.500000,0.650000,0.160544,0.127924,0.096340,0.007483,0.096269,0.000432,0.069569,0.238569,0.119352,0.035950,-0.112389,0.045308
4382,-7.573157,0.901174,2.981131,0.596226,0.262730,1.000000,2.500000,0.650000,0.160004,0.127128,0.096006,0.008794,0.096004,0.001453,0.069708,0.237969,0.119460,0.037147,-0.112046,0.046718
4383,-7.532847,0.845210,3.151071,0.630214,0.263088,1.000000,2.500000,0.650000,0.160008,0.127684,0.096101,0.009114,0.096069,0.000941,0.069906,0.238935,0.119515,0.037640,-0.112000,0.046423
4384,-7.558865,0.864723,3.053531,0.610706,0.262615,1.000000,2.500000,0.650000,0.160000,0.126461,0.096518,0.010118,0.096139,0.001152,0.069946,0.238301,0.119586,0.038018,-0.112013,0.046589
4385,-7.617407,0.950189,2.808334,0.561667,0.269530,1.000000,2.500000,0.650000,0.160126,0.127744,0.096051,0.009092,0.096002,0.000391,0.069252,0.239388,0.119602,0.036375,-0.112023,0.046436
4386,-7.634771,0.961182,2.784150,0.556830,0.286966,1.000000,2.500000,0.650000,0.160615,0.127532,0.096157,0.009847,0.096106,0.001778,0.068849,0.238069,0.118963,0.036390,-0.114904,0.045569
4387,-7.721472,1.090859,2.460318,0.492064,0.277498,1.000000,2.500000,0.650000,0.160678,0.127298,0.096242,0.007966,0.096192,0.000642,0.069797,0.238517,0.119333,0.036997,-0.112096,0.045427
4388,-7.617694,0.949415,2.821406,0.564281,0.266988,1.000000,2.500000,0.650000,0.160081,0.123972,0.096001,0.009134,0.096109,0.001858,0.069327,0.236094,0.118473,0.037320,-0.114037,0.045484
4389,-7.679194,1.051681,2.610473,0.522095,0.266840,1.000000,2.500000,0.650000,0.160222,0.126512,0.096027,0.008330,0.096015,0.000819,0.069798,0.238971,0.119432,0.036413,-0.112528,0.045615
4390,-7.838732,1.280946,2.065679,0.413136,0.263133,1.000000,2.500000,0.650000,0.160235,0.126891,0.096110,0.010602,0.096709,0.001273,0.069886,0.239063,0.119129,0.038899,-0.112452,0.046444
4391,-7.654842,0.976594,2.674992,0.534998,0.266960,1.000000,2.500000,0.650000,0.160000,0.127494,0.096199,0.011244,0.097514,0.001158,0.069814,0.238240,0.119633,0.036964,-0.112051,0.047480
4392,-7.562789,0.867386,3.032650,0.606530,0.267722,1.000000,2.500000,0.650000,0.160053,0.126866,0.096039,0.007514,0.096130,0.001095,0.069992,0.236237,0.119090,0.037741,-0.112116,0.045719
4393,-7.701401,1.048348,2.531302,0.506260,0.276603,1.000000,2.500000,0.650000,0.160062,0.129531,0.096031,0.009272,0.096130,0.001018,0.069149,0.238814,0.119373,0.037749,-0.113038,0.046708
4394,-7.544174,0.864814,3.103131,0.620626,0.264872,1.000000,2.500000,0.650000,0.160035,0.125325,0.096053,0.010172,0.096091,0.002789,0.069886,0.237050,0.119000,0.038767,-0.113444,0.045746
4395,-7.617699,0.929572,2.821441,0.564288,0.269778,1.000000,2.500000,0.650000,0.160136,0.126609,0.096441,0.008829,0.096069,0.000585,0.069463,0.239632,0.119581,0.036568,-0.112553,0.046778
4396,-7.515527,0.823556,3.230977,0.646195,0.276341,1.000000,2.500000,0.650000,0.160225,0.126441,0.096092,0.007718,0.096396,0.000205,0.069645,0.239459,0.119479,0.037465,-0.112292,0.046647
4397,-7.616241,0.935908,2.809308,0.561862,0.259181,1.000000,2.500000,0.650000,0.160001,0.126342,0.096358,0.009453,0.096013,0.000852,0.069558,0.239358,0.119376,0.036120,-0.112037,0.046312
4398,-7.574296,0.905442,2.978959,0.595792,0.264169,1.000000,2.500000,0.650000,0.160492,0.126853,0.096044,0.008582,0.096136,0.001241,0.069616,0.239488,0.119701,0.036463,-0.112032,0.045580
4399,-7.651239,0.979328,2.700639,0.540128,0.256173,1.000000,2.500000,0.650000,0.160013,0.125003,0.096624,0.010526,0.097319,0.001648,0.069467,0.236416,0.119708,0.038955,-0.112964,0.047437
4400,-7.859138,1.348172,2.028595,0.405719,0.278675,1.000000,2.500000,0.650000,0.160012,0.128471,0.096005,0.007816,0.096019,0.000286,0.069988,0.238925,0.119406,0.037718,-0.112111,0.045891
4401,-7.595661,0.925102,2.894553,0.578911,0.255378,1.000000,2.500000,0.650000,0.160082,0.124329,0.096328,0.008485,0.096155,0.000519,0.069965,0.239251,0.119071,0.037739,-0.112327,0.046012
4402,-7.606854,0.930575,2.852507,0.570501,0.262110,1.000000,2.500000,0.650000,0.160004,0.126174,0.096107,0.008404,0.096175,0.001465,0.069706,0.238815,0.119580,0.037606,-0.112130,0.046325
4403,-7.651932,0.985860,2.713492,0.542698,0.268394,1.000000,2.500000,0.650000,0.160443,0.125463,0.096089,0.008214,0.096729,0.000954,0.069983,0.237898,0.119334,0.038768,-0.112014,0.046193
4404,-7.554044,0.865166,3.044693,0.608939,0.262375,1.000000,2.500000,0.650000,0.160047,0.129173,0.096002,0.009250,0.097776,0.001184,0.070000,0.236970,0.119753,0.038571,-0.112041,0.046826
4405,-7.541724,0.856281,3.101019,0.620204,0.259747,1.000000,2.500000,0.650000,0.160256,0.124739,0.096328,0.009053,0.096298,0.002011,0.069999,0.238995,0.118838,0.038274,-0.112995,0.045848
4406,-7.688292,1.081992,2.541757,0.508351,0.269005,1.000000,2.500000,0.650000,0.160087,0.124797,0.096617,0.009500,0.096312,0.002071,0.069916,0.237545,0.119103,0.038283,-0.112042,0.046192
4407,-7.565585,0.881099,3.005639,0.601128,0.256928,1.000000,2.500000,0.650000,0.160000,0.124968,0.096112,0.009354,0.096032,0.001792,0.069752,0.239064,0.119202,0.037394,-0.112293,0.045973
4408,-7.587774,0.911890,2.921601,0.584320,0.259015,1.000000,2.500000,0.650000,0.160001,0.126153,0.096037,0.010315,0.096444,0.001699,0.069845,0.239066,0.119353,0.038237,-0.113447,0.046440
4409,-7.601626,0.947061,2.866265,0.573253,0.262449,1.000000,2.500000,0.650000,0.160714,0.126830,0.096217,0.008372,0.096150,0.002107,0.069882,0.236934,0.119245,0.037072,-0.113680,0.045311
4410,-7.631346,0.972119,2.785115,0.557023,0.277021,1.000000,2.500000,0.650000,0.160583,0.130513,0.096367,0.009142,0.097326,0.001492,0.067738,0.238819,0.119748,0.036957,-0.114477,0.046002
4411,-7.813905,1.255056,2.162652,0.432530,0.270256,1.000000,2.500000,0.650000,0.160542,0.124565,0.096306,0.007735,0.097191,0.000607,0.069167,0.239750,0.119071,0.037764,-0.113262,0.046437
4412,-7.773016,1.173708,2.252304,0.450461,0.256259,1.000000,2.500000,0.650000,0.161363,0.124913,0.096621,0.010294,0.096124,0.001027,0.070000,0.238556,0.118876,0.038040,-0.112328,0.047392
4413,-7.664952,1.037752,2.630594,0.526119,0.258449,1.000000,2.500000,0.650000,0.160156,0.124685,0.096074,0.008592,0.096090,0.000564,0.069542,0.238613,0.119097,0.038679,-0.112271,0.045970
4414,-7.616390,0.963189,2.811213,0.562243,0.256883,1.000000,2.500000,0.650000,0.160931,0.123536,0.096747,0.009792,0.096088,0.002277,0.069442,0.237311,0.119388,0.039423,-0.112108,0.046871
4415,-7.543772,0.861817,3.104277,0.620855,0.261618,1.000000,2.500000,0.650000,0.160044,0.127526,0.096007,0.007883,0.096324,0.000573,0.069929,0.238724,0.118790,0.038611,-0.112820,0.045576
4416,-7.638059,0.964456,2.752792,0.550558,0.266041,1.000000,2.500000,0.650000,0.160007,0.129711,0.096005,0.009011,0.096417,0.000636,0.069917,0.237623,0.119562,0.037944,-0.112002,0.046577
4417,-7.769283,1.160398,2.318972,0.463794,0.273621,1.000000,2.500000,0.650000,0.160183,0.127702,0.096126,0.009755,0.096282,0.000734,0.069159,0.239603,0.119214,0.037038,-0.113153,0.046456
4418,-7.596706,0.909351,2.899712,0.579942,0.265777,1.000000,2.500000,0.650000,0.160136,0.128131,0.096079,0.009825,0.097540,0.001698,0.068584,0.238560,0.119174,0.037813,-0.115024,0.046891
4419,-7.550076,0.848092,3.062955,0.612591,0.260919,1.000000,2.500000,0.650000,0.160018,0.124563,0.096009,0.010389,0.096378,0.002432,0.069838,0.238435,0.119185,0.038785,-0.113219,0.045721
4420,-7.567248,0.873773,3.000622,0.600124,0.262658,1.000000,2.500000,0.650000,0.160015,0.126838,0.096107,0.008783,0.096036,0.001381,0.069809,0.238757,0.119144,0.038071,-0.112472,0.045944
4421,-7.634818,0.949404,2.729226,0.545845,0.254490,1.000000,2.500000,0.650000,0.160336,0.125419,0.097216,0.011627,0.098087,0.002820,0.069664,0.237103,0.119472,0.039813,-0.112044,0.047456
4422,-7.568232,0.888129,3.020609,0.604122,0.274082,1.000000,2.500000,0.650000,0.160193,0.124331,0.096915,0.010225,0.096014,0.001550,0.069941,0.238857,0.119345,0.038105,-0.112026,0.046785
4423,-7.624063,0.935014,2.794809,0.558962,0.277759,1.000000,2.500000,0.650000,0.160196,0.127838,0.096299,0.010360,0.096926,0.002215,0.069617,0.239374,0.119524,0.037399,-0.114124,0.046070
4424,-7.579159,0.913138,2.990189,0.598038,0.262556,1.000000,2.500000,0.650000,0.160002,0.125416,0.096065,0.008907,0.096151,0.002443,0.069953,0.238191,0.118472,0.038633,-0.114446,0.045058
4425,-7.716347,1.096835,2.461577,0.492315,0.259865,1.000000,2.500000,0.650000,0.160000,0.124055,0.096003,0.009488,0.096011,0.001995,0.069587,0.238317,0.118448,0.039224,-0.114062,0.044886
4426,-7.587056,0.905753,2.938108,0.587622,0.261885,1.000000,2.500000,0.650000,0.160111,0.127681,0.096043,0.008906,0.096891,0.001166,0.069924,0.239080,0.119356,0.038059,-0.112979,0.045627
4427,-7.818683,1.229103,2.145531,0.429106,0.274106,1.000000,2.500000,0.650000,0.161120,0.127135,0.096264,0.009628,0.097146,0.000830,0.069925,0.238778,0.119140,0.038896,-0.112571,0.047143
4428,-8.025086,1.688435,1.563315,0.312663,0.264553,1.000000,2.500000,0.650000,0.161567,0.125762,0.096393,0.009823,0.096168,0.001608,0.069813,0.238793,0.118721,0.040130,-0.112183,0.046412
4429,-7.585108,0.886870,2.931201,0.586240,0.270627,1.000000,2.500000,0.650000,0.160005,0.125416,0.096022,0.009328,0.096036,0.001328,0.069882,0.238293,0.119143,0.037340,-0.113320,0.045713
4430,-7.545337,0.864468,3.086264,0.617253,0.277889,1.000000,2.500000,0.650000,0.160012,0.128516,0.096722,0.008740,0.098493,0.000591,0.069374,0.238741,0.119288,0.038097,-0.113960,0.046548
4431,-7.576869,0.879311,2.975886,0.595177,0.281595,1.000000,2.500000,0.650000,0.160437,0.126751,0.096044,0.009895,0.097268,0.001050,0.069825,0.238432,0.118686,0.039361,-0.112774,0.046148
4432,-7.765604,1.139890,2.304055,0.460811,0.268281,1.000000,2.500000,0.650000,0.160400,0.125813,0.096905,0.010803,0.096756,0.001659,0.069996,0.239373,0.118744,0.039009,-0.112012,0.046317
4433,-7.657733,1.006079,2.708009,0.541602,0.293495,1.000000,2.500000,0.650000,0.160163,0.127159,0.096140,0.006922,0.096498,0.000695,0.069555,0.239085,0.118512,0.037425,-0.113598,0.044875
4434,-7.498625,0.819800,3.288083,0.657617,0.261982,1.000000,2.500000,0.650000,0.160367,0.126268,0.096003,0.007723,0.096159,0.000308,0.069932,0.239162,0.119047,0.037596,-0.112156,0.045611
4435,-7.594137,0.916222,2.940038,0.588008,0.278151,1.000000,2.500000,0.650000,0.160000,0.126550,0.096122,0.007917,0.096436,0.001711,0.069947,0.238895,0.119335,0.038448,-0.112235,0.045825
4436,-7.569965,0.863279,2.999169,0.599834,0.259961,1.000000,2.500000,0.650000,0.160138,0.128953,0.096063,0.010112,0.099308,0.000712,0.069669,0.238774,0.119303,0.037273,-0.114108,0.046486
4437,-7.555613,0.875147,3.060046,0.612009,0.259420,1.000000,2.500000,0.650000,0.161249,0.124731,0.097151,0.010274,0.096345,0.002116,0.069903,0.239283,0.118984,0.039318,-0.112375,0.046892
4438,-7.494274,0.815154,3.302935,0.660587,0.285109,1.000000,2.500000,0.650000,0.160130,0.128239,0.096130,0.007900,0.096205,0.000361,0.069530,0.239432,0.119188,0.036981,-0.113392,0.045767
4439,-7.685501,1.024620,2.601477,0.520295,0.276446,1.000000,2.500000,0.650000,0.160448,0.129255,0.096287,0.008453,0.099081,0.001163,0.069970,0.238173,0.119329,0.038502,-0.113998,0.046070
4440,-7.604042,0.929586,2.865601,0.573120,0.259750,1.000000,2.500000,0.650000,0.160257,0.126447,0.096039,0.010892,0.099023,0.001739,0.069996,0.238696,0.118928,0.039149,-0.113103,0.046830
4441,-7.834270,1.279906,2.102835,0.420567,0.280181,1.000000,2.500000,0.650000,0.160261,0.126356,0.096302,0.008278,0.097114,0.001566,0.069998,0.238511,0.118613,0.038536,-0.115695,0.044958
4442,-7.697881,1.042734,2.541386,0.508277,0.270904,1.000000,2.500000,0.650000,0.160046,0.127160,0.096039,0.008978,0.097262,0.000263,0.069802,0.239100,0.119047,0.038361,-0.112068,0.046263
4443,-7.670565,1.004557,2.637537,0.527507,0.276854,1.000000,2.500000,0.650000,0.160081,0.128239,0.096444,0.007773,0.096263,0.000510,0.068053,0.239497,0.119126,0.036837,-0.113577,0.045967
4444,-7.888186,1.392667,1.950658,0.390132,0.277131,1.000000,2.500000,0.650000,0.160001,0.127243,0.096126,0.007949,0.096874,0.000511,0.069880,0.239431,0.119084,0.037989,-0.112332,0.045979
4445,-7.507474,0.821852,3.261752,0.652350,0.266308,1.000000,2.500000,0.650000,0.160659,0.124815,0.096370,0.007402,0.097704,0.000622,0.069986,0.239499,0.118580,0.037691,-0.112004,0.045669
4446,-7.943692,1.527080,1.796993,0.359399,0.280277,1.000000,2.500000,0.650000,0.160066,0.128016,0.096398,0.008688,0.096963,0.001085,0.069994,0.238331,0.119284,0.037176,-0.115155,0.045945
4447,-7.772910,1.176245,2.274477,0.454895,0.271870,1.000000,2.500000,0.650000,0.161359,0.125510,0.096073,0.007948,0.096523,0.000081,0.069949,0.239375,0.118530,0.038192,-0.112052,0.046107
4448,-7.591599,0.914330,2.935151,0.587030,0.268392,1.000000,2.500000,0.650000,0.160450,0.124730,0.096117,0.008188,0.096007,0.000605,0.069875,0.239890,0.118809,0.037549,-0.112742,0.045974
4449,-7.651001,0.987604,2.699773,0.539955,0.265222,1.000000,2.500000,0.650000,0.160055,0.126723,0.096081,0.009598,0.097672,0.000378,0.069525,0.238972,0.119547,0.039203,-0.112003,0.046656
4450,-7.800578,1.231983,2.206112,0.441222,0.275748,1.000000,2.500000,0.650000,0.160031,0.127868,0.096013,0.007936,0.096132,0.001053,0.069395,0.239047,0.119294,0.037448,-0.112449,0.046032
4451,-7.612933,0.953267,2.866082,0.573216,0.272818,1.000000,2.500000,0.650000,0.160046,0.126738,0.096009,0.008009,0.096170,0.001056,0.069901,0.239606,0.118950,0.038277,-0.112769,0.045299
4452,-7.593684,0.913147,2.940166,0.588033,0.277744,1.000000,2.500000,0.650000,0.160088,0.129433,0.096231,0.008774,0.097873,0.000901,0.069545,0.239189,0.119405,0.037755,-0.113620,0.046243
4453,-7.582503,0.893369,2.968718,0.593744,0.266495,1.000000,2.500000,0.650000,0.160061,0.128346,0.096014,0.009100,0.097992,0.000232,0.069882,0.239664,0.119437,0.038337,-0.112329,0.046855
4454,-7.617848,0.916503,2.818769,0.563754,0.265473,1.000000,2.500000,0.650000,0.160532,0.126789,0.096001,0.010543,0.097657,0.002006,0.069971,0.237379,0.118343,0.039021,-0.116330,0.046614
4455,-7.599394,0.916327,2.906561,0.581312,0.273188,1.000000,2.500000,0.650000,0.160009,0.127745,0.096003,0.009114,0.096160,0.000537,0.069420,0.239635,0.119089,0.036857,-0.113914,0.045786
4456,-7.600390,0.924010,2.910295,0.582059,0.278521,1.000000,2.500000,0.650000,0.160088,0.127372,0.096029,0.007606,0.096070,0.000285,0.068613,0.239977,0.119089,0.036711,-0.112237,0.045885
4457,-7.671595,1.029387,2.643560,0.528712,0.270069,1.000000,2.500000,0.650000,0.161568,0.126138,0.096095,0.008067,0.096048,0.000128,0.069888,0.239636,0.118315,0.037850,-0.112526,0.045961
4458,-7.670439,1.019823,2.643742,0.528748,0.268762,1.000000,2.500000,0.650000,0.160015,0.128223,0.096111,0.007313,0.096004,0.000801,0.068239,0.239828,0.119247,0.037691,-0.113059,0.045745
4459,-7.578358,0.926741,2.950482,0.590096,0.267824,1.000000,2.500000,0.650000,0.160015,0.126989,0.096000,0.006136,0.096827,0.000001,0.069069,0.239935,0.119314,0.036604,-0.112052,0.045814
4460,-7.628998,0.968190,2.771760,0.554352,0.264084,1.000000,2.500000,0.650000,0.160616,0.124289,0.096779,0.009717,0.096007,0.001071,0.069873,0.239625,0.119136,0.039123,-0.112721,0.046483
4461,-7.611154,0.943257,2.855727,0.571145,0.262606,1.000000,2.500000,0.650000,0.160226,0.124895,0.096492,0.009448,0.096236,0.001456,0.069983,0.239505,0.119044,0.038480,-0.112334,0.046162
4462,-7.650387,0.996659,2.719524,0.543905,0.279034,1.000000,2.500000,0.650000,0.161127,0.126939,0.096004,0.007171,0.096011,0.000308,0.069872,0.239613,0.118806,0.038045,-0.112061,0.046389
4463,-7.556860,0.865232,3.053199,0.610640,0.261217,1.000000,2.500000,0.650000,0.160084,0.126502,0.096348,0.009222,0.096489,0.000878,0.069874,0.239888,0.119455,0.037687,-0.112021,0.046397
4464,-7.731303,1.109888,2.425725,0.485145,0.273765,1.000000,2.500000,0.650000,0.160342,0.127886,0.096015,0.009058,0.096295,0.000932,0.069851,0.239398,0.118677,0.038154,-0.114378,0.046213
4465,-7.614246,0.942092,2.867685,0.573537,0.290905,1.000000,2.500000,0.650000,0.160557,0.130540,0.096106,0.007997,0.096241,0.000925,0.067573,0.239883,0.119228,0.036634,-0.115292,0.045492
4466,-7.595103,0.928843,2.928184,0.585637,0.270005,1.000000,2.500000,0.650000,0.160147,0.127539,0.096036,0.009019,0.096562,0.000472,0.069704,0.239305,0.119255,0.037652,-0.112237,0.046488
4467,-7.598024,0.911300,2.889764,0.577953,0.266831,1.000000,2.500000,0.650000,0.160625,0.127409,0.096804,0.009990,0.096309,0.000509,0.069805,0.239675,0.119002,0.038253,-0.112009,0.046671
4468,-7.644135,0.971713,2.716347,0.543269,0.258368,1.000000,2.500000,0.650000,0.160139,0.125698,0.096637,0.010185,0.096778,0.001249,0.069908,0.239953,0.119181,0.037795,-0.112458,0.046337
4469,-7.583091,0.910592,2.940327,0.588065,0.255190,1.000000,2.500000,0.650000,0.160935,0.123653,0.097631,0.010464,0.096073,0.001243,0.069995,0.239949,0.119135,0.037752,-0.112387,0.046981
4470,-7.593208,0.932953,2.948459,0.589692,0.281972,1.000000,2.500000,0.650000,0.160107,0.127982,0.096069,0.006263,0.096054,0.000058,0.069761,0.239593,0.119446,0.036571,-0.112035,0.045237
4471,-7.531594,0.844459,3.143008,0.628602,0.259409,1.000000,2.500000,0.650000,0.161241,0.126387,0.096751,0.010080,0.096919,0.000399,0.069884,0.239942,0.119319,0.038696,-0.112000,0.047168
4472,-7.637787,0.954277,2.739743,0.547949,0.264119,1.000000,2.500000,0.650000,0.160089,0.127558,0.096065,0.009363,0.097794,0.001665,0.069149,0.239682,0.119517,0.037704,-0.114710,0.046191
4473,-7.554032,0.884526,3.036305,0.607261,0.265497,1.000000,2.500000,0.650000,0.160784,0.127996,0.096011,0.008256,0.096459,0.000027,0.068544,0.239998,0.119472,0.037587,-0.112000,0.046971
4474,-7.619376,0.939024,2.853768,0.570754,0.279951,1.000000,2.500000,0.650000,0.160677,0.125726,0.096308,0.007116,0.098321,0.000327,0.069796,0.239383,0.119049,0.036502,-0.112129,0.046018
4475,-7.613681,0.945254,2.848625,0.569725,0.265350,1.000000,2.500000,0.650000,0.160074,0.127580,0.096012,0.008192,0.096318,0.000545,0.068569,0.239990,0.119354,0.036620,-0.112387,0.046044
4476,-7.597884,0.921489,2.904326,0.580865,0.265523,1.000000,2.500000,0.650000,0.160275,0.126346,0.096017,0.008184,0.096030,0.001385,0.069372,0.239592,0.119033,0.037687,-0.113315,0.046306
4477,-7.528422,0.837957,3.156253,0.631251,0.282338,1.000000,2.500000,0.650000,0.160451,0.127392,0.096133,0.008240,0.096186,0.000001,0.069110,0.239892,0.119215,0.036684,-0.112027,0.046978
4478,-7.756814,1.125789,2.332585,0.466517,0.268784,1.000000,2.500000,0.650000,0.160571,0.128778,0.096742,0.010337,0.099871,0.000063,0.069651,0.239898,0.119721,0.037898,-0.113514,0.048267
4479,-7.645517,0.986854,2.747752,0.549550,0.279666,1.000000,2.500000,0.650000,0.160152,0.130193,0.096005,0.006970,0.096344,0.000388,0.066962,0.239977,0.119746,0.035713,-0.113587,0.047195
4480,-7.671699,1.015646,2.636248,0.527250,0.271614,1.000000,2.500000,0.650000,0.162893,0.124269,0.097386,0.008795,0.096362,0.000004,0.069892,0.239850,0.119023,0.037442,-0.113596,0.047276
4481,-7.651288,0.994146,2.706613,0.541323,0.264197,1.000000,2.500000,0.650000,0.160484,0.126571,0.096418,0.008198,0.096024,0.000472,0.069998,0.239337,0.119442,0.038395,-0.112025,0.047114
4482,-7.566780,0.880893,3.025539,0.605108,0.263961,1.000000,2.500000,0.650000,0.160032,0.126912,0.096087,0.008558,0.096119,0.000345,0.068030,0.239982,0.119525,0.036193,-0.112282,0.046494
4483,-7.687552,1.035224,2.569837,0.513967,0.280986,1.000000,2.500000,0.650000,0.160211,0.127933,0.096044,0.008882,0.096249,0.000382,0.068509,0.239633,0.119149,0.037265,-0.112047,0.046695
4484,-7.824168,1.269095,2.134767,0.426953,0.282246,1.000000,2.500000,0.650000,0.160260,0.129512,0.096045,0.008784,0.097170,0.000003,0.067745,0.239995,0.119579,0.037099,-0.112444,0.047175
4485,-7.611301,0.934671,2.848469,0.569694,0.266205,1.000000,2.500000,0.650000,0.160767,0.127500,0.096086,0.009124,0.097858,0.000093,0.069523,0.239832,0.119379,0.038201,-0.112114,0.047366
4486,-7.794880,1.194122,2.194053,0.438811,0.266980,1.000000,2.500000,0.650000,0.160465,0.126283,0.097186,0.010296,0.096799,0.000577,0.069923,0.239818,0.119069,0.037280,-0.112000,0.047180
4487,-7.701611,1.064164,2.536492,0.507298,0.278815,1.000000,2.500000,0.650000,0.160538,0.126800,0.096662,0.008626,0.096022,0.000000,0.069680,0.239987,0.119293,0.037113,-0.112445,0.046387
4488,-7.522459,0.823803,3.187009,0.637402,0.262912,1.000000,2.500000,0.650000,0.160389,0.126875,0.096055,0.007928,0.096215,0.000069,0.068087,0.239999,0.119475,0.036679,-0.112003,0.047171
4489,-7.570816,0.879092,3.002818,0.600564,0.265996,1.000000,2.500000,0.650000,0.161112,0.127152,0.096944,0.009201,0.097135,0.000419,0.068220,0.239718,0.119509,0.037133,-0.112041,0.047226
4490,-7.770361,1.181547,2.299768,0.459954,0.268263,1.000000,2.500000,0.650000,0.160790,0.124844,0.097527,0.008969,0.096450,0.000191,0.069545,0.239997,0.119587,0.036693,-0.112336,0.047012
4491,-7.668175,1.017776,2.635624,0.527125,0.266130,1.000000,2.500000,0.650000,0.161878,0.125724,0.097506,0.010818,0.098303,0.000446,0.069944,0.239914,0.119620,0.038423,-0.112928,0.048073
4492,-7.692199,1.050145,2.556339,0.511268,0.276652,1.000000,2.500000,0.650000,0.160083,0.127549,0.096080,0.008206,0.097665,0.000106,0.068951,0.240000,0.119552,0.036439,-0.113298,0.046687
4493,-7.682370,1.031705,2.620323,0.524065,0.288139,1.000000,2.500000,0.650000,0.160285,0.129035,0.096012,0.007489,0.096001,0.000037,0.067152,0.239999,0.119622,0.034893,-0.112153,0.045747
4494,-7.594250,0.912227,2.939846,0.587969,0.277474,1.000000,2.500000,0.650000,0.160010,0.128461,0.096096,0.008909,0.097160,0.000125,0.068542,0.239940,0.119449,0.037276,-0.112227,0.046794
4495,-7.593935,0.916187,2.927737,0.585547,0.277326,1.000000,2.500000,0.650000,0.160030,0.128857,0.096203,0.009368,0.098844,0.000483,0.068536,0.239562,0.119426,0.036991,-0.112468,0.046685
4496,-7.581424,0.902821,2.942745,0.588549,0.262342,1.000000,2.500000,0.650000,0.160805,0.126504,0.096167,0.008621,0.096086,0.000045,0.067258,0.239947,0.119478,0.036646,-0.112075,0.047311
4497,-7.604254,0.937863,2.872515,0.574503,0.267170,1.000000,2.500000,0.650000,0.160405,0.127081,0.096041,0.009235,0.097843,0.000028,0.068770,0.239990,0.119515,0.036923,-0.112005,0.047353
4498,-7.646950,0.989586,2.710725,0.542145,0.267579,1.000000,2.500000,0.650000,0.160170,0.126411,0.096235,0.007640,0.096025,0.000221,0.068860,0.239785,0.119681,0.037060,-0.113580,0.047121
4499,-7.638787,0.991436,2.772922,0.554584,0.276188,1.000000,2.500000,0.650000,0.160130,0.128967,0.096069,0.006399,0.096060,0.000066,0.069392,0.239559,0.119605,0.037183,-0.112058,0.045558
4500,-7.722690,1.071258,2.471176,0.494235,0.281518,1.000000,2.500000,0.650000,0.160860,0.127856,0.096464,0.008687,0.097859,0.000016,0.066967,0.239589,0.119694,0.036822,-0.112421,0.047931
4501,-7.543651,0.827648,3.091550,0.618310,0.266031,1.000000,2.500000,0.650000,0.160594,0.125477,0.096879,0.010460,0.098395,0.001287,0.068551,0.239923,0.119641,0.037881,-0.112003,0.047501
4502,-7.546112,0.849350,3.091923,0.618385,0.273196,1.000000,2.500000,0.650000,0.160950,0.125881,0.096245,0.010555,0.097613,0.000816,0.068699,0.239990,0.119022,0.037254,-0.112202,0.047057
4503,-7.559494,0.868329,3.049419,0.609884,0.267418,1.000000,2.500000,0.650000,0.160133,0.126584,0.096114,0.009603,0.098293,0.000436,0.067627,0.239995,0.119387,0.036544,-0.112661,0.046999
4504,-7.563744,0.871741,3.043988,0.608798,0.272210,1.000000,2.500000,0.650000,0.162535,0.123832,0.096901,0.008849,0.096391,0.000137,0.069634,0.239974,0.118750,0.037195,-0.112142,0.046809
4505,-7.577342,0.888973,2.991379,0.598276,0.270214,1.000000,2.500000,0.650000,0.160937,0.127749,0.097310,0.008870,0.096862,0.000659,0.068228,0.239916,0.119528,0.038314,-0.112656,0.047911
4506,-7.614237,0.933552,2.823813,0.564763,0.263076,1.000000,2.500000,0.650000,0.160982,0.128685,0.097035,0.010949,0.098644,0.000314,0.069529,0.239968,0.119591,0.037371,-0.112108,0.047718
4507,-7.874629,1.357252,1.964011,0.392802,0.273284,1.000000,2.500000,0.650000,0.160161,0.129286,0.096065,0.009141,0.099393,0.000927,0.067938,0.239893,0.119924,0.037330,-0.112095,0.047493
4508,-7.772648,1.172660,2.275686,0.455137,0.270535,1.000000,2.500000,0.650000,0.160218,0.127050,0.096457,0.010542,0.098056,0.001364,0.069401,0.239949,0.119445,0.037891,-0.112588,0.046819
4509,-7.618652,0.950780,2.833620,0.566724,0.271934,1.000000,2.500000,0.650000,0.160082,0.128924,0.096054,0.009242,0.097114,0.000436,0.067196,0.239866,0.119462,0.037248,-0.112345,0.046714
4510,-7.532293,0.845926,3.152168,0.630434,0.265816,1.000000,2.500000,0.650000,0.160053,0.128991,0.096530,0.009709,0.098165,0.001315,0.067735,0.239799,0.119941,0.036703,-0.112026,0.047485
4511,-7.762261,1.162192,2.319615,0.463923,0.269276,1.000000,2.500000,0.650000,0.160759,0.127345,0.096625,0.008510,0.096347,0.000459,0.067724,0.239832,0.119566,0.036988,-0.112118,0.046723
4512,-7.830708,1.268378,2.106513,0.421303,0.279499,1.000000,2.500000,0.650000,0.160071,0.126532,0.096500,0.008256,0.096553,0.000598,0.069697,0.239951,0.119701,0.037951,-0.112128,0.046645
4513,-7.603633,0.941238,2.881856,0.576371,0.263557,1.000000,2.500000,0.650000,0.160619,0.126094,0.097113,0.007756,0.096309,0.000090,0.068615,0.239975,0.119717,0.036273,-0.114619,0.047446
4514,-7.759878,1.151173,2.304979,0.460996,0.256677,1.000000,2.500000,0.650000,0.162034,0.124519,0.098491,0.011886,0.099565,0.001715,0.068151,0.239988,0.119461,0.038239,-0.112208,0.048755
4515,-7.530008,0.841077,3.139930,0.627986,0.252574,1.000000,2.500000,0.650000,0.160245,0.123590,0.097306,0.011111,0.098110,0.002468,0.069975,0.239850,0.119351,0.038336,-0.112199,0.046536
4516,-7.657906,1.005108,2.680165,0.536033,0.264262,1.000000,2.500000,0.650000,0.160005,0.127365,0.096147,0.007983,0.096159,0.000569,0.068066,0.239986,0.119802,0.036758,-0.112002,0.046467
4517,-7.754350,1.124848,2.322887,0.464577,0.263460,1.000000,2.500000,0.650000,0.161303,0.127162,0.096445,0.010676,0.099664,0.000585,0.069991,0.239344,0.119706,0.038901,-0.112042,0.048476
4518,-7.571189,0.883246,2.983415,0.596683,0.257602,1.000000,2.500000,0.650000,0.160134,0.123371,0.097046,0.011371,0.099612,0.003013,0.069931,0.239497,0.119463,0.039103,-0.112031,0.047038
4519,-7.593209,0.891822,2.903926,0.580785,0.264384,1.000000,2.500000,0.650000,0.161067,0.127140,0.096348,0.010025,0.098544,0.000101,0.067836,0.240000,0.119550,0.036854,-0.112187,0.048384
4520,-7.678828,1.038628,2.583202,0.516640,0.255383,1.000000,2.500000,0.650000,0.160260,0.124665,0.097414,0.011138,0.098068,0.003115,0.069853,0.239682,0.119541,0.038323,-0.112233,0.047194
4521,-7.636617,0.960139,2.777333,0.555467,0.285106,1.000000,2.500000,0.650000,0.160000,0.128514,0.096333,0.009066,0.097391,0.000609,0.066682,0.239901,0.119718,0.036220,-0.112287,0.046835
4522,-7.618743,0.948744,2.817056,0.563411,0.260923,1.000000,2.500000,0.650000,0.160767,0.126822,0.096108,0.009812,0.099131,0.001913,0.068625,0.239903,0.119924,0.036716,-0.112565,0.046536
4523,-7.837828,1.295690,2.073571,0.414714,0.262530,1.000000,2.500000,0.650000,0.160630,0.123081,0.096975,0.010924,0.098173,0.001889,0.069865,0.239830,0.119118,0.038009,-0.113085,0.046854
4524,-7.821165,1.255401,2.121879,0.424376,0.268508,1.000000,2.500000,0.650000,0.160138,0.125299,0.096134,0.008430,0.096861,0.001083,0.069961,0.239129,0.119394,0.037565,-0.112003,0.046497
4525,-7.694648,1.064638,2.529873,0.505975,0.261775,1.000000,2.500000,0.650000,0.160071,0.125317,0.098318,0.012787,0.100876,0.002831,0.069929,0.239668,0.119713,0.038799,-0.112089,0.047275
4526,-7.537028,0.834936,3.132428,0.626486,0.265944,1.000000,2.500000,0.650000,0.160860,0.126522,0.097280,0.011517,0.100111,0.001001,0.069987,0.239254,0.119637,0.038844,-0.112156,0.047433
4527,-7.544069,0.858923,3.098089,0.619618,0.264009,1.000000,2.500000,0.650000,0.160777,0.122944,0.096641,0.010087,0.096559,0.000575,0.068879,0.239953,0.119093,0.036039,-0.112018,0.046874
4528,-7.638016,0.991176,2.728633,0.545727,0.256750,1.000000,2.500000,0.650000,0.161065,0.122861,0.096534,0.010928,0.098617,0.002813,0.069568,0.239796,0.118863,0.038595,-0.112826,0.047035
4529,-7.652754,0.966699,2.683256,0.536651,0.278134,1.000000,2.500000,0.650000,0.160367,0.125469,0.097299,0.012072,0.101299,0.002670,0.069957,0.239347,0.119220,0.039101,-0.112095,0.047879
4530,-7.666788,1.004063,2.646767,0.529353,0.260411,1.000000,2.500000,0.650000,0.160133,0.124207,0.096017,0.008961,0.096018,0.002097,0.067106,0.239999,0.119203,0.035528,-0.113659,0.045728
4531,-7.550316,0.862859,3.083478,0.616696,0.263228,1.000000,2.500000,0.650000,0.160095,0.126901,0.096137,0.008997,0.098612,0.001518,0.069103,0.239990,0.119527,0.038653,-0.112591,0.046529
4532,-7.736010,1.135355,2.403370,0.480674,0.265083,1.000000,2.500000,0.650000,0.160031,0.124066,0.096513,0.007262,0.096238,0.001032,0.069595,0.239923,0.118983,0.036966,-0.112069,0.044894
4533,-7.643542,0.958049,2.732464,0.546493,0.274655,1.000000,2.500000,0.650000,0.160003,0.130016,0.096865,0.011665,0.102139,0.001033,0.067006,0.239973,0.119989,0.037552,-0.112156,0.047937
4534,-7.584233,0.895864,2.948690,0.589738,0.268137,1.000000,2.500000,0.650000,0.160051,0.129131,0.096087,0.009995,0.099941,0.001448,0.068849,0.239670,0.119752,0.037615,-0.113339,0.046959
4535,-7.575491,0.888446,3.003102,0.600620,0.274799,1.000000,2.500000,0.650000,0.160931,0.126020,0.096886,0.009495,0.097084,0.000265,0.068820,0.239993,0.119732,0.037315,-0.112356,0.047436
4536,-7.638318,0.960014,2.763440,0.552688,0.280597,1.000000,2.500000,0.650000,0.160529,0.129807,0.096008,0.009573,0.100734,0.000838,0.065511,0.239913,0.119995,0.036243,-0.112077,0.047540
4537,-7.629514,0.958086,2.760288,0.552058,0.251673,1.000000,2.500000,0.650000,0.163685,0.123245,0.099030,0.013536,0.100179,0.001747,0.069998,0.239829,0.119375,0.039377,-0.112238,0.048324
4538,-7.617565,0.928929,2.826619,0.565324,0.274536,1.000000,2.500000,0.650000,0.160057,0.127267,0.096518,0.010731,0.100273,0.000879,0.069733,0.239925,0.119906,0.037044,-0.112000,0.047309
4539,-7.581868,0.899932,2.933831,0.586766,0.253930,1.000000,2.500000,0.650000,0.161019,0.123004,0.098325,0.012300,0.099042,0.001815,0.069904,0.238994,0.119708,0.038328,-0.113307,0.047989
4540,-7.573703,0.885577,2.978721,0.595744,0.261112,1.000000,2.500000,0.650000,0.160541,0.123027,0.097000,0.010559,0.097971,0.001982,0.069990,0.239361,0.119182,0.038060,-0.112043,0.046544
4541,-7.599609,0.930176,2.877874,0.575575,0.259637,1.000000,2.500000,0.650000,0.161935,0.123159,0.097797,0.010620,0.097206,0.001128,0.069646,0.239999,0.118622,0.038072,-0.112166,0.047043
4542,-7.572593,0.897655,2.981268,0.596254,0.257068,1.000000,2.500000,0.650000,0.161110,0.124191,0.097778,0.009143,0.097005,0.001322,0.069796,0.239937,0.119434,0.038775,-0.112469,0.046938
4543,-7.714916,1.064279,2.461675,0.492335,0.260823,1.000000,2.500000,0.650000,0.160007,0.124636,0.096560,0.011289,0.098786,0.002885,0.070000,0.238273,0.119694,0.038643,-0.112017,0.046518
4544,-7.653891,0.997875,2.693915,0.538783,0.263361,1.000000,2.500000,0.650000,0.161165,0.125287,0.097602,0.009505,0.096824,0.000189,0.069985,0.239424,0.119383,0.038381,-0.112494,0.047359
4545,-7.916383,1.456582,1.860849,0.372170,0.274135,1.000000,2.500000,0.650000,0.161555,0.124999,0.097218,0.009318,0.096547,0.000001,0.069981,0.239829,0.119548,0.038098,-0.114498,0.047640
4546,-7.728227,1.093466,2.413584,0.482717,0.264446,1.000000,2.500000,0.650000,0.161504,0.125875,0.097809,0.010355,0.099401,0.000362,0.069187,0.239940,0.119937,0.037880,-0.113615,0.048498
4547,-7.585449,0.900315,2.948490,0.589698,0.259282,1.000000,2.500000,0.650000,0.161845,0.124456,0.098201,0.009845,0.097602,0.000511,0.069199,0.239744,0.119788,0.037310,-0.112814,0.047353
4548,-7.653265,0.999005,2.680897,0.536179,0.263740,1.000000,2.500000,0.650000,0.160169,0.127374,0.097144,0.009602,0.099118,0.001110,0.069282,0.239680,0.119969,0.036916,-0.113340,0.046942
4549,-7.717336,1.089816,2.436348,0.487270,0.255726,1.000000,2.500000,0.650000,0.163022,0.122840,0.098555,0.011382,0.098017,0.000505,0.069809,0.239636,0.119508,0.038884,-0.114121,0.048098
4550,-7.967887,1.592881,1.726704,0.345341,0.274229,1.000000,2.500000,0.650000,0.161172,0.125091,0.096146,0.007970,0.096038,0.000922,0.066704,0.239882,0.119747,0.034817,-0.112197,0.045024
4551,-7.596945,0.911480,2.882453,0.576491,0.252218,1.000000,2.500000,0.650000,0.162340,0.124027,0.096920,0.011626,0.101150,0.000946,0.069918,0.239967,0.119535,0.039601,-0.112008,0.047926
4552,-7.836245,1.286192,2.094246,0.418849,0.261570,1.000000,2.500000,0.650000,0.163449,0.123933,0.098621,0.009232,0.096052,0.000094,0.069989,0.239984,0.119739,0.038647,-0.116624,0.048161
4553,-7.641056,0.979169,2.724340,0.544868,0.258142,1.000000,2.500000,0.650000,0.160177,0.125792,0.096288,0.008668,0.096413,0.001098,0.069042,0.239976,0.119312,0.038269,-0.112262,0.046062
4554,-7.724357,1.107871,2.438527,0.487705,0.265573,1.000000,2.500000,0.650000,0.160459,0.123911,0.096121,0.006485,0.096294,0.000419,0.069363,0.239953,0.119172,0.036745,-0.112001,0.045465
4555,-7.666316,1.009445,2.642571,0.528514,0.255917,1.000000,2.500000,0.650000,0.163404,0.122903,0.099242,0.012112,0.099586,0.000864,0.069946,0.239923,0.119656,0.039290,-0.114221,0.048173
4556,-7.598139,0.941937,2.885604,0.577121,0.261310,1.000000,2.500000,0.650000,0.163359,0.123705,0.097868,0.008713,0.096013,0.000236,0.069857,0.239854,0.119595,0.038225,-0.114406,0.047282
4557,-7.721230,1.081894,2.469204,0.493841,0.268502,1.000000,2.500000,0.650000,0.161309,0.126020,0.097720,0.009694,0.098546,0.000771,0.069685,0.239965,0.119733,0.037681,-0.112101,0.047314
4558,-7.532414,0.846118,3.123131,0.624626,0.245368,1.000000,2.500000,0.650000,0.160305,0.122937,0.096596,0.009260,0.096287,0.002535,0.069805,0.239315,0.119041,0.038583,-0.112713,0.045702
4559,-7.710631,1.074860,2.479614,0.495923,0.262623,1.000000,2.500000,0.650000,0.161853,0.124235,0.097575,0.011958,0.100757,0.001030,0.069970,0.239937,0.119602,0.038414,-0.112081,0.047688
4560,-7.607547,0.926849,2.863472,0.572694,0.261771,1.000000,2.500000,0.650000,0.160690,0.126382,0.096814,0.011002,0.101139,0.000689,0.069996,0.239632,0.119837,0.038137,-0.112003,0.048051
4561,-7.538798,0.832343,3.108917,0.621783,0.263381,1.000000,2.500000,0.650000,0.160581,0.126615,0.097363,0.011366,0.099970,0.000654,0.069453,0.239901,0.119825,0.037549,-0.112228,0.047246
4562,-7.973678,1.589183,1.700729,0.340146,0.270021,1.000000,2.500000,0.650000,0.164828,0.125493,0.099328,0.011709,0.100152,0.000510,0.068868,0.239708,0.119931,0.038414,-0.114199,0.049447
4563,-7.587634,0.895431,2.947624,0.589525,0.272908,1.000000,2.500000,0.650000,0.160000,0.126738,0.096607,0.009739,0.100580,0.000912,0.068964,0.239996,0.119989,0.037162,-0.112741,0.047250
4564,-7.592980,0.919446,2.938916,0.587783,0.268685,1.000000,2.500000,0.650000,0.162686,0.126671,0.097822,0.009297,0.098250,0.000283,0.069905,0.239928,0.119879,0.039181,-0.115965,0.048429
4565,-7.768273,1.152754,2.299367,0.459873,0.262740,1.000000,2.500000,0.650000,0.163703,0.124660,0.098130,0.009509,0.097628,0.000041,0.069985,0.239970,0.119887,0.038399,-0.115277,0.048572
4566,-7.614599,0.952641,2.832285,0.566457,0.260214,1.000000,2.500000,0.650000,0.160034,0.124084,0.096237,0.009272,0.097465,0.003213,0.070000,0.239545,0.119707,0.038549,-0.112136,0.045544
4567,-7.513385,0.807256,3.236971,0.647394,0.272467,1.000000,2.500000,0.650000,0.160001,0.126573,0.096420,0.009825,0.098643,0.001847,0.069719,0.239656,0.119746,0.037128,-0.112170,0.046184
4568,-7.661215,0.999716,2.668488,0.533698,0.270017,1.000000,2.500000,0.650000,0.160211,0.128019,0.096514,0.008850,0.096997,0.000547,0.068183,0.239848,0.119782,0.036183,-0.112005,0.046638
4569,-7.606962,0.946559,2.852208,0.570442,0.259317,1.000000,2.500000,0.650000,0.160363,0.124978,0.096477,0.009163,0.098345,0.001543,0.069435,0.239998,0.119587,0.037601,-0.112083,0.046812
4570,-7.529057,0.836309,3.153716,0.630743,0.261779,1.000000,2.500000,0.650000,0.160302,0.126660,0.096106,0.009268,0.100388,0.000423,0.068717,0.239890,0.119883,0.037748,-0.112104,0.046887
4571,-7.569603,0.877755,3.000660,0.600132,0.268028,1.000000,2.500000,0.650000,0.160143,0.125682,0.098072,0.010277,0.098086,0.001975,0.069996,0.239636,0.119985,0.038447,-0.113299,0.047378
4572,-7.636490,0.964130,2.732531,0.546506,0.253278,1.000000,2.500000,0.650000,0.161228,0.121564,0.098895,0.009827,0.096318,0.001041,0.069534,0.239942,0.119701,0.037633,-0.115702,0.046794
4573,-7.640236,0.987436,2.719358,0.543872,0.252107,1.000000,2.500000,0.650000,0.160282,0.123450,0.098184,0.011028,0.097820,0.002026,0.069863,0.239925,0.119578,0.038538,-0.112223,0.046754
4574,-7.566884,0.868796,3.006926,0.601385,0.272019,1.000000,2.500000,0.650000,0.160015,0.128004,0.096015,0.009789,0.100112,0.001380,0.069307,0.239534,0.119928,0.037513,-0.112147,0.046988
4575,-7.696237,1.043309,2.559862,0.511972,0.281848,1.000000,2.500000,0.650000,0.160116,0.128253,0.096900,0.010115,0.100545,0.001240,0.069605,0.239907,0.119850,0.038073,-0.112203,0.046546
4576,-7.771361,1.161895,2.284916,0.456983,0.271643,1.000000,2.500000,0.650000,0.160096,0.125523,0.096530,0.008523,0.097495,0.000899,0.068921,0.239922,0.119914,0.036480,-0.112168,0.046446
4577,-7.841353,1.312124,2.080794,0.416159,0.266866,1.000000,2.500000,0.650000,0.160580,0.126921,0.096001,0.009001,0.099360,0.001811,0.069841,0.239393,0.119788,0.037197,-0.112567,0.045870
4578,-7.562538,0.878539,3.021668,0.604334,0.261979,1.000000,2.500000,0.650000,0.160006,0.126249,0.097423,0.009999,0.099032,0.001814,0.069489,0.239991,0.119921,0.037123,-0.112061,0.047373
4579,-7.542933,0.845892,3.099404,0.619881,0.259554,1.000000,2.500000,0.650000,0.160351,0.127255,0.096171,0.009390,0.099338,0.001599,0.068078,0.239995,0.119979,0.036692,-0.112080,0.046243
4580,-7.765053,1.170868,2.310640,0.462128,0.264162,1.000000,2.500000,0.650000,0.160535,0.125817,0.097398,0.010206,0.098960,0.001274,0.069967,0.239771,0.119753,0.037497,-0.112083,0.046618
4581,-7.560906,0.883395,3.031841,0.606368,0.259482,1.000000,2.500000,0.650000,0.161275,0.124004,0.096451,0.008456,0.096385,0.000588,0.069743,0.239937,0.119535,0.037741,-0.112501,0.046541
4582,-7.601197,0.931380,2.887903,0.577581,0.259919,1.000000,2.500000,0.650000,0.162041,0.123861,0.098446,0.010693,0.099776,0.001146,0.069927,0.239984,0.119934,0.039052,-0.114975,0.048067
4583,-7.563087,0.876690,3.021025,0.604205,0.265592,1.000000,2.500000,0.650000,0.160505,0.124958,0.097620,0.009069,0.096000,0.000802,0.069661,0.239999,0.119605,0.036942,-0.112678,0.046243
4584,-7.627286,0.938616,2.756388,0.551278,0.286156,1.000000,2.500000,0.650000,0.160256,0.126409,0.096734,0.009514,0.099958,0.001045,0.068527,0.239721,0.119811,0.037216,-0.112001,0.046758
4585,-7.552584,0.860131,3.069567,0.613913,0.261845,1.000000,2.500000,0.650000,0.160136,0.126469,0.096254,0.009184,0.098509,0.002443,0.069952,0.239426,0.119590,0.038274,-0.112170,0.045622
4586,-7.877179,1.370362,1.955483,0.391097,0.271595,1.000000,2.500000,0.650000,0.160641,0.124625,0.096817,0.010127,0.098480,0.001522,0.069998,0.239934,0.119630,0.038627,-0.112295,0.046705
4587,-7.707140,1.060375,2.523149,0.504630,0.266041,1.000000,2.500000,0.650000,0.160751,0.126645,0.097556,0.009903,0.098977,0.000429,0.068416,0.239681,0.119905,0.036465,-0.112376,0.047087
4588,-7.558228,0.874749,3.046554,0.609311,0.263719,1.000000,2.500000,0.650000,0.160856,0.127930,0.096596,0.010881,0.099521,0.003296,0.069892,0.239023,0.119954,0.038238,-0.112110,0.046093
4589,-7.605344,0.923937,2.864873,0.572975,0.269296,1.000000,2.500000,0.650000,0.160005,0.126804,0.096074,0.010153,0.099343,0.002381,0.068798,0.239676,0.119523,0.037337,-0.112923,0.046132
4590,-7.596694,0.909522,2.912240,0.582448,0.274367,1.000000,2.500000,0.650000,0.160242,0.128212,0.096404,0.008367,0.096593,0.000889,0.067403,0.239945,0.119971,0.036363,-0.112124,0.045998
4591,-7.646059,0.993242,2.695726,0.539145,0.259727,1.000000,2.500000,0.650000,0.160037,0.125487,0.096026,0.010258,0.098334,0.002011,0.069442,0.239743,0.119422,0.037870,-0.114301,0.045861
4592,-7.572700,0.889809,3.035611,0.607122,0.285648,1.000000,2.500000,0.650000,0.162041,0.131680,0.096205,0.009405,0.101233,0.000969,0.066875,0.239809,0.120000,0.035984,-0.112589,0.046420
4593,-7.601842,0.923764,2.867685,0.573537,0.268837,1.000000,2.500000,0.650000,0.160000,0.126304,0.096493,0.009655,0.098938,0.000868,0.069881,0.238954,0.119678,0.037385,-0.112236,0.046733
4594,-7.702223,1.043269,2.513023,0.502605,0.271020,1.000000,2.500000,0.650000,0.160034,0.126527,0.096442,0.008614,0.097875,0.000456,0.067154,0.239715,0.119977,0.035762,-0.112696,0.047323
4595,-7.611725,0.955809,2.839349,0.567870,0.256301,1.000000,2.500000,0.650000,0.160163,0.124900,0.096012,0.009723,0.097931,0.002158,0.069354,0.239707,0.119298,0.037489,-0.113223,0.045782
4596,-7.625884,0.949901,2.790174,0.558035,0.263458,1.000000,2.500000,0.650000,0.160015,0.123932,0.097953,0.008701,0.096134,0.001975,0.069317,0.239949,0.119856,0.036583,-0.112489,0.045896
4597,-7.905198,1.439570,1.879615,0.375923,0.279052,1.000000,2.500000,0.650000,0.161226,0.128738,0.096013,0.008592,0.098429,0.001234,0.067252,0.239931,0.119981,0.035984,-0.112031,0.046077
4598,-7.626190,0.966210,2.773803,0.554761,0.263952,1.000000,2.500000,0.650000,0.160029,0.126930,0.096034,0.009744,0.099799,0.000764,0.069620,0.239832,0.119828,0.037236,-0.112006,0.046633
4599,-7.545265,0.850775,3.137699,0.627540,0.290838,1.000000,2.500000,0.650000,0.160781,0.134763,0.096242,0.009062,0.099730,0.000799,0.068244,0.238432,0.119858,0.037834,-0.113391,0.046373
4600,-7.743085,1.102040,2.404875,0.480975,0.280735,1.000000,2.500000,0.650000,0.161228,0.128653,0.096060,0.009278,0.100027,0.002121,0.068297,0.239640,0.119985,0.037223,-0.112000,0.046195
4601,-7.599552,0.934638,2.908939,0.581788,0.265194,1.000000,2.500000,0.650000,0.160396,0.126163,0.096700,0.009132,0.098186,0.001836,0.069924,0.239678,0.119710,0.036547,-0.112142,0.045493
4602,-7.610781,0.936874,2.854481,0.570896,0.266441,1.000000,2.500000,0.650000,0.160112,0.129237,0.096112,0.010076,0.099203,0.001961,0.069454,0.239507,0.119815,0.037718,-0.112300,0.046162
4603,-7.674285,1.022754,2.634178,0.526836,0.281875,1.000000,2.500000,0.650000,0.160878,0.127289,0.096142,0.008440,0.097089,0.001329,0.069846,0.238372,0.119927,0.037028,-0.112294,0.045551
4604,-7.533961,0.862523,3.154230,0.630846,0.269284,1.000000,2.500000,0.650000,0.161176,0.130398,0.096008,0.007865,0.096962,0.001522,0.068988,0.239376,0.119855,0.037123,-0.112169,0.045510
4605,-7.546062,0.844288,3.102675,0.620535,0.268088,1.000000,2.500000,0.650000,0.160150,0.128379,0.096321,0.010152,0.099126,0.001118,0.069936,0.239744,0.119772,0.039038,-0.112034,0.046709
4606,-7.708097,1.066001,2.499050,0.499810,0.267690,1.000000,2.500000,0.650000,0.160162,0.127774,0.096385,0.010856,0.100230,0.001335,0.068926,0.239959,0.119942,0.036970,-0.112032,0.046880
4607,-7.623378,0.937210,2.813848,0.562770,0.277753,1.000000,2.500000,0.650000,0.160965,0.133230,0.096082,0.009378,0.103377,0.000388,0.068185,0.239880,0.119670,0.037143,-0.113092,0.048205
4608,-7.701292,1.060370,2.524077,0.504815,0.270893,1.000000,2.500000,0.650000,0.161218,0.130110,0.096090,0.009891,0.101878,0.001000,0.068221,0.239732,0.119989,0.037000,-0.112016,0.047013
4609,-7.627230,0.927991,2.804367,0.560873,0.279243,1.000000,2.500000,0.650000,0.161145,0.130809,0.096037,0.010629,0.101454,0.002503,0.067547,0.239877,0.120000,0.037605,-0.113504,0.046717
4610,-7.829346,1.280047,2.110560,0.422112,0.270537,1.000000,2.500000,0.650000,0.160007,0.128891,0.096122,0.008818,0.097332,0.000926,0.068747,0.239777,0.119563,0.037703,-0.112314,0.046071
4611,-7.590370,0.911007,2.956945,0.591389,0.277299,1.000000,2.500000,0.650000,0.160145,0.131185,0.096070,0.007567,0.096010,0.000896,0.069973,0.238355,0.119263,0.038027,-0.112487,0.045068
4612,-7.592445,0.948589,2.957536,0.591507,0.285669,1.000000,2.500000,0.650000,0.162752,0.131809,0.097121,0.006237,0.096709,0.001368,0.066513,0.239712,0.119846,0.035032,-0.113980,0.044930
4613,-7.642899,1.018114,2.769240,0.553848,0.288610,1.000000,2.500000,0.650000,0.163875,0.133268,0.096974,0.006766,0.096959,0.001151,0.067684,0.239433,0.119935,0.036419,-0.115014,0.044743
4614,-7.625901,0.954309,2.786572,0.557314,0.265552,1.000000,2.500000,0.650000,0.160011,0.128455,0.096631,0.009438,0.098426,0.001026,0.069405,0.239763,0.119774,0.038382,-0.112747,0.047070
4615,-7.960908,1.562931,1.748638,0.349728,0.279050,1.000000,2.500000,0.650000,0.160728,0.132013,0.096001,0.008297,0.097638,0.000811,0.069570,0.239424,0.119868,0.038243,-0.112112,0.045659
4616,-7.959492,1.569676,1.763602,0.352720,0.280302,1.000000,2.500000,0.650000,0.161433,0.130827,0.096000,0.007961,0.096467,0.001449,0.069948,0.238580,0.119891,0.037791,-0.113500,0.045015
4617,-7.606313,0.949824,2.890069,0.578014,0.285579,1.000000,2.500000,0.650000,0.162393,0.133956,0.096126,0.009823,0.100008,0.002692,0.067925,0.237712,0.119896,0.037677,-0.115569,0.046486
4618,-7.634295,0.979626,2.825822,0.565164,0.296237,1.000000,2.500000,0.650000,0.163864,0.132178,0.096869,0.008040,0.099097,0.001335,0.067111,0.239269,0.119889,0.036182,-0.114585,0.045191
4619,-7.643205,0.976344,2.750694,0.550139,0.270577,1.000000,2.500000,0.650000,0.160882,0.130183,0.096074,0.009878,0.101194,0.001422,0.069695,0.238965,0.119987,0.037760,-0.112032,0.046243
4620,-7.885171,1.368471,1.940709,0.388142,0.279180,1.000000,2.500000,0.650000,0.160733,0.131016,0.096006,0.010503,0.100836,0.002630,0.069831,0.237512,0.119808,0.038893,-0.113694,0.046822
4621,-7.579541,0.912562,2.987433,0.597487,0.283077,1.000000,2.500000,0.650000,0.160159,0.130732,0.096419,0.008147,0.099310,0.001422,0.069051,0.238760,0.119679,0.037438,-0.113869,0.045969
4622,-7.756063,1.141236,2.358446,0.471689,0.283408,1.000000,2.500000,0.650000,0.160264,0.130192,0.096011,0.009606,0.097580,0.002169,0.069975,0.235840,0.118687,0.038638,-0.113268,0.045479
4623,-7.603880,0.941663,2.900452,0.580090,0.264929,1.000000,2.500000,0.650000,0.160043,0.130014,0.096066,0.008079,0.096099,0.001888,0.069451,0.237444,0.119336,0.038916,-0.112293,0.045383
4624,-7.588965,0.923118,2.948375,0.589675,0.269245,1.000000,2.500000,0.650000,0.160773,0.131265,0.096019,0.007751,0.097479,0.001818,0.069772,0.239845,0.119812,0.037903,-0.112973,0.044900
4625,-8.084803,1.871588,1.436683,0.287337,0.266901,1.000000,2.500000,0.650000,0.161148,0.126727,0.096727,0.009348,0.096211,0.003504,0.069548,0.237436,0.119692,0.037890,-0.112059,0.045410
4626,-7.651973,1.010429,2.686962,0.537392,0.266916,1.000000,2.500000,0.650000,0.160039,0.128044,0.098502,0.008881,0.096900,0.003021,0.068854,0.237115,0.119636,0.039603,-0.112003,0.045536
4627,-7.695013,1.044841,2.544170,0.508834,0.276085,1.000000,2.500000,0.650000,0.160360,0.131319,0.096147,0.008722,0.098675,0.002053,0.067821,0.238997,0.119041,0.037620,-0.114761,0.045969
4628,-7.653453,1.008546,2.727573,0.545515,0.288070,1.000000,2.500000,0.650000,0.162045,0.134122,0.096038,0.008567,0.096417,0.000961,0.068800,0.238785,0.119890,0.036545,-0.114046,0.045258
4629,-7.697994,1.049490,2.552031,0.510406,0.291525,1.000000,2.500000,0.650000,0.160257,0.128192,0.096000,0.007274,0.096000,0.001257,0.069956,0.238807,0.119458,0.037639,-0.112238,0.044942
4630,-7.612559,0.952466,2.889728,0.577946,0.283209,1.000000,2.500000,0.650000,0.162051,0.130646,0.096080,0.007568,0.096003,0.002328,0.069202,0.238158,0.119787,0.036748,-0.113573,0.044925
4631,-7.670920,1.017955,2.638922,0.527784,0.268250,1.000000,2.500000,0.650000,0.162044,0.129654,0.096146,0.008721,0.096993,0.003994,0.069997,0.236231,0.119018,0.038758,-0.116095,0.044410
4632,-7.690376,1.060618,2.588537,0.517707,0.275907,1.000000,2.500000,0.650000,0.161545,0.131457,0.096267,0.009014,0.100797,0.001611,0.069786,0.236898,0.119895,0.037478,-0.113446,0.045899
4633,-7.576434,0.895240,2.995105,0.599021,0.281569,1.000000,2.500000,0.650000,0.160536,0.135026,0.096775,0.007357,0.098939,0.000476,0.068462,0.239190,0.119871,0.038031,-0.114291,0.045935
4634,-7.572628,0.918283,3.001472,0.600294,0.282808,1.000000,2.500000,0.650000,0.162090,0.130089,0.096255,0.006207,0.096195,0.001382,0.069886,0.237513,0.119663,0.037280,-0.112418,0.044374
4635,-7.663821,1.038903,2.665208,0.533042,0.276525,1.000000,2.500000,0.650000,0.161412,0.128668,0.096095,0.008827,0.098543,0.003964,0.070000,0.238037,0.119353,0.038678,-0.115909,0.044458
4636,-7.553908,0.860508,3.081788,0.616358,0.273865,1.000000,2.500000,0.650000,0.160012,0.128714,0.096026,0.009615,0.097611,0.002655,0.069531,0.236698,0.119014,0.039167,-0.114111,0.045422
4637,-7.534602,0.830029,3.150339,0.630068,0.272765,1.000000,2.500000,0.650000,0.160217,0.130214,0.096010,0.008724,0.098197,0.002499,0.069966,0.238248,0.119863,0.039323,-0.112541,0.046171
4638,-7.643185,0.995068,2.768192,0.553638,0.276798,1.000000,2.500000,0.650000,0.161097,0.130975,0.096071,0.008835,0.097900,0.003658,0.069556,0.237952,0.119533,0.037874,-0.116421,0.045221
4639,-7.639486,0.975554,2.770322,0.554064,0.293901,1.000000,2.500000,0.650000,0.160002,0.129886,0.096002,0.008452,0.098357,0.001215,0.069647,0.239643,0.119179,0.038103,-0.114730,0.045744
4640,-7.742642,1.146514,2.420838,0.484168,0.300450,1.000000,2.500000,0.650000,0.160982,0.135695,0.096052,0.007351,0.097261,0.001123,0.069571,0.238494,0.119322,0.037272,-0.113864,0.044863
4641,-7.804374,1.227673,2.211990,0.442398,0.282942,1.000000,2.500000,0.650000,0.160012,0.127623,0.096010,0.007610,0.096117,0.001487,0.069702,0.239774,0.119164,0.037615,-0.113260,0.045171
4642,-7.600094,0.932248,2.902814,0.580563,0.267551,1.000000,2.500000,0.650000,0.160142,0.126266,0.097232,0.009077,0.096809,0.002200,0.069611,0.239704,0.119856,0.038067,-0.112207,0.046803
4643,-7.790396,1.202194,2.244256,0.448851,0.277689,1.000000,2.500000,0.650000,0.162081,0.133927,0.096232,0.008899,0.099187,0.003258,0.069990,0.234989,0.119923,0.038473,-0.114744,0.045813
4644,-7.692009,1.047453,2.561527,0.512305,0.267858,1.000000,2.500000,0.650000,0.160311,0.130450,0.096000,0.008150,0.099239,0.000919,0.069630,0.239189,0.119993,0.038177,-0.113231,0.046225
4645,-7.793083,1.226448,2.226372,0.445274,0.272983,1.000000,2.500000,0.650000,0.160020,0.130295,0.096134,0.007851,0.097224,0.000822,0.069921,0.238974,0.119366,0.039155,-0.112018,0.045545
4646,-7.673076,1.002929,2.632286,0.526457,0.275445,1.000000,2.500000,0.650000,0.160826,0.134551,0.096864,0.010986,0.103556,0.002108,0.069539,0.235876,0.119721,0.039111,-0.117463,0.046956
4647,-7.575601,0.882840,2.991298,0.598260,0.268322,1.000000,2.500000,0.650000,0.160540,0.132317,0.096079,0.009644,0.099681,0.003215,0.069327,0.234792,0.119679,0.040096,-0.113189,0.046301
4648,-7.522887,0.873631,3.176845,0.635369,0.280110,1.000000,2.500000,0.650000,0.161794,0.129877,0.096000,0.004100,0.099140,0.001494,0.070000,0.236929,0.119853,0.036957,-0.112246,0.044621
4649,-7.703629,1.074561,2.538509,0.507702,0.280969,1.000000,2.500000,0.650000,0.160369,0.132225,0.096289,0.006240,0.096219,0.000541,0.069978,0.237352,0.119680,0.037874,-0.113265,0.044951
4650,-7.753481,1.134622,2.342724,0.468545,0.270938,1.000000,2.500000,0.650000,0.160001,0.130822,0.096036,0.011303,0.099628,0.002458,0.068829,0.236832,0.119422,0.040390,-0.116169,0.045938
4651,-7.576614,0.908824,2.958737,0.591747,0.250914,1.000000,2.500000,0.650000,0.160184,0.125388,0.096671,0.009070,0.096101,0.001131,0.069561,0.239306,0.119340,0.038918,-0.113195,0.045299
4652,-7.541559,0.868108,3.114927,0.622985,0.271335,1.000000,2.500000,0.650000,0.160676,0.130083,0.096529,0.007289,0.097336,0.001593,0.069911,0.236331,0.119527,0.038379,-0.112813,0.044887
4653,-7.572235,0.897617,3.002686,0.600537,0.264909,1.000000,2.500000,0.650000,0.160121,0.127296,0.096018,0.009270,0.099210,0.003065,0.069977,0.239257,0.119497,0.040171,-0.112783,0.045317
4654,-7.727219,1.130391,2.454896,0.490979,0.285255,1.000000,2.500000,0.650000,0.160793,0.129203,0.096340,0.004705,0.096574,0.001440,0.069456,0.235965,0.119494,0.037433,-0.112013,0.044349
4655,-7.654371,1.048863,2.687220,0.537444,0.286455,1.000000,2.500000,0.650000,0.160311,0.131667,0.096616,0.007088,0.096053,0.000803,0.069474,0.237489,0.119223,0.037229,-0.113496,0.044686
4656,-7.600194,0.933097,2.904246,0.580849,0.276054,1.000000,2.500000,0.650000,0.160218,0.128425,0.096003,0.005512,0.096596,0.000514,0.069560,0.236841,0.119473,0.038430,-0.113004,0.045227
4657,-7.645031,1.022104,2.698424,0.539685,0.260183,1.000000,2.500000,0.650000,0.161140,0.127830,0.096006,0.007350,0.096093,0.003159,0.069768,0.238864,0.119720,0.037128,-0.112629,0.045026
4658,-7.528039,0.863719,3.181902,0.636380,0.280346,1.000000,2.500000,0.650000,0.160548,0.130787,0.096105,0.005296,0.096442,0.000878,0.069717,0.238148,0.119491,0.038145,-0.112294,0.044971
4659,-7.689630,1.072304,2.550838,0.510168,0.270420,1.000000,2.500000,0.650000,0.161527,0.121697,0.096949,0.006690,0.100623,0.002731,0.064636,0.233605,0.117717,0.040711,-0.112030,0.044175
4660,-7.596464,0.978385,2.885819,0.577164,0.293777,1.000000,2.500000,0.650000,0.163308,0.131468,0.096475,0.005262,0.096423,0.002516,0.069302,0.237239,0.119629,0.036461,-0.114780,0.044087
4661,-7.626276,0.977090,2.797658,0.559532,0.280926,1.000000,2.500000,0.650000,0.161684,0.130577,0.096069,0.005425,0.096099,0.002801,0.065790,0.232646,0.119270,0.040236,-0.112016,0.044255
4662,-7.595681,0.922597,2.924840,0.584968,0.285362,1.000000,2.500000,0.650000,0.163575,0.132822,0.096100,0.006722,0.096046,0.003163,0.069613,0.233859,0.119904,0.039069,-0.113469,0.044453
4663,-7.572644,0.910428,3.043608,0.608722,0.290648,1.000000,2.500000,0.650000,0.161763,0.131725,0.096683,0.004931,0.096030,0.001813,0.069993,0.235964,0.119517,0.038756,-0.112576,0.044208
4664,-7.577622,0.922735,3.007550,0.601510,0.284004,1.000000,2.500000,0.650000,0.162778,0.131097,0.098220,0.004657,0.096015,0.000921,0.069876,0.234853,0.119455,0.037581,-0.113198,0.044019
4665,-7.634360,0.970469,2.783680,0.556736,0.285883,1.000000,2.500000,0.650000,0.161117,0.131660,0.096147,0.003886,0.096814,0.000837,0.069997,0.235924,0.119998,0.037904,-0.112526,0.045059
4666,-7.584128,0.908134,2.974267,0.594853,0.275942,1.000000,2.500000,0.650000,0.160411,0.128181,0.096196,0.007029,0.096202,0.003066,0.069084,0.237153,0.119234,0.039613,-0.113454,0.044118
4667,-7.637328,1.008288,2.780255,0.556051,0.291878,1.000000,2.500000,0.650000,0.163656,0.135797,0.097784,0.003260,0.097378,0.000314,0.069595,0.236487,0.119791,0.037366,-0.113818,0.043861
4668,-7.582330,0.918344,2.997331,0.599466,0.280264,1.000000,2.500000,0.650000,0.160871,0.130552,0.096026,0.005175,0.096817,0.001688,0.069538,0.235900,0.119478,0.038910,-0.112342,0.044376
4669,-7.620879,0.956124,2.825590,0.565118,0.274292,1.000000,2.500000,0.650000,0.160048,0.130576,0.096000,0.006565,0.096000,0.000312,0.069208,0.237127,0.119136,0.040256,-0.112106,0.045319
4670,-7.610488,0.943799,2.882403,0.576481,0.283176,1.000000,2.500000,0.650000,0.160278,0.131627,0.096158,0.004917,0.096387,0.000998,0.068860,0.239500,0.119528,0.037811,-0.114518,0.044945
4671,-7.973311,1.628219,1.613948,0.322790,0.284241,1.000000,2.500000,0.650000,0.160385,0.132517,0.097082,0.007513,0.098203,0.002094,0.069968,0.236323,0.119209,0.039491,-0.117391,0.045414
4672,-7.647489,1.013954,2.760866,0.552173,0.298318,1.000000,2.500000,0.650000,0.163970,0.135517,0.097068,0.004273,0.096268,0.001500,0.069278,0.235511,0.119698,0.037530,-0.113241,0.044185
4673,-7.596889,0.957929,2.935073,0.587015,0.284366,1.000000,2.500000,0.650000,0.162213,0.131220,0.097024,0.004921,0.096017,0.001070,0.069841,0.238289,0.119450,0.038541,-0.113489,0.043369
4674,-7.612158,0.960161,2.864983,0.572997,0.276301,1.000000,2.500000,0.650000,0.160456,0.129062,0.096050,0.004091,0.097592,0.001976,0.068658,0.234679,0.118985,0.040168,-0.112418,0.043916
4675,-7.650977,1.020337,2.732340,0.546468,0.279294,1.000000,2.500000,0.650000,0.160696,0.130295,0.096001,0.005622,0.097056,0.002911,0.069521,0.238449,0.119542,0.039127,-0.112763,0.044555
4676,-7.573524,0.900973,3.005216,0.601043,0.267397,1.000000,2.500000,0.650000,0.161366,0.129951,0.096783,0.006161,0.096004,0.001631,0.069607,0.234772,0.119091,0.038336,-0.115052,0.043927
4677,-7.625498,0.971496,2.818436,0.563687,0.272309,1.000000,2.500000,0.650000,0.160013,0.130181,0.096000,0.004363,0.096670,0.000514,0.069931,0.237689,0.119275,0.039347,-0.112730,0.045225
4678,-7.605083,0.934780,2.915886,0.583177,0.289376,1.000000,2.500000,0.650000,0.160011,0.129343,0.096319,0.007056,0.096357,0.002374,0.069857,0.238583,0.119603,0.040304,-0.112278,0.045126
4679,-7.658878,1.009770,2.701873,0.540375,0.274757,1.000000,2.500000,0.650000,0.161820,0.132508,0.096457,0.006887,0.097066,0.001451,0.069699,0.237221,0.119534,0.039222,-0.114028,0.043886
4680,-7.801307,1.250341,2.203521,0.440704,0.285779,1.000000,2.500000,0.650000,0.160027,0.131701,0.096005,0.005208,0.096133,0.000238,0.069920,0.239235,0.119545,0.038889,-0.112498,0.044938
4681,-9.980945,1.111116,1.905549,0.381110,0.811183,0.000000,2.500000,0.650000,0.161722,0.133369,0.096759,0.002687,0.097902,0.000170,0.069987,0.236920,0.119405,0.038085,-0.112468,0.043557
4682,-7.552442,0.883579,3.103674,0.620735,0.281647,1.000000,2.500000,0.650000,0.162489,0.133477,0.097994,0.006698,0.098141,0.001386,0.068790,0.237562,0.119577,0.038669,-0.115174,0.044974
4683,-7.675999,1.071283,2.611306,0.522261,0.287700,1.000000,2.500000,0.650000,0.161738,0.130781,0.097578,0.006207,0.096780,0.001814,0.069969,0.236306,0.119067,0.039409,-0.117432,0.043783
4684,-7.626300,0.977695,2.806864,0.561373,0.294763,1.000000,2.500000,0.650000,0.162298,0.137248,0.098789,0.004769,0.096011,0.000367,0.069311,0.234848,0.118669,0.039258,-0.117509,0.043166
4685,-7.771126,1.250302,2.252219,0.450444,0.313574,1.000000,2.500000,0.650000,0.164212,0.135726,0.097711,0.002983,0.097249,0.000659,0.069987,0.236084,0.119752,0.038404,-0.112369,0.043002
4686,-7.695489,1.068767,2.575614,0.515123,0.275994,1.000000,2.500000,0.650000,0.160092,0.131296,0.096006,0.005613,0.097201,0.001402,0.067676,0.235873,0.118779,0.040879,-0.112329,0.043898
4687,-7.619588,0.926907,2.808380,0.561676,0.269695,1.000000,2.500000,0.650000,0.160289,0.127020,0.096055,0.008283,0.096551,0.002000,0.068513,0.235178,0.119438,0.041228,-0.112009,0.046116
4688,-7.545487,0.859204,3.101443,0.620289,0.266465,1.000000,2.500000,0.650000,0.160015,0.126046,0.096628,0.008408,0.096009,0.001925,0.068508,0.235837,0.119307,0.039227,-0.112121,0.045623
4689,-7.658571,1.013411,2.704179,0.540836,0.274748,1.000000,2.500000,0.650000,0.160476,0.131312,0.096462,0.006956,0.096255,0.002865,0.069959,0.235996,0.119277,0.040186,-0.115526,0.044888
4690,-7.610770,0.955781,2.894555,0.578911,0.284738,1.000000,2.500000,0.650000,0.161261,0.131975,0.096339,0.006512,0.097282,0.001308,0.070000,0.237147,0.119435,0.038171,-0.115007,0.044541
4691,-7.658247,0.999318,2.712328,0.542466,0.289077,1.000000,2.500000,0.650000,0.160712,0.131086,0.096072,0.007165,0.096038,0.001544,0.069982,0.235826,0.119366,0.038484,-0.113517,0.045456
4692,-7.643846,0.987420,2.734408,0.546882,0.263570,1.000000,2.500000,0.650000,0.161523,0.128393,0.096334,0.008167,0.096678,0.003517,0.069972,0.236449,0.118449,0.038780,-0.117712,0.043958
4693,-7.625059,0.994259,2.834989,0.566998,0.303158,1.000000,2.500000,0.650000,0.161366,0.132821,0.098080,0.003458,0.097443,0.000409,0.069275,0.237270,0.119399,0.037299,-0.113200,0.044050
4694,-7.635251,1.005504,2.744331,0.548866,0.282387,1.000000,2.500000,0.650000,0.160850,0.131251,0.097709,0.004742,0.096039,0.000615,0.068246,0.238427,0.119082,0.038185,-0.116553,0.044767
4695,-7.575395,0.902538,2.979713,0.595943,0.267011,1.000000,2.500000,0.650000,0.161483,0.130980,0.097778,0.008512,0.098129,0.002206,0.069862,0.235316,0.119426,0.038955,-0.116481,0.044823
4696,-7.658958,1.021258,2.677202,0.535440,0.299753,1.000000,2.500000,0.650000,0.161909,0.134050,0.096940,0.006017,0.096008,0.001720,0.069206,0.238064,0.119388,0.037934,-0.117120,0.044288
4697,-7.578084,0.951275,3.019168,0.603834,0.291130,1.000000,2.500000,0.650000,0.165621,0.132181,0.097936,0.004052,0.096060,0.001622,0.068759,0.236455,0.119525,0.036928,-0.114840,0.042974
4698,-7.554948,0.874767,3.043982,0.608796,0.259740,1.000000,2.500000,0.650000,0.160768,0.123642,0.096825,0.009340,0.097636,0.001393,0.069769,0.238951,0.119612,0.039549,-0.112978,0.046453
4699,-7.787340,1.212942,2.267646,0.453529,0.282561,1.000000,2.500000,0.650000,0.160459,0.126082,0.097232,0.006346,0.096092,0.002375,0.067639,0.233973,0.118470,0.040613,-0.114123,0.043973
4700,-7.651363,1.014324,2.697635,0.539527,0.288525,1.000000,2.500000,0.650000,0.162461,0.130877,0.097722,0.007518,0.097089,0.001588,0.068647,0.236505,0.118994,0.037145,-0.117073,0.044438
4701,-7.594157,0.955746,2.914311,0.582862,0.286180,1.000000,2.500000,0.650000,0.162531,0.131073,0.098006,0.007088,0.096352,0.001943,0.069772,0.234931,0.118899,0.037789,-0.117304,0.043688
4702,-7.616355,0.929662,2.844520,0.568904,0.277824,1.000000,2.500000,0.650000,0.160248,0.132190,0.096320,0.009001,0.099453,0.001529,0.069971,0.233890,0.119570,0.039784,-0.113280,0.046064
4703,-7.583579,0.917209,2.980641,0.596128,0.273380,1.000000,2.500000,0.650000,0.162316,0.132032,0.096163,0.008189,0.098721,0.001790,0.069988,0.236465,0.119948,0.038247,-0.113302,0.045532
4704,-7.706789,1.077151,2.542384,0.508477,0.277866,1.000000,2.500000,0.650000,0.163073,0.129710,0.096201,0.007112,0.097235,0.002390,0.067799,0.232996,0.119760,0.040149,-0.112167,0.044480
4705,-7.766850,1.176970,2.311433,0.462287,0.296552,1.000000,2.500000,0.650000,0.161026,0.128132,0.096372,0.007234,0.096002,0.001089,0.069728,0.236733,0.119455,0.037045,-0.113844,0.045029
4706,-7.662399,1.043017,2.649666,0.529933,0.261621,1.000000,2.500000,0.650000,0.160253,0.125625,0.096540,0.008380,0.096031,0.002629,0.070000,0.238614,0.119516,0.038619,-0.112001,0.045326
4707,-7.676825,1.031984,2.629228,0.525846,0.277344,1.000000,2.500000,0.650000,0.160631,0.130462,0.096278,0.006971,0.096363,0.000912,0.069590,0.237276,0.118953,0.038409,-0.112752,0.045150
4708,-7.602668,0.921296,2.897774,0.579555,0.286303,1.000000,2.500000,0.650000,0.160809,0.129055,0.096367,0.006655,0.096110,0.001843,0.069542,0.234110,0.118791,0.039263,-0.115030,0.043952
4709,-7.560763,0.883110,3.030900,0.606180,0.264529,1.000000,2.500000,0.650000,0.160549,0.127351,0.096486,0.007695,0.096196,0.001173,0.069907,0.238350,0.119953,0.037084,-0.112581,0.046066
4710,-7.772373,1.169911,2.299211,0.459842,0.270720,1.000000,2.500000,0.650000,0.160787,0.127835,0.096339,0.008202,0.096855,0.001676,0.069997,0.239089,0.119997,0.038096,-0.112000,0.045421
4711,-7.671373,1.014996,2.632268,0.526454,0.274642,1.000000,2.500000,0.650000,0.160016,0.124659,0.097365,0.007879,0.096480,0.002135,0.069574,0.237860,0.119362,0.039242,-0.112101,0.045503
4712,-7.620139,0.955215,2.798097,0.559619,0.251027,1.000000,2.500000,0.650000,0.160001,0.126753,0.096439,0.009640,0.097884,0.002247,0.068180,0.234764,0.119603,0.040493,-0.112176,0.046645
4713,-7.665885,1.006110,2.646857,0.529371,0.270746,1.000000,2.500000,0.650000,0.160346,0.126464,0.096017,0.007006,0.096130,0.001112,0.068774,0.235427,0.119525,0.039858,-0.112100,0.045767
4714,-7.697139,1.062895,2.561904,0.512381,0.273229,1.000000,2.500000,0.650000,0.160036,0.127052,0.096691,0.006740,0.096043,0.001181,0.068885,0.235576,0.118501,0.039080,-0.114535,0.044368
4715,-7.582227,0.880070,2.942457,0.588491,0.264514,1.000000,2.500000,0.650000,0.160008,0.123691,0.096023,0.008122,0.096258,0.000751,0.069618,0.237104,0.119493,0.038237,-0.112392,0.045693
4716,-7.577938,0.881536,2.966500,0.593300,0.258737,1.000000,2.500000,0.650000,0.160127,0.127331,0.096041,0.011002,0.101289,0.002051,0.069909,0.236845,0.119842,0.038268,-0.113159,0.046386
4717,-7.536243,0.850607,3.108949,0.621790,0.259878,1.000000,2.500000,0.650000,0.160005,0.128764,0.096052,0.009241,0.098872,0.000828,0.069924,0.236520,0.119517,0.038983,-0.113157,0.045832
4718,-7.737349,1.116829,2.412079,0.482416,0.271112,1.000000,2.500000,0.650000,0.160951,0.128949,0.096304,0.008135,0.098155,0.002157,0.069506,0.235266,0.119738,0.039478,-0.113788,0.045008
4719,-7.580067,0.911581,2.962401,0.592480,0.267148,1.000000,2.500000,0.650000,0.162668,0.129940,0.096949,0.007367,0.096572,0.001366,0.069991,0.235847,0.119679,0.037332,-0.112761,0.044064
4720,-7.629714,0.955860,2.777121,0.555424,0.265999,1.000000,2.500000,0.650000,0.160767,0.126417,0.096447,0.010391,0.099777,0.000570,0.069756,0.239318,0.119861,0.038142,-0.112294,0.047035
4721,-7.600078,0.964692,2.899427,0.579885,0.276135,1.000000,2.500000,0.650000,0.161383,0.129987,0.096097,0.006095,0.096021,0.000187,0.069995,0.236898,0.119534,0.036753,-0.112986,0.044682
4722,-7.791378,1.190817,2.219695,0.443939,0.276928,1.000000,2.500000,0.650000,0.162075,0.132128,0.096531,0.009840,0.102178,0.000973,0.069099,0.237970,0.119989,0.037654,-0.115512,0.046209
4723,-7.634447,0.955198,2.760873,0.552175,0.274884,1.000000,2.500000,0.650000,0.160153,0.129747,0.097751,0.007903,0.098734,0.000114,0.069383,0.237325,0.119545,0.036634,-0.114905,0.045378
4724,-7.614536,0.928190,2.844057,0.568811,0.283289,1.000000,2.500000,0.650000,0.161289,0.129944,0.096417,0.009123,0.100212,0.001287,0.069073,0.237856,0.119916,0.037424,-0.112944,0.045811
4725,-7.562714,0.874499,3.026318,0.605264,0.262974,1.000000,2.500000,0.650000,0.160065,0.129416,0.096074,0.008954,0.097720,0.000338,0.069823,0.237148,0.119871,0.038982,-0.112004,0.046618
4726,-7.691109,1.021378,2.545251,0.509050,0.268069,1.000000,2.500000,0.650000,0.160066,0.128651,0.096027,0.009225,0.097975,0.001007,0.069973,0.236037,0.119760,0.038308,-0.112271,0.046478
4727,-7.683530,1.037460,2.616148,0.523230,0.278766,1.000000,2.500000,0.650000,0.164961,0.133534,0.097810,0.009749,0.101557,0.001980,0.068800,0.236032,0.119916,0.036651,-0.116264,0.045059
4728,-7.605580,0.941412,2.875010,0.575002,0.280417,1.000000,2.500000,0.650000,0.161146,0.129557,0.096483,0.008590,0.098775,0.002257,0.069543,0.237257,0.119570,0.038175,-0.116307,0.044803
4729,-7.588401,0.925000,2.913517,0.582703,0.265123,1.000000,2.500000,0.650000,0.160049,0.125279,0.096011,0.008388,0.096048,0.001230,0.068989,0.237636,0.118894,0.037051,-0.113744,0.045306
4730,-8.471321,3.168896,0.812498,0.162500,0.291553,1.000000,2.500000,0.650000,0.160125,0.127816,0.096000,0.009726,0.100318,0.000587,0.069897,0.237404,0.119575,0.038849,-0.112311,0.046338
4731,-7.871891,1.350698,2.004135,0.400827,0.278877,1.000000,2.500000,0.650000,0.160527,0.129844,0.096026,0.008198,0.096037,0.001014,0.069954,0.236870,0.119812,0.037139,-0.112010,0.045273
4732,-7.603982,0.931601,2.908704,0.581741,0.276218,1.000000,2.500000,0.650000,0.161229,0.131865,0.096733,0.007205,0.096414,0.000620,0.069972,0.235815,0.119592,0.037148,-0.113100,0.045236
4733,-7.643723,0.969594,2.727427,0.545485,0.274265,1.000000,2.500000,0.650000,0.160025,0.129328,0.096015,0.007403,0.096002,0.000343,0.069992,0.235737,0.119503,0.037932,-0.113163,0.045115
4734,-7.920521,1.455134,1.854542,0.370908,0.279529,1.000000,2.500000,0.650000,0.160118,0.129510,0.096206,0.007442,0.096005,0.000262,0.069645,0.237028,0.119887,0.038001,-0.112307,0.046087
4735,-7.754789,1.119874,2.346534,0.469307,0.268515,1.000000,2.500000,0.650000,0.160561,0.128053,0.096389,0.009899,0.097538,0.001392,0.069909,0.237089,0.119832,0.037584,-0.112040,0.046240
4736,-7.623447,0.944826,2.784777,0.556955,0.257921,1.000000,2.500000,0.650000,0.160303,0.127060,0.096412,0.010483,0.099021,0.001288,0.069402,0.236058,0.119999,0.038263,-0.112712,0.046665
4737,-7.622148,0.970170,2.825020,0.565004,0.269493,1.000000,2.500000,0.650000,0.160004,0.125705,0.096326,0.005781,0.099882,0.000712,0.069308,0.234853,0.118962,0.037792,-0.112715,0.044975
4738,-7.810073,1.219268,2.173358,0.434672,0.273043,1.000000,2.500000,0.650000,0.160303,0.131435,0.096427,0.007511,0.096772,0.000633,0.069488,0.236415,0.119716,0.037961,-0.113239,0.045602
4739,-7.571701,0.873891,3.024586,0.604917,0.277526,1.000000,2.500000,0.650000,0.160691,0.131306,0.096187,0.008190,0.096596,0.001003,0.069849,0.234713,0.119024,0.038640,-0.116443,0.044961
4740,-7.696096,1.053042,2.555329,0.511066,0.276408,1.000000,2.500000,0.650000,0.162229,0.131754,0.096478,0.008309,0.100460,0.000909,0.068630,0.239049,0.119940,0.037212,-0.115263,0.045285
4741,-7.572984,0.909884,3.016418,0.603284,0.279571,1.000000,2.500000,0.650000,0.160381,0.133785,0.097358,0.007054,0.097773,0.000144,0.067952,0.238222,0.119829,0.037643,-0.114371,0.045749
4742,-7.574693,0.876437,3.030320,0.606064,0.280827,1.000000,2.500000,0.650000,0.160336,0.134854,0.096558,0.007441,0.097746,0.000200,0.069218,0.237299,0.119674,0.037920,-0.115353,0.045901
4743,-7.615671,0.943846,2.825213,0.565043,0.263601,1.000000,2.500000,0.650000,0.160050,0.130105,0.096033,0.008531,0.096764,0.000046,0.069999,0.237391,0.119718,0.038325,-0.112054,0.046656
4744,-7.626616,0.950103,2.842410,0.568482,0.289622,1.000000,2.500000,0.650000,0.161775,0.132382,0.096748,0.008132,0.098472,0.000907,0.068165,0.237660,0.119930,0.037368,-0.113546,0.045758
4745,-7.534957,0.848661,3.155203,0.631041,0.272348,1.000000,2.500000,0.650000,0.160764,0.131839,0.096710,0.008589,0.097190,0.000922,0.069826,0.233564,0.119352,0.038305,-0.115586,0.045394
4746,-7.571312,0.895579,3.035924,0.607185,0.284654,1.000000,2.500000,0.650000,0.160000,0.130643,0.096089,0.006241,0.097472,0.000283,0.069613,0.235093,0.118653,0.039123,-0.112883,0.044810
4747,-7.581762,0.901814,2.979865,0.595973,0.285859,1.000000,2.500000,0.650000,0.161368,0.134738,0.097005,0.006418,0.096025,0.000308,0.068621,0.236545,0.119576,0.036599,-0.115421,0.044726
4748,-7.620244,1.001334,2.795945,0.559189,0.302167,1.000000,2.500000,0.650000,0.163336,0.132884,0.098421,0.002839,0.099100,0.000166,0.069902,0.235400,0.119504,0.036194,-0.114982,0.043101
4749,-7.699229,1.078601,2.557185,0.511437,0.279357,1.000000,2.500000,0.650000,0.160008,0.128023,0.096075,0.006055,0.096280,0.000045,0.069255,0.238704,0.119473,0.036701,-0.112003,0.045504
4750,-7.558221,0.871336,3.047944,0.609589,0.264939,1.000000,2.500000,0.650000,0.160205,0.127807,0.096093,0.008092,0.096000,0.001273,0.069911,0.237390,0.119575,0.037675,-0.114129,0.044777
4751,-7.559411,0.864121,3.068553,0.613711,0.275629,1.000000,2.500000,0.650000,0.160224,0.132633,0.097408,0.007947,0.099791,0.000030,0.069548,0.235919,0.119794,0.036938,-0.115392,0.046648
4752,-7.688961,1.037554,2.607906,0.521581,0.286699,1.000000,2.500000,0.650000,0.161065,0.135301,0.097742,0.006874,0.096280,0.000025,0.069123,0.236066,0.118988,0.036278,-0.118107,0.045329
4753,-7.602139,0.913040,2.909147,0.581829,0.278304,1.000000,2.500000,0.650000,0.162154,0.134571,0.098199,0.008535,0.100272,0.000672,0.069995,0.231734,0.119878,0.039058,-0.115971,0.046103
4754,-7.551362,0.862167,3.087007,0.617401,0.268876,1.000000,2.500000,0.650000,0.161330,0.129954,0.096028,0.007510,0.096216,0.001418,0.069957,0.235243,0.119709,0.037699,-0.113508,0.044743
4755,-7.581834,0.873375,2.935661,0.587132,0.259278,1.000000,2.500000,0.650000,0.160084,0.128367,0.096155,0.010651,0.098796,0.001884,0.069982,0.235334,0.119878,0.038354,-0.112955,0.046327
4756,-7.620838,0.962663,2.829044,0.565809,0.278356,1.000000,2.500000,0.650000,0.160121,0.130531,0.096000,0.005324,0.100152,0.000003,0.069975,0.235841,0.118729,0.036768,-0.112497,0.044619
4757,-7.624950,0.975186,2.796943,0.559389,0.278209,1.000000,2.500000,0.650000,0.161316,0.133373,0.097396,0.007370,0.096302,0.000207,0.069663,0.234735,0.119602,0.037139,-0.116988,0.044637
4758,-7.572471,0.907262,3.002785,0.600557,0.264106,1.000000,2.500000,0.650000,0.160556,0.127566,0.096001,0.008150,0.096017,0.001696,0.069997,0.236868,0.119231,0.037303,-0.113872,0.044538
4759,-7.601789,0.930835,2.916167,0.583233,0.287256,1.000000,2.500000,0.650000,0.161572,0.134501,0.100047,0.007385,0.100644,0.000006,0.068353,0.235681,0.119726,0.037299,-0.117218,0.045298
4760,-7.577145,0.885402,2.965248,0.593050,0.268917,1.000000,2.500000,0.650000,0.160117,0.130816,0.096018,0.007069,0.096001,0.000120,0.069926,0.235490,0.119684,0.038714,-0.112053,0.045765
4761,-7.635497,0.969615,2.809795,0.561959,0.296287,1.000000,2.500000,0.650000,0.160514,0.129371,0.097124,0.006780,0.096034,0.000090,0.069582,0.235982,0.119232,0.036774,-0.114307,0.044897
4762,-7.612105,0.930184,2.849497,0.569899,0.269517,1.000000,2.500000,0.650000,0.160112,0.131136,0.096006,0.008859,0.098289,0.000177,0.069996,0.237259,0.119254,0.039637,-0.112465,0.046187
4763,-7.684292,1.027681,2.578159,0.515632,0.271111,1.000000,2.500000,0.650000,0.160100,0.128342,0.096062,0.009186,0.098234,0.001336,0.069952,0.238064,0.118847,0.037677,-0.118128,0.044493
4764,-7.571362,0.882747,2.987424,0.597485,0.258521,1.000000,2.500000,0.650000,0.160000,0.125479,0.097068,0.008041,0.096434,0.001343,0.069682,0.235832,0.119825,0.037627,-0.112871,0.045708
4765,-7.856103,1.320045,2.047004,0.409401,0.284416,1.000000,2.500000,0.650000,0.161586,0.130043,0.097388,0.009488,0.100293,0.001881,0.068410,0.236676,0.119342,0.036526,-0.118502,0.044472
4766,-7.528925,0.851619,3.169010,0.633802,0.265555,1.000000,2.500000,0.650000,0.163200,0.127862,0.096405,0.007746,0.097439,0.001191,0.069791,0.237185,0.119877,0.036280,-0.113724,0.044326
4767,-7.586894,0.917634,2.959639,0.591928,0.267261,1.000000,2.500000,0.650000,0.160636,0.126178,0.096520,0.006491,0.097792,0.000721,0.068666,0.235863,0.119777,0.037745,-0.113003,0.044559
4768,-7.567613,0.873899,3.041472,0.608294,0.279725,1.000000,2.500000,0.650000,0.160550,0.129727,0.096530,0.008483,0.097234,0.001792,0.069882,0.235562,0.119368,0.037640,-0.115592,0.044737
4769,-7.675836,1.012920,2.622621,0.524524,0.273738,1.000000,2.500000,0.650000,0.160045,0.127831,0.096241,0.008440,0.096193,0.002407,0.068768,0.233815,0.119491,0.039137,-0.112365,0.044880
4770,-7.645728,0.968161,2.743999,0.548800,0.277206,1.000000,2.500000,0.650000,0.160070,0.128113,0.096024,0.007846,0.096249,0.000773,0.069720,0.238228,0.119725,0.037464,-0.112595,0.045841
4771,-7.831216,1.281502,2.140036,0.428007,0.292802,1.000000,2.500000,0.650000,0.162379,0.130265,0.096130,0.007778,0.097030,0.001559,0.069990,0.234762,0.119879,0.037799,-0.112073,0.044814
4772,-7.694400,1.045333,2.573332,0.514666,0.282516,1.000000,2.500000,0.650000,0.163141,0.130111,0.096150,0.007829,0.097047,0.002028,0.069173,0.233643,0.119841,0.039357,-0.113719,0.044624
4773,-7.695851,1.060383,2.570538,0.514108,0.282074,1.000000,2.500000,0.650000,0.161161,0.130177,0.096298,0.006382,0.096126,0.001880,0.069505,0.234329,0.119044,0.037774,-0.115515,0.044171
4774,-7.642854,1.000804,2.713667,0.542733,0.256200,1.000000,2.500000,0.650000,0.160447,0.124986,0.096329,0.008337,0.096005,0.002366,0.068954,0.236296,0.119533,0.038696,-0.112286,0.044586
4775,-7.512958,0.817585,3.225231,0.645046,0.267401,1.000000,2.500000,0.650000,0.160177,0.126667,0.096031,0.008005,0.096169,0.000385,0.069904,0.236370,0.119590,0.037400,-0.112151,0.045404
4776,-7.654699,1.020980,2.720841,0.544168,0.278101,1.000000,2.500000,0.650000,0.164721,0.127936,0.096853,0.004916,0.098577,0.000940,0.069337,0.235136,0.119604,0.034701,-0.113665,0.043110
4777,-7.549253,0.868480,3.124139,0.624828,0.278898,1.000000,2.500000,0.650000,0.164306,0.130791,0.096562,0.006967,0.096419,0.001021,0.069495,0.234906,0.119981,0.035222,-0.113143,0.044838
4778,-7.572663,0.874223,2.967245,0.593449,0.260786,1.000000,2.500000,0.650000,0.160345,0.125779,0.096738,0.010744,0.097779,0.001717,0.069910,0.236733,0.119953,0.036808,-0.112020,0.046262
4779,-7.690130,1.063937,2.615776,0.523155,0.291120,1.000000,2.500000,0.650000,0.162255,0.132679,0.096240,0.007272,0.097904,0.000349,0.069333,0.237926,0.120000,0.036613,-0.112149,0.045164
4780,-7.708158,1.076675,2.530921,0.506184,0.280520,1.000000,2.500000,0.650000,0.163382,0.129438,0.096271,0.007602,0.097413,0.002082,0.069872,0.236877,0.119940,0.036249,-0.114500,0.044672
4781,-8.335350,2.671515,0.990209,0.198042,0.273111,1.000000,2.500000,0.650000,0.160026,0.124726,0.096271,0.009508,0.096838,0.000394,0.069893,0.237436,0.119968,0.036453,-0.112144,0.045955
4782,-7.715608,1.110693,2.482622,0.496524,0.262813,1.000000,2.500000,0.650000,0.162873,0.125987,0.096144,0.006938,0.096006,0.001627,0.069954,0.237887,0.119915,0.036498,-0.112058,0.044472
4783,-7.577981,0.902732,2.969381,0.593876,0.256617,1.000000,2.500000,0.650000,0.160002,0.125868,0.096639,0.007994,0.096474,0.001138,0.069998,0.237437,0.119651,0.037835,-0.112337,0.045405
4784,-7.580311,0.892101,2.969257,0.593851,0.275041,1.000000,2.500000,0.650000,0.160149,0.125118,0.096386,0.007939,0.097168,0.002427,0.068320,0.235414,0.118571,0.038670,-0.114872,0.043660
4785,-7.683595,1.035550,2.626986,0.525397,0.289409,1.000000,2.500000,0.650000,0.164032,0.131805,0.097894,0.008229,0.098590,0.001749,0.069915,0.233826,0.119666,0.037435,-0.115921,0.044263
4786,-7.629201,0.967241,2.802132,0.560426,0.271347,1.000000,2.500000,0.650000,0.161926,0.129334,0.096140,0.007110,0.096030,0.000398,0.069916,0.235758,0.119974,0.036984,-0.112241,0.045228
4787,-7.626719,0.953205,2.807158,0.561432,0.269579,1.000000,2.500000,0.650000,0.161258,0.131220,0.096008,0.008379,0.097996,0.001078,0.069492,0.236832,0.120000,0.037657,-0.112215,0.046557
4788,-7.554295,0.870433,3.063858,0.612772,0.257422,1.000000,2.500000,0.650000,0.160775,0.122648,0.098661,0.010731,0.096393,0.001181,0.068131,0.236773,0.119910,0.038568,-0.114172,0.046984
4789,-7.600334,0.930259,2.886015,0.577203,0.260720,1.000000,2.500000,0.650000,0.160955,0.126443,0.096152,0.008597,0.096011,0.001395,0.069993,0.234106,0.119834,0.036590,-0.112053,0.045555
4790,-7.555037,0.871590,3.037968,0.607594,0.255818,1.000000,2.500000,0.650000,0.161199,0.126150,0.096002,0.008702,0.096031,0.000856,0.069996,0.236398,0.119546,0.036498,-0.112582,0.044509
4791,-7.561577,0.870996,3.018152,0.603630,0.267752,1.000000,2.500000,0.650000,0.160611,0.127737,0.096019,0.009834,0.096172,0.000567,0.069942,0.236825,0.119879,0.036244,-0.112009,0.045955
4792,-7.539671,0.856565,3.120109,0.624022,0.278929,1.000000,2.500000,0.650000,0.160136,0.128385,0.096001,0.007579,0.096249,0.000070,0.069624,0.238507,0.119913,0.036479,-0.112017,0.045780
4793,-7.837418,1.294620,2.098348,0.419670,0.266055,1.000000,2.500000,0.650000,0.160964,0.130069,0.096133,0.009038,0.096658,0.001362,0.068327,0.237980,0.119887,0.036543,-0.112300,0.045751
4794,-7.696854,1.054563,2.541293,0.508259,0.268337,1.000000,2.500000,0.650000,0.160214,0.127450,0.096253,0.008539,0.096066,0.000927,0.069898,0.236503,0.119900,0.037757,-0.112472,0.045283
4795,-7.559038,0.865794,3.056084,0.611217,0.267709,1.000000,2.500000,0.650000,0.160586,0.129177,0.096142,0.009966,0.096673,0.001231,0.069992,0.236175,0.119684,0.037248,-0.112732,0.045452
4796,-7.644624,0.978684,2.706873,0.541375,0.278931,1.000000,2.500000,0.650000,0.160816,0.127752,0.096001,0.008844,0.097876,0.001621,0.069855,0.237143,0.119853,0.037512,-0.112864,0.044940
4797,-7.644699,1.010277,2.709031,0.541806,0.260816,1.000000,2.500000,0.650000,0.160538,0.121970,0.098298,0.008658,0.096897,0.001830,0.069078,0.238281,0.119642,0.038374,-0.112026,0.045141
4798,-7.990479,1.601241,1.644963,0.328993,0.280974,1.000000,2.500000,0.650000,0.160145,0.128483,0.096264,0.009881,0.097728,0.001337,0.069989,0.235951,0.119809,0.038397,-0.112724,0.046721
4799,-7.703676,1.060923,2.531638,0.506328,0.278870,1.000000,2.500000,0.650000,0.160158,0.126446,0.096026,0.008074,0.096005,0.000576,0.069691,0.238994,0.119763,0.036772,-0.112375,0.045541
4800,-7.579580,0.896017,2.989093,0.597819,0.272704,1.000000,2.500000,0.650000,0.160156,0.125700,0.096335,0.008085,0.096045,0.001049,0.069719,0.236424,0.119979,0.038170,-0.112480,0.045784
4801,-7.569542,0.855491,2.987764,0.597553,0.265617,1.000000,2.500000,0.650000,0.160062,0.129276,0.096043,0.009871,0.097985,0.000187,0.069566,0.237861,0.119975,0.037779,-0.112001,0.047347
4802,-7.746177,1.107444,2.344864,0.468973,0.279913,1.000000,2.500000,0.650000,0.160159,0.124815,0.096541,0.010562,0.097373,0.000980,0.069970,0.237887,0.119832,0.037357,-0.112003,0.046083
4803,-7.595436,0.921374,2.925896,0.585179,0.273633,1.000000,2.500000,0.650000,0.161145,0.127614,0.096259,0.009272,0.096982,0.001435,0.069692,0.238721,0.119929,0.036536,-0.113414,0.045555
4804,-7.635273,0.973863,2.776884,0.555377,0.287374,1.000000,2.500000,0.650000,0.160726,0.130304,0.096003,0.006929,0.096593,0.000158,0.069978,0.237202,0.119737,0.036777,-0.112055,0.045137
4805,-7.527374,0.839917,3.148210,0.629642,0.273684,1.000000,2.500000,0.650000,0.160788,0.129375,0.096000,0.008218,0.096621,0.000118,0.069947,0.236871,0.119955,0.035854,-0.112000,0.045898
4806,-7.581577,0.887243,2.947978,0.589596,0.273918,1.000000,2.500000,0.650000,0.160638,0.124864,0.096192,0.008065,0.096154,0.000352,0.069968,0.238111,0.119907,0.035781,-0.112119,0.044688
4807,-7.625918,0.922800,2.801645,0.560329,0.266532,1.000000,2.500000,0.650000,0.160458,0.128271,0.096377,0.011100,0.100749,0.001386,0.069851,0.237687,0.119998,0.037126,-0.112265,0.046760
4808,-7.679086,1.030533,2.614588,0.522918,0.273262,1.000000,2.500000,0.650000,0.161734,0.133442,0.097339,0.007497,0.097331,0.000005,0.069110,0.235014,0.119879,0.036432,-0.113208,0.045787
4809,-7.569584,0.878092,3.010273,0.602055,0.266021,1.000000,2.500000,0.650000,0.160926,0.130237,0.096242,0.009830,0.098165,0.000450,0.069435,0.237477,0.119994,0.035896,-0.112032,0.046604
4810,-7.640697,0.959353,2.760377,0.552075,0.270698,1.000000,2.500000,0.650000,0.160199,0.127641,0.096004,0.008995,0.097089,0.000031,0.069844,0.235844,0.119987,0.036841,-0.112250,0.046398
4811,-8.166548,2.096058,1.265156,0.253031,0.278586,1.000000,2.500000,0.650000,0.161407,0.129736,0.096154,0.008187,0.096168,0.000546,0.069977,0.234572,0.119880,0.036295,-0.114192,0.045301
4812,-7.718984,1.099060,2.477168,0.495434,0.280718,1.000000,2.500000,0.650000,0.160272,0.126920,0.096154,0.005725,0.097892,0.000572,0.069504,0.235982,0.119412,0.037132,-0.112581,0.043801
4813,-7.557287,0.863094,3.041611,0.608322,0.261675,1.000000,2.500000,0.650000,0.160265,0.127266,0.096000,0.008590,0.096008,0.000241,0.069901,0.235598,0.119909,0.037057,-0.112820,0.045655
4814,-7.581006,0.859595,2.949663,0.589933,0.269479,1.000000,2.500000,0.650000,0.160049,0.128020,0.096008,0.010981,0.100581,0.000832,0.069933,0.236331,0.119927,0.037719,-0.112725,0.047089
4815,-7.602710,0.902226,2.875664,0.575133,0.271260,1.000000,2.500000,0.650000,0.160000,0.126403,0.096924,0.010923,0.097472,0.000374,0.069968,0.236879,0.119989,0.036810,-0.112982,0.047264
4816,-7.587160,0.902266,2.921341,0.584268,0.256011,1.000000,2.500000,0.650000,0.160125,0.124863,0.096633,0.010122,0.097906,0.000663,0.069989,0.239640,0.119950,0.037367,-0.112010,0.046560
4817,-7.556951,0.854451,3.057973,0.611595,0.274829,1.000000,2.500000,0.650000,0.160109,0.125672,0.097070,0.008679,0.096186,0.000481,0.069162,0.237885,0.119956,0.037465,-0.114058,0.045895
4818,-7.580971,0.899274,2.960013,0.592003,0.264226,1.000000,2.500000,0.650000,0.160083,0.127849,0.096612,0.008103,0.096295,0.000158,0.069868,0.237091,0.119944,0.038027,-0.113633,0.046465
4819,-7.561044,0.865314,3.047914,0.609583,0.269033,1.000000,2.500000,0.650000,0.160305,0.128196,0.096404,0.008216,0.096240,0.000352,0.068987,0.236830,0.119997,0.038043,-0.114089,0.046235
4820,-7.676722,0.993308,2.598855,0.519771,0.273823,1.000000,2.500000,0.650000,0.160209,0.127017,0.096008,0.011091,0.100235,0.001354,0.069566,0.237004,0.119991,0.038448,-0.112270,0.046353
4821,-7.671152,1.011648,2.635461,0.527092,0.276572,1.000000,2.500000,0.650000,0.160230,0.128420,0.096477,0.009737,0.098865,0.000357,0.069980,0.239122,0.119986,0.037370,-0.112354,0.046303
4822,-7.662142,0.984900,2.665877,0.533175,0.268771,1.000000,2.500000,0.650000,0.160152,0.126113,0.096373,0.009314,0.096456,0.000002,0.069935,0.237165,0.119933,0.036402,-0.113603,0.046770
4823,-7.643633,0.966316,2.722733,0.544547,0.265088,1.000000,2.500000,0.650000,0.160190,0.126274,0.096439,0.008790,0.096650,0.000106,0.069874,0.237091,0.119996,0.036718,-0.114629,0.046945
4824,-7.884606,1.370907,1.948397,0.389679,0.274579,1.000000,2.500000,0.650000,0.160068,0.125837,0.096877,0.008564,0.096028,0.000108,0.068832,0.236500,0.119948,0.037699,-0.114595,0.046517
4825,-7.619328,0.926787,2.819868,0.563974,0.269413,1.000000,2.500000,0.650000,0.161396,0.130128,0.096390,0.010097,0.098970,0.001035,0.069194,0.235325,0.119987,0.038465,-0.112001,0.046011
4826,-7.612643,0.932668,2.845799,0.569160,0.266844,1.000000,2.500000,0.650000,0.160292,0.127977,0.096001,0.008933,0.096412,0.001275,0.069797,0.235282,0.119950,0.037803,-0.112010,0.046088
4827,-7.560894,0.878181,3.043228,0.608646,0.264480,1.000000,2.500000,0.650000,0.161418,0.126499,0.096593,0.007857,0.096066,0.001283,0.068917,0.234879,0.119999,0.037100,-0.113603,0.045621
4828,-7.701269,1.060921,2.516458,0.503292,0.265965,1.000000,2.500000,0.650000,0.160007,0.126342,0.097240,0.009996,0.096009,0.001277,0.069755,0.236369,0.119915,0.037347,-0.112187,0.046108
4829,-7.818367,1.238936,2.121709,0.424342,0.266110,1.000000,2.500000,0.650000,0.160784,0.126949,0.096915,0.010347,0.097594,0.001938,0.068156,0.235469,0.119954,0.038358,-0.112359,0.045355
4830,-7.541349,0.867834,3.133132,0.626626,0.267525,1.000000,2.500000,0.650000,0.162385,0.130865,0.096025,0.006686,0.096679,0.000114,0.069834,0.235117,0.119984,0.036958,-0.112078,0.045714
4831,-7.856315,1.306120,2.025366,0.405073,0.273124,1.000000,2.500000,0.650000,0.161558,0.126957,0.096647,0.009139,0.096260,0.000485,0.069308,0.235626,0.120000,0.036275,-0.115042,0.045915
4832,-7.639979,0.992340,2.745301,0.549060,0.277951,1.000000,2.500000,0.650000,0.160934,0.128013,0.096659,0.008348,0.096538,0.000791,0.069494,0.236575,0.119953,0.037068,-0.113658,0.045895
4833,-7.543338,0.837158,3.128123,0.625625,0.281224,1.000000,2.500000,0.650000,0.161678,0.129153,0.096658,0.009607,0.097097,0.001552,0.069886,0.235780,0.119956,0.037957,-0.113223,0.046416
4834,-7.539990,0.843853,3.135070,0.627014,0.270202,1.000000,2.500000,0.650000,0.160402,0.127484,0.096400,0.007488,0.096310,0.000557,0.069226,0.237242,0.119997,0.037631,-0.114198,0.046215
4835,-7.581617,0.889085,2.956238,0.591248,0.267690,1.000000,2.500000,0.650000,0.160002,0.127662,0.096833,0.009770,0.097687,0.001058,0.069019,0.235400,0.119973,0.038292,-0.112075,0.046162
4836,-7.542909,0.856954,3.118745,0.623749,0.269620,1.000000,2.500000,0.650000,0.161485,0.129497,0.096091,0.006529,0.096006,0.000820,0.069623,0.235652,0.119799,0.037411,-0.112195,0.044752
4837,-7.749909,1.152017,2.380392,0.476078,0.279009,1.000000,2.500000,0.650000,0.161507,0.127897,0.096074,0.006837,0.096026,0.000974,0.068565,0.234681,0.119922,0.037767,-0.112000,0.044786
4838,-7.677691,1.019674,2.616431,0.523286,0.266321,1.000000,2.500000,0.650000,0.161453,0.128854,0.096603,0.008112,0.096067,0.001780,0.068422,0.233820,0.119994,0.038395,-0.114806,0.045771
4839,-7.916226,1.399249,1.847191,0.369438,0.284479,1.000000,2.500000,0.650000,0.161036,0.128628,0.097440,0.011095,0.099906,0.001287,0.069392,0.236164,0.119740,0.037402,-0.114017,0.047001
4840,-7.592821,0.898100,2.924547,0.584909,0.278033,1.000000,2.500000,0.650000,0.160499,0.130531,0.096018,0.007814,0.097987,0.000060,0.069232,0.236055,0.119997,0.037851,-0.112869,0.046290
4841,-7.536321,0.866709,3.132055,0.626411,0.272045,1.000000,2.500000,0.650000,0.161127,0.129501,0.096244,0.006782,0.096417,0.000232,0.069896,0.237209,0.119969,0.036447,-0.112989,0.046499
4842,-7.727211,1.072856,2.442442,0.488488,0.279349,1.000000,2.500000,0.650000,0.160081,0.126347,0.097711,0.008083,0.096431,0.001069,0.067799,0.236518,0.119996,0.038507,-0.115102,0.046255
4843,-7.652628,0.986726,2.701475,0.540295,0.271133,1.000000,2.500000,0.650000,0.163579,0.128997,0.096063,0.008974,0.098280,0.001783,0.069760,0.233281,0.119946,0.037340,-0.112000,0.045612
4844,-7.631167,0.966794,2.789779,0.557956,0.271602,1.000000,2.500000,0.650000,0.160947,0.130266,0.096282,0.008417,0.098146,0.000539,0.069901,0.236140,0.119985,0.037373,-0.112735,0.046708
4845,-7.591237,0.908507,2.928169,0.585634,0.272140,1.000000,2.500000,0.650000,0.160122,0.127807,0.096006,0.007260,0.096046,0.000419,0.068484,0.234831,0.119750,0.038151,-0.112053,0.045679
4846,-7.647408,0.984293,2.743770,0.548754,0.278056,1.000000,2.500000,0.650000,0.161331,0.130867,0.096619,0.005912,0.096261,0.000166,0.069482,0.235997,0.119901,0.038069,-0.112131,0.044969
4847,-7.689684,1.051593,2.587600,0.517520,0.283772,1.000000,2.500000,0.650000,0.162453,0.129760,0.096102,0.006810,0.096054,0.000312,0.069896,0.235141,0.119993,0.036248,-0.112005,0.045514
4848,-7.823167,1.264746,2.104562,0.420912,0.260046,1.000000,2.500000,0.650000,0.160284,0.124934,0.098236,0.009782,0.097874,0.003056,0.066014,0.234527,0.119995,0.040307,-0.113346,0.046193
4849,-7.665004,1.008959,2.660711,0.532142,0.279720,1.000000,2.500000,0.650000,0.160286,0.129234,0.096260,0.007807,0.096378,0.000204,0.069836,0.236803,0.119951,0.037249,-0.112847,0.046242
4850,-7.587249,0.899869,2.947963,0.589593,0.266965,1.000000,2.500000,0.650000,0.162164,0.129548,0.096000,0.006960,0.096700,0.000593,0.069884,0.235777,0.119994,0.036898,-0.112799,0.045622
4851,-7.816027,1.260797,2.165477,0.433095,0.282363,1.000000,2.500000,0.650000,0.160096,0.127747,0.097918,0.007843,0.096025,0.000382,0.067512,0.237332,0.119984,0.038950,-0.115746,0.045712
4852,-7.530099,0.836609,3.183257,0.636651,0.269763,1.000000,2.500000,0.650000,0.160974,0.128483,0.096068,0.006619,0.096000,0.000078,0.068830,0.235771,0.119985,0.036408,-0.113377,0.045567
4853,-7.598738,0.923773,2.878260,0.575652,0.259947,1.000000,2.500000,0.650000,0.160159,0.126293,0.096844,0.009879,0.098604,0.001270,0.068280,0.236440,0.119992,0.038812,-0.113567,0.046601
4854,-7.572147,0.890150,3.002390,0.600478,0.263607,1.000000,2.500000,0.650000,0.160314,0.126717,0.096587,0.007714,0.098106,0.000062,0.069967,0.239013,0.119901,0.036225,-0.114989,0.046813
4855,-7.590382,0.910509,2.912340,0.582468,0.274397,1.000000,2.500000,0.650000,0.160000,0.126977,0.096886,0.007486,0.096401,0.000666,0.068032,0.236179,0.119979,0.038258,-0.113611,0.046833
4856,-7.629882,0.979903,2.764636,0.552927,0.271051,1.000000,2.500000,0.650000,0.160370,0.127338,0.096007,0.006640,0.096084,0.000439,0.068926,0.235364,0.119893,0.037456,-0.112309,0.046096
4857,-7.645469,0.994609,2.781669,0.556334,0.281001,1.000000,2.500000,0.650000,0.163402,0.130291,0.096153,0.006027,0.096275,0.001491,0.069067,0.234118,0.120000,0.037108,-0.112091,0.044999
4858,-7.589709,0.919403,2.967256,0.593451,0.271968,1.000000,2.500000,0.650000,0.161223,0.132978,0.096110,0.006961,0.097361,0.000185,0.069301,0.237809,0.119953,0.036960,-0.113280,0.046000
4859,-7.663692,1.034837,2.661711,0.532342,0.302706,1.000000,2.500000,0.650000,0.163276,0.133143,0.096569,0.003889,0.096468,0.000034,0.069988,0.236674,0.119820,0.036256,-0.112322,0.046094
4860,-7.599169,0.933404,2.904633,0.580927,0.268680,1.000000,2.500000,0.650000,0.162317,0.127308,0.096048,0.007275,0.097195,0.000908,0.069677,0.235983,0.119974,0.036421,-0.112890,0.045710
4861,-7.929649,1.463748,1.823589,0.364718,0.288316,1.000000,2.500000,0.650000,0.163150,0.133309,0.096181,0.007881,0.099368,0.000303,0.069709,0.235926,0.119960,0.036598,-0.112091,0.046331
4862,-7.711365,1.081926,2.484641,0.496928,0.268525,1.000000,2.500000,0.650000,0.161232,0.128491,0.096061,0.006545,0.096469,0.000003,0.068439,0.235519,0.119979,0.037178,-0.115244,0.046109
4863,-7.683226,1.042947,2.632087,0.526417,0.286254,1.000000,2.500000,0.650000,0.162866,0.129638,0.096068,0.007201,0.097587,0.000374,0.069988,0.236825,0.119888,0.035673,-0.114013,0.046150
4864,-7.626632,0.942132,2.784208,0.556842,0.273328,1.000000,2.500000,0.650000,0.160032,0.129402,0.096031,0.008405,0.098896,0.000004,0.068925,0.235963,0.119987,0.037997,-0.112951,0.046870
4865,-7.551198,0.858490,3.072879,0.614576,0.266274,1.000000,2.500000,0.650000,0.160292,0.126491,0.096804,0.007667,0.096001,0.000155,0.068457,0.237364,0.119999,0.036836,-0.115846,0.045874
4866,-7.801497,1.203861,2.189919,0.437984,0.272479,1.000000,2.500000,0.650000,0.160581,0.127781,0.097427,0.008622,0.096866,0.000336,0.067961,0.236342,0.119993,0.036642,-0.114063,0.046087
4867,-7.676510,1.019100,2.613286,0.522657,0.273096,1.000000,2.500000,0.650000,0.160472,0.130386,0.096268,0.006624,0.096361,0.000056,0.068888,0.235583,0.119988,0.038201,-0.114708,0.046440
4868,-7.911595,1.418961,1.865690,0.373138,0.280022,1.000000,2.500000,0.650000,0.161437,0.128983,0.096154,0.007876,0.096843,0.000509,0.069276,0.235406,0.119992,0.037002,-0.112498,0.045807
4869,-7.811394,1.249683,2.170251,0.434050,0.271695,1.000000,2.500000,0.650000,0.160293,0.126643,0.096174,0.004885,0.096781,0.000002,0.068320,0.237833,0.119979,0.036659,-0.114586,0.045350
4870,-7.687459,1.039603,2.572375,0.514475,0.270604,1.000000,2.500000,0.650000,0.160890,0.130216,0.096007,0.007804,0.097009,0.000372,0.069528,0.234834,0.119963,0.037653,-0.112012,0.046010
4871,-7.597203,0.937068,2.879120,0.575824,0.267152,1.000000,2.500000,0.650000,0.160075,0.125086,0.096685,0.006992,0.096038,0.000237,0.068356,0.238242,0.119999,0.037345,-0.114234,0.045896
4872,-7.744675,1.147267,2.373368,0.474674,0.267005,1.000000,2.500000,0.650000,0.160286,0.127175,0.097279,0.007027,0.096392,0.000237,0.069807,0.238967,0.119786,0.037245,-0.117338,0.046829
4873,-7.644688,0.973002,2.746723,0.549345,0.276844,1.000000,2.500000,0.650000,0.160148,0.127455,0.096051,0.006997,0.096228,0.000304,0.069244,0.236641,0.119885,0.037077,-0.112004,0.045653
4874,-7.692978,1.059004,2.560782,0.512156,0.281068,1.000000,2.500000,0.650000,0.160544,0.129209,0.096053,0.005487,0.096283,0.000006,0.069317,0.237397,0.120000,0.037071,-0.112632,0.045388
4875,-7.617958,0.923209,2.826789,0.565358,0.284951,1.000000,2.500000,0.650000,0.160035,0.124820,0.097910,0.007723,0.096122,0.000060,0.067927,0.238179,0.119969,0.036108,-0.115613,0.045966
4876,-7.606982,0.944595,2.863128,0.572626,0.267588,1.000000,2.500000,0.650000,0.161012,0.128716,0.096001,0.005495,0.096003,0.000242,0.069718,0.237084,0.119997,0.036621,-0.112032,0.045319
4877,-7.634456,0.974541,2.786042,0.557208,0.276057,1.000000,2.500000,0.650000,0.161065,0.129814,0.096012,0.005918,0.096005,0.000003,0.069337,0.236395,0.119977,0.036381,-0.112672,0.045962
4878,-7.682423,1.031650,2.619309,0.523862,0.286466,1.000000,2.500000,0.650000,0.160654,0.130299,0.096009,0.006599,0.096627,0.000122,0.068831,0.237454,0.119999,0.038587,-0.112560,0.045470
4879,-7.575148,0.885863,2.963997,0.592799,0.255446,1.000000,2.500000,0.650000,0.160004,0.123668,0.097779,0.009804,0.097203,0.001849,0.066980,0.235847,0.119943,0.038917,-0.113515,0.046265
4880,-7.651641,1.001365,2.712992,0.542598,0.272324,1.000000,2.500000,0.650000,0.160181,0.129383,0.096220,0.006846,0.096714,0.000137,0.068917,0.237339,0.119614,0.038261,-0.112364,0.045004
4881,-7.544401,0.843169,3.101526,0.620305,0.267059,1.000000,2.500000,0.650000,0.160100,0.125890,0.097547,0.007335,0.096066,0.000075,0.069145,0.237811,0.119991,0.036872,-0.115933,0.046755
4882,-7.576945,0.896822,2.960530,0.592106,0.259847,1.000000,2.500000,0.650000,0.160562,0.125450,0.096502,0.009292,0.097106,0.000489,0.068747,0.236743,0.119995,0.036851,-0.113787,0.045974
4883,-7.600205,0.906120,2.868184,0.573637,0.263055,1.000000,2.500000,0.650000,0.160106,0.128879,0.097083,0.008933,0.098824,0.000310,0.069997,0.239743,0.119960,0.037023,-0.113232,0.046868
4884,-7.676292,1.023371,2.615991,0.523198,0.267699,1.000000,2.500000,0.650000,0.160211,0.124965,0.096475,0.007401,0.096019,0.000855,0.067720,0.236123,0.119922,0.037267,-0.113907,0.045223
4885,-7.534899,0.832471,3.128645,0.625729,0.261195,1.000000,2.500000,0.650000,0.160083,0.126586,0.096713,0.009645,0.097908,0.000306,0.069658,0.237723,0.119984,0.037256,-0.113479,0.046514
4886,-7.567883,0.866761,3.013286,0.602657,0.266968,1.000000,2.500000,0.650000,0.160221,0.125268,0.097567,0.009369,0.096684,0.000472,0.068625,0.237923,0.119991,0.036767,-0.114297,0.046339
4887,-7.642215,0.967678,2.735270,0.547054,0.265110,1.000000,2.500000,0.650000,0.160011,0.125236,0.097140,0.007698,0.096132,0.000162,0.068396,0.238301,0.119965,0.037494,-0.114361,0.046190
4888,-7.611099,0.924818,2.833275,0.566655,0.267206,1.000000,2.500000,0.650000,0.160516,0.125262,0.096938,0.008563,0.097941,0.001039,0.067944,0.236010,0.119907,0.038031,-0.115735,0.046653
4889,-7.617583,0.950282,2.808371,0.561674,0.263528,1.000000,2.500000,0.650000,0.160136,0.125838,0.097231,0.008027,0.096004,0.000984,0.068138,0.235907,0.119934,0.038699,-0.113722,0.046117
4890,-7.833368,1.287323,2.085927,0.417185,0.266876,1.000000,2.500000,0.650000,0.160003,0.124424,0.098678,0.008446,0.096001,0.000655,0.066866,0.236743,0.120000,0.037878,-0.117226,0.046468
4891,-7.575740,0.883298,2.985386,0.597077,0.268040,1.000000,2.500000,0.650000,0.160445,0.130131,0.096029,0.006779,0.098096,0.000015,0.069855,0.237441,0.119997,0.037338,-0.112478,0.046744
4892,-7.648665,0.982694,2.705647,0.541129,0.277311,1.000000,2.500000,0.650000,0.160856,0.128236,0.096691,0.007331,0.096019,0.000163,0.069165,0.236863,0.119999,0.037458,-0.114159,0.045673
4893,-8.011748,1.658970,1.585329,0.317066,0.260804,1.000000,2.500000,0.650000,0.160202,0.123379,0.098093,0.008753,0.097152,0.000084,0.067936,0.238657,0.119993,0.037456,-0.117078,0.046953
4894,-7.624305,0.960018,2.756929,0.551386,0.252189,1.000000,2.500000,0.650000,0.160166,0.120095,0.099637,0.009197,0.096000,0.000956,0.065855,0.237809,0.119907,0.037428,-0.117401,0.046072
4895,-7.793922,1.194745,2.225597,0.445119,0.271733,1.000000,2.500000,0.650000,0.160368,0.125324,0.098051,0.008750,0.096598,0.000148,0.068873,0.237975,0.120000,0.037956,-0.116585,0.047668
4896,-7.894955,1.358633,1.911180,0.382236,0.273745,1.000000,2.500000,0.650000,0.162480,0.125093,0.097044,0.009723,0.098022,0.001586,0.068472,0.236274,0.119967,0.036623,-0.113336,0.045882
4897,-7.574394,0.840735,2.975544,0.595109,0.277984,1.000000,2.500000,0.650000,0.160262,0.128906,0.096642,0.009234,0.098883,0.000295,0.068222,0.235464,0.119894,0.038467,-0.114488,0.047417
4898,-7.585246,0.890625,2.950809,0.590162,0.275745,1.000000,2.500000,0.650000,0.160074,0.126959,0.096899,0.009024,0.097282,0.000310,0.068590,0.236278,0.119995,0.037753,-0.113077,0.046649
4899,-8.067627,1.785771,1.461703,0.292341,0.274445,1.000000,2.500000,0.650000,0.160038,0.124744,0.098613,0.009391,0.096822,0.000316,0.067584,0.237300,0.119887,0.037870,-0.117701,0.047285
4900,-7.749703,1.131867,2.350136,0.470027,0.264314,1.000000,2.500000,0.650000,0.160733,0.126484,0.096877,0.010464,0.100448,0.001487,0.068319,0.235664,0.119988,0.037769,-0.112444,0.046615
4901,-7.548016,0.863049,3.093808,0.618762,0.268517,1.000000,2.500000,0.650000,0.160190,0.126720,0.096485,0.007992,0.098177,0.000136,0.069511,0.238621,0.119996,0.037376,-0.114400,0.046640
4902,-7.634794,0.957728,2.753509,0.550702,0.266065,1.000000,2.500000,0.650000,0.160000,0.125305,0.097437,0.008687,0.097859,0.000091,0.069809,0.239766,0.119993,0.036330,-0.114836,0.046790
4903,-7.591309,0.895640,2.906835,0.581367,0.261662,1.000000,2.500000,0.650000,0.160798,0.123004,0.097726,0.009511,0.097518,0.000166,0.067972,0.238094,0.119992,0.038145,-0.115463,0.047589
4904,-7.705827,1.057426,2.509714,0.501943,0.270053,1.000000,2.500000,0.650000,0.160001,0.127402,0.097076,0.010080,0.099274,0.000020,0.069838,0.238808,0.119885,0.036944,-0.115708,0.047674
4905,-7.695472,1.062963,2.571300,0.514260,0.286102,1.000000,2.500000,0.650000,0.160576,0.129848,0.096133,0.006458,0.096043,0.000003,0.070000,0.238773,0.119997,0.037097,-0.112474,0.045541
4906,-7.732498,1.099495,2.442701,0.488540,0.275870,1.000000,2.500000,0.650000,0.160781,0.127083,0.096233,0.008280,0.096999,0.000372,0.069884,0.238592,0.119997,0.036158,-0.112413,0.045685
4907,-7.613607,0.922839,2.824095,0.564819,0.267770,1.000000,2.500000,0.650000,0.160429,0.128829,0.096281,0.008651,0.100070,0.000084,0.069355,0.237599,0.119933,0.037565,-0.113106,0.047158
4908,-7.561765,0.868974,3.038441,0.607688,0.271959,1.000000,2.500000,0.650000,0.160281,0.126711,0.098035,0.009525,0.096709,0.000179,0.068248,0.236135,0.119996,0.038297,-0.114533,0.047568
4909,-7.560910,0.874272,3.043898,0.608780,0.260194,1.000000,2.500000,0.650000,0.160031,0.125999,0.097146,0.008283,0.096772,0.000018,0.068152,0.238518,0.120000,0.037652,-0.115008,0.046399
4910,-7.768503,1.157137,2.302703,0.460541,0.272360,1.000000,2.500000,0.650000,0.160007,0.126538,0.096313,0.008499,0.097588,0.000006,0.069536,0.238917,0.119998,0.037558,-0.115016,0.046740
4911,-7.569952,0.884160,2.976365,0.595273,0.250513,1.000000,2.500000,0.650000,0.160337,0.123959,0.098839,0.009654,0.097415,0.000414,0.068364,0.238421,0.120000,0.037782,-0.116293,0.047465
4912,-7.666597,1.012097,2.652956,0.530591,0.280736,1.000000,2.500000,0.650000,0.160243,0.125275,0.096600,0.007363,0.097372,0.000021,0.068602,0.238075,0.119937,0.036703,-0.115717,0.046805
4913,-7.619500,0.926768,2.810032,0.562006,0.269365,1.000000,2.500000,0.650000,0.160002,0.126774,0.096971,0.008971,0.098443,0.000061,0.068343,0.236793,0.119949,0.038522,-0.116184,0.047581
4914,-7.659290,1.002258,2.692514,0.538503,0.273949,1.000000,2.500000,0.650000,0.160947,0.129607,0.096080,0.006948,0.097309,0.000045,0.069900,0.237131,0.119983,0.036813,-0.112038,0.045800
4915,-7.604480,0.923056,2.885754,0.577151,0.279699,1.000000,2.500000,0.650000,0.160089,0.127011,0.096632,0.007461,0.097910,0.000019,0.069976,0.239467,0.119980,0.036141,-0.113920,0.046884
4916,-7.658248,1.011108,2.662706,0.532541,0.264664,1.000000,2.500000,0.650000,0.160665,0.125832,0.098699,0.009921,0.097761,0.000151,0.068164,0.238714,0.119991,0.038142,-0.114693,0.047089
4917,-7.617328,0.939063,2.823857,0.564771,0.263925,1.000000,2.500000,0.650000,0.160009,0.126772,0.097450,0.008529,0.097476,0.000058,0.069162,0.238508,0.119977,0.037542,-0.114501,0.047199
4918,-7.599147,0.897473,2.888374,0.577675,0.267558,1.000000,2.500000,0.650000,0.160024,0.127644,0.096379,0.008501,0.097885,0.000091,0.069007,0.237170,0.120000,0.038411,-0.113362,0.047141
4919,-7.929695,1.461682,1.823584,0.364717,0.284325,1.000000,2.500000,0.650000,0.160004,0.127349,0.097142,0.008273,0.098209,0.000010,0.069422,0.239212,0.119938,0.036945,-0.115400,0.047371
4920,-7.519083,0.810229,3.183856,0.636771,0.265353,1.000000,2.500000,0.650000,0.160094,0.127408,0.097351,0.009586,0.099240,0.000065,0.069441,0.238633,0.119958,0.036870,-0.114199,0.047496
4921,-7.560585,0.898175,3.024431,0.604886,0.277537,1.000000,2.500000,0.650000,0.160007,0.124068,0.097823,0.005964,0.097240,0.000093,0.068033,0.238402,0.119988,0.037215,-0.117106,0.045766
4922,-7.779143,1.160853,2.257828,0.451566,0.274313,1.000000,2.500000,0.650000,0.160175,0.127075,0.097519,0.007622,0.097103,0.000033,0.069402,0.238536,0.119893,0.036636,-0.115567,0.047126
4923,-7.580374,0.888214,2.960849,0.592170,0.262143,1.000000,2.500000,0.650000,0.160036,0.126482,0.097483,0.009008,0.097447,0.000360,0.069305,0.238882,0.119999,0.037327,-0.113688,0.046589
4924,-7.638454,0.947752,2.741276,0.548255,0.278502,1.000000,2.500000,0.650000,0.160359,0.125389,0.098325,0.008779,0.096585,0.000033,0.067984,0.238367,0.119997,0.038499,-0.116055,0.047058
4925,-7.790235,1.177357,2.228447,0.445689,0.270818,1.000000,2.500000,0.650000,0.160013,0.128225,0.096624,0.009177,0.098374,0.000075,0.070000,0.238629,0.119999,0.036764,-0.112450,0.047141
4926,-7.565002,0.866341,3.021515,0.604303,0.260283,1.000000,2.500000,0.650000,0.161221,0.124193,0.099961,0.010812,0.096948,0.000143,0.067117,0.237865,0.119995,0.038685,-0.117940,0.047970
4927,-7.796494,1.206291,2.202681,0.440536,0.264501,1.000000,2.500000,0.650000,0.160001,0.126373,0.097172,0.008067,0.096574,0.000059,0.068734,0.238445,0.119997,0.037468,-0.115785,0.046901
4928,-7.555234,0.857441,3.057702,0.611540,0.258636,1.000000,2.500000,0.650000,0.160003,0.124011,0.097604,0.009324,0.096564,0.001211,0.068078,0.237141,0.119767,0.038482,-0.112154,0.045992
4929,-7.584876,0.912176,2.950610,0.590122,0.271248,1.000000,2.500000,0.650000,0.160173,0.126656,0.097150,0.007055,0.096018,0.000053,0.068318,0.237303,0.119999,0.036800,-0.115024,0.046354
4930,-7.582984,0.885077,2.955901,0.591180,0.271676,1.000000,2.500000,0.650000,0.160000,0.124958,0.097441,0.009493,0.096848,0.000745,0.067993,0.237088,0.119863,0.038000,-0.112345,0.046315
4931,-7.562380,0.867898,3.000812,0.600162,0.253735,1.000000,2.500000,0.650000,0.160229,0.123587,0.098462,0.010204,0.098772,0.000286,0.068539,0.238251,0.119998,0.037470,-0.114981,0.047719
4932,-7.622529,0.973617,2.790968,0.558194,0.258124,1.000000,2.500000,0.650000,0.160371,0.124270,0.098875,0.009521,0.097026,0.000013,0.067688,0.238588,0.119991,0.037666,-0.116426,0.047259
4933,-7.653701,0.993091,2.681477,0.536295,0.264076,1.000000,2.500000,0.650000,0.160124,0.126175,0.097961,0.009022,0.097730,0.000040,0.068097,0.238670,0.119997,0.038311,-0.115652,0.047271
4934,-7.769736,1.151692,2.276441,0.455288,0.266431,1.000000,2.500000,0.650000,0.160174,0.125229,0.098286,0.010582,0.098732,0.000610,0.068666,0.237909,0.119916,0.036864,-0.114661,0.047225
4935,-7.616915,0.929210,2.826869,0.565374,0.270136,1.000000,2.500000,0.650000,0.160090,0.127308,0.096758,0.008521,0.097502,0.000427,0.069398,0.237384,0.119995,0.037864,-0.112944,0.046899
4936,-7.724691,1.096046,2.432753,0.486551,0.268507,1.000000,2.500000,0.650000,0.160587,0.126756,0.096718,0.008931,0.097940,0.000587,0.069333,0.237546,0.119997,0.036997,-0.112319,0.046367
4937,-7.675630,1.029894,2.593741,0.518748,0.269789,1.000000,2.500000,0.650000,0.160025,0.123869,0.098045,0.007897,0.096038,0.000138,0.068363,0.238262,0.119968,0.037480,-0.115871,0.046430
4938,-7.623659,0.953187,2.799479,0.559896,0.269637,1.000000,2.500000,0.650000,0.160019,0.125941,0.097705,0.008955,0.097999,0.000102,0.068901,0.239227,0.119994,0.038076,-0.114512,0.046965
4939,-7.658281,0.993647,2.673180,0.534636,0.274703,1.000000,2.500000,0.650000,0.160026,0.125808,0.097632,0.008620,0.096388,0.000001,0.068769,0.237584,0.119995,0.036556,-0.114518,0.047301
4940,-7.662357,0.999878,2.671357,0.534271,0.282308,1.000000,2.500000,0.650000,0.160347,0.127151,0.097042,0.007616,0.096194,0.000187,0.069311,0.236736,0.119990,0.036624,-0.113745,0.045951
4941,-7.626216,0.949138,2.798094,0.559619,0.270134,1.000000,2.500000,0.650000,0.160108,0.125421,0.097639,0.008951,0.098301,0.000638,0.068987,0.238611,0.119982,0.037405,-0.114203,0.046877
4942,-7.680114,1.030096,2.580512,0.516102,0.258976,1.000000,2.500000,0.650000,0.160874,0.121290,0.098726,0.010155,0.097111,0.000114,0.068260,0.238898,0.119918,0.037263,-0.114146,0.047308
4943,-7.680361,1.004421,2.579102,0.515820,0.268810,1.000000,2.500000,0.650000,0.160022,0.126994,0.097162,0.009467,0.097721,0.000077,0.068238,0.235248,0.119969,0.037711,-0.113615,0.047391
4944,-7.612945,0.922823,2.839112,0.567822,0.266523,1.000000,2.500000,0.650000,0.160010,0.126939,0.096760,0.008950,0.097289,0.000424,0.068754,0.236535,0.119900,0.038083,-0.112388,0.046714
4945,-7.582801,0.920652,2.938258,0.587652,0.259786,1.000000,2.500000,0.650000,0.160182,0.124863,0.097499,0.009044,0.096710,0.000151,0.068249,0.238313,0.119835,0.038001,-0.112767,0.046653
4946,-7.836754,1.255809,2.085345,0.417069,0.274468,1.000000,2.500000,0.650000,0.160840,0.124332,0.098538,0.010922,0.099218,0.000092,0.069084,0.239071,0.119993,0.037239,-0.113396,0.047917
4947,-7.567497,0.872709,3.006437,0.601287,0.272909,1.000000,2.500000,0.650000,0.160079,0.122876,0.098769,0.009556,0.096622,0.000434,0.068239,0.238968,0.119998,0.037355,-0.115535,0.047165
4948,-7.659690,1.000449,2.641085,0.528217,0.259381,1.000000,2.500000,0.650000,0.160299,0.122702,0.099574,0.009539,0.096284,0.000455,0.065755,0.236868,0.119976,0.038923,-0.116314,0.046955
4949,-7.795478,1.203421,2.196771,0.439354,0.266810,1.000000,2.500000,0.650000,0.160089,0.123720,0.098418,0.009428,0.096856,0.000883,0.068174,0.238015,0.119972,0.038035,-0.113895,0.047053
4950,-7.557119,0.853566,3.039250,0.607850,0.266054,1.000000,2.500000,0.650000,0.160511,0.125077,0.097736,0.010158,0.098345,0.000000,0.069474,0.239158,0.119948,0.037118,-0.112861,0.047399
4951,-7.570920,0.892752,2.981807,0.596361,0.253975,1.000000,2.500000,0.650000,0.160169,0.123652,0.097940,0.009376,0.096296,0.000690,0.067963,0.238878,0.119784,0.038117,-0.112640,0.046477
4952,-7.653710,0.989141,2.704988,0.540998,0.265482,1.000000,2.500000,0.650000,0.161333,0.123326,0.098603,0.010543,0.097344,0.000093,0.067719,0.238212,0.119884,0.038529,-0.113766,0.047387
4953,-7.599837,0.924179,2.871325,0.574265,0.256692,1.000000,2.500000,0.650000,0.160433,0.123024,0.098391,0.009108,0.096216,0.000090,0.067915,0.238705,0.119934,0.037819,-0.114732,0.046988
4954,-7.516228,0.814415,3.214719,0.642944,0.265778,1.000000,2.500000,0.650000,0.160353,0.124802,0.097971,0.009130,0.096741,0.000068,0.068670,0.238291,0.119975,0.037683,-0.114395,0.047262
4955,-7.524228,0.823322,3.171171,0.634234,0.259148,1.000000,2.500000,0.650000,0.160264,0.125502,0.097929,0.009250,0.097789,0.000001,0.068992,0.238396,0.119997,0.037708,-0.115493,0.047746
4956,-7.582952,0.896591,2.951305,0.590261,0.259604,1.000000,2.500000,0.650000,0.160372,0.125649,0.097670,0.009467,0.097025,0.000011,0.069100,0.238851,0.119908,0.036945,-0.113673,0.047086
4957,-7.623690,0.952328,2.778023,0.555605,0.257457,1.000000,2.500000,0.650000,0.160447,0.123699,0.098574,0.011397,0.098292,0.000177,0.069395,0.239440,0.119930,0.036981,-0.112494,0.047379
4958,-7.950819,1.502216,1.750148,0.350030,0.270952,1.000000,2.500000,0.650000,0.161464,0.124315,0.099635,0.009229,0.096561,0.000013,0.067971,0.239235,0.119999,0.038020,-0.116907,0.048190
4959,-7.634554,0.958232,2.752149,0.550430,0.254566,1.000000,2.500000,0.650000,0.160032,0.125452,0.097461,0.009587,0.097771,0.000040,0.068805,0.238299,0.119957,0.037506,-0.113073,0.047010
4960,-7.781154,1.195427,2.242676,0.448535,0.265587,1.000000,2.500000,0.650000,0.161002,0.123254,0.099013,0.010176,0.096252,0.000067,0.067492,0.237999,0.119921,0.037650,-0.115273,0.047310
4961,-7.645588,0.978347,2.703502,0.540700,0.265128,1.000000,2.500000,0.650000,0.160004,0.126309,0.097134,0.009622,0.097358,0.000364,0.069544,0.237149,0.119932,0.037218,-0.112165,0.046944
4962,-7.672471,1.029917,2.613779,0.522756,0.260335,1.000000,2.500000,0.650000,0.160212,0.126057,0.097179,0.008858,0.097032,0.000033,0.069443,0.238535,0.119994,0.037876,-0.113944,0.047258
4963,-7.782812,1.162488,2.254624,0.450925,0.267349,1.000000,2.500000,0.650000,0.161309,0.122861,0.099100,0.009283,0.096069,0.000023,0.067394,0.238238,0.119905,0.037960,-0.115888,0.047318
4964,-7.548174,0.841164,3.082670,0.616534,0.266662,1.000000,2.500000,0.650000,0.160462,0.123335,0.098946,0.009492,0.096227,0.000171,0.068035,0.237823,0.119962,0.037592,-0.115990,0.047415
4965,-7.575432,0.884647,2.966665,0.593333,0.254939,1.000000,2.500000,0.650000,0.161632,0.121835,0.099163,0.009777,0.096272,0.000069,0.068872,0.238964,0.119909,0.037496,-0.115647,0.047679
4966,-7.557227,0.865116,3.018743,0.603749,0.259945,1.000000,2.500000,0.650000,0.160132,0.126182,0.097017,0.009121,0.097822,0.000100,0.069234,0.238178,0.119970,0.037810,-0.113285,0.047331
4967,-7.919922,1.444296,1.824161,0.364832,0.273045,1.000000,2.500000,0.650000,0.160395,0.124147,0.097586,0.009126,0.096794,0.000036,0.069743,0.239328,0.119962,0.036861,-0.113866,0.047225
4968,-7.597086,0.913914,2.866754,0.573351,0.259526,1.000000,2.500000,0.650000,0.160583,0.123120,0.098718,0.009982,0.097524,0.000263,0.068407,0.238484,0.119998,0.038185,-0.115051,0.047750
4969,-7.617677,0.954912,2.841621,0.568324,0.269694,1.000000,2.500000,0.650000,0.160264,0.123741,0.098188,0.007816,0.096148,0.000033,0.068505,0.239420,0.119970,0.036645,-0.116089,0.046623
4970,-8.113833,1.952068,1.359445,0.271889,0.266947,1.000000,2.500000,0.650000,0.160947,0.124478,0.098328,0.008793,0.096483,0.000004,0.068799,0.239446,0.119988,0.037927,-0.115485,0.047460
4971,-7.545850,0.859215,3.072971,0.614594,0.260409,1.000000,2.500000,0.650000,0.160508,0.125974,0.097814,0.008638,0.096268,0.000051,0.068597,0.238599,0.119918,0.037422,-0.113335,0.047297
4972,-7.614795,0.949250,2.823695,0.564739,0.265403,1.000000,2.500000,0.650000,0.160428,0.124474,0.098420,0.009033,0.096007,0.000032,0.068269,0.238344,0.119910,0.037587,-0.114731,0.046821
4973,-7.594010,0.926468,2.904723,0.580945,0.257563,1.000000,2.500000,0.650000,0.160675,0.125623,0.097540,0.009306,0.097827,0.000008,0.068796,0.237987,0.119883,0.038154,-0.113248,0.047849
4974,-7.561725,0.861261,3.030117,0.606023,0.267509,1.000000,2.500000,0.650000,0.160095,0.124408,0.098204,0.008116,0.096052,0.000003,0.068051,0.238088,0.119929,0.037086,-0.115762,0.046601
4975,-7.592286,0.904276,2.916240,0.583248,0.266009,1.000000,2.500000,0.650000,0.160327,0.125615,0.097291,0.007785,0.096029,0.000044,0.067894,0.237098,0.119826,0.037767,-0.115039,0.046833
4976,-7.740152,1.103852,2.381622,0.476324,0.264703,1.000000,2.500000,0.650000,0.160472,0.124262,0.097684,0.009395,0.096150,0.000146,0.068864,0.238240,0.119805,0.037682,-0.112867,0.046995
4977,-7.556588,0.859282,3.055017,0.611003,0.271922,1.000000,2.500000,0.650000,0.160185,0.125662,0.096906,0.009083,0.097364,0.000032,0.068498,0.238089,0.119907,0.037932,-0.112757,0.046798
4978,-7.987560,1.588868,1.625905,0.325181,0.267675,1.000000,2.500000,0.650000,0.160525,0.124356,0.098322,0.009258,0.096223,0.000000,0.068283,0.238453,0.119970,0.037209,-0.115653,0.047291
4979,-7.605293,0.918545,2.850541,0.570108,0.259668,1.000000,2.500000,0.650000,0.160304,0.125741,0.097641,0.007940,0.096020,0.000005,0.068155,0.237194,0.119947,0.037661,-0.114488,0.047240
4980,-7.655858,0.983874,2.677753,0.535551,0.280435,1.000000,2.500000,0.650000,0.161193,0.123021,0.099814,0.007972,0.096458,0.000000,0.067810,0.239184,0.119935,0.037451,-0.116300,0.047262
4981,-7.545588,0.859590,3.084784,0.616957,0.268772,1.000000,2.500000,0.650000,0.160006,0.126477,0.097783,0.009137,0.097168,0.000101,0.068949,0.238303,0.119984,0.037197,-0.113606,0.046966
4982,-7.626744,0.954294,2.779073,0.555815,0.251426,1.000000,2.500000,0.650000,0.161359,0.124406,0.098622,0.010624,0.096905,0.000045,0.068546,0.238251,0.119878,0.037902,-0.113540,0.047784
4983,-7.931172,1.470396,1.790138,0.358028,0.269060,1.000000,2.500000,0.650000,0.160073,0.122412,0.098244,0.008214,0.096009,0.000443,0.066704,0.235790,0.119991,0.038040,-0.116203,0.046869
4984,-7.592513,0.913254,2.907809,0.581562,0.261662,1.000000,2.500000,0.650000,0.160109,0.125891,0.096908,0.008425,0.096517,0.000202,0.068222,0.236273,0.119929,0.037366,-0.113389,0.046287
4985,-7.616615,0.941358,2.806638,0.561328,0.260385,1.000000,2.500000,0.650000,0.160483,0.124892,0.097984,0.008890,0.096153,0.000000,0.067460,0.237536,0.119905,0.038419,-0.114733,0.047051
4986,-7.796342,1.210361,2.189111,0.437822,0.270710,1.000000,2.500000,0.650000,0.160201,0.126803,0.097290,0.009087,0.096735,0.000029,0.069319,0.238135,0.119992,0.037155,-0.114135,0.047421
4987,-7.589647,0.910146,2.925644,0.585129,0.263766,1.000000,2.500000,0.650000,0.160285,0.123544,0.098567,0.009013,0.096168,0.000046,0.067746,0.238388,0.119929,0.037374,-0.115194,0.046858
4988,-7.617472,0.948851,2.798298,0.559660,0.257776,1.000000,2.500000,0.650000,0.160460,0.124351,0.098317,0.009732,0.096342,0.000022,0.067501,0.238795,0.119798,0.038119,-0.113890,0.046616
4989,-7.565337,0.865409,3.025970,0.605194,0.275543,1.000000,2.500000,0.650000,0.160805,0.125699,0.097774,0.009035,0.096857,0.000021,0.068278,0.238575,0.119909,0.037777,-0.114534,0.047367
4990,-7.687011,1.038899,2.584159,0.516832,0.270963,1.000000,2.500000,0.650000,0.160068,0.126439,0.097281,0.008788,0.096542,0.000003,0.068595,0.237947,0.119784,0.037182,-0.112653,0.046801
4991,-7.811165,1.212450,2.147022,0.429404,0.270753,1.000000,2.500000,0.650000,0.160585,0.125658,0.098167,0.010001,0.097688,0.000042,0.068941,0.238119,0.119957,0.037614,-0.113530,0.047772
4992,-7.777711,1.160561,2.276007,0.455201,0.271986,1.000000,2.500000,0.650000,0.160205,0.125362,0.097529,0.009772,0.097293,0.000109,0.068495,0.238697,0.119916,0.037679,-0.112874,0.046882
4993,-7.613704,0.935417,2.855103,0.571021,0.274888,1.000000,2.500000,0.650000,0.160019,0.126117,0.096734,0.007609,0.096000,0.000018,0.068089,0.237400,0.119796,0.037316,-0.112753,0.046096
4994,-7.708127,1.056602,2.487471,0.497494,0.262772,1.000000,2.500000,0.650000,0.160124,0.124752,0.098374,0.008683,0.096017,0.000060,0.068052,0.238160,0.119909,0.037617,-0.115052,0.046676
4995,-7.583925,0.912851,2.959094,0.591819,0.265017,1.000000,2.500000,0.650000,0.160014,0.125645,0.097046,0.007627,0.096019,0.000018,0.068045,0.237976,0.119839,0.037152,-0.113908,0.046059
4996,-7.624965,0.934398,2.791100,0.558220,0.263689,1.000000,2.500000,0.650000,0.160052,0.123989,0.098313,0.009696,0.097415,0.000188,0.067731,0.238222,0.119937,0.037408,-0.114627,0.046795
4997,-7.524336,0.822226,3.159807,0.631961,0.267183,1.000000,2.500000,0.650000,0.160234,0.125498,0.097306,0.009760,0.098648,0.000029,0.068499,0.237939,0.119968,0.037865,-0.113575,0.047224
4998,-7.593787,0.902477,2.911904,0.582381,0.263755,1.000000,2.500000,0.650000,0.160328,0.126851,0.096851,0.009068,0.097325,0.000043,0.068870,0.238224,0.119842,0.037670,-0.113243,0.047008
4999,-7.689561,1.039683,2.565759,0.513152,0.271127,1.000000,2.500000,0.650000,0.160509,0.127000,0.096822,0.008742,0.097099,0.000236,0.069547,0.238299,0.119941,0.036992,-0.113976,0.047455
5000,-7.637187,0.961285,2.759314,0.551863,0.268455,1.000000,2.500000,0.650000,0.160056,0.126447,0.096876,0.008442,0.096182,0.000084,0.068768,0.237918,0.119894,0.036933,-0.112667,0.046061
5001,-7.736662,1.098098,2.391201,0.478240,0.266008,1.000000,2.500000,0.650000,0.160518,0.123838,0.097985,0.009414,0.096959,0.000127,0.067857,0.238256,0.119836,0.037948,-0.113182,0.046832
5002,-7.669436,1.007358,2.619581,0.523916,0.279678,1.000000,2.500000,0.650000,0.160068,0.128459,0.096206,0.007457,0.096408,0.000042,0.069259,0.237444,0.119967,0.036932,-0.113562,0.046295
5003,-7.709859,1.069324,2.475989,0.495198,0.270411,1.000000,2.500000,0.650000,0.160589,0.125404,0.097764,0.009221,0.096326,0.000015,0.067857,0.237490,0.119870,0.037823,-0.114021,0.047193
5004,-7.555651,0.858622,3.062772,0.612554,0.271600,1.000000,2.500000,0.650000,0.160009,0.125749,0.097682,0.008069,0.096191,0.000197,0.068208,0.238035,0.119963,0.037434,-0.114310,0.046455
5005,-7.605865,0.925237,2.861216,0.572243,0.268434,1.000000,2.500000,0.650000,0.160037,0.125990,0.096938,0.008482,0.096298,0.000038,0.068110,0.237583,0.119821,0.037628,-0.113033,0.046355
5006,-7.685631,1.020655,2.575715,0.515143,0.267653,1.000000,2.500000,0.650000,0.160267,0.125142,0.097950,0.010522,0.099250,0.000202,0.068487,0.238807,0.119999,0.037660,-0.113916,0.047559
5007,-7.680194,1.034835,2.593504,0.518701,0.273669,1.000000,2.500000,0.650000,0.160126,0.127567,0.096601,0.008422,0.097311,0.000012,0.069185,0.238485,0.119938,0.038032,-0.112725,0.046721
5008,-7.619476,0.953299,2.826711,0.565342,0.268909,1.000000,2.500000,0.650000,0.160078,0.124602,0.098051,0.009618,0.097455,0.000250,0.068548,0.238575,0.119985,0.037230,-0.114259,0.046731
5009,-7.579021,0.881916,2.959304,0.591861,0.264261,1.000000,2.500000,0.650000,0.160038,0.124489,0.097632,0.008910,0.096482,0.000236,0.068105,0.238181,0.119952,0.037852,-0.113657,0.046565
5010,-7.590205,0.891994,2.920489,0.584098,0.268244,1.000000,2.500000,0.650000,0.160004,0.126432,0.097085,0.009834,0.099402,0.000109,0.069146,0.238218,0.119991,0.037219,-0.113052,0.047097
5011,-7.579914,0.883846,2.955650,0.591130,0.264184,1.000000,2.500000,0.650000,0.160044,0.126415,0.097461,0.009701,0.098149,0.000235,0.068720,0.237891,0.119965,0.037837,-0.113312,0.046991
5012,-7.634435,0.942324,2.753917,0.550783,0.266525,1.000000,2.500000,0.650000,0.160038,0.126200,0.097170,0.008852,0.096532,0.000041,0.068412,0.237603,0.119946,0.037735,-0.113736,0.046498
5013,-7.643536,0.962386,2.715968,0.543194,0.268077,1.000000,2.500000,0.650000,0.160845,0.124924,0.098097,0.010959,0.099354,0.000015,0.067924,0.238038,0.119982,0.038517,-0.114507,0.047978
5014,-7.650963,0.985218,2.693294,0.538659,0.259982,1.000000,2.500000,0.650000,0.160532,0.122804,0.098353,0.009484,0.096621,0.000158,0.067692,0.238065,0.119850,0.037817,-0.114112,0.046884
5015,-7.865121,1.330692,1.983678,0.396736,0.272511,1.000000,2.500000,0.650000,0.160105,0.125351,0.097894,0.009151,0.097930,0.000190,0.068479,0.238696,0.119997,0.037516,-0.114828,0.047109
5016,-8.137793,1.986964,1.307103,0.261421,0.275457,1.000000,2.500000,0.650000,0.160189,0.125832,0.097475,0.009802,0.098021,0.000043,0.068582,0.237783,0.119945,0.037720,-0.113370,0.047007
5017,-7.629970,0.932888,2.774940,0.554988,0.271243,1.000000,2.500000,0.650000,0.160000,0.125237,0.097408,0.008331,0.096390,0.000303,0.068056,0.237083,0.119955,0.037914,-0.114011,0.046469
5018,-7.588534,0.903824,2.918600,0.583720,0.262575,1.000000,2.500000,0.650000,0.160240,0.124466,0.098126,0.009626,0.097080,0.000171,0.067832,0.238174,0.119956,0.038090,-0.114241,0.047004
5019,-7.616147,0.930292,2.838904,0.567781,0.268924,1.000000,2.500000,0.650000,0.160000,0.126135,0.097393,0.008251,0.096545,0.000251,0.068420,0.238147,0.119984,0.037750,-0.113741,0.046359
5020,-7.566445,0.871420,3.012619,0.602524,0.263173,1.000000,2.500000,0.650000,0.160073,0.125163,0.098079,0.009626,0.097436,0.000147,0.068441,0.238424,0.119971,0.037490,-0.113792,0.046944
5021,-7.724887,1.059560,2.426888,0.485378,0.270230,1.000000,2.500000,0.650000,0.160005,0.125886,0.096917,0.009066,0.096447,0.000187,0.067615,0.236330,0.119899,0.038072,-0.113355,0.046311
5022,-7.982217,1.602491,1.678784,0.335757,0.277140,1.000000,2.500000,0.650000,0.160003,0.125957,0.096934,0.008683,0.096769,0.000116,0.069248,0.238739,0.119913,0.037210,-0.112790,0.046259
5023,-7.978560,1.572753,1.676143,0.335229,0.273081,1.000000,2.500000,0.650000,0.160009,0.125513,0.097446,0.009226,0.097493,0.000260,0.068914,0.237754,0.120000,0.037508,-0.113326,0.047025
5024,-8.001683,1.650370,1.635246,0.327049,0.269185,1.000000,2.500000,0.650000,0.160001,0.125445,0.097532,0.008772,0.096806,0.000037,0.068076,0.238262,0.119966,0.037373,-0.113828,0.046457
5025,-7.593920,0.915865,2.898151,0.579630,0.256612,1.000000,2.500000,0.650000,0.160111,0.124442,0.098164,0.010093,0.097756,0.000988,0.068159,0.238218,0.119934,0.038396,-0.112896,0.046987
5026,-7.568182,0.903380,2.994516,0.598903,0.258015,1.000000,2.500000,0.650000,0.160077,0.125304,0.098067,0.008843,0.096580,0.000093,0.068841,0.238411,0.119986,0.037195,-0.114728,0.047067
5027,-7.573371,0.886261,3.000691,0.600138,0.265306,1.000000,2.500000,0.650000,0.160003,0.124680,0.097972,0.009323,0.096658,0.000572,0.067927,0.237884,0.119922,0.037619,-0.113372,0.046470
5028,-7.691642,1.018767,2.541804,0.508361,0.266940,1.000000,2.500000,0.650000,0.160320,0.123947,0.098196,0.009683,0.097022,0.000051,0.068089,0.238361,0.119896,0.037612,-0.113943,0.046907
5029,-7.957940,1.532688,1.742444,0.348489,0.267712,1.000000,2.500000,0.650000,0.160193,0.123830,0.098585,0.008977,0.096048,0.000280,0.068007,0.238600,0.119902,0.037228,-0.113638,0.046566
5030,-7.569156,0.879096,2.986731,0.597346,0.254239,1.000000,2.500000,0.650000,0.160094,0.124427,0.097868,0.009878,0.097593,0.000322,0.068623,0.238255,0.119931,0.037542,-0.112944,0.046842
5031,-7.876926,1.351247,1.955821,0.391164,0.270110,1.000000,2.500000,0.650000,0.160078,0.124697,0.097856,0.009348,0.096634,0.000270,0.068179,0.238119,0.119854,0.037651,-0.113023,0.046543
5032,-7.537654,0.836421,3.107161,0.621432,0.268813,1.000000,2.500000,0.650000,0.160065,0.124990,0.098502,0.009868,0.097511,0.000472,0.068313,0.238203,0.119997,0.037740,-0.114076,0.047115
5033,-7.559306,0.870979,3.047039,0.609408,0.263152,1.000000,2.500000,0.650000,0.160118,0.125041,0.098284,0.009376,0.096784,0.000030,0.068815,0.239043,0.119960,0.036979,-0.114265,0.047021
5034,-7.911282,1.402647,1.842251,0.368450,0.267594,1.000000,2.500000,0.650000,0.160632,0.125195,0.097744,0.009304,0.096737,0.000088,0.068049,0.237757,0.119881,0.038290,-0.113292,0.047082
5035,-7.609757,0.927637,2.860723,0.572145,0.262645,1.000000,2.500000,0.650000,0.160953,0.123662,0.099123,0.010050,0.096494,0.000061,0.067819,0.239075,0.119892,0.038031,-0.114567,0.047230
5036,-7.570149,0.871967,3.006350,0.601270,0.269642,1.000000,2.500000,0.650000,0.160118,0.125973,0.097904,0.009359,0.096443,0.000063,0.069105,0.238518,0.119882,0.037320,-0.112750,0.046865
5037,-7.808574,1.226223,2.159124,0.431825,0.262568,1.000000,2.500000,0.650000,0.160134,0.125322,0.098276,0.010150,0.098642,0.000185,0.068653,0.238867,0.119966,0.037717,-0.114206,0.047316
5038,-7.576071,0.887943,2.961865,0.592373,0.259921,1.000000,2.500000,0.650000,0.160151,0.125073,0.097599,0.009367,0.098582,0.000629,0.068797,0.237948,0.119997,0.036825,-0.113308,0.046742
5039,-7.587450,0.906257,2.926233,0.585247,0.259454,1.000000,2.500000,0.650000,0.160045,0.124412,0.098543,0.009420,0.096487,0.000277,0.068254,0.238078,0.119965,0.037404,-0.114526,0.046740
5040,-7.588888,0.898311,2.920259,0.584052,0.259759,1.000000,2.500000,0.650000,0.160079,0.124843,0.098210,0.009574,0.097129,0.000292,0.069099,0.238456,0.119978,0.037252,-0.113748,0.047012
5041,-7.606606,0.940497,2.842062,0.568412,0.260148,1.000000,2.500000,0.650000,0.160002,0.124951,0.097851,0.009800,0.098095,0.000275,0.068827,0.238500,0.119988,0.037340,-0.113405,0.046768
5042,-7.598188,0.915626,2.884713,0.576943,0.264764,1.000000,2.500000,0.650000,0.160166,0.124226,0.099142,0.009653,0.096258,0.000239,0.068305,0.238573,0.119942,0.037204,-0.114153,0.046878
5043,-7.942190,1.500534,1.756415,0.351283,0.264822,1.000000,2.500000,0.650000,0.160236,0.123694,0.099159,0.010034,0.097759,0.000105,0.068134,0.238850,0.119995,0.037357,-0.116080,0.047610
5044,-7.548530,0.845537,3.091639,0.618328,0.264569,1.000000,2.500000,0.650000,0.160072,0.126170,0.097444,0.009449,0.097572,0.000398,0.068805,0.238097,0.119981,0.037321,-0.113293,0.046534
5045,-7.562416,0.861813,3.020049,0.604010,0.271573,1.000000,2.500000,0.650000,0.160018,0.125982,0.098233,0.010091,0.099317,0.000350,0.068869,0.238655,0.119992,0.037690,-0.114203,0.047554
5046,-7.871990,1.347036,1.970225,0.394045,0.271560,1.000000,2.500000,0.650000,0.160038,0.125896,0.097194,0.008962,0.096729,0.000114,0.069294,0.238538,0.119977,0.036657,-0.113257,0.046443
5047,-7.606900,0.939499,2.841733,0.568347,0.256648,1.000000,2.500000,0.650000,0.160189,0.124608,0.098756,0.010106,0.097351,0.000322,0.068416,0.238649,0.119951,0.037470,-0.113975,0.047193
5048,-7.618125,0.926484,2.837186,0.567437,0.279262,1.000000,2.500000,0.650000,0.160010,0.125523,0.098325,0.008858,0.096262,0.000226,0.068196,0.238286,0.119983,0.036892,-0.114588,0.046622
5049,-7.742281,1.114652,2.378758,0.475752,0.263682,1.000000,2.500000,0.650000,0.160004,0.125315,0.098162,0.009410,0.096443,0.000413,0.068249,0.238006,0.119921,0.037452,-0.112770,0.046353
5050,-7.755239,1.167830,2.341879,0.468376,0.265164,1.000000,2.500000,0.650000,0.160440,0.126876,0.096919,0.008702,0.096940,0.000434,0.069712,0.238190,0.119990,0.036276,-0.112475,0.046281
5051,-7.618634,0.950118,2.780587,0.556117,0.243644,1.000000,2.500000,0.650000,0.160125,0.124414,0.098785,0.010125,0.097194,0.000421,0.068412,0.238304,0.119987,0.037693,-0.115056,0.047193
5052,-7.668632,0.998723,2.630983,0.526197,0.268847,1.000000,2.500000,0.650000,0.160199,0.126723,0.097234,0.009150,0.098046,0.000468,0.068736,0.237624,0.119983,0.037460,-0.112963,0.046545
5053,-7.553240,0.852884,3.067650,0.613530,0.263317,1.000000,2.500000,0.650000,0.160019,0.126957,0.096917,0.008934,0.097401,0.000140,0.068912,0.238057,0.119987,0.037429,-0.113147,0.046686
5054,-7.559824,0.871232,3.041378,0.608276,0.265703,1.000000,2.500000,0.650000,0.160025,0.125662,0.097976,0.009823,0.098049,0.000645,0.068881,0.238157,0.119992,0.037670,-0.113199,0.046896
5055,-7.580405,0.901768,2.943982,0.588796,0.256780,1.000000,2.500000,0.650000,0.160000,0.125428,0.097498,0.009571,0.098053,0.000221,0.069267,0.238989,0.119991,0.037249,-0.113489,0.046813
5056,-7.607020,0.914980,2.852186,0.570437,0.258498,1.000000,2.500000,0.650000,0.160005,0.123867,0.098629,0.009727,0.096805,0.000406,0.068450,0.238629,0.119966,0.036977,-0.113906,0.046708
5057,-7.593906,0.900175,2.920320,0.584064,0.265732,1.000000,2.500000,0.650000,0.160134,0.125391,0.097467,0.009413,0.097451,0.000609,0.068775,0.237735,0.119969,0.037257,-0.112964,0.046255
5058,-7.567660,0.879477,3.003618,0.600724,0.259369,1.000000,2.500000,0.650000,0.160000,0.125767,0.098466,0.009307,0.096410,0.000398,0.067819,0.237421,0.119959,0.038068,-0.114051,0.046715
5059,-7.554628,0.859694,3.042680,0.608536,0.263250,1.000000,2.500000,0.650000,0.160126,0.124877,0.098644,0.010572,0.098307,0.000435,0.068179,0.238382,0.119982,0.037696,-0.113900,0.047111
5060,-8.024880,1.692358,1.545044,0.309009,0.266048,1.000000,2.500000,0.650000,0.160007,0.124722,0.098595,0.009465,0.097312,0.000397,0.068829,0.239101,0.120000,0.037405,-0.114676,0.046904
5061,-7.769958,1.175798,2.297314,0.459463,0.274864,1.000000,2.500000,0.650000,0.160002,0.125189,0.097868,0.009029,0.096353,0.000373,0.068309,0.238194,0.119924,0.037315,-0.113180,0.046344
5062,-7.572529,0.880700,2.990800,0.598160,0.261538,1.000000,2.500000,0.650000,0.160103,0.127665,0.096962,0.009351,0.098484,0.000192,0.069120,0.238015,0.119993,0.037526,-0.113099,0.046737
5063,-7.623702,0.952072,2.790365,0.558073,0.276945,1.000000,2.500000,0.650000,0.160136,0.127708,0.097414,0.009764,0.098647,0.000457,0.068928,0.238107,0.120000,0.037690,-0.113043,0.046729
5064,-7.570608,0.874278,2.986851,0.597370,0.259713,1.000000,2.500000,0.650000,0.160018,0.126504,0.097429,0.010253,0.099209,0.000338,0.069257,0.238750,0.119996,0.037407,-0.112508,0.047040
5065,-7.583565,0.905978,2.938088,0.587618,0.274949,1.000000,2.500000,0.650000,0.160034,0.125864,0.097502,0.009901,0.098683,0.000313,0.069303,0.238794,0.119979,0.037087,-0.112723,0.046781
5066,-7.609896,0.930953,2.847616,0.569523,0.264109,1.000000,2.500000,0.650000,0.160000,0.127036,0.097052,0.009350,0.097759,0.000203,0.069211,0.238489,0.119956,0.037807,-0.112402,0.046615
5067,-8.050383,1.758464,1.499067,0.299813,0.271789,1.000000,2.500000,0.650000,0.160047,0.124738,0.097956,0.009997,0.098058,0.000372,0.068090,0.238212,0.119993,0.037716,-0.114178,0.046843
5068,-8.095388,1.891168,1.396027,0.279205,0.266870,1.000000,2.500000,0.650000,0.160012,0.125673,0.097565,0.009233,0.097282,0.000667,0.067641,0.237137,0.119992,0.038448,-0.113998,0.046761
5069,-8.012804,1.662167,1.608721,0.321744,0.282105,1.000000,2.500000,0.650000,0.160147,0.126795,0.097167,0.009075,0.097202,0.000255,0.068634,0.237725,0.119997,0.037430,-0.113384,0.046391
5070,-7.571674,0.875708,3.007307,0.601461,0.265091,1.000000,2.500000,0.650000,0.160004,0.125738,0.097885,0.009771,0.097203,0.000428,0.068558,0.237849,0.119991,0.037538,-0.113845,0.046762
5071,-7.939773,1.492206,1.785712,0.357142,0.269110,1.000000,2.500000,0.650000,0.160007,0.125046,0.098777,0.009424,0.096562,0.000478,0.068590,0.238661,0.119996,0.037354,-0.114197,0.046802
5072,-7.838476,1.290886,2.054268,0.410854,0.273619,1.000000,2.500000,0.650000,0.160038,0.127057,0.097381,0.009873,0.098437,0.000343,0.068801,0.238069,0.119997,0.037726,-0.112788,0.046696
5073,-7.546724,0.849124,3.095721,0.619144,0.267797,1.000000,2.500000,0.650000,0.160003,0.126279,0.097330,0.009916,0.098423,0.000236,0.069165,0.238524,0.119993,0.037716,-0.113091,0.047061
5074,-7.701843,1.052203,2.517477,0.503495,0.264752,1.000000,2.500000,0.650000,0.160044,0.126486,0.097580,0.010040,0.098704,0.000312,0.068787,0.238270,0.119999,0.037575,-0.113051,0.046922
5075,-7.875425,1.331482,1.960030,0.392006,0.273533,1.000000,2.500000,0.650000,0.160020,0.126310,0.097837,0.009818,0.098007,0.000275,0.069098,0.238807,0.119995,0.037299,-0.113161,0.046844
5076,-7.697275,1.050488,2.529667,0.505933,0.267925,1.000000,2.500000,0.650000,0.160087,0.125313,0.097980,0.010220,0.097629,0.000402,0.068959,0.238755,0.119941,0.037986,-0.112838,0.046827
5077,-7.682866,1.016396,2.569284,0.513857,0.261860,1.000000,2.500000,0.650000,0.160020,0.126824,0.097397,0.009796,0.098136,0.000087,0.069115,0.238078,0.119999,0.037119,-0.113612,0.047033
5078,-7.734625,1.109798,2.410466,0.482093,0.266680,1.000000,2.500000,0.650000,0.160021,0.126421,0.097544,0.010077,0.098188,0.000473,0.069139,0.238453,0.119981,0.037441,-0.112580,0.046829
5079,-7.694360,1.046636,2.564994,0.512999,0.273092,1.000000,2.500000,0.650000,0.160035,0.126633,0.097393,0.009637,0.098401,0.000127,0.069503,0.238375,0.120000,0.036922,-0.113767,0.047118
5080,-7.932820,1.475400,1.794009,0.358802,0.265499,1.000000,2.500000,0.650000,0.160028,0.125102,0.098337,0.009612,0.096987,0.000468,0.068153,0.238440,0.119978,0.037731,-0.113874,0.046668
5081,-7.599054,0.917675,2.886224,0.577245,0.257686,1.000000,2.500000,0.650000,0.160010,0.125914,0.098093,0.009961,0.097948,0.000451,0.068677,0.238390,0.119975,0.037763,-0.113058,0.047025
5082,-7.557771,0.862958,3.030272,0.606054,0.263102,1.000000,2.500000,0.650000,0.160082,0.127640,0.096839,0.010018,0.099619,0.000169,0.069375,0.238495,0.119999,0.037237,-0.112546,0.046928
5083,-7.542417,0.846383,3.086918,0.617384,0.264847,1.000000,2.500000,0.650000,0.160010,0.126727,0.097203,0.009794,0.098520,0.000205,0.069093,0.238260,0.119999,0.037478,-0.113061,0.047230
5084,-7.826916,1.262809,2.095794,0.419159,0.266445,1.000000,2.500000,0.650000,0.160167,0.127804,0.096388,0.009617,0.099608,0.000144,0.069720,0.238549,0.120000,0.037417,-0.112727,0.046913
5085,-7.608382,0.921988,2.841871,0.568374,0.262494,1.000000,2.500000,0.650000,0.160135,0.127532,0.096854,0.009013,0.098159,0.000077,0.069152,0.238009,0.120000,0.037309,-0.113136,0.046670
5086,-7.646070,0.973546,2.714916,0.542983,0.261158,1.000000,2.500000,0.650000,0.160060,0.125947,0.097665,0.009826,0.097844,0.000083,0.068981,0.238359,0.119974,0.037461,-0.113419,0.047207
5087,-7.617161,0.931327,2.828791,0.565758,0.264922,1.000000,2.500000,0.650000,0.160036,0.126532,0.097751,0.010009,0.098800,0.000095,0.069249,0.238949,0.119999,0.037586,-0.113940,0.047489
5088,-7.615539,0.928974,2.821051,0.564210,0.262527,1.000000,2.500000,0.650000,0.160012,0.126691,0.096828,0.009760,0.098655,0.000229,0.068776,0.238184,0.119956,0.037679,-0.112385,0.046670
5089,-7.570344,0.879104,3.001541,0.600308,0.267600,1.000000,2.500000,0.650000,0.160000,0.126704,0.097304,0.009689,0.098308,0.000031,0.069480,0.239247,0.119999,0.037384,-0.113550,0.046902
5090,-7.580894,0.887381,2.944739,0.588948,0.266610,1.000000,2.500000,0.650000,0.160022,0.127276,0.097020,0.009328,0.098092,0.000176,0.069175,0.238203,0.119995,0.037431,-0.113193,0.046917
5091,-7.544699,0.844170,3.088756,0.617751,0.273560,1.000000,2.500000,0.650000,0.160205,0.125939,0.097511,0.009461,0.097914,0.000029,0.068863,0.239086,0.119963,0.037773,-0.113612,0.047149
5092,-7.587605,0.902253,2.924324,0.584865,0.261925,1.000000,2.500000,0.650000,0.160000,0.126450,0.097574,0.009900,0.098252,0.000249,0.069021,0.238469,0.119996,0.037517,-0.113375,0.047066
5093,-7.616087,0.944416,2.816187,0.563237,0.261524,1.000000,2.500000,0.650000,0.160007,0.126285,0.097265,0.009980,0.098431,0.000214,0.068960,0.238177,0.119983,0.037585,-0.112894,0.047005
5094,-7.699062,1.043095,2.534970,0.506994,0.271141,1.000000,2.500000,0.650000,0.160031,0.127198,0.096793,0.009538,0.098892,0.000174,0.069487,0.238640,0.120000,0.037278,-0.112657,0.047006
5095,-7.662555,0.993301,2.656456,0.531291,0.272906,1.000000,2.500000,0.650000,0.160038,0.126402,0.097071,0.009740,0.098467,0.000030,0.069482,0.239251,0.119972,0.037470,-0.112555,0.047012
5096,-7.561628,0.868512,3.028156,0.605631,0.263242,1.000000,2.500000,0.650000,0.160001,0.126245,0.097238,0.009910,0.098142,0.000207,0.069220,0.238534,0.119978,0.037504,-0.112682,0.046833
5097,-7.628928,0.951557,2.789507,0.557901,0.266702,1.000000,2.500000,0.650000,0.160040,0.127328,0.096940,0.009426,0.098087,0.000071,0.069658,0.239147,0.119993,0.037064,-0.112838,0.046837
5098,-7.960467,1.535577,1.711588,0.342318,0.271887,1.000000,2.500000,0.650000,0.160465,0.125353,0.097734,0.009583,0.097265,0.000009,0.068153,0.238317,0.119915,0.037813,-0.114096,0.047352
5099,-7.612946,0.941483,2.838496,0.567699,0.263115,1.000000,2.500000,0.650000,0.160266,0.124994,0.098101,0.009801,0.096951,0.000007,0.069130,0.239195,0.119984,0.037100,-0.114840,0.047337
5100,-7.657433,1.000517,2.681104,0.536221,0.260377,1.000000,2.500000,0.650000,0.160015,0.125898,0.097903,0.009698,0.098199,0.000117,0.069018,0.238952,0.119999,0.037424,-0.113689,0.047162
5101,-7.661396,0.995220,2.650406,0.530081,0.263919,1.000000,2.500000,0.650000,0.160017,0.126997,0.096901,0.009732,0.099030,0.000160,0.068566,0.237834,0.120000,0.037863,-0.113790,0.046983
5102,-7.605949,0.920489,2.850892,0.570178,0.253431,1.000000,2.500000,0.650000,0.160149,0.126118,0.097626,0.010070,0.098141,0.000340,0.068523,0.238498,0.119962,0.038294,-0.113123,0.047172
5103,-7.609095,0.928840,2.856072,0.571214,0.267663,1.000000,2.500000,0.650000,0.160217,0.126019,0.097863,0.009563,0.097726,0.000042,0.068914,0.238918,0.119996,0.037774,-0.114490,0.047467
5104,-7.557699,0.863566,3.046304,0.609261,0.260589,1.000000,2.500000,0.650000,0.160001,0.125814,0.097419,0.010570,0.099415,0.000309,0.068951,0.238904,0.119994,0.037925,-0.113009,0.047042
5105,-7.719413,1.088846,2.458842,0.491768,0.268054,1.000000,2.500000,0.650000,0.160009,0.126768,0.096750,0.009098,0.098108,0.000045,0.069075,0.238867,0.119973,0.037337,-0.112927,0.046530
5106,-7.601882,0.916301,2.870091,0.574018,0.259876,1.000000,2.500000,0.650000,0.160062,0.126389,0.097464,0.010226,0.098689,0.000115,0.069192,0.238938,0.119999,0.037665,-0.113704,0.047320
5107,-7.774163,1.171049,2.276296,0.455259,0.265181,1.000000,2.500000,0.650000,0.160015,0.126034,0.096963,0.009429,0.097674,0.000164,0.069404,0.238689,0.119983,0.037220,-0.112970,0.046671
5108,-7.626043,0.948610,2.774548,0.554910,0.261892,1.000000,2.500000,0.650000,0.160007,0.125163,0.097910,0.009813,0.098108,0.000320,0.068838,0.238832,0.119982,0.037552,-0.113834,0.047016
5109,-7.556697,0.861872,3.039989,0.607998,0.255220,1.000000,2.500000,0.650000,0.160070,0.126292,0.097679,0.010351,0.098309,0.000221,0.068974,0.238544,0.119970,0.038014,-0.112934,0.047218
5110,-7.667228,0.968441,2.642659,0.528532,0.276948,1.000000,2.500000,0.650000,0.160003,0.126019,0.096954,0.009820,0.098000,0.000172,0.069235,0.238796,0.119937,0.037848,-0.112670,0.046619
5111,-7.557234,0.857367,3.069487,0.613897,0.278040,1.000000,2.500000,0.650000,0.160008,0.127107,0.097078,0.009575,0.097940,0.000214,0.069072,0.238166,0.119963,0.037838,-0.112982,0.046811
5112,-7.581942,0.886364,2.945263,0.589053,0.260185,1.000000,2.500000,0.650000,0.160033,0.126530,0.097544,0.010505,0.099220,0.000204,0.069351,0.238960,0.119999,0.037655,-0.113033,0.047225
5113,-7.560089,0.871862,3.038388,0.607678,0.263934,1.000000,2.500000,0.650000,0.160001,0.126171,0.097047,0.010156,0.098613,0.000144,0.069206,0.238817,0.119946,0.037553,-0.112500,0.046852
5114,-7.585827,0.885647,2.946131,0.589226,0.266791,1.000000,2.500000,0.650000,0.160015,0.125689,0.097644,0.010023,0.098082,0.000270,0.068430,0.238123,0.119964,0.037777,-0.113211,0.046919
5115,-7.544890,0.839085,3.115615,0.623123,0.276946,1.000000,2.500000,0.650000,0.160079,0.126520,0.097342,0.009182,0.096911,0.000053,0.069086,0.238689,0.119941,0.037484,-0.113096,0.046853
5116,-7.545178,0.832661,3.110697,0.622139,0.281691,1.000000,2.500000,0.650000,0.160190,0.126333,0.097595,0.009912,0.097806,0.000025,0.069320,0.239176,0.119967,0.037696,-0.113120,0.047135
5117,-7.620285,0.931015,2.805853,0.561171,0.270513,1.000000,2.500000,0.650000,0.160011,0.127399,0.096902,0.009313,0.097516,0.000215,0.069275,0.238430,0.119932,0.037723,-0.112339,0.046582
5118,-7.646186,0.984036,2.708706,0.541741,0.262417,1.000000,2.500000,0.650000,0.160072,0.126456,0.097609,0.009679,0.097533,0.000097,0.069218,0.238950,0.119947,0.037461,-0.113345,0.046969
5119,-7.580719,0.894912,2.952147,0.590429,0.259860,1.000000,2.500000,0.650000,0.160038,0.126492,0.097515,0.009554,0.096782,0.000091,0.068945,0.238627,0.119916,0.037801,-0.113091,0.046690
5120,-7.766591,1.175102,2.318682,0.463736,0.274885,1.000000,2.500000,0.650000,0.160000,0.125613,0.097518,0.009047,0.096989,0.000182,0.068916,0.238417,0.119979,0.037078,-0.113562,0.046780
